{"Name":"B2B System","Description":"B2B System","DeploymentType":"OnPremise","DocumentSchemaVersion":"1.0","administrativeData":{"createdAt":1713793036501,"createdBy":"jingwen.li01@sap.com","modifiedAt":1762178770604,"modifiedBy":"mert.oezkan@sap.com"},"ParentId":"e30aab0a-9c29-40d4-a156-5e6dc245c28f","ParentArtifactType":"TENANT","searchableAttributes":{"TENANT":["e30aab0a-9c29-40d4-a156-5e6dc245c28f"]},"artifactProperties":{},"relations":[],"ArtifactRelations":{},"artifactStatus":"Draft","uniqueId":"43ba29688ddd45b891cabda24bd56c90","displayName":"B2B System","semanticVersion":"1.0","id":"513dd39317d245a1b3c09b810fc58267","artifactType":"SYSTEM_TYPE"}