{"Alias":"AS2_Receiver_Communication","Name":"AS2.Receiver","Description":"AS2.Receiver","Direction":"Receiver","AdapterType":"Process_Direct","SecurityConfigurationMode":"","as2PartnerId":"","ConfigurationProperties":{"allAttributes":{"receipientURL":{"key":"","value":"TBD","isPersisted":true},"proxyType":{"key":"","value":"default","isPersisted":true},"locationID":{"key":"","isPersisted":false},"authenticationType":{"key":"","value":"None","isPersisted":true},"userCredentialAlias":{"key":"","isPersisted":true},"privateKeyAlias":{"key":"","isPersisted":true},"fileName":{"key":"","value":"","isPersisted":true},"appendTimestamp":{"key":"","value":"0","isPersisted":true},"includeMillisecond":{"key":"","value":"0","isPersisted":true},"messageIDLeft":{"key":"","value":"","isPersisted":true},"messageIDRight":{"key":"","value":"","isPersisted":true},"ownAS2Name":{"key":"","value":"TBD","isPersisted":true},"partnerAS2Name":{"key":"","value":"TBD","isPersisted":true},"messageSubject":{"key":"","value":"TBD","isPersisted":true},"ownEmailAddress":{"key":"","value":"TBD","isPersisted":true},"contentType":{"key":"","value":"TBD","isPersisted":true},"messageEncoding":{"key":"","value":"binary","isPersisted":true},"doCompression":{"key":"","value":"0","isPersisted":true},"doSigning":{"key":"","value":"0","isPersisted":true},"signingAlgorithm":{"key":"","value":"SHA1","isPersisted":true},"privateKeyAliasForSigning":{"key":"","isPersisted":true},"doEncryption":{"key":"","value":"0","isPersisted":true},"encryptionAlgorithm":{"key":"","value":"DES3","isPersisted":true},"publicKeyAliasForEncryption":{"key":"","isPersisted":true},"keyLength":{"key":"","value":"128","isPersisted":true},"ExtraSection":{"key":"","value":"","isPersisted":false},"mdnType":{"key":"","value":"None","isPersisted":true},"requestMDNSigning":{"key":"","value":"0","isPersisted":true},"requestMDNSigningAlgorithm":{"key":"","value":"SHA1","isPersisted":true},"mdnTargetURL":{"key":"","value":"https://sap-integration-suite-ds2-ofw56w3m.integrationsuite.cfapps.eu10-002.hana.ondemand.com/as2/mdn/tpm/b2b/mdn","isPersisted":true},"verifyMDNSignature":{"key":"","value":"0","isPersisted":true},"publicKeyAliasForMDNVerification":{"key":"","isPersisted":true},"requestMIC":{"key":"","value":"0","isPersisted":true},"verifyMIC":{"key":"","value":"0","isPersisted":true},"failMessageOnNegativeMDN":{"key":"","value":"0","isPersisted":true},"address":{"key":"","value":"TBD","isPersisted":true}},"allTableAttributes":{},"name":{"key":"name","value":"","isPersisted":false}},"CommunicationLifeCycleStatus":{"Activated":false,"UpdateStatus":"NONE","ActivatedAt":0},"DocumentSchemaVersion":"1.0","administrativeData":{"createdAt":1730906012448,"createdBy":"jan.feyen@sap.com","modifiedAt":1730912910074,"modifiedBy":"tamaki.ogura@sap.com"},"ParentId":"2baf9ac27adf432284938c22406166d5","ParentArtifactType":"SYSTEM_INSTANCE","searchableAttributes":{"Alias":["AS2_Receiver_Communication"],"TENANT":["e30aab0a-9c29-40d4-a156-5e6dc245c28f"]},"artifactProperties":{},"relations":[],"ArtifactRelations":{},"artifactStatus":"Draft","id":"1ecbbc2e806349c3955950c6734a3009","uniqueId":"54615ebd0b1d4d2a96c7467771256eb1","artifactType":"COMMUNICATION_CHANNEL_TEMPLATE","displayName":"AS2.Receiver","semanticVersion":"1.0"}