{"Alias":"AS2_Sender_Communication","Name":"AS2.Sender","Description":"AS2.Sender","Direction":"Sender","AdapterType":"Process_Direct","SecurityConfigurationMode":"","as2PartnerId":"","ConfigurationProperties":{"allAttributes":{"AS2PartnerId":{"key":"","value":"DBS_India_AS2_ID","isPersisted":true},"Alias":{"key":"","value":"DBS_India_AS2_ID","isPersisted":true},"Signature":{"key":"","value":"NotRequired","isPersisted":true},"publicKeyAlias":{"key":"","isPersisted":true},"ExtraSection":{"key":"","value":"","isPersisted":false},"signatureEncoding":{"key":"","value":"binary","isPersisted":true},"mdnProxyType":{"key":"","value":"default","isPersisted":true},"mdnLocationID":{"key":"","value":"","isPersisted":false},"mdnAuthenticationType":{"key":"","value":"None","isPersisted":true},"mdnUserCredentialAlias":{"key":"","isPersisted":true}},"allTableAttributes":{},"name":{"key":"name","value":"","isPersisted":false}},"CommunicationLifeCycleStatus":{"Activated":false,"UpdateStatus":"NONE","ActivatedAt":0},"DocumentSchemaVersion":"1.0","administrativeData":{"createdAt":1730906012589,"createdBy":"jan.feyen@sap.com","modifiedAt":1730912930276,"modifiedBy":"tamaki.ogura@sap.com"},"ParentId":"2baf9ac27adf432284938c22406166d5","ParentArtifactType":"SYSTEM_INSTANCE","searchableAttributes":{"Alias":["AS2_Sender_Communication"],"TENANT":["e30aab0a-9c29-40d4-a156-5e6dc245c28f"]},"artifactProperties":{},"relations":[],"ArtifactRelations":{},"artifactStatus":"Draft","id":"326f1297309341eab43c59cc8e3a24cd","uniqueId":"46f9114b308b4d91b139d4deeeed8314","artifactType":"COMMUNICATION_CHANNEL_TEMPLATE","displayName":"AS2.Sender","semanticVersion":"1.0"}