{"ArtifactMetadata":{"SchemaVersion":"1.0","ArtifactType":"MagVersionInfo"},"value":{"ObjectGUID":"479c94df690c4db08b667d424664ded3","MAGGUID":"d56411333a46422480198cf2ceb5b800","ImportCorrelationObjectId":"479c94df690c4db08b667d424664ded3","ImportCorrelationGroupId":"d56411333a46422480198cf2ceb5b800","VersionId":"1.0","Name":"01.) [Trading Partner Name] - ASC X12 004010 850 -to- SAP IDOC ORDERS.ORDERS05","Status":"Draft","SourceMig":{"ObjectGUID":"9816417cfab64e718510c16a723d4921","MIGGUID":"2b069a5f502e465a9b27c5b3fc3ad0a3","ImportCorrelationObjectId":"9816417cfab64e718510c16a723d4921","ImportCorrelationGroupId":"2b069a5f502e465a9b27c5b3fc3ad0a3","VersionId":"1.0","Name":"01.) [Trading Partner Name] - ASC X12 004010 850 - Source","Status":"Draft","HasEnvelope":false,"MessageTemplate":{"TypeSystemId":"ASC_X12","TypeSystemDisplayId":"ASC X12","VersionId":"004010","VersionDisplayId":"004010","Revision":2,"Id":"850","DisplayId":"850","Name":"Purchase Order","IsCustomMessage":false},"AdministrativeData":{"CreatedBy":"vishakha.deshmukh@sap.com","CreatedOn":1722589424471,"ModifiedBy":"vishakha.deshmukh@sap.com","ModifiedOn":1725026892230}},"TargetMig":{"ObjectGUID":"d5419c57f50e48c5b50330d98f956631","MIGGUID":"a080d58a66c643b5af1b08333d839516","ImportCorrelationObjectId":"fe03c33414cf43ae824aa77862f8f345","ImportCorrelationGroupId":"7eace892ab9342109bf675d8c3c78d3f","VersionId":"1.0","Name":"01.a) [Company Name] - SAP IDOC ORDERS.ORDERS05 for Customer EDI - Target","Status":"Active","HasEnvelope":false,"MessageTemplate":{"TypeSystemId":"SAP_IDoc","TypeSystemDisplayId":"SAP S/4HANA On Premise IDoc","VersionId":"1809_FPS02","VersionDisplayId":"1809 FPS02","Revision":11,"Id":"ORDERS.ORDERS05","DisplayId":"ORDERS.ORDERS05","Name":"Purchase order / order","IsCustomMessage":false},"AdministrativeData":{"CreatedBy":"tamaki.ogura@sap.com","CreatedOn":1720697150655,"ModifiedBy":"tamaki.ogura@sap.com","ModifiedOn":1728559310399,"LastImportedOn":1720697150655,"LastImportedBy":"tamaki.ogura@sap.com"}},"AdministrativeData":{"CreatedBy":"vishakha.deshmukh@sap.com","CreatedOn":1722590237516,"ModifiedBy":"vishakha.deshmukh@sap.com","ModifiedOn":1725028708991}}}