{"TradingPartnerDetails":{"IdForTradingPartner":{"Properties":{"Id":"18be672c721d4f1f845f6436ec301fba"}},"IdForSystemInstance":{"Properties":{"Id":"4d79cc68ef0540dc9dd1dec9ea0c5160"}},"IdForSenderIdentifier":{"Properties":{"Id":"618d2687be9f4e4a90ab0a2784a04d13"}},"IdForReceiverIdentifier":{"Properties":{"Id":"39b74d2db27f448ba6abe41a3b7769d0"}},"IdForContactPerson":{"Properties":{"Id":""}}},"AgreementLifeCycleStatus":{"Activated":true,"UpdateStatus":"NONE","ActivatedAt":0},"TransactionOption":{"Option":"Copy","TransactionIds":["148dfac41858401e9be200faff9b3912","6dda572bba0b4235a3c195b86a9da359"]},"RefreshRequired":false,"SourceTemplateName":"[B2B Integration Factory] - Order to Cash B2B Scenario - TRADACOMS - Template","ConcreteTransactionDetails":{"148dfac41858401e9be200faff9b3912":{"BusinessTransactionLifeCycleStatus":{"Activated":true,"UpdateStatus":"NONE","ActivatedAt":1749211777212,"ActivatedBy":"moussa.el.kakouchi@sap.com"},"ComputedPids":["SAP_TPM_68d063becdfdf9586e8edeb1f4296cd3","SAP_TPM_5a38116709f216e32e83ae4d92cd4d84"],"HashKeyPids":["SAP_TPM_68d063becdfdf9586e8edeb1f4296cd3","SAP_TPM_5a38116709f216e32e83ae4d92cd4d84"]},"6dda572bba0b4235a3c195b86a9da359":{"BusinessTransactionLifeCycleStatus":{"Activated":true,"UpdateStatus":"NONE","ActivatedAt":1749211777212,"ActivatedBy":"moussa.el.kakouchi@sap.com"},"ComputedPids":["SAP_TPM_3663db75b0d6d7af95f93362edf69116"],"HashKeyPids":["SAP_TPM_3663db75b0d6d7af95f93362edf69116"]}},"Name":"[B2B Integration Factory] - Order to Cash B2B Scenario - TRADACOMS","Description":"Copied from template","Version":"1.0","OwnedBy":"Self","OwnerId":"myCompany","Shared":false,"TransactionsNumber":2,"CompanyData":{"Id":"myCompany","Name":"[Company Name]","Role":"INITIATOR","SystemInstance":{"Properties":{"Id":"9e446f07ceb64f33bae5e11b66be71ac","Label_Alias":"S/4 HANA System"}},"TypeSystem":{"Properties":{"Id":"SAP_IDoc"}},"TypeSystemVersion":"1809_FPS02","IdAsSender":{"Properties":{"Id":"02b003f2ccd24519b7bc27ac79e37de3","Label_Alias":"Company_IDOC_ID"}},"IdAsReceiver":{"Properties":{"Id":"51727d927da8412793cdaf18c427a800","Label_Alias":"Company_TRADACOMS_ID"}},"ContactPerson":{"Properties":{"Id":""}}},"TradingPartnerData":{"Role":"REACTOR","AliasForSystemInstance":{"Properties":{"Alias":"[B2B Integration Factory]-System"}},"TypeSystem":{"Properties":{"Id":"TRADACOMS"}},"TypeSystemVersion":"All","AliasForIdentifierInOwnTS":{"Properties":{"Alias":"TP_TRADACOMS_ID"}},"AliasForIdentifierInCompanyTS":{"Properties":{"Alias":"TP_IDOC_ID"}},"AliasForContactPersonRole":{"Properties":{"Alias":""}}},"CommunicationPartnerData":{"IdForTradingPartner":{"Properties":{}},"IdForSystemInstance":{"Properties":{}}},"B2BScenarioDetailsId":"16eb9e7e425f4087baf348ba3cd91b09","DocumentSchemaVersion":"1.0","administrativeData":{"createdAt":1749211737478,"createdBy":"moussa.el.kakouchi@sap.com","modifiedAt":1749211777307,"modifiedBy":"moussa.el.kakouchi@sap.com"},"ParentId":"08be39fd898147e3943f743db8e7e46c","ParentArtifactType":"AGREEMENT_TEMPLATE_V2","searchableAttributes":{"ModelVersion":["2.0"],"TENANT":["0276649a-0a57-4c1b-9235-3fa585ecc5df"],"PD_KEY_HASH":["SAP_TPM_68d063becdfdf9586e8edeb1f4296cd3","SAP_TPM_5a38116709f216e32e83ae4d92cd4d84","SAP_TPM_3663db75b0d6d7af95f93362edf69116"],"activatedAt":["1749211777212"],"activatedBy":["moussa.el.kakouchi@sap.com"]},"artifactProperties":{},"relations":[],"ArtifactRelations":{},"artifactStatus":"Draft","uniqueId":"e6a6ec4d2cf1432ca6019f5424d33bf5","displayName":"[B2B Integration Factory] - Order to Cash B2B Scenario - TRADACOMS","semanticVersion":"2.0","id":"e6a6ec4d2cf1432ca6019f5424d33bf5","artifactType":"TRADING_PARTNER_AGREEMENT_V2"}