{"ArtifactMetadata":{"SchemaVersion":"1.4","ArtifactType":"MagDetail"},"Identification":{"ObjectGuid":"ad3df459c87845f4af81948a06f9c5cc","MAGGUID":"684f7dede3044c8cbaa3ee46bfb8b957","ImportCorrelationGroupId":"684f7dede3044c8cbaa3ee46bfb8b957","ImportCorrelationObjectId":"ad3df459c87845f4af81948a06f9c5cc","MAGVersion":"1.0","Customer":"fd071028502f5e5e1104606396090e5a"},"SourceBusinessContext":[{"contextType":"BusinessProcessRole","codeListId":"RoleCodelist","contextValues":[{"key":"SE","name":"Seller"}]},{"contextType":"IndustryClassification","codeListId":"Industry","contextValues":[{"key":"I_CP","name":"Consumer Products"}]},{"contextType":"BusinessProcess","codeListId":"CommonBusinessProcessCodelist","contextValues":[{"key":"00134","name":"Notify Of Shipment Status"}]}],"TargetBusinessContext":[{"contextType":"BusinessProcessRole","codeListId":"RoleCodelist","contextValues":[{"key":"BY","name":"Buyer"}]},{"contextType":"IndustryClassification","codeListId":"Industry","contextValues":[{"key":"I_CP","name":"Consumer Products"}]},{"contextType":"BusinessProcess","codeListId":"CommonBusinessProcessCodelist","contextValues":[{"key":"00134","name":"Notify Of Shipment Status"}]}],"Status":"Draft","SourceMig":{"ObjectGUID":"c6b1ddb47ea247f58d408ce902ba6831","TypeSystemId":"SAP_IDoc"},"TargetMig":{"ObjectGUID":"23f1df0892ff4280bc273992c2aa41eb","TypeSystemId":"UNEDIFACT"},"DomainMappingElementsWithTransformation":[{"DomainMappingElement":{"SourceDomainSet":[],"TargetDomainSet":[{"DomainGuid":"6d396068a8aa371b86c0d946c1b440e9","AlternativeDomainGuid":"2ae0f8371b8c3bfc9155f0b6e636ee3f","Position":1}],"Documentation":{"NumberOfNotes":0,"Notes":[]}},"Transformation":{"Function":{"FunctionGuid":"00000000000000000000000000000002","FunctionParameters":[{"PositionInParameterList":1,"Direction":"IN","Type":"STRING","Name":"value"},{"PositionInParameterList":2,"Direction":"OUT","Type":"NODE_LIST","Name":"nodes_out_1"}],"FunctionImplementations":[{"SourceCode":"\u003cxsl:value-of select\u003d\"$nodes_in/value\"/\u003e","FunctionImplementationLanguage":{"Name":"XSLT","Version":"2.0"}}],"isReference":false},"ParameterAssignments":[{"PositionInParameterList":1,"PositionInParameter":1,"Value":"137"},{"PositionInParameterList":2,"PositionInParameter":1,"PositionInDomainSet":1}]},"Confidential":false},{"DomainMappingElement":{"SourceDomainSet":[],"TargetDomainSet":[{"DomainGuid":"266b232872c73e04a869bec18120cf45","AlternativeDomainGuid":"499bfa1e5b4b349eb553b308896eccd9","Position":1}],"Documentation":{"NumberOfNotes":0,"Notes":[]}},"Transformation":{"Function":{"FunctionGuid":"00000000000000000000000000000002","FunctionParameters":[{"PositionInParameterList":1,"Direction":"IN","Type":"STRING","Name":"value"},{"PositionInParameterList":2,"Direction":"OUT","Type":"NODE_LIST","Name":"nodes_out_1"}],"FunctionImplementations":[{"SourceCode":"\u003cxsl:value-of select\u003d\"$nodes_in/value\"/\u003e","FunctionImplementationLanguage":{"Name":"XSLT","Version":"2.0"}}],"isReference":false},"ParameterAssignments":[{"PositionInParameterList":1,"PositionInParameter":1,"Value":"ON"},{"PositionInParameterList":2,"PositionInParameter":1,"PositionInDomainSet":1}]},"Confidential":false},{"DomainMappingElement":{"SourceDomainSet":[],"TargetDomainSet":[{"DomainGuid":"7c6144c3966f364f8a1c92a1351f149d","AlternativeDomainGuid":"06222af4426041d78de9d4d5239717bd","Position":1}],"Documentation":{"NumberOfNotes":0,"Notes":[]}},"Transformation":{"Function":{"FunctionGuid":"00000000000000000000000000000002","FunctionParameters":[{"PositionInParameterList":1,"Direction":"IN","Type":"STRING","Name":"value"},{"PositionInParameterList":2,"Direction":"OUT","Type":"NODE_LIST","Name":"nodes_out_1"}],"FunctionImplementations":[{"SourceCode":"\u003cxsl:value-of select\u003d\"$nodes_in/value\"/\u003e","FunctionImplementationLanguage":{"Name":"XSLT","Version":"2.0"}}],"isReference":false},"ParameterAssignments":[{"PositionInParameterList":1,"PositionInParameter":1,"Value":"ABO"},{"PositionInParameterList":2,"PositionInParameter":1,"PositionInDomainSet":1}]},"Confidential":false},{"DomainMappingElement":{"SourceDomainSet":[],"TargetDomainSet":[{"DomainGuid":"f3b2cf679fe237c2a41fb14325f89328","AlternativeDomainGuid":"e3fb54284d6a3e22b3d7835a7e115191","Position":1}],"Documentation":{"NumberOfNotes":0,"Notes":[]}},"Transformation":{"Function":{"FunctionGuid":"00000000000000000000000000000002","FunctionParameters":[{"PositionInParameterList":1,"Direction":"IN","Type":"STRING","Name":"value"},{"PositionInParameterList":2,"Direction":"OUT","Type":"NODE_LIST","Name":"nodes_out_1"}],"FunctionImplementations":[{"SourceCode":"\u003cxsl:value-of select\u003d\"$nodes_in/value\"/\u003e","FunctionImplementationLanguage":{"Name":"XSLT","Version":"2.0"}}],"isReference":false},"ParameterAssignments":[{"PositionInParameterList":1,"PositionInParameter":1,"Value":"BY"},{"PositionInParameterList":2,"PositionInParameter":1,"PositionInDomainSet":1}]},"Confidential":false},{"DomainMappingElement":{"SourceDomainSet":[],"TargetDomainSet":[{"DomainGuid":"57408b9e777930f8a196e29006bde40c","AlternativeDomainGuid":"4b788bad8235496b91054dd79b1f6a7d","Position":1}],"Documentation":{"NumberOfNotes":0,"Notes":[]}},"Transformation":{"Function":{"FunctionGuid":"00000000000000000000000000000002","FunctionParameters":[{"PositionInParameterList":1,"Direction":"IN","Type":"STRING","Name":"value"},{"PositionInParameterList":2,"Direction":"OUT","Type":"NODE_LIST","Name":"nodes_out_1"}],"FunctionImplementations":[{"SourceCode":"\u003cxsl:value-of select\u003d\"$nodes_in/value\"/\u003e","FunctionImplementationLanguage":{"Name":"XSLT","Version":"2.0"}}],"isReference":false},"ParameterAssignments":[{"PositionInParameterList":1,"PositionInParameter":1,"Value":"SU"},{"PositionInParameterList":2,"PositionInParameter":1,"PositionInDomainSet":1}]},"Confidential":false},{"DomainMappingElement":{"SourceDomainSet":[],"TargetDomainSet":[{"DomainGuid":"b70f56cca3b13b25adeb3a863dbaba27","AlternativeDomainGuid":"bf2c46b2849f4e158b4d194f272729ab","Position":1}],"Documentation":{"NumberOfNotes":0,"Notes":[]}},"Transformation":{"Function":{"FunctionGuid":"00000000000000000000000000000002","FunctionParameters":[{"PositionInParameterList":1,"Direction":"IN","Type":"STRING","Name":"value"},{"PositionInParameterList":2,"Direction":"OUT","Type":"NODE_LIST","Name":"nodes_out_1"}],"FunctionImplementations":[{"SourceCode":"\u003cxsl:value-of select\u003d\"$nodes_in/value\"/\u003e","FunctionImplementationLanguage":{"Name":"XSLT","Version":"2.0"}}],"isReference":false},"ParameterAssignments":[{"PositionInParameterList":1,"PositionInParameter":1,"Value":"DP"},{"PositionInParameterList":2,"PositionInParameter":1,"PositionInDomainSet":1}]},"Confidential":false},{"DomainMappingElement":{"SourceDomainSet":[],"TargetDomainSet":[{"DomainGuid":"dcedb768956f302db4f80a8fe243af04","AlternativeDomainGuid":"f2034c519c0c3aac850360400ce99caf","Position":1}],"Documentation":{"NumberOfNotes":0,"Notes":[]}},"Transformation":{"Function":{"FunctionGuid":"00000000000000000000000000000002","FunctionParameters":[{"PositionInParameterList":1,"Direction":"IN","Type":"STRING","Name":"value"},{"PositionInParameterList":2,"Direction":"OUT","Type":"NODE_LIST","Name":"nodes_out_1"}],"FunctionImplementations":[{"SourceCode":"\u003cxsl:value-of select\u003d\"$nodes_in/value\"/\u003e","FunctionImplementationLanguage":{"Name":"XSLT","Version":"2.0"}}],"isReference":false},"ParameterAssignments":[{"PositionInParameterList":1,"PositionInParameter":1,"Value":"2"},{"PositionInParameterList":2,"PositionInParameter":1,"PositionInDomainSet":1}]},"Confidential":false},{"DomainMappingElement":{"SourceDomainSet":[],"TargetDomainSet":[{"DomainGuid":"458f7bdb76cb363b907d5569daaaeadb","Position":1}],"Documentation":{}},"Transformation":{"Function":{"FunctionGuid":"00000000000000000000000000000002","FunctionParameters":[{"PositionInParameterList":1,"Direction":"IN","Type":"STRING","Name":"value"},{"PositionInParameterList":2,"Direction":"OUT","Type":"NODE_LIST","Name":"nodes_out_1"}],"FunctionImplementations":[{"SourceCode":"\u003cxsl:value-of select\u003d\"$nodes_in/value\"/\u003e","FunctionImplementationLanguage":{"Name":"XSLT","Version":"2.0"}}],"isReference":false},"ParameterAssignments":[{"PositionInParameterList":1,"PositionInParameter":1,"Value":"1"},{"PositionInParameterList":2,"PositionInParameter":1,"PositionInDomainSet":1}]},"Confidential":false},{"DomainMappingElement":{"SourceDomainSet":[],"TargetDomainSet":[{"DomainGuid":"23356046cabf3c42872d33afbb5327b9","AlternativeDomainGuid":"db1e02fe7ba63282a349d4d2f42d85ce","Position":1}],"Documentation":{}},"Transformation":{"Function":{"FunctionGuid":"00000000000000000000000000000002","FunctionParameters":[{"PositionInParameterList":1,"Direction":"IN","Type":"STRING","Name":"value"},{"PositionInParameterList":2,"Direction":"OUT","Type":"NODE_LIST","Name":"nodes_out_1"}],"FunctionImplementations":[{"SourceCode":"\u003cxsl:value-of select\u003d\"$nodes_in/value\"/\u003e","FunctionImplementationLanguage":{"Name":"XSLT","Version":"2.0"}}],"isReference":false},"ParameterAssignments":[{"PositionInParameterList":1,"PositionInParameter":1,"Value":"102"},{"PositionInParameterList":2,"PositionInParameter":1,"PositionInDomainSet":1}]},"Confidential":false},{"DomainMappingElement":{"SourceDomainSet":[],"TargetDomainSet":[{"DomainGuid":"31cbab06c5ea352c8ada149572e830a0","AlternativeDomainGuid":"7e564d7bf67e4ab6bb6e0f40a99411dd","Position":1}],"Documentation":{}},"Transformation":{"Function":{"FunctionGuid":"00000000000000000000000000000002","FunctionParameters":[{"PositionInParameterList":1,"Direction":"IN","Type":"STRING","Name":"value"},{"PositionInParameterList":2,"Direction":"OUT","Type":"NODE_LIST","Name":"nodes_out_1"}],"FunctionImplementations":[{"SourceCode":"\u003cxsl:value-of select\u003d\"$nodes_in/value\"/\u003e","FunctionImplementationLanguage":{"Name":"XSLT","Version":"2.0"}}],"isReference":false},"ParameterAssignments":[{"PositionInParameterList":1,"PositionInParameter":1,"Value":"102"},{"PositionInParameterList":2,"PositionInParameter":1,"PositionInDomainSet":1}]},"Confidential":false},{"DomainMappingElement":{"SourceDomainSet":[],"TargetDomainSet":[{"DomainGuid":"5edefbd50190391b97e39c7cf911a8d8","AlternativeDomainGuid":"692f5d588b0a41b9a25a9c35dc85fbe5","Position":1}],"Documentation":{}},"Transformation":{"Function":{"FunctionGuid":"00000000000000000000000000000002","FunctionParameters":[{"PositionInParameterList":1,"Direction":"IN","Type":"STRING","Name":"value"},{"PositionInParameterList":2,"Direction":"OUT","Type":"NODE_LIST","Name":"nodes_out_1"}],"FunctionImplementations":[{"SourceCode":"\u003cxsl:value-of select\u003d\"$nodes_in/value\"/\u003e","FunctionImplementationLanguage":{"Name":"XSLT","Version":"2.0"}}],"isReference":false},"ParameterAssignments":[{"PositionInParameterList":1,"PositionInParameter":1,"Value":"191"},{"PositionInParameterList":2,"PositionInParameter":1,"PositionInDomainSet":1}]},"Confidential":false},{"DomainMappingElement":{"SourceDomainSet":[],"TargetDomainSet":[{"DomainGuid":"4048f18587b832f2b0045778f9f7edbf","AlternativeDomainGuid":"d5867d43b2794ae38aead1ee87d7557b","Position":1}],"Documentation":{}},"Transformation":{"Function":{"FunctionGuid":"00000000000000000000000000000002","FunctionParameters":[{"PositionInParameterList":1,"Direction":"IN","Type":"STRING","Name":"value"},{"PositionInParameterList":2,"Direction":"OUT","Type":"NODE_LIST","Name":"nodes_out_1"}],"FunctionImplementations":[{"SourceCode":"\u003cxsl:value-of select\u003d\"$nodes_in/value\"/\u003e","FunctionImplementationLanguage":{"Name":"XSLT","Version":"2.0"}}],"isReference":false},"ParameterAssignments":[{"PositionInParameterList":1,"PositionInParameter":1,"Value":"G"},{"PositionInParameterList":2,"PositionInParameter":1,"PositionInDomainSet":1}]},"Confidential":false},{"DomainMappingElement":{"SourceDomainSet":[],"TargetDomainSet":[{"DomainGuid":"a51a5f4462fc381bbded648165e9f247","AlternativeDomainGuid":"c0849f7f7fbb33e5a79c935331155c9f","Position":1}],"Documentation":{}},"Transformation":{"Function":{"FunctionGuid":"00000000000000000000000000000002","FunctionParameters":[{"PositionInParameterList":1,"Direction":"IN","Type":"STRING","Name":"value"},{"PositionInParameterList":2,"Direction":"OUT","Type":"NODE_LIST","Name":"nodes_out_1"}],"FunctionImplementations":[{"SourceCode":"\u003cxsl:value-of select\u003d\"$nodes_in/value\"/\u003e","FunctionImplementationLanguage":{"Name":"XSLT","Version":"2.0"}}],"isReference":false},"ParameterAssignments":[{"PositionInParameterList":1,"PositionInParameter":1,"Value":"9"},{"PositionInParameterList":2,"PositionInParameter":1,"PositionInDomainSet":1}]},"Confidential":false},{"DomainMappingElement":{"SourceDomainSet":[],"TargetDomainSet":[{"DomainGuid":"074e006aa30533688799db7e59403009","AlternativeDomainGuid":"5bb554ada2da46a2863e550f390ce91a","Position":1}],"Documentation":{}},"Transformation":{"Function":{"FunctionGuid":"00000000000000000000000000000002","FunctionParameters":[{"PositionInParameterList":1,"Direction":"IN","Type":"STRING","Name":"value"},{"PositionInParameterList":2,"Direction":"OUT","Type":"NODE_LIST","Name":"nodes_out_1"}],"FunctionImplementations":[{"SourceCode":"\u003cxsl:value-of select\u003d\"$nodes_in/value\"/\u003e","FunctionImplementationLanguage":{"Name":"XSLT","Version":"2.0"}}],"isReference":false},"ParameterAssignments":[{"PositionInParameterList":1,"PositionInParameter":1,"Value":"9"},{"PositionInParameterList":2,"PositionInParameter":1,"PositionInDomainSet":1}]},"Confidential":false},{"DomainMappingElement":{"SourceDomainSet":[],"TargetDomainSet":[{"DomainGuid":"fab5fb3e31a4308cb13d0341d2be8b62","AlternativeDomainGuid":"0ccb912f6d344928b87cbc30e8ca8356","Position":1}],"Documentation":{}},"Transformation":{"Function":{"FunctionGuid":"00000000000000000000000000000002","FunctionParameters":[{"PositionInParameterList":1,"Direction":"IN","Type":"STRING","Name":"value"},{"PositionInParameterList":2,"Direction":"OUT","Type":"NODE_LIST","Name":"nodes_out_1"}],"FunctionImplementations":[{"SourceCode":"\u003cxsl:value-of select\u003d\"$nodes_in/value\"/\u003e","FunctionImplementationLanguage":{"Name":"XSLT","Version":"2.0"}}],"isReference":false},"ParameterAssignments":[{"PositionInParameterList":1,"PositionInParameter":1,"Value":"9"},{"PositionInParameterList":2,"PositionInParameter":1,"PositionInDomainSet":1}]},"Confidential":false},{"DomainMappingElement":{"SourceDomainSet":[],"TargetDomainSet":[{"DomainGuid":"36d513e51a54361ba89eb71ef1416ba1","AlternativeDomainGuid":"344e27c2362437e895bd9fc8b3623c14","Position":1}],"Documentation":{}},"Transformation":{"Function":{"FunctionGuid":"00000000000000000000000000000002","FunctionParameters":[{"PositionInParameterList":1,"Direction":"IN","Type":"STRING","Name":"value"},{"PositionInParameterList":2,"Direction":"OUT","Type":"NODE_LIST","Name":"nodes_out_1"}],"FunctionImplementations":[{"SourceCode":"\u003cxsl:value-of select\u003d\"$nodes_in/value\"/\u003e","FunctionImplementationLanguage":{"Name":"XSLT","Version":"2.0"}}],"isReference":false},"ParameterAssignments":[{"PositionInParameterList":1,"PositionInParameter":1,"Value":"20"},{"PositionInParameterList":2,"PositionInParameter":1,"PositionInDomainSet":1}]},"Confidential":false},{"DomainMappingElement":{"SourceDomainSet":[],"TargetDomainSet":[{"DomainGuid":"533b40bbf0b1327d8904a9568fdd8160","Position":1}],"Documentation":{}},"Transformation":{"Function":{"FunctionGuid":"00000000000000000000000000000002","FunctionParameters":[{"PositionInParameterList":1,"Direction":"IN","Type":"STRING","Name":"value"},{"PositionInParameterList":2,"Direction":"OUT","Type":"NODE_LIST","Name":"nodes_out_1"}],"FunctionImplementations":[{"SourceCode":"\u003cxsl:value-of select\u003d\"$nodes_in/value\"/\u003e","FunctionImplementationLanguage":{"Name":"XSLT","Version":"2.0"}}],"isReference":false},"ParameterAssignments":[{"PositionInParameterList":1,"PositionInParameter":1,"Value":"1"},{"PositionInParameterList":2,"PositionInParameter":1,"PositionInDomainSet":1}]},"Confidential":false},{"DomainMappingElement":{"SourceDomainSet":[],"TargetDomainSet":[{"DomainGuid":"fceb05a859fa3e4b8043c2c5304b53b6","Position":1}],"Documentation":{}},"Transformation":{"Function":{"FunctionGuid":"00000000000000000000000000000002","FunctionParameters":[{"PositionInParameterList":1,"Direction":"IN","Type":"STRING","Name":"value"},{"PositionInParameterList":2,"Direction":"OUT","Type":"NODE_LIST","Name":"nodes_out_1"}],"FunctionImplementations":[{"SourceCode":"\u003cxsl:value-of select\u003d\"$nodes_in/value\"/\u003e","FunctionImplementationLanguage":{"Name":"XSLT","Version":"2.0"}}],"isReference":false},"ParameterAssignments":[{"PositionInParameterList":1,"PositionInParameter":1,"Value":"$B2B_SEG_COUNTER"},{"PositionInParameterList":2,"PositionInParameter":1,"PositionInDomainSet":1}]},"Confidential":false},{"DomainMappingElement":{"SourceDomainSet":[],"TargetDomainSet":[{"DomainGuid":"a4f089cffebf3eb79ac18f7747c1a061","Position":1}],"Documentation":{}},"Transformation":{"Function":{"FunctionGuid":"00000000000000000000000000000002","FunctionParameters":[{"PositionInParameterList":1,"Direction":"IN","Type":"STRING","Name":"value"},{"PositionInParameterList":2,"Direction":"OUT","Type":"NODE_LIST","Name":"nodes_out_1"}],"FunctionImplementations":[{"SourceCode":"\u003cxsl:value-of select\u003d\"$nodes_in/value\"/\u003e","FunctionImplementationLanguage":{"Name":"XSLT","Version":"2.0"}}],"isReference":false},"ParameterAssignments":[{"PositionInParameterList":1,"PositionInParameter":1,"Value":"9"},{"PositionInParameterList":2,"PositionInParameter":1,"PositionInDomainSet":1}]},"Confidential":false},{"DomainMappingElement":{"SourceDomainSet":[],"TargetDomainSet":[{"DomainGuid":"d6c9f6ea7a713383ba469a873c256b09","Position":1}],"Documentation":{}},"Transformation":{"Function":{"FunctionGuid":"00000000000000000000000000000002","FunctionParameters":[{"PositionInParameterList":1,"Direction":"IN","Type":"STRING","Name":"value"},{"PositionInParameterList":2,"Direction":"OUT","Type":"NODE_LIST","Name":"nodes_out_1"}],"FunctionImplementations":[{"SourceCode":"\u003cxsl:value-of select\u003d\"$nodes_in/value\"/\u003e","FunctionImplementationLanguage":{"Name":"XSLT","Version":"2.0"}}],"isReference":false},"ParameterAssignments":[{"PositionInParameterList":1,"PositionInParameter":1,"Value":"1"},{"PositionInParameterList":2,"PositionInParameter":1,"PositionInDomainSet":1}]},"Confidential":false},{"DomainMappingElement":{"SourceDomainSet":[{"DomainGuid":"596bd64cd99c3e0b964a22917f6560c7","Position":1}],"TargetDomainSet":[{"DomainGuid":"99669487e06d3f1e95068c814889aa00","Position":1}],"Documentation":{}},"Confidential":false},{"DomainMappingElement":{"SourceDomainSet":[],"TargetDomainSet":[{"DomainGuid":"4e023be8f8ff32fab4c81a6ece0b707c","Position":1}],"Documentation":{}},"Transformation":{"Function":{"FunctionGuid":"00000000000000000000000000000002","FunctionParameters":[{"PositionInParameterList":1,"Direction":"IN","Type":"STRING","Name":"value"},{"PositionInParameterList":2,"Direction":"OUT","Type":"NODE_LIST","Name":"nodes_out_1"}],"FunctionImplementations":[{"SourceCode":"\u003cxsl:value-of select\u003d\"$nodes_in/value\"/\u003e","FunctionImplementationLanguage":{"Name":"XSLT","Version":"2.0"}}],"isReference":false},"ParameterAssignments":[{"PositionInParameterList":1,"PositionInParameter":1,"Value":"9"},{"PositionInParameterList":2,"PositionInParameter":1,"PositionInDomainSet":1}]},"Confidential":false},{"DomainMappingElement":{"SourceDomainSet":[],"TargetDomainSet":[{"DomainGuid":"685feed96e0637baaecc61f597abf2d4","Position":1}],"Documentation":{}},"Transformation":{"Function":{"FunctionGuid":"00000000000000000000000000000002","FunctionParameters":[{"PositionInParameterList":1,"Direction":"IN","Type":"STRING","Name":"value"},{"PositionInParameterList":2,"Direction":"OUT","Type":"NODE_LIST","Name":"nodes_out_1"}],"FunctionImplementations":[{"SourceCode":"\u003cxsl:value-of select\u003d\"$nodes_in/value\"/\u003e","FunctionImplementationLanguage":{"Name":"XSLT","Version":"2.0"}}],"isReference":false},"ParameterAssignments":[{"PositionInParameterList":1,"PositionInParameter":1,"Value":"351"},{"PositionInParameterList":2,"PositionInParameter":1,"PositionInDomainSet":1}]},"Confidential":false},{"DomainMappingElement":{"SourceDomainSet":[],"TargetDomainSet":[{"DomainGuid":"11ece93ad3d93932adb03d59587525d0","Position":1}],"Documentation":{}},"Transformation":{"Function":{"FunctionGuid":"bbc3a2635a314a3e9cecd2a71251c17e","FunctionParameters":[{"PositionInParameterList":1,"Direction":"OUT","Type":"NODE_LIST","Name":"nodes_out_1"}],"FunctionImplementations":[{"SourceCode":"\u003c!-- The content below is only a placeholder --\u003e\n\u003c!-- and can be replaced --\u003e\n\u003cxsl:sequence select\u003d\"$SAP_EDI_REC_Message_Type\"/\u003e","FunctionImplementationLanguage":{"Name":"XSLT","Version":"2.0"}}],"isReference":false},"ParameterAssignments":[{"PositionInParameterList":1,"PositionInParameter":1,"PositionInDomainSet":1}]},"Confidential":false},{"DomainMappingElement":{"SourceDomainSet":[],"TargetDomainSet":[{"DomainGuid":"72ce3c5fa72c3b7fa1086f85e0d938f9","Position":1}],"Documentation":{}},"Transformation":{"Function":{"FunctionGuid":"a14850009482432db02465cdd10ca90a","FunctionParameters":[{"PositionInParameterList":1,"Direction":"OUT","Type":"NODE_LIST","Name":"nodes_out_1"}],"FunctionImplementations":[{"SourceCode":"\u003c!-- The content below is only a placeholder --\u003e\n\u003c!-- and can be replaced --\u003e\n\u003cxsl:sequence select\u003d\"$SAP_EDI_REC_Message_Version\"/\u003e","FunctionImplementationLanguage":{"Name":"XSLT","Version":"2.0"}}],"isReference":false},"ParameterAssignments":[{"PositionInParameterList":1,"PositionInParameter":1,"PositionInDomainSet":1}]},"Confidential":false},{"DomainMappingElement":{"SourceDomainSet":[],"TargetDomainSet":[{"DomainGuid":"2b29df8927de3554b692df1c05e97b81","Position":1}],"Documentation":{}},"Transformation":{"Function":{"FunctionGuid":"294db49f57df4f21a30231b56690415a","FunctionParameters":[{"PositionInParameterList":1,"Direction":"OUT","Type":"NODE_LIST","Name":"nodes_out_1"}],"FunctionImplementations":[{"SourceCode":"\u003c!-- The content below is only a placeholder --\u003e\n\u003c!-- and can be replaced --\u003e\n\u003cxsl:sequence select\u003d\"$SAP_EDI_REC_Message_Release\"/\u003e","FunctionImplementationLanguage":{"Name":"XSLT","Version":"2.0"}}],"isReference":false},"ParameterAssignments":[{"PositionInParameterList":1,"PositionInParameter":1,"PositionInDomainSet":1}]},"Confidential":false},{"DomainMappingElement":{"SourceDomainSet":[{"DomainGuid":"a6992c1e266932dd8aa87a81cc238f50","Position":1}],"TargetDomainSet":[{"DomainGuid":"37e42255a6743ea597314f692f38169e","Position":1}],"Documentation":{}},"Confidential":false},{"DomainMappingElement":{"SourceDomainSet":[{"DomainGuid":"a6992c1e266932dd8aa87a81cc238f50","Position":1}],"TargetDomainSet":[{"DomainGuid":"f88a31a8e8cf3a57b4a2ec48d40d7c34","Position":1}],"Documentation":{}},"Confidential":false},{"DomainMappingElement":{"SourceDomainSet":[{"DomainGuid":"5fca1c0a2416310bacd4e5b0cc6fdfbc","AlternativeDomainGuid":"371988a01458455d9df06cb0efea2d58","Position":1}],"TargetDomainSet":[{"DomainGuid":"0cf9f83da2db34be89894c8de1a88dea","AlternativeDomainGuid":"3fdb4bad04943ab8bbb83979ffb66465","Position":1}],"Documentation":{}},"Confidential":false},{"DomainMappingElement":{"SourceDomainSet":[{"DomainGuid":"068f8a28b87931949c72624d22e25acc","AlternativeDomainGuid":"68cb00a960634acc95e6cea98288c248","Position":1}],"TargetDomainSet":[{"DomainGuid":"b5af356e124a38d4b5006565df374a01","AlternativeDomainGuid":"c4f49d6a853632db8c9fbee9b9c525ee","Position":1}],"Documentation":{}},"Transformation":{"Function":{"FunctionGuid":"10010000000000000000000000000001","FunctionParameters":[{"PositionInParameterList":1,"Direction":"IN","Type":"NODE_LIST","Name":"source_date_time_value"},{"PositionInParameterList":2,"Direction":"IN","Type":"NODE_LIST","Name":"source_date_time_format"},{"PositionInParameterList":3,"Direction":"IN","Type":"STRING","Name":"target_date_time_format"},{"PositionInParameterList":4,"Direction":"OUT","Type":"NODE_LIST","Name":"target_date_time_value"}],"FunctionImplementations":[{"SourceCode":"\u003cxsl:sequence select\u003d\"ica_fn:transform-dateTime($nodes_in/nodes_in_1,$nodes_in/source_date_time_format,$nodes_in/target_date_time_format)\"/\u003e","FunctionImplementationLanguage":{"Name":"XSLT","Version":"2.0"}}],"isReference":false},"ParameterAssignments":[{"PositionInParameterList":1,"PositionInParameter":1,"PositionInDomainSet":1},{"PositionInParameterList":2,"PositionInParameter":1,"Value":"CCYYMMDD"},{"PositionInParameterList":3,"PositionInParameter":1,"Value":"CCYYMMDD"},{"PositionInParameterList":4,"PositionInParameter":1,"PositionInDomainSet":1}]},"Confidential":false},{"DomainMappingElement":{"SourceDomainSet":[{"DomainGuid":"1e3264db5dd7323cae359b8acfb19bac","AlternativeDomainGuid":"39c83c47626e4960ac022a3585423ec1","Position":1}],"TargetDomainSet":[{"DomainGuid":"1a93a230642a3d48948a13f0349637b8","AlternativeDomainGuid":"58aa115420264026913f4c1c8f990721","Position":1}],"Documentation":{}},"Confidential":false},{"DomainMappingElement":{"SourceDomainSet":[{"DomainGuid":"b91d3c239d4d313a8e2d0f2676e8383b","AlternativeDomainGuid":"fdaf17dd74824dcea8292808e4817777","Position":1}],"TargetDomainSet":[{"DomainGuid":"1ec55212d99b3e31a5dc24751942d063","AlternativeDomainGuid":"83cad98ba47f405dae49cb02ae0bf89e","Position":1}],"Documentation":{}},"Transformation":{"Function":{"FunctionGuid":"10010000000000000000000000000001","FunctionParameters":[{"PositionInParameterList":1,"Direction":"IN","Type":"NODE_LIST","Name":"source_date_time_value"},{"PositionInParameterList":2,"Direction":"IN","Type":"NODE_LIST","Name":"source_date_time_format"},{"PositionInParameterList":3,"Direction":"IN","Type":"STRING","Name":"target_date_time_format"},{"PositionInParameterList":4,"Direction":"OUT","Type":"NODE_LIST","Name":"target_date_time_value"}],"FunctionImplementations":[{"SourceCode":"\u003cxsl:sequence select\u003d\"ica_fn:transform-dateTime($nodes_in/nodes_in_1,$nodes_in/source_date_time_format,$nodes_in/target_date_time_format)\"/\u003e","FunctionImplementationLanguage":{"Name":"XSLT","Version":"2.0"}}],"isReference":false},"ParameterAssignments":[{"PositionInParameterList":1,"PositionInParameter":1,"PositionInDomainSet":1},{"PositionInParameterList":2,"PositionInParameter":1,"Value":"CCYYMMDD"},{"PositionInParameterList":3,"PositionInParameter":1,"Value":"CCYYMMDD"},{"PositionInParameterList":4,"PositionInParameter":1,"PositionInDomainSet":1}]},"Confidential":false},{"DomainMappingElement":{"SourceDomainSet":[{"Roles":["Trigger"],"DomainGuid":"6429a05bc9413eb8be89c6480fca37b8","Position":1}],"TargetDomainSet":[{"DomainGuid":"cd44deed85023c7ba4369cbc5bddd699","AlternativeDomainGuid":"e0fed99af5d6335eb1fa50299b90c0a2","Position":1}],"Documentation":{}},"Transformation":{"Function":{"FunctionGuid":"106ad1b723144cb489e2959ae7aacafc","FunctionParameters":[{"PositionInParameterList":1,"Direction":"IN","Type":"NODE_LIST","Name":"E1EDL24"},{"PositionInParameterList":2,"Direction":"OUT","Type":"NODE_LIST","Name":"nodes_out_1"}],"FunctionImplementations":[{"SourceCode":"\u003cxsl:sequence select\u003d\"count($nodes_in/*)\"/\u003e","FunctionImplementationLanguage":{"Name":"XSLT","Version":"2.0"}}],"isReference":false},"ParameterAssignments":[{"PositionInParameterList":1,"PositionInParameter":1,"PositionInDomainSet":1},{"PositionInParameterList":2,"PositionInParameter":1,"PositionInDomainSet":1}]},"Confidential":false},{"DomainMappingElement":{"SourceDomainSet":[{"DomainGuid":"cf21900a3915315eb415c58a2f26f6f8","Position":1}],"TargetDomainSet":[{"DomainGuid":"335308d78924341da59f4eb98ceb4514","Position":1}],"Documentation":{}},"Confidential":false},{"DomainMappingElement":{"SourceDomainSet":[{"DomainGuid":"5ce21afeb078325f9001ecb87460195e","Position":1}],"TargetDomainSet":[{"DomainGuid":"34a19b834e02338d8d07ddc6dc501582","AlternativeDomainGuid":"fa6fe87fbfac3f63b479e4f11b9f6f60","Position":1}],"Documentation":{}},"Confidential":false},{"DomainMappingElement":{"SourceDomainSet":[{"DomainGuid":"5ce21afeb078325f9001ecb87460195e","Position":1}],"TargetDomainSet":[{"DomainGuid":"21a61e9a842531c5925ca3018bb1da13","AlternativeDomainGuid":"c06e55862b67332db67d8eced781fa85","Position":1}],"Documentation":{}},"Confidential":false},{"DomainMappingElement":{"SourceDomainSet":[{"DomainGuid":"e9d29c83bfa33fb797d410b7420b86d1","AlternativeDomainGuid":"5e27ae9113af3bddb0adaa9dc83ee294","Position":1}],"TargetDomainSet":[{"DomainGuid":"231d644a2d743cb4b1f86f2a2287114d","AlternativeDomainGuid":"cdcc9ef52a44380e96feaa2270260ca6","Position":1}],"Documentation":{}},"Confidential":false},{"DomainMappingElement":{"SourceDomainSet":[{"DomainGuid":"30e58ab7b6c63ce891e68e2ead5c97f4","AlternativeDomainGuid":"ed96b657bc094ec1b12b12ab432f1d59","Position":1}],"TargetDomainSet":[{"DomainGuid":"8c4c17c3799b379da44218850982af41","AlternativeDomainGuid":"a96742cbe8be3e4e9dcdb448e0c629f6","Position":1}],"Documentation":{}},"Transformation":{"Function":{"FunctionGuid":"00000000000000000000000000000001","FunctionParameters":[{"PositionInParameterList":1,"Direction":"IN","Type":"NODE_LIST","Name":"EXTEND_D"},{"PositionInParameterList":2,"Direction":"OUT","Type":"NODE_LIST","Name":"nodes_out_1"}],"FunctionImplementations":[{"SourceCode":"\u003cxsl:sequence select\u003d\"$nodes_in/*\"/\u003e","FunctionImplementationLanguage":{"Name":"XSLT","Version":"2.0"}}],"isReference":false},"ParameterAssignments":[{"PositionInParameterList":1,"PositionInParameter":1,"PositionInDomainSet":1},{"PositionInParameterList":2,"PositionInParameter":1,"PositionInDomainSet":1}]},"Confidential":false},{"DomainMappingElement":{"SourceDomainSet":[{"DomainGuid":"ccdee86c84353b6aacdc151e1967f5c4","AlternativeDomainGuid":"9df93f9276c14daab230c2b3ead289a0","Position":1}],"TargetDomainSet":[{"DomainGuid":"9be944662886358f8976ef624136a152","AlternativeDomainGuid":"59541eb3d37346c382f84493e9ddce08","Position":1}],"Documentation":{}},"Confidential":false},{"DomainMappingElement":{"SourceDomainSet":[{"DomainGuid":"0988604c643637b6ac049ed347bf24f0","AlternativeDomainGuid":"8758266ee3fe4987af2cf9ad2a1e4f29","Position":1}],"TargetDomainSet":[{"DomainGuid":"52ec0ae9a2e53048bbf86df84df220ca","AlternativeDomainGuid":"2f709918c6244bd89eeaa2cf221693b8","Position":1}],"Documentation":{}},"Transformation":{"Function":{"FunctionGuid":"00000000000000000000000000000001","FunctionParameters":[{"PositionInParameterList":1,"Direction":"IN","Type":"NODE_LIST","Name":"EXTEND_D"},{"PositionInParameterList":2,"Direction":"OUT","Type":"NODE_LIST","Name":"nodes_out_1"}],"FunctionImplementations":[{"SourceCode":"\u003cxsl:sequence select\u003d\"$nodes_in/*\"/\u003e","FunctionImplementationLanguage":{"Name":"XSLT","Version":"2.0"}}],"isReference":false},"ParameterAssignments":[{"PositionInParameterList":1,"PositionInParameter":1,"PositionInDomainSet":1},{"PositionInParameterList":2,"PositionInParameter":1,"PositionInDomainSet":1}]},"Confidential":false},{"DomainMappingElement":{"SourceDomainSet":[{"DomainGuid":"2b72861405b43d39a9fbff064d34261f","AlternativeDomainGuid":"5822250655ef39649a4221b39b8c3c4e","Position":1}],"TargetDomainSet":[{"DomainGuid":"4972b68356a73cd99a9e5c4072a6200e","AlternativeDomainGuid":"7a1fd1949525358f9a42414098daf31f","Position":1}],"Documentation":{}},"Confidential":false},{"DomainMappingElement":{"SourceDomainSet":[{"DomainGuid":"5c20eb8301e736fd9fbb787ab60393ca","AlternativeDomainGuid":"e309cdb5db6235a5b4e718ff116ccc2b","Position":1}],"TargetDomainSet":[{"DomainGuid":"899142179de83ee888adcfb6366e7c42","AlternativeDomainGuid":"08508a6de0e23b199541b275d92562f9","Position":1}],"Documentation":{}},"Transformation":{"Function":{"FunctionGuid":"100471f06ca948e8b9f9c68bd0d6bcdd","FunctionParameters":[{"PositionInParameterList":1,"Direction":"IN","Type":"NODE_LIST","Name":"BSTNR"},{"PositionInParameterList":2,"Direction":"OUT","Type":"NODE_LIST","Name":"nodes_out_1"}],"FunctionImplementations":[{"SourceCode":"\u003cxsl:sequence select\u003d\"$nodes_in[1]/*\"/\u003e","FunctionImplementationLanguage":{"Name":"XSLT","Version":"2.0"}}],"isReference":false},"ParameterAssignments":[{"PositionInParameterList":1,"PositionInParameter":1,"PositionInDomainSet":1},{"PositionInParameterList":2,"PositionInParameter":1,"PositionInDomainSet":1}]},"Confidential":false},{"DomainMappingElement":{"SourceDomainSet":[{"DomainGuid":"cf21900a3915315eb415c58a2f26f6f8","Position":1}],"TargetDomainSet":[{"DomainGuid":"39d5e9ec6e9338e9b3becbea887667c9","AlternativeDomainGuid":"8b88b2308684474c956668fb87704c29","Position":1}],"Documentation":{}},"Confidential":false},{"DomainMappingElement":{"SourceDomainSet":[{"DomainGuid":"fec600a708793aa890846bfe83463306","Position":1}],"TargetDomainSet":[{"DomainGuid":"98d2598634203026937005d78599667b","AlternativeDomainGuid":"bf619eab76253edc986f833f2ef53ac4","Position":1}],"Documentation":{}},"Confidential":false},{"DomainMappingElement":{"SourceDomainSet":[{"DomainGuid":"aa59183fb72b3ed5b125701e7c24e331","AlternativeDomainGuid":"dc6cc4d6ad9348c8920d3bfc1a7e4ef0","Position":1}],"TargetDomainSet":[{"DomainGuid":"fc7a2c42b4e333cb933df283d77ec46c","AlternativeDomainGuid":"6ab3670022ea4ac0a158813f12841811","Position":1}],"Documentation":{}},"Confidential":false},{"DomainMappingElement":{"SourceDomainSet":[{"DomainGuid":"aa59183fb72b3ed5b125701e7c24e331","AlternativeDomainGuid":"dc6cc4d6ad9348c8920d3bfc1a7e4ef0","Position":1}],"TargetDomainSet":[{"DomainGuid":"958ae271627f37a78eba44624cba3f0d","AlternativeDomainGuid":"7ad9ad9460f444de8b2699ef84671537","Position":1}],"Documentation":{}},"Transformation":{"Function":{"FunctionGuid":"00000000000000000000000000000001","FunctionParameters":[{"PositionInParameterList":1,"Direction":"IN","Type":"NODE_LIST","Name":"NAME1"},{"PositionInParameterList":2,"Direction":"OUT","Type":"NODE_LIST","Name":"nodes_out_1"}],"FunctionImplementations":[{"SourceCode":"\u003cxsl:sequence select\u003d\"$nodes_in/*\"/\u003e","FunctionImplementationLanguage":{"Name":"XSLT","Version":"2.0"}}],"isReference":false},"ParameterAssignments":[{"PositionInParameterList":1,"PositionInParameter":1,"PositionInDomainSet":1},{"PositionInParameterList":2,"PositionInParameter":1,"PositionInDomainSet":1}]},"Confidential":false},{"DomainMappingElement":{"SourceDomainSet":[{"DomainGuid":"540d92e271a734d9a3c0834f8c895170","AlternativeDomainGuid":"dbf11f26559846afb24167570adc5e23","Position":1}],"TargetDomainSet":[{"DomainGuid":"070c9bc2995f3c56889198a238192e3a","AlternativeDomainGuid":"ceec422d9cfe410c95e4e939c9119998","Position":1}],"Documentation":{}},"Confidential":false},{"DomainMappingElement":{"SourceDomainSet":[{"DomainGuid":"540d92e271a734d9a3c0834f8c895170","AlternativeDomainGuid":"dbf11f26559846afb24167570adc5e23","Position":1}],"TargetDomainSet":[{"DomainGuid":"bf611b144e6030258aa624697d00eda4","AlternativeDomainGuid":"899deb320cd047379ff557bc2e38fad5","Position":1}],"Documentation":{}},"Transformation":{"Function":{"FunctionGuid":"00000000000000000000000000000001","FunctionParameters":[{"PositionInParameterList":1,"Direction":"IN","Type":"NODE_LIST","Name":"STREET1"},{"PositionInParameterList":2,"Direction":"OUT","Type":"NODE_LIST","Name":"nodes_out_1"}],"FunctionImplementations":[{"SourceCode":"\u003cxsl:sequence select\u003d\"$nodes_in/*\"/\u003e","FunctionImplementationLanguage":{"Name":"XSLT","Version":"2.0"}}],"isReference":false},"ParameterAssignments":[{"PositionInParameterList":1,"PositionInParameter":1,"PositionInDomainSet":1},{"PositionInParameterList":2,"PositionInParameter":1,"PositionInDomainSet":1}]},"Confidential":false},{"DomainMappingElement":{"SourceDomainSet":[{"DomainGuid":"b5729472bbd33eca877298a8523fdc00","AlternativeDomainGuid":"32700e3c1cc4493393a9550c288b81d0","Position":1}],"TargetDomainSet":[{"DomainGuid":"38ee22f42c2c3e74bf5cc6da0f6d5dfd","AlternativeDomainGuid":"4a2c36f3c8b641768b02e03bfee2d164","Position":1}],"Documentation":{}},"Transformation":{"Function":{"FunctionGuid":"00000000000000000000000000000001","FunctionParameters":[{"PositionInParameterList":1,"Direction":"IN","Type":"NODE_LIST","Name":"CITY1"},{"PositionInParameterList":2,"Direction":"OUT","Type":"NODE_LIST","Name":"nodes_out_1"}],"FunctionImplementations":[{"SourceCode":"\u003cxsl:sequence select\u003d\"$nodes_in/*\"/\u003e","FunctionImplementationLanguage":{"Name":"XSLT","Version":"2.0"}}],"isReference":false},"ParameterAssignments":[{"PositionInParameterList":1,"PositionInParameter":1,"PositionInDomainSet":1},{"PositionInParameterList":2,"PositionInParameter":1,"PositionInDomainSet":1}]},"Confidential":false},{"DomainMappingElement":{"SourceDomainSet":[{"DomainGuid":"ec426fc681073e0ebde773b7569705c1","AlternativeDomainGuid":"8745f11bd3324e3281a9fd03616286fc","Position":1}],"TargetDomainSet":[{"DomainGuid":"e729de2309083516b9cb37713a2877cd","AlternativeDomainGuid":"bf0a12459f6b432a9304eac39ed05ec2","Position":1}],"Documentation":{}},"Transformation":{"Function":{"FunctionGuid":"00000000000000000000000000000001","FunctionParameters":[{"PositionInParameterList":1,"Direction":"IN","Type":"NODE_LIST","Name":"POSTL_COD1"},{"PositionInParameterList":2,"Direction":"OUT","Type":"NODE_LIST","Name":"nodes_out_1"}],"FunctionImplementations":[{"SourceCode":"\u003cxsl:sequence select\u003d\"$nodes_in/*\"/\u003e","FunctionImplementationLanguage":{"Name":"XSLT","Version":"2.0"}}],"isReference":false},"ParameterAssignments":[{"PositionInParameterList":1,"PositionInParameter":1,"PositionInDomainSet":1},{"PositionInParameterList":2,"PositionInParameter":1,"PositionInDomainSet":1}]},"Confidential":false},{"DomainMappingElement":{"SourceDomainSet":[{"DomainGuid":"c9a619bef4e4366181cacf7859923926","AlternativeDomainGuid":"1cf0d3b7f3854f16807cbd278eec4d3c","Position":1}],"TargetDomainSet":[{"DomainGuid":"1ca2db1dafef377091d0c4796f4f2371","AlternativeDomainGuid":"56eca15ad6674e00bad33b56b4752f6a","Position":1}],"Documentation":{}},"Transformation":{"Function":{"FunctionGuid":"00000000000000000000000000000001","FunctionParameters":[{"PositionInParameterList":1,"Direction":"IN","Type":"NODE_LIST","Name":"COUNTRY1"},{"PositionInParameterList":2,"Direction":"OUT","Type":"NODE_LIST","Name":"nodes_out_1"}],"FunctionImplementations":[{"SourceCode":"\u003cxsl:sequence select\u003d\"$nodes_in/*\"/\u003e","FunctionImplementationLanguage":{"Name":"XSLT","Version":"2.0"}}],"isReference":false},"ParameterAssignments":[{"PositionInParameterList":1,"PositionInParameter":1,"PositionInDomainSet":1},{"PositionInParameterList":2,"PositionInParameter":1,"PositionInDomainSet":1}]},"Confidential":false},{"DomainMappingElement":{"SourceDomainSet":[],"TargetDomainSet":[{"DomainGuid":"3ec63d85541d32ffb94dabe573ec511b","AlternativeDomainGuid":"b8624bdec1db3c4ab59c9860fd1edf0f","Position":1}],"Documentation":{}},"Transformation":{"Function":{"FunctionGuid":"00000000000000000000000000000002","FunctionParameters":[{"PositionInParameterList":1,"Direction":"IN","Type":"STRING","Name":"value"},{"PositionInParameterList":2,"Direction":"OUT","Type":"NODE_LIST","Name":"nodes_out_1"}],"FunctionImplementations":[{"SourceCode":"\u003cxsl:value-of select\u003d\"$nodes_in/value\"/\u003e","FunctionImplementationLanguage":{"Name":"XSLT","Version":"2.0"}}],"isReference":false},"ParameterAssignments":[{"PositionInParameterList":1,"PositionInParameter":1,"Value":"10"},{"PositionInParameterList":2,"PositionInParameter":1,"PositionInDomainSet":1}]},"Confidential":false},{"DomainMappingElement":{"SourceDomainSet":[{"DomainGuid":"1243a0ba59b13e1298295b815fe80005","AlternativeDomainGuid":"65cb67d6aaf13ebc86a620297d1aae6e","Position":1}],"TargetDomainSet":[{"DomainGuid":"adb793e3d9f33766916073e4dfd63ffb","AlternativeDomainGuid":"1915b91eac0139819816ec13d6eb9eb8","Position":1}],"Documentation":{}},"Transformation":{"Function":{"FunctionGuid":"00000000000000000000000000000001","FunctionParameters":[{"PositionInParameterList":1,"Direction":"IN","Type":"NODE_LIST","Name":"NAME1"},{"PositionInParameterList":2,"Direction":"OUT","Type":"NODE_LIST","Name":"nodes_out_1"}],"FunctionImplementations":[{"SourceCode":"\u003cxsl:sequence select\u003d\"$nodes_in/*\"/\u003e","FunctionImplementationLanguage":{"Name":"XSLT","Version":"2.0"}}],"isReference":false},"ParameterAssignments":[{"PositionInParameterList":1,"PositionInParameter":1,"PositionInDomainSet":1},{"PositionInParameterList":2,"PositionInParameter":1,"PositionInDomainSet":1}]},"Confidential":false},{"DomainMappingElement":{"SourceDomainSet":[{"DomainGuid":"875819d9be5b3a3696508b3674736531","AlternativeDomainGuid":"38b691a96f9a3526bd0a180cc5ddf40a","Position":1}],"TargetDomainSet":[{"DomainGuid":"b6d3f07f61c930c8a597c9f3cde53273","AlternativeDomainGuid":"4bdac127e1fd372f9fa8134216163c20","Position":1}],"Documentation":{}},"Transformation":{"Function":{"FunctionGuid":"00000000000000000000000000000001","FunctionParameters":[{"PositionInParameterList":1,"Direction":"IN","Type":"NODE_LIST","Name":"STREET1"},{"PositionInParameterList":2,"Direction":"OUT","Type":"NODE_LIST","Name":"nodes_out_1"}],"FunctionImplementations":[{"SourceCode":"\u003cxsl:sequence select\u003d\"$nodes_in/*\"/\u003e","FunctionImplementationLanguage":{"Name":"XSLT","Version":"2.0"}}],"isReference":false},"ParameterAssignments":[{"PositionInParameterList":1,"PositionInParameter":1,"PositionInDomainSet":1},{"PositionInParameterList":2,"PositionInParameter":1,"PositionInDomainSet":1}]},"Confidential":false},{"DomainMappingElement":{"SourceDomainSet":[{"DomainGuid":"b631969747f1364bb149cc6614a23451","AlternativeDomainGuid":"306c65b3394f3096a77252b944713a70","Position":1}],"TargetDomainSet":[{"DomainGuid":"e92c302b0f0b3823aa0b04211428e202","AlternativeDomainGuid":"4b4e78a7cc3933a4b3384c6b3e0763de","Position":1}],"Documentation":{}},"Transformation":{"Function":{"FunctionGuid":"00000000000000000000000000000001","FunctionParameters":[{"PositionInParameterList":1,"Direction":"IN","Type":"NODE_LIST","Name":"CITY1"},{"PositionInParameterList":2,"Direction":"OUT","Type":"NODE_LIST","Name":"nodes_out_1"}],"FunctionImplementations":[{"SourceCode":"\u003cxsl:sequence select\u003d\"$nodes_in/*\"/\u003e","FunctionImplementationLanguage":{"Name":"XSLT","Version":"2.0"}}],"isReference":false},"ParameterAssignments":[{"PositionInParameterList":1,"PositionInParameter":1,"PositionInDomainSet":1},{"PositionInParameterList":2,"PositionInParameter":1,"PositionInDomainSet":1}]},"Confidential":false},{"DomainMappingElement":{"SourceDomainSet":[{"DomainGuid":"b77fc94340b23283b8da6e167ce978fa","AlternativeDomainGuid":"be77fdda17713aee9a8714d17b9a7353","Position":1}],"TargetDomainSet":[{"DomainGuid":"4f4e1d74060c31f1a772aceed784a261","AlternativeDomainGuid":"31235d36344d37dca80b214e921feac4","Position":1}],"Documentation":{}},"Transformation":{"Function":{"FunctionGuid":"00000000000000000000000000000001","FunctionParameters":[{"PositionInParameterList":1,"Direction":"IN","Type":"NODE_LIST","Name":"POSTL_COD2"},{"PositionInParameterList":2,"Direction":"OUT","Type":"NODE_LIST","Name":"nodes_out_1"}],"FunctionImplementations":[{"SourceCode":"\u003cxsl:sequence select\u003d\"$nodes_in/*\"/\u003e","FunctionImplementationLanguage":{"Name":"XSLT","Version":"2.0"}}],"isReference":false},"ParameterAssignments":[{"PositionInParameterList":1,"PositionInParameter":1,"PositionInDomainSet":1},{"PositionInParameterList":2,"PositionInParameter":1,"PositionInDomainSet":1}]},"Confidential":false},{"DomainMappingElement":{"SourceDomainSet":[{"DomainGuid":"172f508064723f36b2b3b35a434cf359","AlternativeDomainGuid":"50a01357d3bb33ab9d9836c287e633cd","Position":1}],"TargetDomainSet":[{"DomainGuid":"f58775ef0a8433c19f6d849d68af70e5","AlternativeDomainGuid":"1f54c348b36b3809932ff900b89f9a43","Position":1}],"Documentation":{}},"Transformation":{"Function":{"FunctionGuid":"00000000000000000000000000000001","FunctionParameters":[{"PositionInParameterList":1,"Direction":"IN","Type":"NODE_LIST","Name":"COUNTY_COD"},{"PositionInParameterList":2,"Direction":"OUT","Type":"NODE_LIST","Name":"nodes_out_1"}],"FunctionImplementations":[{"SourceCode":"\u003cxsl:sequence select\u003d\"$nodes_in/*\"/\u003e","FunctionImplementationLanguage":{"Name":"XSLT","Version":"2.0"}}],"isReference":false},"ParameterAssignments":[{"PositionInParameterList":1,"PositionInParameter":1,"PositionInDomainSet":1},{"PositionInParameterList":2,"PositionInParameter":1,"PositionInDomainSet":1}]},"Confidential":false},{"DomainMappingElement":{"SourceDomainSet":[{"DomainGuid":"e4c0d21d8edf3c10b9a466071aef5217","AlternativeDomainGuid":"8e443b7a85284195b77ac00d56457d2d","Position":1}],"TargetDomainSet":[{"DomainGuid":"b4ddea9405ed31299335f292099e53b7","AlternativeDomainGuid":"ed5423e5c25e4da4b708e5eabbb8aae9","Position":1}],"Documentation":{}},"Confidential":false},{"DomainMappingElement":{"SourceDomainSet":[{"DomainGuid":"e4eb01cccb3e3580a8fcbda1d00cf88a","AlternativeDomainGuid":"13cbe60d34a548b28ae03ffc762246bc","Position":1}],"TargetDomainSet":[{"DomainGuid":"c600a91f2de1325abc260992beb9e466","AlternativeDomainGuid":"ad6a9dd3be1d485997bed46ed07ceaa3","Position":1}],"Documentation":{}},"Transformation":{"Function":{"FunctionGuid":"00000000000000000000000000000001","FunctionParameters":[{"PositionInParameterList":1,"Direction":"IN","Type":"NODE_LIST","Name":"CITY1"},{"PositionInParameterList":2,"Direction":"OUT","Type":"NODE_LIST","Name":"nodes_out_1"}],"FunctionImplementations":[{"SourceCode":"\u003cxsl:sequence select\u003d\"$nodes_in/*\"/\u003e","FunctionImplementationLanguage":{"Name":"XSLT","Version":"2.0"}}],"isReference":false},"ParameterAssignments":[{"PositionInParameterList":1,"PositionInParameter":1,"PositionInDomainSet":1},{"PositionInParameterList":2,"PositionInParameter":1,"PositionInDomainSet":1}]},"Confidential":false},{"DomainMappingElement":{"SourceDomainSet":[{"DomainGuid":"10edaf600ae53533a03b4e8905394b74","AlternativeDomainGuid":"ab70c8283e9e40acb1afcdcf50be5562","Position":1}],"TargetDomainSet":[{"DomainGuid":"54a23acf82213ec595738e860a8eaafa","AlternativeDomainGuid":"68a73f858d294fed97e0b3cdfe6083fd","Position":1}],"Documentation":{}},"Transformation":{"Function":{"FunctionGuid":"00000000000000000000000000000001","FunctionParameters":[{"PositionInParameterList":1,"Direction":"IN","Type":"NODE_LIST","Name":"POSTL_COD2"},{"PositionInParameterList":2,"Direction":"OUT","Type":"NODE_LIST","Name":"nodes_out_1"}],"FunctionImplementations":[{"SourceCode":"\u003cxsl:sequence select\u003d\"$nodes_in/*\"/\u003e","FunctionImplementationLanguage":{"Name":"XSLT","Version":"2.0"}}],"isReference":false},"ParameterAssignments":[{"PositionInParameterList":1,"PositionInParameter":1,"PositionInDomainSet":1},{"PositionInParameterList":2,"PositionInParameter":1,"PositionInDomainSet":1}]},"Confidential":false},{"DomainMappingElement":{"SourceDomainSet":[{"DomainGuid":"fee7195e614237f7aa62bdd8123e60a9","AlternativeDomainGuid":"3446c4aec4da4b33b1c360c4c846f777","Position":1}],"TargetDomainSet":[{"DomainGuid":"7aa6b2a9f74f3d7aa38735ad421817c1","AlternativeDomainGuid":"057bdb9ba4144e058bf83dae0073fffb","Position":1}],"Documentation":{}},"Transformation":{"Function":{"FunctionGuid":"00000000000000000000000000000001","FunctionParameters":[{"PositionInParameterList":1,"Direction":"IN","Type":"NODE_LIST","Name":"COUNTY_COD"},{"PositionInParameterList":2,"Direction":"OUT","Type":"NODE_LIST","Name":"nodes_out_1"}],"FunctionImplementations":[{"SourceCode":"\u003cxsl:sequence select\u003d\"$nodes_in/*\"/\u003e","FunctionImplementationLanguage":{"Name":"XSLT","Version":"2.0"}}],"isReference":false},"ParameterAssignments":[{"PositionInParameterList":1,"PositionInParameter":1,"PositionInDomainSet":1},{"PositionInParameterList":2,"PositionInParameter":1,"PositionInDomainSet":1}]},"Confidential":false},{"DomainMappingElement":{"SourceDomainSet":[{"DomainGuid":"3414fb2ec9633b5cae0e50b47bd6f2a2","AlternativeDomainGuid":"cc153bfe83254d4dacf468e0832441b0","Position":1}],"TargetDomainSet":[{"DomainGuid":"4ae47c3e7ee93bb79af030c533cb95ef","AlternativeDomainGuid":"056488f24339431998543dfab884c500","Position":1}],"Documentation":{}},"Transformation":{"Function":{"FunctionGuid":"00000000000000000000000000000001","FunctionParameters":[{"PositionInParameterList":1,"Direction":"IN","Type":"NODE_LIST","Name":"NAME1"},{"PositionInParameterList":2,"Direction":"OUT","Type":"NODE_LIST","Name":"nodes_out_1"}],"FunctionImplementations":[{"SourceCode":"\u003cxsl:sequence select\u003d\"$nodes_in/*\"/\u003e","FunctionImplementationLanguage":{"Name":"XSLT","Version":"2.0"}}],"isReference":false},"ParameterAssignments":[{"PositionInParameterList":1,"PositionInParameter":1,"PositionInDomainSet":1},{"PositionInParameterList":2,"PositionInParameter":1,"PositionInDomainSet":1}]},"Confidential":false},{"DomainMappingElement":{"SourceDomainSet":[{"DomainGuid":"311eb632adfd3b27a1e23d3fbf7b5e63","AlternativeDomainGuid":"3dca0d7103fe4b4986d313742cc5624b","Position":1}],"TargetDomainSet":[{"DomainGuid":"14038e1ab4b4394fa1116413fb96ab1e","AlternativeDomainGuid":"b132e92261814538b934558c1ee6cdfe","Position":1}],"Documentation":{}},"Confidential":false},{"DomainMappingElement":{"SourceDomainSet":[{"DomainGuid":"311eb632adfd3b27a1e23d3fbf7b5e63","AlternativeDomainGuid":"3dca0d7103fe4b4986d313742cc5624b","Position":1}],"TargetDomainSet":[{"DomainGuid":"b879f2b9b1583cdb9e9105c230a84768","AlternativeDomainGuid":"2f8d9341efda4fff8b17a5a61794859f","Position":1}],"Documentation":{}},"Transformation":{"Function":{"FunctionGuid":"00000000000000000000000000000001","FunctionParameters":[{"PositionInParameterList":1,"Direction":"IN","Type":"NODE_LIST","Name":"STREET1"},{"PositionInParameterList":2,"Direction":"OUT","Type":"NODE_LIST","Name":"nodes_out_1"}],"FunctionImplementations":[{"SourceCode":"\u003cxsl:sequence select\u003d\"$nodes_in/*\"/\u003e","FunctionImplementationLanguage":{"Name":"XSLT","Version":"2.0"}}],"isReference":false},"ParameterAssignments":[{"PositionInParameterList":1,"PositionInParameter":1,"PositionInDomainSet":1},{"PositionInParameterList":2,"PositionInParameter":1,"PositionInDomainSet":1}]},"Confidential":false},{"DomainMappingElement":{"SourceDomainSet":[],"TargetDomainSet":[{"DomainGuid":"b2520d2edb843cbdba2c43fa8d34a8e9","Position":1}],"Documentation":{}},"Transformation":{"Function":{"FunctionGuid":"00000000000000000000000000000002","FunctionParameters":[{"PositionInParameterList":1,"Direction":"IN","Type":"STRING","Name":"value"},{"PositionInParameterList":2,"Direction":"OUT","Type":"NODE_LIST","Name":"nodes_out_1"}],"FunctionImplementations":[{"SourceCode":"\u003cxsl:value-of select\u003d\"$nodes_in/value\"/\u003e","FunctionImplementationLanguage":{"Name":"XSLT","Version":"2.0"}}],"isReference":false},"ParameterAssignments":[{"PositionInParameterList":1,"PositionInParameter":1,"Value":"UN"},{"PositionInParameterList":2,"PositionInParameter":1,"PositionInDomainSet":1}]},"Confidential":false},{"DomainMappingElement":{"SourceDomainSet":[],"TargetDomainSet":[{"DomainGuid":"fe502434802734d68c7d01b220ef94ef","Position":1}],"Documentation":{}},"Transformation":{"Function":{"FunctionGuid":"00000000000000000000000000000002","FunctionParameters":[{"PositionInParameterList":1,"Direction":"IN","Type":"STRING","Name":"value"},{"PositionInParameterList":2,"Direction":"OUT","Type":"NODE_LIST","Name":"nodes_out_1"}],"FunctionImplementations":[{"SourceCode":"\u003cxsl:value-of select\u003d\"$nodes_in/value\"/\u003e","FunctionImplementationLanguage":{"Name":"XSLT","Version":"2.0"}}],"isReference":false},"ParameterAssignments":[{"PositionInParameterList":1,"PositionInParameter":1,"Value":"EAN008"},{"PositionInParameterList":2,"PositionInParameter":1,"PositionInDomainSet":1}]},"Confidential":false}],"TargetNodeDuplicationRules":[],"TargetNodeStatus":{"68203a0e4b6434f1abf824238c8a0753":{"Comment":"E1ADRM1-PARTNER_Q \u003d \"WE\" is missing in the company MIG"}},"SharedFunctions":[],"SharedVariables":[{"VariableGuid":"eadfd219f6054c7eba9e4d87f331f506","Name":"SAP_EDI_REC_Message_Type","CreatedBy":"Mert Oezkan","CreatedOn":"2023-12-29T08:53:49.640Z","ModifiedBy":"Mert Oezkan","ModifiedOn":"2023-12-29T08:53:49.640Z"},{"VariableGuid":"2446287713334795b4bd02f5af386de1","Name":"SAP_EDI_REC_Message_Release","CreatedBy":"Mert Oezkan","CreatedOn":"2023-12-29T08:53:57.965Z","ModifiedBy":"Mert Oezkan","ModifiedOn":"2023-12-29T08:53:57.965Z"},{"VariableGuid":"d0ebfddc0b004bae84ad6f7cb77f4805","Name":"SAP_EDI_REC_Message_Version","CreatedBy":"Mert Oezkan","CreatedOn":"2023-12-29T08:54:08.262Z","ModifiedBy":"Mert Oezkan","ModifiedOn":"2023-12-29T08:54:08.262Z"}],"AdministrativeData":{"CreatedBy":"tamaki.ogura@sap.com","CreatedOn":1737704674083,"ModifiedBy":"tamaki.ogura@sap.com","ModifiedOn":1737704784484},"Documentation":{"Name":{"ArtifactValue":{"Id":"cb3138a4d76237b683e9915198114b59","action":"NONE"}},"Definition":{"ArtifactValue":{"Id":"3b0c00a897923f878c534efc53ca8f35","action":"NONE"}},"Summary":{"ArtifactValue":{"Id":"53714d18659833e5bb1d526a87014926","action":"NONE"}},"NumberOfNotes":0,"Notes":[]},"DocumentationArtifacts":{"UID-f03a2d42-0506-4a69-882b-90c7080e4aa6":"UID-84e033da-06ec-4b20-bdd3-203a40a85798","UID-39f5614a-d540-4e0f-a57e-9e54f7e68901":"UID-a5bcf1d7-c585-4dc9-8d6a-11902e4b94ba","UID-ac748698-55cb-415b-8541-f1bbbb338f19":"UID-c31b1d98-aeea-42cd-82bf-f33f769b4e88","UID-abaf27aa-0281-40d9-8e48-bb0e45fdc718":"UID-1eb21188-cee1-422e-8a57-d6932b04b900","UID-08c7d557-fa22-4b5d-a8bc-c0b165bff3a1":"UID-2e1bcd09-6368-4be6-8eab-a38c6eaf8602","UID-0311aa70-cf99-4adc-9ad4-7bdbf3b11983":"UID-0077cfde-5484-4f2f-a184-b2c6752a91e7","3932e618d734314fb84303aba36a06a5":"UID-82f91bf2-3b3b-49cb-b34f-a9cde83ecf82","UID-201b50e3-e3ab-499f-9736-b4c9fda855b4":"UID-9319d6d4-e520-4cec-9d6c-667d3426ef88","UID-5359b61c-ea07-4541-9a7a-26eecf420b45":"UID-d9009b1a-da01-4a1d-9134-84bfcb9fd609","UID-5883d8b1-3bdf-4ad6-8cce-642471c7517c":"UID-f840f0ed-ce62-428d-abef-e93fdd1c610a","UID-7185bae7-1db7-467c-b4b9-904a58e7635c":"UID-45fa1977-2d5c-4236-a134-b0eaaf5fe3bb","UID-d799adf9-a98d-499e-a2d5-eb8a0c7477a0":"UID-880aac03-6160-4ec8-b0f6-b09720b58373","UID-7990c6ec-5677-4ff6-8be4-d7e1c99ed10e":"UID-0077cfde-5484-4f2f-a184-b2c6752a91e7","UID-eced44aa-264b-4352-a269-49ac690558f8":"UID-689b4e1b-7bca-458f-b743-9971d15f8708","UID-815ef697-1f99-44f5-abbc-ef465157f496":"UID-e3a5bcde-d7ba-4981-8d09-1abef6af1f4d","UID-d3ab2740-bd3c-4dd7-950c-39dd6e5d172b":"UID-b62a3b7c-3b95-4a08-b40c-a120119fbd33","UID-31d70cdb-8464-4ebc-9f87-1e54b4a42bd3":"UID-7185bae7-1db7-467c-b4b9-904a58e7635c","a34cc515ff823e08baa25df6545dc7aa":"UID-ba336dcc-d74c-464a-80f6-c8f91a5c8cea","UID-aa3d90db-c1c4-46d8-bedd-842441c0fb4f":"UID-d9009b1a-da01-4a1d-9134-84bfcb9fd609","UID-632fa02a-ef79-4f98-8395-f2799abd74df":"UID-dbe9c792-0b5b-466b-8556-5c5833b58082","df93634aac27333b966cbd0fa68fe4c4":"UID-09aa6b9f-7c15-4763-91ea-de38172c1722","UID-79138f0e-a2c2-4c1e-a8eb-3f70c07574ae":"UID-1ad92d69-48a4-4483-9c80-c4dae54c7139","UID-3f02c8f2-a18e-4736-baba-7b90688a7f55":"UID-84e033da-06ec-4b20-bdd3-203a40a85798","0869279fe01738098f1981cb3b4bb811":"UID-5376903e-aae9-4e25-a883-ec647e7d5a35","UID-4f50ad71-1b60-4c75-a3a9-68cea6e3d249":"UID-db148b1f-3290-443f-bcb4-30c0b9f6486f","5c4e685ea92a3303a4ac3f5eb2b0b134":"UID-d591de8d-32d5-45ec-84e4-9b769989c49b","04f14eeb3e413c3b8a0d2aeb91f77dd0":"UID-45fa1977-2d5c-4236-a134-b0eaaf5fe3bb","UID-2df4815e-523a-49e0-8df9-7ef59144e012":"UID-54ec527b-a5f1-42dc-9975-625d6cfa42f0","UID-605555d5-3c73-4ca9-8998-19451dd8a63e":"UID-955628cc-0e95-4b33-b511-7a8f829320ce","UID-580db60f-bcc4-4197-ab7f-4524f5b24a65":"UID-f840f0ed-ce62-428d-abef-e93fdd1c610a","UID-a5b0989c-3433-41c2-98f5-05f8cf0a698a":"UID-9319d6d4-e520-4cec-9d6c-667d3426ef88","UID-08c615a0-75f9-4828-a619-482c3c21a6f3":"UID-d3ab2740-bd3c-4dd7-950c-39dd6e5d172b","UID-02cc2960-84d2-4e6f-bf3b-42e2dba02840":"UID-5a40c206-435f-4f7a-a370-1b8118159727","UID-fecf6c41-0181-4883-9d77-26566de32dff":"UID-f840f0ed-ce62-428d-abef-e93fdd1c610a","UID-78b538f8-c4f5-4bb2-b3d0-8793a105fbea":"UID-4df004e8-f83e-49d9-a818-34ce27ccf002","UID-63dad9c7-cd62-4f56-a866-3ccdceed8ed7":"UID-dc052478-ad01-4aa2-b1e7-de4a0cd10783","UID-17e6aa8a-5898-4500-b629-71c76d972969":"\u003cdiv class\u003d\u0027sapMText\u0027\u003e\u003cdiv class\u003d\u0027sapMText\u0027\u003e\u003cdiv class\u003d\u0027sapMText\u0027\u003e\u003cdiv class\u003d\u0027sapMText\u0027\u003e\u003cdiv class\u003d\u0027sapMText\u0027\u003e\u003cp\u003eSAP IDOC DESADV.DELVRY07 to UN/EDIFACT D.10B DESADV is a conversion process used in business communication between different systems. Here, \u0027SAP IDOC DESADV.DELVRY07\u0027 represents the IDoc type used in the SAP system for delivery orders. It consists of various information needed for shipping, like items being shipped, quantity, dispatch date, delivery date, etc.\u003c/p\u003e\u003cp\u003eOn the other hand, \u0027UN/EDIFACT D.10B DESADV\u0027 refers to a specific version of an international EDI (Electronic Data Interchange) standard for Dispatch/Shipping Notice. It allows partners to communicate information related to dispatched goods in a universally accepted format.\u003c/p\u003e\u003cp\u003eThe flow from SAP IDOC DESADV.DELVRY07 to UN/EDIFACT D.10B DESADV involves the conversion of data from the SAP IDoc format to the EDIFACT DESADV message. This conversion or mapping process enables seamless data interchange between different entities, even if they have distinct data standards or structures. It is crucial in global supply chain operations, facilitating accurate and efficient communication and coordination. This conversion process can also streamline operations and reduce errors, contributing to improved business relationships and increased operational efficiency.\u003c/p\u003e\u003c/div\u003e\u003c/div\u003e\u003c/div\u003e\u003c/div\u003e\u003c/div\u003e","a333c6f52b9d313281153083bf13b8eb":"UID-1a534c82-8b9d-4ba6-994f-d748f7dddde6","UID-c98120bf-63aa-45b9-b1da-b959b0e70f83":"UID-ba336dcc-d74c-464a-80f6-c8f91a5c8cea","UID-6cdeb823-263d-45c5-9846-a8dc15f7e651":"UID-dbdb4be8-992e-4905-ab58-2c439d4e6a2d","0bde96816b73345987fe1fe54944d4c0":"UID-a5bcf1d7-c585-4dc9-8d6a-11902e4b94ba","UID-69e905f9-8de7-4b29-905f-abc89e51c614":"UID-ed10cd3d-e386-47ae-8362-59064845adec","b1c625caef2f38d6b60f6dd6056364e7":"UID-605555d5-3c73-4ca9-8998-19451dd8a63e","UID-f555a3cf-77ae-4672-95af-db7e058b142d":"UID-31d70cdb-8464-4ebc-9f87-1e54b4a42bd3","UID-eccdedce-9c1a-4485-bb00-ddae848bc7ad":"UID-0024406d-5b53-4fbe-b106-1f9736e4ba77","UID-fd7d8f0d-39b4-46ef-a91d-a5386e049322":"UID-f840f0ed-ce62-428d-abef-e93fdd1c610a","UID-3d2ae509-d475-4be1-94d4-5a8678f729b6":"UID-9319d6d4-e520-4cec-9d6c-667d3426ef88","UID-8186a686-b09e-4e74-b631-5681675bed29":"UID-99716941-0be4-416c-aa40-664187d0e10c","UID-f71223d1-9cd8-4917-82b6-d8338cf35846":"UID-08c615a0-75f9-4828-a619-482c3c21a6f3","UID-959fe55f-0d79-408e-8692-ddefc30ffe7d":"UID-8497c1ec-e603-4269-b63e-3781ca2989da","UID-d9009b1a-da01-4a1d-9134-84bfcb9fd609":"UID-b32c1d85-b91d-48fd-90d5-13dc070f78a5","UID-0386683d-e39c-4be2-a2a5-d6515121e048":"UID-c962bfc2-c5d2-4690-a12f-b58ff18c8510","UID-57d210bb-6dfa-4f7e-887a-b90356fa37ea":"UID-9319d6d4-e520-4cec-9d6c-667d3426ef88","9835884d11fe3130ada615a5d9c0b213":"UID-f840f0ed-ce62-428d-abef-e93fdd1c610a","UID-880aac03-6160-4ec8-b0f6-b09720b58373":"UID-f09032b2-2bbc-4153-8dc2-76354adc27fa","UID-247e405e-ebe8-40ae-b338-e150bdcb8e01":"UID-9319d6d4-e520-4cec-9d6c-667d3426ef88","UID-3b2fcb6f-1cdb-44ed-9241-1393b4aadc3b":"UID-f840f0ed-ce62-428d-abef-e93fdd1c610a","UID-4b0ed8f4-ea3f-4dc4-b8dd-d18975b3cdb8":"UID-2939360c-d744-4f70-a77d-1f2f99ce279d","UID-a5bcf1d7-c585-4dc9-8d6a-11902e4b94ba":"UID-0386683d-e39c-4be2-a2a5-d6515121e048","UID-54ec527b-a5f1-42dc-9975-625d6cfa42f0":"UID-880aac03-6160-4ec8-b0f6-b09720b58373","UID-7f2a13e6-8ea0-4f65-abec-4e0d5e19f59d":"UID-08c615a0-75f9-4828-a619-482c3c21a6f3","UID-37a868f0-c7f7-4737-aeb0-b77347226a9a":"UID-09aa6b9f-7c15-4763-91ea-de38172c1722","UID-a5c1c937-ed51-4aea-a304-9c6e11349e15":"UID-def59b77-2579-46bc-baf0-3b387babf186","UID-0142c98d-098c-4de7-b72f-a5c6fed24382":"UID-c2960785-b114-4382-a136-f627acb93fc1","UID-471c17a0-b044-40dd-b4d1-8f8a8e3887ed":"UID-c2b481fa-5e44-4c4b-919d-9b1928448836","UID-fe9f21f4-dad9-42e3-8592-3fc269c7b505":"UID-605555d5-3c73-4ca9-8998-19451dd8a63e","UID-899f4640-fc42-405b-bae6-890f6a62ae68":"UID-64a0bf53-bdb6-4f65-828b-93e6e61be35b","UID-844497e1-a74f-4421-81df-a79d1cb7ad48":"UID-743a8b44-41dc-4d2d-85f9-cef7144032d2","UID-fb555c02-9b80-44a5-881a-60e5bf8fbd12":"UID-79138f0e-a2c2-4c1e-a8eb-3f70c07574ae","UID-90b745b3-a957-4e31-b1f4-e069410d95ff":"UID-ed10cd3d-e386-47ae-8362-59064845adec","UID-5376903e-aae9-4e25-a883-ec647e7d5a35":"UID-37a868f0-c7f7-4737-aeb0-b77347226a9a","UID-0651bdf1-8bcb-47bc-8c9f-009e5f56ee3c":"UID-5359b61c-ea07-4541-9a7a-26eecf420b45","UID-4df004e8-f83e-49d9-a818-34ce27ccf002":"UID-f840f0ed-ce62-428d-abef-e93fdd1c610a","UID-0126ddac-b742-454c-91ec-85a7ceebd7f1":"UID-54ec527b-a5f1-42dc-9975-625d6cfa42f0","UID-63e108e7-1593-4a92-8e44-84d1f133a45f":"UID-db82cf88-735a-4e12-a441-a610680c85f0","UID-4ea9f94a-a47d-4c0a-86ea-cd1755c9fec7":"UID-5a40c206-435f-4f7a-a370-1b8118159727","UID-022d575e-ded0-4b9c-ba9f-091333c9225b":"UID-e371fc24-5530-4076-a395-f624653e8e58","UID-8d75d8c8-e413-4cac-9990-097bd228bddb":"UID-f840f0ed-ce62-428d-abef-e93fdd1c610a","UID-b52df5bc-88d9-44b1-9e49-87c12f6f5ac4":"UID-2e19e5c1-62b1-4984-b02e-84bb697741d5","UID-75e72cfb-b6ee-4f25-82a3-c3eef8e96203":"UID-0077cfde-5484-4f2f-a184-b2c6752a91e7","UID-64a0bf53-bdb6-4f65-828b-93e6e61be35b":"UID-06c9c03d-5806-46c0-8047-7a30a68e0ec2","UID-b32c1d85-b91d-48fd-90d5-13dc070f78a5":"UID-7832f3ce-b830-43ce-9e4c-84d2e3853e38","UID-a1722a36-41f7-4e07-b401-729b578c8448":"UID-f840f0ed-ce62-428d-abef-e93fdd1c610a","UID-bc9ce0aa-1196-434c-b4f0-80cb0583ceda":"UID-5a40c206-435f-4f7a-a370-1b8118159727","78a09c0960e13bb3a055e6b7431ab531":"Mapping 0x.) Versuni - SAP IDOC DESADV.DELVRY07.ZDELVRY07 for UN/EDIFACT Customer EDI - Source to 0x.) #BASE# - UN/EDIFACT D.10B DESADV - Target","UID-4d6aa0a5-f84b-42d2-b680-20298d5aec48":"UID-f840f0ed-ce62-428d-abef-e93fdd1c610a","UID-d21d38cc-caad-4490-a907-ee9e257bbaad":"UID-d4a9c434-6626-4df5-a2f2-33cfbfe91bd8","UID-b62a3b7c-3b95-4a08-b40c-a120119fbd33":"UID-1eb21188-cee1-422e-8a57-d6932b04b900","UID-04bf0f0c-7591-410e-8d0a-bf6146418e70":"UID-eced44aa-264b-4352-a269-49ac690558f8","UID-79a4ae10-5d3b-437f-9ad6-713ca0cc4522":"UID-5a40c206-435f-4f7a-a370-1b8118159727","UID-5adb4234-024c-4ea4-9160-e265e3eff5ea":"UID-1dad2a1a-1519-4a78-8d24-a493104733be","UID-22f90b9e-ddbf-4cac-8fd8-ec3bec66a90c":"UID-24135f8d-ff8d-43f0-8b1f-bc33aabc027b","UID-50081883-ac6f-46ab-a882-3b10c9eb3ff4":"UID-f840f0ed-ce62-428d-abef-e93fdd1c610a","UID-1e218137-c2ce-4118-b99a-db2bdd76ddfb":"UID-9319d6d4-e520-4cec-9d6c-667d3426ef88","UID-01af3a78-c5b9-4a70-9e6d-d4f9a23395e6":"UID-f840f0ed-ce62-428d-abef-e93fdd1c610a","UID-f09032b2-2bbc-4153-8dc2-76354adc27fa":"UID-4cdd6395-7937-481c-9f79-ec7625349d91","UID-743a8b44-41dc-4d2d-85f9-cef7144032d2":"UID-4ac71fdb-05e5-4a1b-be00-6de290902102","UID-54036a67-6de5-42d5-b1ea-823592e90c28":"UID-022d575e-ded0-4b9c-ba9f-091333c9225b","UID-45fa1977-2d5c-4236-a134-b0eaaf5fe3bb":"UID-814705a1-c096-444e-9b97-ed4eff5dd5b7","UID-53d9ee07-d6aa-4656-821e-3ae762a89de7":"\u003cdiv class\u003d\u0027sapMText\u0027\u003e\u003cdiv class\u003d\u0027sapMText\u0027\u003e\u003cdiv class\u003d\u0027sapMText\u0027\u003e\u003cp\u003eSAP IDOC DESADV.DELVRY07 to UN/EDIFACT D.10B DESADV is a conversion process used in business communication between different systems. Here, \u0027SAP IDOC DESADV.DELVRY07\u0027 represents the IDoc type used in the SAP system for delivery orders. It consists of various information needed for shipping, like items being shipped, quantity, dispatch date, delivery date, etc.\u003c/p\u003e\u003cp\u003eOn the other hand, \u0027UN/EDIFACT D.10B DESADV\u0027 refers to a specific version of an international EDI (Electronic Data Interchange) standard for Dispatch/Shipping Notice. It allows partners to communicate information related to dispatched goods in a universally accepted format.\u003c/p\u003e\u003cp\u003eThe flow from SAP IDOC DESADV.DELVRY07 to UN/EDIFACT D.10B DESADV involves the conversion of data from the SAP IDoc format to the EDIFACT DESADV message. This conversion or mapping process enables seamless data interchange between different entities, even if they have distinct data standards or structures. It is crucial in global supply chain operations, facilitating accurate and efficient communication and coordination. This conversion process can also streamline operations and reduce errors, contributing to improved business relationships and increased operational efficiency.\u003c/p\u003e\u003c/div\u003e\u003c/div\u003e\u003c/div\u003e","UID-a71f6830-0c1e-4238-9d3f-058c5e2e7071":"UID-95b3849e-fea8-48a2-8ec7-d5a224de3d61","UID-e64cc321-dbc3-414c-84d7-b717037b520c":"UID-f840f0ed-ce62-428d-abef-e93fdd1c610a","UID-2d883c12-c061-4119-87b4-abcaa2cb73ce":"UID-844497e1-a74f-4421-81df-a79d1cb7ad48","UID-36e69d7f-e342-47f5-8f22-b84ddbc8e9c6":"UID-f840f0ed-ce62-428d-abef-e93fdd1c610a","b2eaf605f82c31cc947c52a5df0bb767":"\u003cdiv class\u003d\u0027sapMText\u0027\u003e\u003cdiv class\u003d\u0027sapMText\u0027\u003e\u003cdiv class\u003d\u0027sapMText\u0027\u003e\u003cp\u003eSAP IDOC DESADV.DELVRY07 to UN/EDIFACT D.10B DESADV is a conversion process used in business communication between different systems. Here, \u0027SAP IDOC DESADV.DELVRY07\u0027 represents the IDoc type used in the SAP system for delivery orders. It consists of various information needed for shipping, like items being shipped, quantity, dispatch date, delivery date, etc.\u003c/p\u003e\u003cp\u003eOn the other hand, \u0027UN/EDIFACT D.10B DESADV\u0027 refers to a specific version of an international EDI (Electronic Data Interchange) standard for Dispatch/Shipping Notice. It allows partners to communicate information related to dispatched goods in a universally accepted format.\u003c/p\u003e\u003cp\u003eThe flow from SAP IDOC DESADV.DELVRY07 to UN/EDIFACT D.10B DESADV involves the conversion of data from the SAP IDoc format to the EDIFACT DESADV message. This conversion or mapping process enables seamless data interchange between different entities, even if they have distinct data standards or structures. It is crucial in global supply chain operations, facilitating accurate and efficient communication and coordination. This conversion process can also streamline operations and reduce errors, contributing to improved business relationships and increased operational efficiency.\u003c/p\u003e\u003c/div\u003e\u003c/div\u003e\u003c/div\u003e","UID-0bd09529-6006-4920-9abc-6e4aad2b4e6f":"UID-ac748698-55cb-415b-8541-f1bbbb338f19","UID-f51ec695-7513-455d-a6da-f576342a8ac6":"UID-5055fd32-87a8-4037-9e85-0d9f3457d23b","UID-814705a1-c096-444e-9b97-ed4eff5dd5b7":"UID-89e617f9-ee21-4162-a820-cb05fa2f77c9","UID-b4cc5f50-b823-46bc-9a39-8e723f5f78f3":"UID-22f90b9e-ddbf-4cac-8fd8-ec3bec66a90c","UID-9319d6d4-e520-4cec-9d6c-667d3426ef88":"UID-fe9f21f4-dad9-42e3-8592-3fc269c7b505","UID-f6338aef-a69c-448f-8a21-974adeb4b05c":"UID-2d883c12-c061-4119-87b4-abcaa2cb73ce","UID-e371fc24-5530-4076-a395-f624653e8e58":"UID-f6338aef-a69c-448f-8a21-974adeb4b05c","UID-f840f0ed-ce62-428d-abef-e93fdd1c610a":"UID-42b845e0-913a-48e1-80b4-2e6d8b7b5fdd","UID-b48ef691-d858-4264-a6cc-8383b1406479":"UID-9319d6d4-e520-4cec-9d6c-667d3426ef88","UID-db82cf88-735a-4e12-a441-a610680c85f0":"UID-f555a3cf-77ae-4672-95af-db7e058b142d","UID-776d4bad-baf0-4534-bc26-bb5f7593ed23":"UID-5a40c206-435f-4f7a-a370-1b8118159727","c543204532043518897c06049601200b":"\u003cdiv class\u003d\u0027sapMText\u0027\u003e\u003cdiv class\u003d\u0027sapMText\u0027\u003e\u003cdiv class\u003d\u0027sapMText\u0027\u003e\u003cdiv class\u003d\u0027sapMText\u0027\u003e\u003cp\u003eSAP IDOC DESADV.DELVRY07 to UN/EDIFACT D.10B DESADV is a conversion process used in business communication between different systems. Here, \u0027SAP IDOC DESADV.DELVRY07\u0027 represents the IDoc type used in the SAP system for delivery orders. It consists of various information needed for shipping, like items being shipped, quantity, dispatch date, delivery date, etc.\u003c/p\u003e\u003cp\u003eOn the other hand, \u0027UN/EDIFACT D.10B DESADV\u0027 refers to a specific version of an international EDI (Electronic Data Interchange) standard for Dispatch/Shipping Notice. It allows partners to communicate information related to dispatched goods in a universally accepted format.\u003c/p\u003e\u003cp\u003eThe flow from SAP IDOC DESADV.DELVRY07 to UN/EDIFACT D.10B DESADV involves the conversion of data from the SAP IDoc format to the EDIFACT DESADV message. This conversion or mapping process enables seamless data interchange between different entities, even if they have distinct data standards or structures. It is crucial in global supply chain operations, facilitating accurate and efficient communication and coordination. This conversion process can also streamline operations and reduce errors, contributing to improved business relationships and increased operational efficiency.\u003c/p\u003e\u003c/div\u003e\u003c/div\u003e\u003c/div\u003e\u003c/div\u003e","UID-95585cb6-a818-4752-95f6-bd2ffd4104cb":"UID-f840f0ed-ce62-428d-abef-e93fdd1c610a","UID-d3fcca06-3c6c-4c6f-9fd7-f73cee2dc1cf":"UID-bc2fce1d-104f-4b30-93e1-de5aa2006dd6","UID-28cbdd92-0d38-4099-a4d7-0f6a51dbf1cb":"UID-d591de8d-32d5-45ec-84e4-9b769989c49b","UID-4c53c56b-d744-4144-b6de-deeb067d9b99":"UID-06c9c03d-5806-46c0-8047-7a30a68e0ec2","UID-bc88b0df-a41a-4271-9b5d-5be8dedd0e18":"UID-f840f0ed-ce62-428d-abef-e93fdd1c610a","UID-95b3849e-fea8-48a2-8ec7-d5a224de3d61":"UID-2e19e5c1-62b1-4984-b02e-84bb697741d5","UID-2fddce6e-794b-4967-b1cd-d01d29bde399":"\u003cp\u003eSAP IDOC DESADV.DELVRY07 to UN/EDIFACT D.10B DESADV is a conversion process used in business communication between different systems. Here, \u0027SAP IDOC DESADV.DELVRY07\u0027 represents the IDoc type used in the SAP system for delivery orders. It consists of various information needed for shipping, like items being shipped, quantity, dispatch date, delivery date, etc.\u003cbr\u003eOn the other hand, \u0027UN/EDIFACT D.10B DESADV\u0027 refers to a specific version of an international EDI (Electronic Data Interchange) standard for Dispatch/Shipping Notice. It allows partners to communicate information related to dispatched goods in a universally accepted format.\u003cbr\u003eThe flow from SAP IDOC DESADV.DELVRY07 to UN/EDIFACT D.10B DESADV involves the conversion of data from the SAP IDoc format to the EDIFACT DESADV message. This conversion or mapping process enables seamless data interchange between different entities, even if they have distinct data standards or structures. It is crucial in global supply chain operations, facilitating accurate and efficient communication and coordination. This conversion process can also streamline operations and reduce errors, contributing to improved business relationships and increased operational efficiency.\u003c/p\u003e","UID-c286a939-d9d0-493c-96ac-eddb0a4afa4e":"\u003cdiv class\u003d\u0027sapMText\u0027\u003e\u003cdiv class\u003d\u0027sapMText\u0027\u003e\u003cp\u003eSAP IDOC DESADV.DELVRY07 to UN/EDIFACT D.10B DESADV is a conversion process used in business communication between different systems. Here, \u0027SAP IDOC DESADV.DELVRY07\u0027 represents the IDoc type used in the SAP system for delivery orders. It consists of various information needed for shipping, like items being shipped, quantity, dispatch date, delivery date, etc.\u003c/p\u003e\u003cp\u003eOn the other hand, \u0027UN/EDIFACT D.10B DESADV\u0027 refers to a specific version of an international EDI (Electronic Data Interchange) standard for Dispatch/Shipping Notice. It allows partners to communicate information related to dispatched goods in a universally accepted format.\u003c/p\u003e\u003cp\u003eThe flow from SAP IDOC DESADV.DELVRY07 to UN/EDIFACT D.10B DESADV involves the conversion of data from the SAP IDoc format to the EDIFACT DESADV message. This conversion or mapping process enables seamless data interchange between different entities, even if they have distinct data standards or structures. It is crucial in global supply chain operations, facilitating accurate and efficient communication and coordination. This conversion process can also streamline operations and reduce errors, contributing to improved business relationships and increased operational efficiency.\u003c/p\u003e\u003c/div\u003e\u003c/div\u003e","UID-1d1408ae-0fd8-4657-b3df-7d6cbd542bd1":"UID-8d667ddd-79f4-464e-8861-a839bcea2725","UID-0e846822-fd52-4dfb-97d9-6b8cb3b7036e":"UID-b9ee550f-69cc-423c-9dd1-a21d10d2a863","UID-4cdd6395-7937-481c-9f79-ec7625349d91":"UID-899f4640-fc42-405b-bae6-890f6a62ae68","UID-06c9c03d-5806-46c0-8047-7a30a68e0ec2":"UID-6cdeb823-263d-45c5-9846-a8dc15f7e651","UID-eb1f5a17-3cb3-414e-8975-97f37b65b6cb":"UID-955628cc-0e95-4b33-b511-7a8f829320ce","UID-e404aaa7-b6fc-4dac-b2d6-798128132a57":"UID-f840f0ed-ce62-428d-abef-e93fdd1c610a","UID-bad73c81-c4e4-45da-a681-67ed7b9f3e1a":"UID-dc052478-ad01-4aa2-b1e7-de4a0cd10783","b28c569a610e3c62a575bb5ebef9718e":"UID-9319d6d4-e520-4cec-9d6c-667d3426ef88","UID-e2ff49cc-2b0a-4e02-929f-852227faad95":"\u003cdiv class\u003d\u0027sapMText\u0027\u003e\u003cdiv class\u003d\u0027sapMText\u0027\u003e\u003cdiv class\u003d\u0027sapMText\u0027\u003e\u003cdiv class\u003d\u0027sapMText\u0027\u003e\u003cdiv class\u003d\u0027sapMText\u0027\u003e\u003cp\u003eSAP IDOC DESADV.DELVRY07 to UN/EDIFACT D.10B DESADV is a conversion process used in business communication between different systems. Here, \u0027SAP IDOC DESADV.DELVRY07\u0027 represents the IDoc type used in the SAP system for delivery orders. It consists of various information needed for shipping, like items being shipped, quantity, dispatch date, delivery date, etc.\u003c/p\u003e\u003cp\u003eOn the other hand, \u0027UN/EDIFACT D.10B DESADV\u0027 refers to a specific version of an international EDI (Electronic Data Interchange) standard for Dispatch/Shipping Notice. It allows partners to communicate information related to dispatched goods in a universally accepted format.\u003c/p\u003e\u003cp\u003eThe flow from SAP IDOC DESADV.DELVRY07 to UN/EDIFACT D.10B DESADV involves the conversion of data from the SAP IDoc format to the EDIFACT DESADV message. This conversion or mapping process enables seamless data interchange between different entities, even if they have distinct data standards or structures. It is crucial in global supply chain operations, facilitating accurate and efficient communication and coordination. This conversion process can also streamline operations and reduce errors, contributing to improved business relationships and increased operational efficiency.\u003c/p\u003e\u003c/div\u003e\u003c/div\u003e\u003c/div\u003e\u003c/div\u003e\u003c/div\u003e","UID-9aa35bca-206a-4e0a-a27d-8f5e36a725c3":"UID-4ba469eb-7b79-468b-83e3-4359b22abe65","UID-676fb100-0d29-434c-a160-02b38ace9e70":"UID-1a534c82-8b9d-4ba6-994f-d748f7dddde6","UID-bc2fce1d-104f-4b30-93e1-de5aa2006dd6":"UID-24cbee96-9348-4c7a-8a73-101055392a87","UID-d289ba49-19d6-42e2-8cac-fb4c3eac1db1":"UID-f840f0ed-ce62-428d-abef-e93fdd1c610a","UID-82f91bf2-3b3b-49cb-b34f-a9cde83ecf82":"UID-d591de8d-32d5-45ec-84e4-9b769989c49b","5ba45083e5563379a5c9baa175a0733e":"UID-7f2a13e6-8ea0-4f65-abec-4e0d5e19f59d","UID-ef2240a2-6960-46a6-8c44-8fc4b8a4931f":"UID-9319d6d4-e520-4cec-9d6c-667d3426ef88","82bf620d63713b818999c820e31d52d7":"UID-acd3a574-dd55-4a12-832b-971c70a978dc","UID-b9ee550f-69cc-423c-9dd1-a21d10d2a863":"UID-0024406d-5b53-4fbe-b106-1f9736e4ba77","UID-3e446faf-382d-4c38-ba5c-531bef8a5a10":"UID-1a534c82-8b9d-4ba6-994f-d748f7dddde6","UID-24cbee96-9348-4c7a-8a73-101055392a87":"UID-19114a13-e90a-442b-a7cc-9881d6494284","0b58b2bc9bbe3902888d6bc88584b958":"UID-63e108e7-1593-4a92-8e44-84d1f133a45f","UID-2e1bcd09-6368-4be6-8eab-a38c6eaf8602":"UID-9319d6d4-e520-4cec-9d6c-667d3426ef88","UID-acd4f476-ae9a-4258-ad9f-d555f477a92e":"UID-0077cfde-5484-4f2f-a184-b2c6752a91e7","UID-42b845e0-913a-48e1-80b4-2e6d8b7b5fdd":"UID-744d0663-6cdc-490e-95df-277b7f3b7e6e","8de18c6ddf6833f1a566d48bb1054434":"02.) [Trading Partner Name] - SAP IDOC DESADV.DELVRY07 -to- UN/EDIFACT D.10B DESADV-Copy","UID-e3a5bcde-d7ba-4981-8d09-1abef6af1f4d":"UID-63e108e7-1593-4a92-8e44-84d1f133a45f","UID-848263bb-821b-42e5-93dd-da5511ff15f0":"UID-899f4640-fc42-405b-bae6-890f6a62ae68","UID-236063db-077e-4e91-94e3-25767d455b00":"UID-f840f0ed-ce62-428d-abef-e93fdd1c610a","UID-09aa6b9f-7c15-4763-91ea-de38172c1722":"UID-78b538f8-c4f5-4bb2-b3d0-8793a105fbea","UID-8d667ddd-79f4-464e-8861-a839bcea2725":"UID-a58ce394-de5f-4756-b3ba-0e7e35eb6641","UID-71dad8ed-6a66-4b63-9faf-9ac39d3b1a88":"UID-9319d6d4-e520-4cec-9d6c-667d3426ef88","UID-89e617f9-ee21-4162-a820-cb05fa2f77c9":"UID-0651bdf1-8bcb-47bc-8c9f-009e5f56ee3c","UID-f063c79c-0c53-41bc-9d1e-0549006831ff":"","706f0d184c953da68be9b63d5720390f":"UID-dc052478-ad01-4aa2-b1e7-de4a0cd10783","UID-1123dba9-0c1f-46c4-b044-8dda80c3c70c":"UID-fe9f21f4-dad9-42e3-8592-3fc269c7b505","UID-4ac71fdb-05e5-4a1b-be00-6de290902102":"UID-8497c1ec-e603-4269-b63e-3781ca2989da","UID-6f99e92a-f05c-43b9-b8ed-a63e25b938cd":"UID-0077cfde-5484-4f2f-a184-b2c6752a91e7","UID-19f6042e-fff7-46a4-9767-9e16072e591d":"UID-f840f0ed-ce62-428d-abef-e93fdd1c610a","UID-869438fc-f2aa-4f58-8b20-5008b16e84af":"\u003cdiv class\u003d\u0027sapMText\u0027\u003e\u003cp\u003eSAP IDOC DESADV.DELVRY07 to UN/EDIFACT D.10B DESADV is a conversion process used in business communication between different systems. Here, \u0027SAP IDOC DESADV.DELVRY07\u0027 represents the IDoc type used in the SAP system for delivery orders. It consists of various information needed for shipping, like items being shipped, quantity, dispatch date, delivery date, etc.\u003c/p\u003e\u003cp\u003eOn the other hand, \u0027UN/EDIFACT D.10B DESADV\u0027 refers to a specific version of an international EDI (Electronic Data Interchange) standard for Dispatch/Shipping Notice. It allows partners to communicate information related to dispatched goods in a universally accepted format.\u003c/p\u003e\u003cp\u003eThe flow from SAP IDOC DESADV.DELVRY07 to UN/EDIFACT D.10B DESADV involves the conversion of data from the SAP IDoc format to the EDIFACT DESADV message. This conversion or mapping process enables seamless data interchange between different entities, even if they have distinct data standards or structures. It is crucial in global supply chain operations, facilitating accurate and efficient communication and coordination. This conversion process can also streamline operations and reduce errors, contributing to improved business relationships and increased operational efficiency.\u003c/p\u003e\u003c/div\u003e","UID-0fb07744-f6e3-47bf-9f8d-cb7fd799488c":"UID-8f0eff30-382f-41f2-9a4f-2081a12b615c","UID-58f30eeb-6a91-49a1-ac26-a7230fbc653c":"UID-9319d6d4-e520-4cec-9d6c-667d3426ef88","UID-0eeb32f2-00b1-4204-8159-8e55eb1f1ad9":"UID-a5c1c937-ed51-4aea-a304-9c6e11349e15","UID-82eb9371-bb29-4e5b-b2bf-02e5b56ca0be":"UID-24cbee96-9348-4c7a-8a73-101055392a87","UID-a50a7efb-f8ab-4317-ab5d-32ba75337d8a":"UID-acd3a574-dd55-4a12-832b-971c70a978dc","UID-1dad2a1a-1519-4a78-8d24-a493104733be":"UID-8186a686-b09e-4e74-b631-5681675bed29","UID-689b4e1b-7bca-458f-b743-9971d15f8708":"UID-7f2a13e6-8ea0-4f65-abec-4e0d5e19f59d","UID-5016ba3d-8431-4f0f-85a5-44e136c74508":"UID-f840f0ed-ce62-428d-abef-e93fdd1c610a","UID-de48e4a4-0453-42ca-bb2f-cb691b83b06a":"UID-0077cfde-5484-4f2f-a184-b2c6752a91e7","10f3104a5e40378c8310790dca2e1f8b":"0x.) #BASE# - SAP IDOC DESADV.DELVRY07.ZDELVRY07 -to- UN/EDIFACT D.10B DESADV","dad157733edd3bbcb130b47c08a8eb11":"UID-0077cfde-5484-4f2f-a184-b2c6752a91e7","cb3138a4d76237b683e9915198114b59":"02.) [Trading Partner Name] - SAP IDOC DESADV.DELVRY07 -to- UN/EDIFACT D.93A DESADV","UID-183375e8-9e9c-4c89-bf5e-1e504479c971":"UID-2d883c12-c061-4119-87b4-abcaa2cb73ce","UID-df502394-8c90-43c6-99d0-0c2cfd64d07d":"UID-f840f0ed-ce62-428d-abef-e93fdd1c610a","UID-744d0663-6cdc-490e-95df-277b7f3b7e6e":"UID-c98120bf-63aa-45b9-b1da-b959b0e70f83","UID-5c048099-8f6d-4489-828a-72eb6df9418e":"UID-0077cfde-5484-4f2f-a184-b2c6752a91e7","ffb20cd07f5932ecbbd56140c44679b4":"UID-63dad9c7-cd62-4f56-a866-3ccdceed8ed7","UID-dbdb4be8-992e-4905-ab58-2c439d4e6a2d":"UID-8f0eff30-382f-41f2-9a4f-2081a12b615c","UID-1e8a330f-0710-497e-bc14-c34a037e60f4":"UID-08c7d557-fa22-4b5d-a8bc-c0b165bff3a1","c09e10f866c13e86b8fc1c20e1aaac49":"UID-eced44aa-264b-4352-a269-49ac690558f8","UID-6c4abe62-cd27-402b-87b3-0fdce2106573":"UID-f840f0ed-ce62-428d-abef-e93fdd1c610a","UID-a916e061-b0b9-4e38-b25f-4fa594f4ff65":"UID-09aa6b9f-7c15-4763-91ea-de38172c1722","UID-5055fd32-87a8-4037-9e85-0d9f3457d23b":"UID-d4a9c434-6626-4df5-a2f2-33cfbfe91bd8","UID-fef4bbcb-6e20-4fda-a698-ecad9f64ed5c":"\u003cdiv class\u003d\u0027sapMText\u0027\u003e\u003cp\u003eSAP IDOC DESADV.DELVRY07 to UN/EDIFACT D.10B DESADV is a conversion process used in business communication between different systems. Here, \u0027SAP IDOC DESADV.DELVRY07\u0027 represents the IDoc type used in the SAP system for delivery orders. It consists of various information needed for shipping, like items being shipped, quantity, dispatch date, delivery date, etc.\u003c/p\u003e\u003cp\u003eOn the other hand, \u0027UN/EDIFACT D.10B DESADV\u0027 refers to a specific version of an international EDI (Electronic Data Interchange) standard for Dispatch/Shipping Notice. It allows partners to communicate information related to dispatched goods in a universally accepted format.\u003c/p\u003e\u003cp\u003eThe flow from SAP IDOC DESADV.DELVRY07 to UN/EDIFACT D.10B DESADV involves the conversion of data from the SAP IDoc format to the EDIFACT DESADV message. This conversion or mapping process enables seamless data interchange between different entities, even if they have distinct data standards or structures. It is crucial in global supply chain operations, facilitating accurate and efficient communication and coordination. This conversion process can also streamline operations and reduce errors, contributing to improved business relationships and increased operational efficiency.\u003c/p\u003e\u003c/div\u003e","UID-dbe9c792-0b5b-466b-8556-5c5833b58082":"UID-8d667ddd-79f4-464e-8861-a839bcea2725","UID-01f0455f-ccb0-4ac3-b8bc-f4ade343f28e":"UID-814705a1-c096-444e-9b97-ed4eff5dd5b7","UID-d7a7d61f-ca04-465b-8768-364890b22db8":"UID-1a534c82-8b9d-4ba6-994f-d748f7dddde6","UID-2d214ac1-a1bb-41c3-8daa-ffdd53393881":"UID-0e846822-fd52-4dfb-97d9-6b8cb3b7036e","UID-5a40c206-435f-4f7a-a370-1b8118159727":"UID-d011a7cc-d061-4602-bda2-e0daed0fbcb3","UID-c2960785-b114-4382-a136-f627acb93fc1":"UID-fa460f01-e3d4-46e7-9354-91cb76087612","UID-37161c1b-05cb-46e7-ad0a-75452d1f3fbe":"03.) #BASE# - SAP IDOC DESADV.DELVRY07.ZDELVRY07 -to- UN/EDIFACT D.10B DESADV","UID-f2962504-2f86-45bd-96a6-ecb42b9e6049":"UID-0077cfde-5484-4f2f-a184-b2c6752a91e7","6666cd76f96936469e7be39d750cc7d9":"","329f749646a039f3b5cb219ffef6ce6f":"UID-fe9f21f4-dad9-42e3-8592-3fc269c7b505","UID-ed10cd3d-e386-47ae-8362-59064845adec":"UID-39f5614a-d540-4e0f-a57e-9e54f7e68901","UID-1eb21188-cee1-422e-8a57-d6932b04b900":"UID-0e846822-fd52-4dfb-97d9-6b8cb3b7036e","UID-c935afdf-6ba6-40e4-9838-1d55a293f876":"02.) [Trading Partner Name] - SAP IDOC DESADV.DELVRY07 -to- UN/EDIFACT D.93A DESADV","UID-db148b1f-3290-443f-bcb4-30c0b9f6486f":"UID-a71f6830-0c1e-4238-9d3f-058c5e2e7071","UID-df52aaa1-0b9a-4b09-b83e-2012ad3a58dc":"UID-09aa6b9f-7c15-4763-91ea-de38172c1722","UID-2939360c-d744-4f70-a77d-1f2f99ce279d":"UID-f51ec695-7513-455d-a6da-f576342a8ac6","UID-d4a9c434-6626-4df5-a2f2-33cfbfe91bd8":"UID-5adb4234-024c-4ea4-9160-e265e3eff5ea","UID-0024406d-5b53-4fbe-b106-1f9736e4ba77":"UID-0142c98d-098c-4de7-b72f-a5c6fed24382","9a29d4ce950038fe82eda3a2a67a5ae0":"03.) #BASE# - SAP IDOC DESADV.DELVRY07.ZDELVRY07 -to- UN/EDIFACT D.10B DESADV-Copy","UID-b47ef751-7f34-442a-92c8-4c6d0ca5ddda":"UID-1a534c82-8b9d-4ba6-994f-d748f7dddde6","UID-ba99c627-2828-45c0-84b6-a61941d488b2":"UID-f03a2d42-0506-4a69-882b-90c7080e4aa6","UID-7cb3b154-ad1e-49f2-b99b-dd7893c60fd1":"UID-f840f0ed-ce62-428d-abef-e93fdd1c610a","UID-dc052478-ad01-4aa2-b1e7-de4a0cd10783":"UID-0077cfde-5484-4f2f-a184-b2c6752a91e7","UID-3d91fd2f-297c-4695-82b9-28de604a4b3e":"UID-5adb4234-024c-4ea4-9160-e265e3eff5ea","UID-f0d242b8-3d8a-4d40-a97d-0e72cd438cac":"UID-0077cfde-5484-4f2f-a184-b2c6752a91e7","UID-0dac46d0-c48d-43e2-ba34-3157b04088cb":"\u003cdiv class\u003d\u0027sapMText\u0027\u003e\u003cdiv class\u003d\u0027sapMText\u0027\u003e\u003cdiv class\u003d\u0027sapMText\u0027\u003e\u003cp\u003eSAP IDOC DESADV.DELVRY07 to UN/EDIFACT D.10B DESADV is a conversion process used in business communication between different systems. Here, \u0027SAP IDOC DESADV.DELVRY07\u0027 represents the IDoc type used in the SAP system for delivery orders. It consists of various information needed for shipping, like items being shipped, quantity, dispatch date, delivery date, etc.\u003c/p\u003e\u003cp\u003eOn the other hand, \u0027UN/EDIFACT D.10B DESADV\u0027 refers to a specific version of an international EDI (Electronic Data Interchange) standard for Dispatch/Shipping Notice. It allows partners to communicate information related to dispatched goods in a universally accepted format.\u003c/p\u003e\u003cp\u003eThe flow from SAP IDOC DESADV.DELVRY07 to UN/EDIFACT D.10B DESADV involves the conversion of data from the SAP IDoc format to the EDIFACT DESADV message. This conversion or mapping process enables seamless data interchange between different entities, even if they have distinct data standards or structures. It is crucial in global supply chain operations, facilitating accurate and efficient communication and coordination. This conversion process can also streamline operations and reduce errors, contributing to improved business relationships and increased operational efficiency.\u003c/p\u003e\u003c/div\u003e\u003c/div\u003e\u003c/div\u003e","UID-e96ba8cd-cdf6-4fa2-8a8e-40d44087e5d4":"UID-9319d6d4-e520-4cec-9d6c-667d3426ef88","UID-2e19e5c1-62b1-4984-b02e-84bb697741d5":"UID-d3fcca06-3c6c-4c6f-9fd7-f73cee2dc1cf","UID-4123ff6e-8678-4334-82d4-ab742dea7ac8":"UID-471c17a0-b044-40dd-b4d1-8f8a8e3887ed","UID-08f0201d-d093-4140-bc01-c7e60e63b0dd":"UID-9319d6d4-e520-4cec-9d6c-667d3426ef88","UID-fa4e2a78-50e6-4838-a2b9-e160ee594f8e":"UID-632fa02a-ef79-4f98-8395-f2799abd74df","UID-8f0eff30-382f-41f2-9a4f-2081a12b615c":"UID-acd3a574-dd55-4a12-832b-971c70a978dc","53714d18659833e5bb1d526a87014926":"UID-5a40c206-435f-4f7a-a370-1b8118159727","5fb2b012bb45309093ff0569f8bfd462":"\u003cp\u003eSAP IDOC DESADV.DELVRY07 to UN/EDIFACT D.10B DESADV is a conversion process used in business communication between different systems. Here, \u0027SAP IDOC DESADV.DELVRY07\u0027 represents the IDoc type used in the SAP system for delivery orders. It consists of various information needed for shipping, like items being shipped, quantity, dispatch date, delivery date, etc.\u003c/p\u003e\n\u003cp\u003eOn the other hand, \u0027UN/EDIFACT D.10B DESADV\u0027 refers to a specific version of an international EDI (Electronic Data Interchange) standard for Dispatch/Shipping Notice. It allows partners to communicate information related to dispatched goods in a universally accepted format.\u003c/p\u003e\n\u003cp\u003eThe flow from SAP IDOC DESADV.DELVRY07 to UN/EDIFACT D.10B DESADV involves the conversion of data from the SAP IDoc format to the EDIFACT DESADV message. This conversion or mapping process enables seamless data interchange between different entities, even if they have distinct data standards or structures. It is crucial in global supply chain operations, facilitating accurate and efficient communication and coordination. This conversion process can also streamline operations and reduce errors, contributing to improved business relationships and increased operational efficiency.\u003c/p\u003e","3b0c00a897923f878c534efc53ca8f35":"\u003cdiv class\u003d\u0027sapMText\u0027\u003e\u003cdiv class\u003d\u0027sapMText\u0027\u003e\u003cdiv class\u003d\u0027sapMText\u0027\u003e\u003cdiv class\u003d\u0027sapMText\u0027\u003e\u003cdiv class\u003d\u0027sapMText\u0027\u003e\u003cdiv class\u003d\u0027sapMText\u0027\u003e\u003cp\u003eSAP IDOC DESADV.DELVRY07 to UN/EDIFACT D.10B DESADV is a conversion process used in business communication between different systems. Here, \u0027SAP IDOC DESADV.DELVRY07\u0027 represents the IDoc type used in the SAP system for delivery orders. It consists of various information needed for shipping, like items being shipped, quantity, dispatch date, delivery date, etc.\u003c/p\u003e\u003cp\u003eOn the other hand, \u0027UN/EDIFACT D.10B DESADV\u0027 refers to a specific version of an international EDI (Electronic Data Interchange) standard for Dispatch/Shipping Notice. It allows partners to communicate information related to dispatched goods in a universally accepted format.\u003c/p\u003e\u003cp\u003eThe flow from SAP IDOC DESADV.DELVRY07 to UN/EDIFACT D.10B DESADV involves the conversion of data from the SAP IDoc format to the EDIFACT DESADV message. This conversion or mapping process enables seamless data interchange between different entities, even if they have distinct data standards or structures. It is crucial in global supply chain operations, facilitating accurate and efficient communication and coordination. This conversion process can also streamline operations and reduce errors, contributing to improved business relationships and increased operational efficiency.\u003c/p\u003e\u003c/div\u003e\u003c/div\u003e\u003c/div\u003e\u003c/div\u003e\u003c/div\u003e\u003c/div\u003e","UID-ade754f8-9102-43bc-8426-895271ca3e2e":"UID-9319d6d4-e520-4cec-9d6c-667d3426ef88","UID-1173aa81-2342-48a7-a515-025dc03f83ed":"UID-bc2fce1d-104f-4b30-93e1-de5aa2006dd6","UID-c2b481fa-5e44-4c4b-919d-9b1928448836":"UID-04bf0f0c-7591-410e-8d0a-bf6146418e70","UID-4ac5d698-ccaa-4eef-b83e-0c41f37a42ad":"UID-f840f0ed-ce62-428d-abef-e93fdd1c610a","02f630b6b2f03ec99ba2c2a2943892d6":"03.) #BASE# - SAP IDOC DESADV.DELVRY07.ZDELVRY07 -to- UN/EDIFACT D.10B DESADV","UID-8497c1ec-e603-4269-b63e-3781ca2989da":"UID-2df4815e-523a-49e0-8df9-7ef59144e012","UID-c0936160-be5a-47af-9d8d-575b0f937262":"UID-0077cfde-5484-4f2f-a184-b2c6752a91e7","a8c4f720393d35788df96bb554fd0cd9":"03.) #BASE# - SAP IDOC DESADV.DELVRY07 -to- UN/EDIFACT D.10B DESADV","8e4cacfafdfc362aac9fc08c9feb100b":"07.) #BASE# - SAP IDOC DESADV.DELVRY07.ZDELVRY07 -to- UN/EDIFACT D.10B DESADV","UID-8264a849-6494-479c-be20-3c3f2dfbe9e8":"UID-9319d6d4-e520-4cec-9d6c-667d3426ef88","88c44f3ee2543a08bc9dabf542701564":"UID-744d0663-6cdc-490e-95df-277b7f3b7e6e","UID-f1e0de76-b19e-4b8c-9268-8733c9aaaf46":"UID-9319d6d4-e520-4cec-9d6c-667d3426ef88","UID-65fc8924-c3a0-40f4-9e80-789bad90e277":"UID-ba336dcc-d74c-464a-80f6-c8f91a5c8cea","UID-fb83d935-aad1-4b07-af56-3097bdc61ef2":"UID-45fa1977-2d5c-4236-a134-b0eaaf5fe3bb","UID-09e95e0b-d800-4b2f-8795-70d381d7ba7a":"UID-f840f0ed-ce62-428d-abef-e93fdd1c610a","3f1ce2981a133571bec332e336dcc064":"UID-955628cc-0e95-4b33-b511-7a8f829320ce","UID-ff3ff4e2-a5ed-43b4-b275-7d1c8306691f":"UID-f840f0ed-ce62-428d-abef-e93fdd1c610a","UID-87dedd4f-71cd-4277-8be7-ce148b610baa":"UID-7185bae7-1db7-467c-b4b9-904a58e7635c","UID-1b251eb8-589f-421c-aa97-31c89f3e5d24":"UID-dc052478-ad01-4aa2-b1e7-de4a0cd10783","UID-377be088-1f96-49ee-be56-5e2c6d183cc8":"UID-63e108e7-1593-4a92-8e44-84d1f133a45f","UID-1a534c82-8b9d-4ba6-994f-d748f7dddde6":"UID-1e8a330f-0710-497e-bc14-c34a037e60f4","UID-c962bfc2-c5d2-4690-a12f-b58ff18c8510":"UID-4123ff6e-8678-4334-82d4-ab742dea7ac8","UID-fa460f01-e3d4-46e7-9354-91cb76087612":"UID-632fa02a-ef79-4f98-8395-f2799abd74df","UID-84e033da-06ec-4b20-bdd3-203a40a85798":"UID-4f50ad71-1b60-4c75-a3a9-68cea6e3d249","UID-d29dffca-0c12-4756-ba75-30c7b25d794a":"UID-b4cc5f50-b823-46bc-9a39-8e723f5f78f3","UID-7bc84c83-9b8e-425c-a368-f2bfd62fb65d":"UID-ed10cd3d-e386-47ae-8362-59064845adec","UID-0f279c97-b5cd-4098-9d76-a7dc7cb7fc03":"UID-9319d6d4-e520-4cec-9d6c-667d3426ef88","UID-03916029-8ca8-44b2-b36c-570fb95a6e9b":"UID-db82cf88-735a-4e12-a441-a610680c85f0","UID-11e2e103-9c0f-4bf4-94b6-1a827aa0c3b5":"\u003cdiv class\u003d\u0027sapMText\u0027\u003e\u003cdiv class\u003d\u0027sapMText\u0027\u003e\u003cp\u003eSAP IDOC DESADV.DELVRY07 to UN/EDIFACT D.10B DESADV is a conversion process used in business communication between different systems. Here, \u0027SAP IDOC DESADV.DELVRY07\u0027 represents the IDoc type used in the SAP system for delivery orders. It consists of various information needed for shipping, like items being shipped, quantity, dispatch date, delivery date, etc.\u003c/p\u003e\u003cp\u003eOn the other hand, \u0027UN/EDIFACT D.10B DESADV\u0027 refers to a specific version of an international EDI (Electronic Data Interchange) standard for Dispatch/Shipping Notice. It allows partners to communicate information related to dispatched goods in a universally accepted format.\u003c/p\u003e\u003cp\u003eThe flow from SAP IDOC DESADV.DELVRY07 to UN/EDIFACT D.10B DESADV involves the conversion of data from the SAP IDoc format to the EDIFACT DESADV message. This conversion or mapping process enables seamless data interchange between different entities, even if they have distinct data standards or structures. It is crucial in global supply chain operations, facilitating accurate and efficient communication and coordination. This conversion process can also streamline operations and reduce errors, contributing to improved business relationships and increased operational efficiency.\u003c/p\u003e\u003c/div\u003e\u003c/div\u003e","UID-955628cc-0e95-4b33-b511-7a8f829320ce":"UID-4ba469eb-7b79-468b-83e3-4359b22abe65","UID-f077d6f9-ed90-4935-8138-792a8646a3d2":"UID-ed10cd3d-e386-47ae-8362-59064845adec","UID-f08b1b2c-1d5c-46e8-b141-fd734c1c2383":"UID-0077cfde-5484-4f2f-a184-b2c6752a91e7","UID-3ebe0c90-46aa-440c-8ddc-267d68250ffa":"UID-1a534c82-8b9d-4ba6-994f-d748f7dddde6","UID-0ce8da58-cf71-412e-bd12-302fa3292793":"UID-5376903e-aae9-4e25-a883-ec647e7d5a35","UID-cdc639ae-3ee6-4a20-b968-2b2e4763e383":"UID-4ac71fdb-05e5-4a1b-be00-6de290902102","UID-c0506222-52f6-4f3e-adfa-596d6eacfdb5":"UID-0651bdf1-8bcb-47bc-8c9f-009e5f56ee3c","UID-aa3b56dc-c776-4849-b7b7-0175dafdf186":"UID-9319d6d4-e520-4cec-9d6c-667d3426ef88","UID-c8deb38e-c908-46dc-a397-96249113ca78":"UID-ba336dcc-d74c-464a-80f6-c8f91a5c8cea","047f02c8fb32323a90cdc9823b0975d5":"\u003cdiv class\u003d\u0027sapMText\u0027\u003e\u003cp\u003eSAP IDOC DESADV.DELVRY07 to UN/EDIFACT D.10B DESADV is a conversion process used in business communication between different systems. Here, \u0027SAP IDOC DESADV.DELVRY07\u0027 represents the IDoc type used in the SAP system for delivery orders. It consists of various information needed for shipping, like items being shipped, quantity, dispatch date, delivery date, etc.\u003c/p\u003e\u003cp\u003eOn the other hand, \u0027UN/EDIFACT D.10B DESADV\u0027 refers to a specific version of an international EDI (Electronic Data Interchange) standard for Dispatch/Shipping Notice. It allows partners to communicate information related to dispatched goods in a universally accepted format.\u003c/p\u003e\u003cp\u003eThe flow from SAP IDOC DESADV.DELVRY07 to UN/EDIFACT D.10B DESADV involves the conversion of data from the SAP IDoc format to the EDIFACT DESADV message. This conversion or mapping process enables seamless data interchange between different entities, even if they have distinct data standards or structures. It is crucial in global supply chain operations, facilitating accurate and efficient communication and coordination. This conversion process can also streamline operations and reduce errors, contributing to improved business relationships and increased operational efficiency.\u003c/p\u003e\u003c/div\u003e","UID-0077cfde-5484-4f2f-a184-b2c6752a91e7":"UID-82f91bf2-3b3b-49cb-b34f-a9cde83ecf82","UID-acd3a574-dd55-4a12-832b-971c70a978dc":"UID-f03a2d42-0506-4a69-882b-90c7080e4aa6","UID-a58ce394-de5f-4756-b3ba-0e7e35eb6641":"UID-d29dffca-0c12-4756-ba75-30c7b25d794a","1e55b305ad123dda8e3ef245357b6ef5":"UID-ed10cd3d-e386-47ae-8362-59064845adec","UID-def59b77-2579-46bc-baf0-3b387babf186":"UID-0bd09529-6006-4920-9abc-6e4aad2b4e6f","UID-fd4f3f5b-1f91-4660-a990-030f50520122":"UID-5a40c206-435f-4f7a-a370-1b8118159727","UID-24135f8d-ff8d-43f0-8b1f-bc33aabc027b":"UID-815ef697-1f99-44f5-abbc-ef465157f496","UID-0f54d3cc-3646-4051-be2b-458b8a32bd84":"UID-0077cfde-5484-4f2f-a184-b2c6752a91e7","UID-6d914c09-33bb-436d-81d3-5aa5085f5c3a":"","UID-1ad92d69-48a4-4483-9c80-c4dae54c7139":"UID-022d575e-ded0-4b9c-ba9f-091333c9225b","UID-4ba469eb-7b79-468b-83e3-4359b22abe65":"UID-f063c79c-0c53-41bc-9d1e-0549006831ff","UID-efc3ebcd-be15-484f-86ee-7fe0c88f5500":"UID-24135f8d-ff8d-43f0-8b1f-bc33aabc027b","UID-9e5fe3c3-d0d9-485e-a157-5980130c330c":"UID-b4cc5f50-b823-46bc-9a39-8e723f5f78f3","UID-c31b1d98-aeea-42cd-82bf-f33f769b4e88":"UID-63dad9c7-cd62-4f56-a866-3ccdceed8ed7","24d7a22cd2a83944ad9e8851f04e78b9":"UID-39f5614a-d540-4e0f-a57e-9e54f7e68901","UID-ba336dcc-d74c-464a-80f6-c8f91a5c8cea":"UID-1a534c82-8b9d-4ba6-994f-d748f7dddde6","UID-d011a7cc-d061-4602-bda2-e0daed0fbcb3":"02.) [Trading Partner Name] - SAP IDOC DESADV.DELVRY07 -to- UN/EDIFACT D.10B DESADV","UID-0102fc81-2a06-4fd7-9462-9cc34a1a96f9":"UID-db148b1f-3290-443f-bcb4-30c0b9f6486f","UID-6b42c07d-fce9-4192-aedf-4ea199854c09":"UID-acd3a574-dd55-4a12-832b-971c70a978dc","d20573e24be83545a9a846146db2414d":"\u003cdiv class\u003d\u0027sapMText\u0027\u003e\u003cdiv class\u003d\u0027sapMText\u0027\u003e\u003cp\u003eSAP IDOC DESADV.DELVRY07 to UN/EDIFACT D.10B DESADV is a conversion process used in business communication between different systems. Here, \u0027SAP IDOC DESADV.DELVRY07\u0027 represents the IDoc type used in the SAP system for delivery orders. It consists of various information needed for shipping, like items being shipped, quantity, dispatch date, delivery date, etc.\u003c/p\u003e\u003cp\u003eOn the other hand, \u0027UN/EDIFACT D.10B DESADV\u0027 refers to a specific version of an international EDI (Electronic Data Interchange) standard for Dispatch/Shipping Notice. It allows partners to communicate information related to dispatched goods in a universally accepted format.\u003c/p\u003e\u003cp\u003eThe flow from SAP IDOC DESADV.DELVRY07 to UN/EDIFACT D.10B DESADV involves the conversion of data from the SAP IDoc format to the EDIFACT DESADV message. This conversion or mapping process enables seamless data interchange between different entities, even if they have distinct data standards or structures. It is crucial in global supply chain operations, facilitating accurate and efficient communication and coordination. This conversion process can also streamline operations and reduce errors, contributing to improved business relationships and increased operational efficiency.\u003c/p\u003e\u003c/div\u003e\u003c/div\u003e","UID-19114a13-e90a-442b-a7cc-9881d6494284":"UID-0eeb32f2-00b1-4204-8159-8e55eb1f1ad9","UID-a23aa360-fdda-437a-8551-52038c4fefb0":"UID-45fa1977-2d5c-4236-a134-b0eaaf5fe3bb","UID-9f56dc0c-5884-4750-ad7d-06e735522c45":"UID-1a534c82-8b9d-4ba6-994f-d748f7dddde6","UID-626502b7-20df-47c8-b079-de1abe1e1468":"UID-f840f0ed-ce62-428d-abef-e93fdd1c610a","UID-d591de8d-32d5-45ec-84e4-9b769989c49b":"UID-0ce8da58-cf71-412e-bd12-302fa3292793","UID-99716941-0be4-416c-aa40-664187d0e10c":"UID-79138f0e-a2c2-4c1e-a8eb-3f70c07574ae","UID-7832f3ce-b830-43ce-9e4c-84d2e3853e38":"UID-2939360c-d744-4f70-a77d-1f2f99ce279d"}}