{"Name":"[B2B Integration Factory] - Order to Cash B2B Scenario for UN/EDIFACT - Template","Description":"","Version":"1.0","OwnedBy":"Self","OwnerId":"myCompany","Shared":false,"TransactionsNumber":0,"CompanyData":{"Id":"myCompany","Name":"[Company Name]","Role":"INITIATOR","SystemInstance":{"Properties":{"Id":"9e446f07ceb64f33bae5e11b66be71ac","Label_Name":"S/4 HANA System","Label_Purpose":"TEST"}},"TypeSystem":{"Properties":{"Id":"SAP_IDoc","Label_Name":"SAP S/4HANA On Premise IDoc"}},"TypeSystemVersion":"755","IdAsSender":{"Properties":{"Id":"02b003f2ccd24519b7bc27ac79e37de3","Label_Name":"Company_IDOC_ID","Label_SchemeCode":"N/A","Label_SchemeName":"N/A","Label_TypeSystemId":"SAP_IDoc","Label_TypeSystemName":"SAP S/4HANA On Premise IDoc","Label_IsGroup":"false"}},"IdAsReceiver":{"Properties":{"Id":"c66f21511f3844269f41c3803a6ff135","Label_Name":"Company_UNEDIFACT_ID","Label_SchemeCode":"ZZ","Label_SchemeName":"Mutually defined","Label_TypeSystemId":"UNEDIFACT","Label_TypeSystemName":"UN/EDIFACT","Label_IsGroup":"false"}},"ContactPerson":{"Properties":{"Id":"","Label_Name":""}}},"TradingPartnerData":{"Role":"REACTOR","AliasForSystemInstance":{"Properties":{"Alias":"UN-EDIFACT_B2B-System"}},"TypeSystem":{"Properties":{"Id":"UNEDIFACT","Label_Name":"UN/EDIFACT"}},"TypeSystemVersion":"D.10B","AliasForIdentifierInOwnTS":{"Properties":{"Alias":"TP_UNEDIFACT_ID"}},"AliasForIdentifierInCompanyTS":{"Properties":{"Alias":"TP_IDOC_ID"}},"AliasForContactPersonRole":{"Properties":{"Alias":""}}},"CommunicationPartnerData":{"IdForTradingPartner":{"Properties":{"Label_Name":""}},"IdForSystemInstance":{"Properties":{"Label_SystemInstanceName":"","Label_Purpose":""}}},"B2BScenarioDetailsId":"adc396122cf246d08d558cbdf511f922","DocumentSchemaVersion":"1.0","administrativeData":{"createdAt":1723033334831,"createdBy":"vishakha.deshmukh@sap.com","modifiedAt":1723035969228,"modifiedBy":"tamaki.ogura@sap.com"},"ParentId":"e30aab0a-9c29-40d4-a156-5e6dc245c28f","ParentArtifactType":"TENANT","searchableAttributes":{"ModelVersion":["2.0"],"TENANT":["e30aab0a-9c29-40d4-a156-5e6dc245c28f"]},"artifactProperties":{},"relations":[],"ArtifactRelations":{},"artifactStatus":"Draft","id":"33e1ad1132f8459fb07f5f4fdad30951","uniqueId":"33e1ad1132f8459fb07f5f4fdad30951","artifactType":"AGREEMENT_TEMPLATE_V2","displayName":"[B2B Integration Factory] - Order to Cash B2B Scenario for UN/EDIFACT - Template","semanticVersion":"2.0"}