{"Name":"S4H","Description":"S4 HANA ERP","DeploymentType":"OnPremise","SAPProduct":"https://cloudintegration.hana.ondemand.com:443/odata/1.0/catalog.svc/Products(\u0027Amazon\u0027)","DocumentSchemaVersion":"1.0","administrativeData":{"createdAt":1722011948416,"createdBy":"gunther.stuhec@sap.com","modifiedAt":1743774390898,"modifiedBy":"moussa.el.kakouchi@sap.com"},"ParentId":"0276649a-0a57-4c1b-9235-3fa585ecc5df","ParentArtifactType":"TENANT","searchableAttributes":{"TENANT":["0276649a-0a57-4c1b-9235-3fa585ecc5df"]},"artifactProperties":{},"relations":[],"ArtifactRelations":{},"artifactStatus":"Draft","id":"e60fa10b112d4ef0aa8e9e599922f05e","uniqueId":"b0b8a2b9477448fd985513f7c9c342a6","artifactType":"SYSTEM_TYPE","displayName":"S4H","semanticVersion":"1.0"}