{"ArtifactMetadata":{"SchemaVersion":"1.1","ArtifactType":"Codelist"},"Identification":{"CodelistGUID":"b4bb9105abee48d282884bc0fe51d2ca","ImportCorrelationGroupId":"b4bb9105abee48d282884bc0fe51d2ca","ImportCorrelationObjectId":"f8d77a8645654cfea1246f61d7db3186","Category":"Codelist","Id":"Rec20_extended","TypeSystemId":"Customer_TS_CL","TypeSystemAcronym":"Custom Codelists","VersionId":"1.0","ObjectGUID":"2f3bac010b664f00a2af3af77aae74cd","Customer":"fd071028502f5e5e1104606396090e5a","Tenant":"c33393b9b4ad847e98b93a6eb9b9e5f3","IsCustomObject":true},"Status":"Active","VertexGUID":"7aa84b10bc1138c8ad5295581b4dc513","AdministrativeData":{"CreatedBy":"gunther.stuhec@sap.com","CreatedOn":1722010789571,"ModifiedBy":"moussa.el.kakouchi@sap.com","ModifiedOn":1743497972895,"LastImportedOn":1743497972895,"LastImportedBy":"moussa.el.kakouchi@sap.com"},"Documentation":{"Name":{"ArtifactValue":{"VertexGUID":"59967375d70b364f9579f5e7e1bc9b3c","Id":"c306cc703ab23806b5c5fc4ffef6b132","LanguageCode":"en-us","action":"CREATED"}},"Definition":{"ArtifactValue":{"VertexGUID":"61daffcd58c83c7ea92afd49b15784f8","Id":"6666cd76f96936469e7be39d750cc7d9","LanguageCode":"en-us","action":"CREATED"}},"NumberOfNotes":0,"Notes":[]},"Properties":{"ExternalCategory":{"BaseArtifactValue":{"VertexGUID":"4a760e78ac153c40934d16b879af0ed8","Id":"Codelist","action":"NONE"},"PropertyName":"ExternalCategory"}},"NumberOfCodeValues":1,"Codes":[{"VertexGUID":"a2049cf41c26314fa7ef552c554f0ff4","Id":"PCE","Documentation":{"Name":{"ArtifactValue":{"VertexGUID":"42783957b7c13fa287bc2d68ccd61af8","Id":"746a5135a9aa33d0b859ce38fb548368","LanguageCode":"en-us","action":"CREATED"}},"Definition":{"ArtifactValue":{"VertexGUID":"f80fa1226d5331689eed8d27e16e672e","Id":"eefc5b1293e93ec4b11a5aeff3e9434d","LanguageCode":"en-us","action":"CREATED"}},"NumberOfNotes":0,"Notes":[]}}],"DocumentationArtifacts":{"eefc5b1293e93ec4b11a5aeff3e9434d":"A unit of count defining the number of pieces (piece: a single item, article or exemplar).","6666cd76f96936469e7be39d750cc7d9":"","c306cc703ab23806b5c5fc4ffef6b132":"Unit_of_Measurement_Codelist_extended","746a5135a9aa33d0b859ce38fb548368":"Piece"},"LifecycleInfo":{}}