{"ArtifactMetadata":{"SchemaVersion":"1.4","ArtifactType":"MagDetail"},"Identification":{"ObjectGuid":"1d680fdf60314662b7951f319427f356","MAGGUID":"4cc26232b1434d51ad16186fae00b5e8","ImportCorrelationGroupId":"4cc26232b1434d51ad16186fae00b5e8","ImportCorrelationObjectId":"1d680fdf60314662b7951f319427f356","MAGVersion":"2.0","Customer":"fd071028502f5e5e1104606396090e5a"},"SourceBusinessContext":[{"contextType":"BusinessProcess","codeListId":"CommonBusinessProcessCodelist","contextValues":[{"key":"00034","name":"Create Invoice"}]}],"TargetBusinessContext":[{"contextType":"IndustryClassification","codeListId":"Industry","contextValues":[{"key":"I_CP","name":"Consumer Products"}]},{"contextType":"BusinessProcessRole","codeListId":"RoleCodelist","contextValues":[{"key":"SE","name":"Seller"},{"key":"BY","name":"Buyer"}]},{"contextType":"BusinessProcess","codeListId":"CommonBusinessProcessCodelist","contextValues":[{"key":"00034","name":"Create Invoice"},{"key":"00035","name":"Create Invoice"}]}],"Status":"Active","SourceMig":{"ObjectGUID":"6b91bd5bf24d4f6bbad78beef98e2a16","TypeSystemId":"SAP_S4HANA_Cloud_SOA"},"TargetMig":{"ObjectGUID":"4bcaa1f3947f4f969f9fcacd9a3eda6e","TypeSystemId":"SAP_IDoc"},"DomainMappingElementsWithTransformation":[{"DomainMappingElement":{"SourceDomainSet":[],"TargetDomainSet":[{"DomainGuid":"3fc69b180b413439b24901d924a98865","AlternativeDomainGuid":"8d323ad6ef263beaabc9a66172e0bc87","Position":1}],"Documentation":{"NumberOfNotes":0,"Notes":[]}},"Transformation":{"Function":{"FunctionGuid":"00000000000000000000000000000002","FunctionParameters":[{"PositionInParameterList":1,"Direction":"IN","Type":"STRING","Name":"value"},{"PositionInParameterList":2,"Direction":"OUT","Type":"NODE_LIST","Name":"nodes_out_1"}],"FunctionImplementations":[{"SourceCode":"\u003cxsl:value-of select\u003d\"$nodes_in/value\"/\u003e","FunctionImplementationLanguage":{"Name":"XSLT","Version":"2.0"}}],"isReference":false},"ParameterAssignments":[{"PositionInParameterList":1,"PositionInParameter":1,"Value":"RS"},{"PositionInParameterList":2,"PositionInParameter":1,"PositionInDomainSet":1}]},"Confidential":false},{"DomainMappingElement":{"SourceDomainSet":[],"TargetDomainSet":[{"DomainGuid":"10040abe84213219b40f9f3608a2e556","AlternativeDomainGuid":"43c69dc517e048d0b7df0efb19e8c056","Position":1}],"Documentation":{"NumberOfNotes":0,"Notes":[]}},"Transformation":{"Function":{"FunctionGuid":"00000000000000000000000000000002","FunctionParameters":[{"PositionInParameterList":1,"Direction":"IN","Type":"STRING","Name":"value"},{"PositionInParameterList":2,"Direction":"OUT","Type":"NODE_LIST","Name":"nodes_out_1"}],"FunctionImplementations":[{"SourceCode":"\u003cxsl:value-of select\u003d\"$nodes_in/value\"/\u003e","FunctionImplementationLanguage":{"Name":"XSLT","Version":"2.0"}}],"isReference":false},"ParameterAssignments":[{"PositionInParameterList":1,"PositionInParameter":1,"Value":"RE"},{"PositionInParameterList":2,"PositionInParameter":1,"PositionInDomainSet":1}]},"Confidential":false},{"DomainMappingElement":{"SourceDomainSet":[],"TargetDomainSet":[{"DomainGuid":"26d9321068f632d68b384e5885e502ee","AlternativeDomainGuid":"2d6e450a98dc4d84946e21a28b6a2c86","Position":1}],"Documentation":{"NumberOfNotes":0,"Notes":[]}},"Transformation":{"Function":{"FunctionGuid":"00000000000000000000000000000002","FunctionParameters":[{"PositionInParameterList":1,"Direction":"IN","Type":"STRING","Name":"value"},{"PositionInParameterList":2,"Direction":"OUT","Type":"NODE_LIST","Name":"nodes_out_1"}],"FunctionImplementations":[{"SourceCode":"\u003cxsl:value-of select\u003d\"$nodes_in/value\"/\u003e","FunctionImplementationLanguage":{"Name":"XSLT","Version":"2.0"}}],"isReference":false},"ParameterAssignments":[{"PositionInParameterList":1,"PositionInParameter":1,"Value":"LF"},{"PositionInParameterList":2,"PositionInParameter":1,"PositionInDomainSet":1}]},"Confidential":false},{"DomainMappingElement":{"SourceDomainSet":[],"TargetDomainSet":[{"DomainGuid":"495137b2871d362884e09256b9d06fb7","AlternativeDomainGuid":"86c1964bef583c31b712c2e489f78b98","Position":1}],"Documentation":{"NumberOfNotes":0,"Notes":[]}},"Transformation":{"Function":{"FunctionGuid":"00000000000000000000000000000002","FunctionParameters":[{"PositionInParameterList":1,"Direction":"IN","Type":"STRING","Name":"value"},{"PositionInParameterList":2,"Direction":"OUT","Type":"NODE_LIST","Name":"nodes_out_1"}],"FunctionImplementations":[{"SourceCode":"\u003cxsl:value-of select\u003d\"$nodes_in/value\"/\u003e","FunctionImplementationLanguage":{"Name":"XSLT","Version":"2.0"}}],"isReference":false},"ParameterAssignments":[{"PositionInParameterList":1,"PositionInParameter":1,"Value":"001"},{"PositionInParameterList":2,"PositionInParameter":1,"PositionInDomainSet":1}]},"Confidential":false},{"DomainMappingElement":{"SourceDomainSet":[],"TargetDomainSet":[{"DomainGuid":"3a0cba1ae90b32cda6ad943c7fc3871d","AlternativeDomainGuid":"d026bd2da16e4b2e94791e550e1819f6","Position":1}],"Documentation":{"NumberOfNotes":0,"Notes":[]}},"Transformation":{"Function":{"FunctionGuid":"00000000000000000000000000000002","FunctionParameters":[{"PositionInParameterList":1,"Direction":"IN","Type":"STRING","Name":"value"},{"PositionInParameterList":2,"Direction":"OUT","Type":"NODE_LIST","Name":"nodes_out_1"}],"FunctionImplementations":[{"SourceCode":"\u003cxsl:value-of select\u003d\"$nodes_in/value\"/\u003e","FunctionImplementationLanguage":{"Name":"XSLT","Version":"2.0"}}],"isReference":false},"ParameterAssignments":[{"PositionInParameterList":1,"PositionInParameter":1,"Value":"012"},{"PositionInParameterList":2,"PositionInParameter":1,"PositionInDomainSet":1}]},"Confidential":false},{"DomainMappingElement":{"SourceDomainSet":[],"TargetDomainSet":[{"DomainGuid":"e08584cd709433acaed427452281f15d","AlternativeDomainGuid":"6dc8e5e6e66b470b986df1afc40bc496","Position":1}],"Documentation":{"NumberOfNotes":0,"Notes":[]}},"Transformation":{"Function":{"FunctionGuid":"00000000000000000000000000000002","FunctionParameters":[{"PositionInParameterList":1,"Direction":"IN","Type":"STRING","Name":"value"},{"PositionInParameterList":2,"Direction":"OUT","Type":"NODE_LIST","Name":"nodes_out_1"}],"FunctionImplementations":[{"SourceCode":"\u003cxsl:value-of select\u003d\"$nodes_in/value\"/\u003e","FunctionImplementationLanguage":{"Name":"XSLT","Version":"2.0"}}],"isReference":false},"ParameterAssignments":[{"PositionInParameterList":1,"PositionInParameter":1,"Value":"022"},{"PositionInParameterList":2,"PositionInParameter":1,"PositionInDomainSet":1}]},"Confidential":false},{"DomainMappingElement":{"SourceDomainSet":[],"TargetDomainSet":[{"DomainGuid":"bb22f96e4f623f24972ee3086939d619","AlternativeDomainGuid":"ff9a38ebf0c04a3d92854fb0b495fdf9","Position":1}],"Documentation":{"NumberOfNotes":0,"Notes":[]}},"Transformation":{"Function":{"FunctionGuid":"00000000000000000000000000000002","FunctionParameters":[{"PositionInParameterList":1,"Direction":"IN","Type":"STRING","Name":"value"},{"PositionInParameterList":2,"Direction":"OUT","Type":"NODE_LIST","Name":"nodes_out_1"}],"FunctionImplementations":[{"SourceCode":"\u003cxsl:value-of select\u003d\"$nodes_in/value\"/\u003e","FunctionImplementationLanguage":{"Name":"XSLT","Version":"2.0"}}],"isReference":false},"ParameterAssignments":[{"PositionInParameterList":1,"PositionInParameter":1,"Value":"002"},{"PositionInParameterList":2,"PositionInParameter":1,"PositionInDomainSet":1}]},"Confidential":false},{"DomainMappingElement":{"SourceDomainSet":[],"TargetDomainSet":[{"DomainGuid":"92ffec4532773e5bb673724ed752e72d","AlternativeDomainGuid":"1a84d734bceb39df9cdf68d483716f66","Position":1}],"Documentation":{"NumberOfNotes":0,"Notes":[]}},"Transformation":{"Function":{"FunctionGuid":"00000000000000000000000000000002","FunctionParameters":[{"PositionInParameterList":1,"Direction":"IN","Type":"STRING","Name":"value"},{"PositionInParameterList":2,"Direction":"OUT","Type":"NODE_LIST","Name":"nodes_out_1"}],"FunctionImplementations":[{"SourceCode":"\u003cxsl:value-of select\u003d\"$nodes_in/value\"/\u003e","FunctionImplementationLanguage":{"Name":"XSLT","Version":"2.0"}}],"isReference":false},"ParameterAssignments":[{"PositionInParameterList":1,"PositionInParameter":1,"Value":"001"},{"PositionInParameterList":2,"PositionInParameter":1,"PositionInDomainSet":1}]},"Confidential":false},{"DomainMappingElement":{"SourceDomainSet":[],"TargetDomainSet":[{"DomainGuid":"1bfceb1975a737c298de50be24419436","AlternativeDomainGuid":"1bfceb1975a737c298de50be24419436","Position":1}],"Documentation":{"NumberOfNotes":0,"Notes":[]}},"Transformation":{"Function":{"FunctionGuid":"00000000000000000000000000000002","FunctionParameters":[{"PositionInParameterList":1,"Direction":"IN","Type":"STRING","Name":"value"},{"PositionInParameterList":2,"Direction":"OUT","Type":"NODE_LIST","Name":"nodes_out_1"}],"FunctionImplementations":[{"SourceCode":"\u003cxsl:value-of select\u003d\"$nodes_in/value\"/\u003e","FunctionImplementationLanguage":{"Name":"XSLT","Version":"2.0"}}],"isReference":false},"ParameterAssignments":[{"PositionInParameterList":1,"PositionInParameter":1,"Value":"007"},{"PositionInParameterList":2,"PositionInParameter":1,"PositionInDomainSet":1}]},"Confidential":false},{"DomainMappingElement":{"SourceDomainSet":[],"TargetDomainSet":[{"DomainGuid":"982602e767c23690b49662d2c90ca18b","AlternativeDomainGuid":"93095b56139a4d35ae9dac019a06d849","Position":1}],"Documentation":{"NumberOfNotes":0,"Notes":[]}},"Transformation":{"Function":{"FunctionGuid":"00000000000000000000000000000002","FunctionParameters":[{"PositionInParameterList":1,"Direction":"IN","Type":"STRING","Name":"value"},{"PositionInParameterList":2,"Direction":"OUT","Type":"NODE_LIST","Name":"nodes_out_1"}],"FunctionImplementations":[{"SourceCode":"\u003cxsl:value-of select\u003d\"$nodes_in/value\"/\u003e","FunctionImplementationLanguage":{"Name":"XSLT","Version":"2.0"}}],"isReference":false},"ParameterAssignments":[{"PositionInParameterList":1,"PositionInParameter":1,"Value":"017"},{"PositionInParameterList":2,"PositionInParameter":1,"PositionInDomainSet":1}]},"Confidential":false},{"DomainMappingElement":{"SourceDomainSet":[],"TargetDomainSet":[{"DomainGuid":"299996e27a40354981ef3be5e992faa5","AlternativeDomainGuid":"60cd0dda6876389da21cb745f52fb718","Position":1}],"Documentation":{"NumberOfNotes":0,"Notes":[]}},"Transformation":{"Function":{"FunctionGuid":"00000000000000000000000000000002","FunctionParameters":[{"PositionInParameterList":1,"Direction":"IN","Type":"STRING","Name":"value"},{"PositionInParameterList":2,"Direction":"OUT","Type":"NODE_LIST","Name":"nodes_out_1"}],"FunctionImplementations":[{"SourceCode":"\u003cxsl:value-of select\u003d\"$nodes_in/value\"/\u003e","FunctionImplementationLanguage":{"Name":"XSLT","Version":"2.0"}}],"isReference":false},"ParameterAssignments":[{"PositionInParameterList":1,"PositionInParameter":1,"Value":"001"},{"PositionInParameterList":2,"PositionInParameter":1,"PositionInDomainSet":1}]},"Confidential":false},{"DomainMappingElement":{"SourceDomainSet":[],"TargetDomainSet":[{"DomainGuid":"65f8e3782c3f36469afb0b5b5ae60701","AlternativeDomainGuid":"66920d34ff82441db4992ac45554866d","Position":1}],"Documentation":{"NumberOfNotes":0,"Notes":[]}},"Transformation":{"Function":{"FunctionGuid":"00000000000000000000000000000002","FunctionParameters":[{"PositionInParameterList":1,"Direction":"IN","Type":"STRING","Name":"value"},{"PositionInParameterList":2,"Direction":"OUT","Type":"NODE_LIST","Name":"nodes_out_1"}],"FunctionImplementations":[{"SourceCode":"\u003cxsl:value-of select\u003d\"$nodes_in/value\"/\u003e","FunctionImplementationLanguage":{"Name":"XSLT","Version":"2.0"}}],"isReference":false},"ParameterAssignments":[{"PositionInParameterList":1,"PositionInParameter":1,"Value":"001"},{"PositionInParameterList":2,"PositionInParameter":1,"PositionInDomainSet":1}]},"Confidential":false},{"DomainMappingElement":{"SourceDomainSet":[],"TargetDomainSet":[{"DomainGuid":"5a6620f7b5193aef915c449e9462da8f","AlternativeDomainGuid":"ff7afd2810164657b36fc4b24a13c9b0","Position":1}],"Documentation":{"NumberOfNotes":0,"Notes":[]}},"Transformation":{"Function":{"FunctionGuid":"00000000000000000000000000000002","FunctionParameters":[{"PositionInParameterList":1,"Direction":"IN","Type":"STRING","Name":"value"},{"PositionInParameterList":2,"Direction":"OUT","Type":"NODE_LIST","Name":"nodes_out_1"}],"FunctionImplementations":[{"SourceCode":"\u003cxsl:value-of select\u003d\"$nodes_in/value\"/\u003e","FunctionImplementationLanguage":{"Name":"XSLT","Version":"2.0"}}],"isReference":false},"ParameterAssignments":[{"PositionInParameterList":1,"PositionInParameter":1,"Value":"001"},{"PositionInParameterList":2,"PositionInParameter":1,"PositionInDomainSet":1}]},"Confidential":false},{"DomainMappingElement":{"SourceDomainSet":[],"TargetDomainSet":[{"DomainGuid":"58c139e8588a337dab895be7303e73e4","AlternativeDomainGuid":"9c00af571c0c45b680a5d54e45e3306c","Position":1}],"Documentation":{"NumberOfNotes":0,"Notes":[]}},"Transformation":{"Function":{"FunctionGuid":"00000000000000000000000000000002","FunctionParameters":[{"PositionInParameterList":1,"Direction":"IN","Type":"STRING","Name":"value"},{"PositionInParameterList":2,"Direction":"OUT","Type":"NODE_LIST","Name":"nodes_out_1"}],"FunctionImplementations":[{"SourceCode":"\u003cxsl:value-of select\u003d\"$nodes_in/value\"/\u003e","FunctionImplementationLanguage":{"Name":"XSLT","Version":"2.0"}}],"isReference":false},"ParameterAssignments":[{"PositionInParameterList":1,"PositionInParameter":1,"Value":"003"},{"PositionInParameterList":2,"PositionInParameter":1,"PositionInDomainSet":1}]},"Confidential":false},{"DomainMappingElement":{"SourceDomainSet":[],"TargetDomainSet":[{"DomainGuid":"f01469da52c73dff8f806a087e0fdc3c","AlternativeDomainGuid":"ed7fe15c59063e5b9107472c72391b2d","Position":1}],"Documentation":{"NumberOfNotes":0,"Notes":[]}},"Transformation":{"Function":{"FunctionGuid":"00000000000000000000000000000002","FunctionParameters":[{"PositionInParameterList":1,"Direction":"IN","Type":"STRING","Name":"value"},{"PositionInParameterList":2,"Direction":"OUT","Type":"NODE_LIST","Name":"nodes_out_1"}],"FunctionImplementations":[{"SourceCode":"\u003cxsl:value-of select\u003d\"$nodes_in/value\"/\u003e","FunctionImplementationLanguage":{"Name":"XSLT","Version":"2.0"}}],"isReference":false},"ParameterAssignments":[{"PositionInParameterList":1,"PositionInParameter":1,"Value":"002"},{"PositionInParameterList":2,"PositionInParameter":1,"PositionInDomainSet":1}]},"Confidential":false},{"DomainMappingElement":{"SourceDomainSet":[],"TargetDomainSet":[{"DomainGuid":"f7e4c45da3e433998e3b3ed6d839ba5f","AlternativeDomainGuid":"ccf2478fa8fa3dbb9eedb6b7e1f06d28","Position":1}],"Documentation":{"NumberOfNotes":0,"Notes":[]}},"Transformation":{"Function":{"FunctionGuid":"00000000000000000000000000000002","FunctionParameters":[{"PositionInParameterList":1,"Direction":"IN","Type":"STRING","Name":"value"},{"PositionInParameterList":2,"Direction":"OUT","Type":"NODE_LIST","Name":"nodes_out_1"}],"FunctionImplementations":[{"SourceCode":"\u003cxsl:value-of select\u003d\"$nodes_in/value\"/\u003e","FunctionImplementationLanguage":{"Name":"XSLT","Version":"2.0"}}],"isReference":false},"ParameterAssignments":[{"PositionInParameterList":1,"PositionInParameter":1,"Value":"011"},{"PositionInParameterList":2,"PositionInParameter":1,"PositionInDomainSet":1}]},"Confidential":false},{"DomainMappingElement":{"SourceDomainSet":[],"TargetDomainSet":[{"DomainGuid":"cd5334b41df53d90b79cc3bef8a3223d","AlternativeDomainGuid":"68d289d9489f30f88f0bdd0487761af4","Position":1}],"Documentation":{"NumberOfNotes":0,"Notes":[]}},"Transformation":{"Function":{"FunctionGuid":"00000000000000000000000000000002","FunctionParameters":[{"PositionInParameterList":1,"Direction":"IN","Type":"STRING","Name":"value"},{"PositionInParameterList":2,"Direction":"OUT","Type":"NODE_LIST","Name":"nodes_out_1"}],"FunctionImplementations":[{"SourceCode":"\u003cxsl:value-of select\u003d\"$nodes_in/value\"/\u003e","FunctionImplementationLanguage":{"Name":"XSLT","Version":"2.0"}}],"isReference":false},"ParameterAssignments":[{"PositionInParameterList":1,"PositionInParameter":1,"Value":"011"},{"PositionInParameterList":2,"PositionInParameter":1,"PositionInDomainSet":1}]},"Confidential":false},{"DomainMappingElement":{"SourceDomainSet":[],"TargetDomainSet":[{"DomainGuid":"5ad64640dc473152861e8d9acb4278ca","AlternativeDomainGuid":"04d994df394e48d28612d7c9524f3a4d","Position":1}],"Documentation":{"NumberOfNotes":0,"Notes":[]}},"Transformation":{"Function":{"FunctionGuid":"00000000000000000000000000000002","FunctionParameters":[{"PositionInParameterList":1,"Direction":"IN","Type":"STRING","Name":"value"},{"PositionInParameterList":2,"Direction":"OUT","Type":"NODE_LIST","Name":"nodes_out_1"}],"FunctionImplementations":[{"SourceCode":"\u003cxsl:value-of select\u003d\"$nodes_in/value\"/\u003e","FunctionImplementationLanguage":{"Name":"XSLT","Version":"2.0"}}],"isReference":false},"ParameterAssignments":[{"PositionInParameterList":1,"PositionInParameter":1,"Value":"001"},{"PositionInParameterList":2,"PositionInParameter":1,"PositionInDomainSet":1}]},"Confidential":false},{"DomainMappingElement":{"SourceDomainSet":[],"TargetDomainSet":[{"DomainGuid":"8db1c30ac2d938a893111ffdbe6448ee","Position":1}],"Documentation":{}},"Transformation":{"Function":{"FunctionGuid":"00000000000000000000000000000002","FunctionParameters":[{"PositionInParameterList":1,"Direction":"IN","Type":"STRING","Name":"value"},{"PositionInParameterList":2,"Direction":"OUT","Type":"NODE_LIST","Name":"nodes_out_1"}],"FunctionImplementations":[{"SourceCode":"\u003cxsl:value-of select\u003d\"$nodes_in/value\"/\u003e","FunctionImplementationLanguage":{"Name":"XSLT","Version":"2.0"}}],"isReference":false},"ParameterAssignments":[{"PositionInParameterList":1,"PositionInParameter":1,"Value":"EDI_DC40"},{"PositionInParameterList":2,"PositionInParameter":1,"PositionInDomainSet":1}]},"Confidential":false},{"DomainMappingElement":{"SourceDomainSet":[],"TargetDomainSet":[{"DomainGuid":"5bd9bbddc7813756ac2dfc90bb725363","Position":1}],"Documentation":{}},"Transformation":{"Function":{"FunctionGuid":"00000000000000000000000000000002","FunctionParameters":[{"PositionInParameterList":1,"Direction":"IN","Type":"STRING","Name":"value"},{"PositionInParameterList":2,"Direction":"OUT","Type":"NODE_LIST","Name":"nodes_out_1"}],"FunctionImplementations":[{"SourceCode":"\u003cxsl:value-of select\u003d\"$nodes_in/value\"/\u003e","FunctionImplementationLanguage":{"Name":"XSLT","Version":"2.0"}}],"isReference":false},"ParameterAssignments":[{"PositionInParameterList":1,"PositionInParameter":1,"Value":"1"},{"PositionInParameterList":2,"PositionInParameter":1,"PositionInDomainSet":1}]},"Confidential":false},{"DomainMappingElement":{"SourceDomainSet":[],"TargetDomainSet":[{"DomainGuid":"f45cc267021d3c6d986cb0eee2bb3a05","Position":1}],"Documentation":{}},"Transformation":{"Function":{"FunctionGuid":"00000000000000000000000000000002","FunctionParameters":[{"PositionInParameterList":1,"Direction":"IN","Type":"STRING","Name":"value"},{"PositionInParameterList":2,"Direction":"OUT","Type":"NODE_LIST","Name":"nodes_out_1"}],"FunctionImplementations":[{"SourceCode":"\u003cxsl:value-of select\u003d\"$nodes_in/value\"/\u003e","FunctionImplementationLanguage":{"Name":"XSLT","Version":"2.0"}}],"isReference":false},"ParameterAssignments":[{"PositionInParameterList":1,"PositionInParameter":1,"Value":"INVOIC01"},{"PositionInParameterList":2,"PositionInParameter":1,"PositionInDomainSet":1}]},"Confidential":false},{"DomainMappingElement":{"SourceDomainSet":[],"TargetDomainSet":[{"DomainGuid":"8c8277608dc53b82a09287dac51ac210","Position":1}],"Documentation":{}},"Transformation":{"Function":{"FunctionGuid":"00000000000000000000000000000002","FunctionParameters":[{"PositionInParameterList":1,"Direction":"IN","Type":"STRING","Name":"value"},{"PositionInParameterList":2,"Direction":"OUT","Type":"NODE_LIST","Name":"nodes_out_1"}],"FunctionImplementations":[{"SourceCode":"\u003cxsl:value-of select\u003d\"$nodes_in/value\"/\u003e","FunctionImplementationLanguage":{"Name":"XSLT","Version":"2.0"}}],"isReference":false},"ParameterAssignments":[{"PositionInParameterList":1,"PositionInParameter":1,"Value":"LS"},{"PositionInParameterList":2,"PositionInParameter":1,"PositionInDomainSet":1}]},"Confidential":false},{"DomainMappingElement":{"SourceDomainSet":[],"TargetDomainSet":[{"DomainGuid":"8f19663614313b9dad84643b1fc38139","Position":1}],"Documentation":{}},"Transformation":{"Function":{"FunctionGuid":"00000000000000000000000000000002","FunctionParameters":[{"PositionInParameterList":1,"Direction":"IN","Type":"STRING","Name":"value"},{"PositionInParameterList":2,"Direction":"OUT","Type":"NODE_LIST","Name":"nodes_out_1"}],"FunctionImplementations":[{"SourceCode":"\u003cxsl:value-of select\u003d\"$nodes_in/value\"/\u003e","FunctionImplementationLanguage":{"Name":"XSLT","Version":"2.0"}}],"isReference":false},"ParameterAssignments":[{"PositionInParameterList":1,"PositionInParameter":1,"Value":"LS"},{"PositionInParameterList":2,"PositionInParameter":1,"PositionInDomainSet":1}]},"Confidential":false},{"DomainMappingElement":{"SourceDomainSet":[{"DomainGuid":"bfa9bc6e012335a2a3b07811e4a807de","Position":1}],"TargetDomainSet":[{"DomainGuid":"15e7c9410e04334fab59cdea0e2f6a9e","Position":1}],"Documentation":{}},"Confidential":false},{"DomainMappingElement":{"SourceDomainSet":[{"DomainGuid":"26e6d36d127531b48e1ba1f0fa58be2b","Position":1}],"TargetDomainSet":[{"DomainGuid":"9de027e666943792b1e3c3211636277e","Position":1}],"Documentation":{}},"Transformation":{"Function":{"FunctionGuid":"00000000000000000000000000000001","FunctionParameters":[{"PositionInParameterList":1,"Direction":"IN","Type":"NODE_LIST","Name":"currencyCode"},{"PositionInParameterList":2,"Direction":"OUT","Type":"NODE_LIST","Name":"nodes_out_1"}],"FunctionImplementations":[{"SourceCode":"\u003cxsl:sequence select\u003d\"$nodes_in/*\"/\u003e","FunctionImplementationLanguage":{"Name":"XSLT","Version":"2.0"}}],"isReference":false},"ParameterAssignments":[{"PositionInParameterList":1,"PositionInParameter":1,"PositionInDomainSet":1},{"PositionInParameterList":2,"PositionInParameter":1,"PositionInDomainSet":1}]},"Confidential":false},{"DomainMappingElement":{"SourceDomainSet":[{"DomainGuid":"3897418df14b3b22ba581dacf1f0d01c","Position":1}],"TargetDomainSet":[{"DomainGuid":"33da357bc5b138349a03ebdd899577a6","Position":1}],"Documentation":{}},"Transformation":{"Function":{"FunctionGuid":"9695c4db03944918b1a3035e75a4ca4e","FunctionParameters":[{"PositionInParameterList":1,"Direction":"IN","Type":"NODE_LIST","Name":"SupplierInvoiceTypeCode"},{"PositionInParameterList":2,"Direction":"OUT","Type":"NODE_LIST","Name":"nodes_out_1"}],"FunctionImplementations":[{"SourceCode":"\u003cxsl:variable name\u003d\"vscode\" select\u003d\"$nodes_in/SupplierInvoiceTypeCode\"/\u003e\r\n\u003cxsl:choose\u003e\r\n\u003cxsl:when test\u003d\"$vscode\u003d\u0027005\u0027\"\u003e\r\n\u003cxsl:value-of select\u003d\"\u0027CRME\u0027\"/\u003e\r\n\u003c/xsl:when\u003e\r\n\u003cxsl:otherwise\u003e\r\n  \u003cxsl:value-of select\u003d\"\u0027INVO\u0027\"/\u003e\r\n\u003c/xsl:otherwise\u003e\r\n\u003c/xsl:choose\u003e","FunctionImplementationLanguage":{"Name":"XSLT","Version":"2.0"}}],"isReference":false},"ParameterAssignments":[{"PositionInParameterList":1,"PositionInParameter":1,"PositionInDomainSet":1},{"PositionInParameterList":2,"PositionInParameter":1,"PositionInDomainSet":1}]},"Confidential":false},{"DomainMappingElement":{"SourceDomainSet":[{"DomainGuid":"7346190f4538352e8db3eb3894b6f407","Position":1}],"TargetDomainSet":[{"DomainGuid":"686ed4ca345d30b6a5bb6a04f4f58620","AlternativeDomainGuid":"d7e3b8f08e6937469f63a468cc20a695","Position":1}],"Documentation":{}},"Transformation":{"Function":{"FunctionGuid":"00000000000000000000000000000001","FunctionParameters":[{"PositionInParameterList":1,"Direction":"IN","Type":"NODE_LIST","Name":"SupplierInvoiceID"},{"PositionInParameterList":2,"Direction":"OUT","Type":"NODE_LIST","Name":"nodes_out_1"}],"FunctionImplementations":[{"SourceCode":"\u003cxsl:sequence select\u003d\"$nodes_in/*\"/\u003e","FunctionImplementationLanguage":{"Name":"XSLT","Version":"2.0"}}],"isReference":false},"ParameterAssignments":[{"PositionInParameterList":1,"PositionInParameter":1,"PositionInDomainSet":1},{"PositionInParameterList":2,"PositionInParameter":1,"PositionInDomainSet":1}]},"Confidential":false},{"DomainMappingElement":{"SourceDomainSet":[{"DomainGuid":"47488c45a4ec3aac908ab8cb5296a976","Position":1}],"TargetDomainSet":[{"DomainGuid":"61150e6c62d23b8890c00ffde0b4c21c","AlternativeDomainGuid":"b374342c8d6e48e6ba2d7da4471f0328","Position":1}],"Documentation":{}},"Transformation":{"Function":{"FunctionGuid":"10010000000000000000000000000001","FunctionParameters":[{"PositionInParameterList":1,"Direction":"IN","Type":"NODE_LIST","Name":"source_date_time_value"},{"PositionInParameterList":2,"Direction":"IN","Type":"NODE_LIST","Name":"source_date_time_format"},{"PositionInParameterList":3,"Direction":"IN","Type":"STRING","Name":"target_date_time_format"},{"PositionInParameterList":4,"Direction":"OUT","Type":"NODE_LIST","Name":"target_date_time_value"}],"FunctionImplementations":[{"SourceCode":"\u003cxsl:sequence select\u003d\"ica_fn:transform-dateTime($nodes_in/nodes_in_1,$nodes_in/source_date_time_format,$nodes_in/target_date_time_format)\"/\u003e","FunctionImplementationLanguage":{"Name":"XSLT","Version":"2.0"}}],"isReference":false},"ParameterAssignments":[{"PositionInParameterList":1,"PositionInParameter":1,"PositionInDomainSet":1},{"PositionInParameterList":2,"PositionInParameter":1,"Value":"CCYY\u0027-\u0027MM\u0027-\u0027DD[Z|(+|-)hh\u0027:\u0027mm]"},{"PositionInParameterList":3,"PositionInParameter":1,"Value":"CCYYMMDD"},{"PositionInParameterList":4,"PositionInParameter":1,"PositionInDomainSet":1}]},"Confidential":false},{"DomainMappingElement":{"SourceDomainSet":[{"DomainGuid":"653bd0af930c35adaf2a7af3d6ae1893","Position":1}],"TargetDomainSet":[{"DomainGuid":"8659333fd4f73fbcbd3861cb3f2bad3f","AlternativeDomainGuid":"5e09cef8a452450c80f60783592c9872","Position":1}],"Documentation":{}},"Transformation":{"Function":{"FunctionGuid":"10010000000000000000000000000001","FunctionParameters":[{"PositionInParameterList":1,"Direction":"IN","Type":"NODE_LIST","Name":"source_date_time_value"},{"PositionInParameterList":2,"Direction":"IN","Type":"NODE_LIST","Name":"source_date_time_format"},{"PositionInParameterList":3,"Direction":"IN","Type":"STRING","Name":"target_date_time_format"},{"PositionInParameterList":4,"Direction":"OUT","Type":"NODE_LIST","Name":"target_date_time_value"}],"FunctionImplementations":[{"SourceCode":"\u003cxsl:sequence select\u003d\"ica_fn:transform-dateTime($nodes_in/nodes_in_1,$nodes_in/source_date_time_format,$nodes_in/target_date_time_format)\"/\u003e","FunctionImplementationLanguage":{"Name":"XSLT","Version":"2.0"}}],"isReference":false},"ParameterAssignments":[{"PositionInParameterList":1,"PositionInParameter":1,"PositionInDomainSet":1},{"PositionInParameterList":2,"PositionInParameter":1,"Value":"CCYY\u0027-\u0027MM\u0027-\u0027DD[Z|(+|-)hh\u0027:\u0027mm]"},{"PositionInParameterList":3,"PositionInParameter":1,"Value":"CCYYMMDD"},{"PositionInParameterList":4,"PositionInParameter":1,"PositionInDomainSet":1}]},"Confidential":false},{"DomainMappingElement":{"SourceDomainSet":[{"DomainGuid":"b74cd471a7bb31278d715df2d9712df6","Position":1}],"TargetDomainSet":[{"DomainGuid":"21d0fd981d9d3ee89b85a7a89ceb39dc","AlternativeDomainGuid":"27ac7ac48a7942fab8aa783c2a09075a","Position":1}],"Documentation":{}},"Confidential":false},{"DomainMappingElement":{"SourceDomainSet":[{"DomainGuid":"d67222d0edef3bb38568028bc3f187e2","Position":1}],"TargetDomainSet":[{"DomainGuid":"d1a57aaaaa94379da2369a1c7e0319ff","AlternativeDomainGuid":"d63dd7545e7747c1ba4104e1268e396e","Position":1}],"Documentation":{}},"Transformation":{"Function":{"FunctionGuid":"00000000000000000000000000000001","FunctionParameters":[{"PositionInParameterList":1,"Direction":"IN","Type":"NODE_LIST","Name":"SupplierTaxTypeCode"},{"PositionInParameterList":2,"Direction":"OUT","Type":"NODE_LIST","Name":"nodes_out_1"}],"FunctionImplementations":[{"SourceCode":"\u003cxsl:sequence select\u003d\"$nodes_in/*\"/\u003e","FunctionImplementationLanguage":{"Name":"XSLT","Version":"2.0"}}],"isReference":false},"ParameterAssignments":[{"PositionInParameterList":1,"PositionInParameter":1,"PositionInDomainSet":1},{"PositionInParameterList":2,"PositionInParameter":1,"PositionInDomainSet":1}]},"Confidential":false},{"DomainMappingElement":{"SourceDomainSet":[{"DomainGuid":"d02e4bf1f57038fcac7af0336ca54ba5","Position":1}],"TargetDomainSet":[{"DomainGuid":"b41389cd8d9f318396e08d7ae49a138e","AlternativeDomainGuid":"2292045f337e4b4abdb1f462bfe34eb2","Position":1}],"Documentation":{}},"Transformation":{"Function":{"FunctionGuid":"00000000000000000000000000000001","FunctionParameters":[{"PositionInParameterList":1,"Direction":"IN","Type":"NODE_LIST","Name":"TaxPercentage"},{"PositionInParameterList":2,"Direction":"OUT","Type":"NODE_LIST","Name":"nodes_out_1"}],"FunctionImplementations":[{"SourceCode":"\u003cxsl:sequence select\u003d\"$nodes_in/*\"/\u003e","FunctionImplementationLanguage":{"Name":"XSLT","Version":"2.0"}}],"isReference":false},"ParameterAssignments":[{"PositionInParameterList":1,"PositionInParameter":1,"PositionInDomainSet":1},{"PositionInParameterList":2,"PositionInParameter":1,"PositionInDomainSet":1}]},"Confidential":false},{"DomainMappingElement":{"SourceDomainSet":[{"DomainGuid":"6ca64f49d9263634844b05d4670e21b5","Position":1}],"TargetDomainSet":[{"DomainGuid":"88632367f6b73c3496a0f7d086f4dd02","AlternativeDomainGuid":"f3d729a6b9e6373cbc8c5c84cbbc4627","Position":1}],"Documentation":{}},"Transformation":{"Function":{"FunctionGuid":"00000000000000000000000000000001","FunctionParameters":[{"PositionInParameterList":1,"Direction":"IN","Type":"NODE_LIST","Name":"CashDiscount1Days"},{"PositionInParameterList":2,"Direction":"OUT","Type":"NODE_LIST","Name":"nodes_out_1"}],"FunctionImplementations":[{"SourceCode":"\u003cxsl:sequence select\u003d\"$nodes_in/*\"/\u003e","FunctionImplementationLanguage":{"Name":"XSLT","Version":"2.0"}}],"isReference":false},"ParameterAssignments":[{"PositionInParameterList":1,"PositionInParameter":1,"PositionInDomainSet":1},{"PositionInParameterList":2,"PositionInParameter":1,"PositionInDomainSet":1}]},"Confidential":false},{"DomainMappingElement":{"SourceDomainSet":[{"DomainGuid":"ae434f706d3a3f7abab15a99ea53da5f","Position":1}],"TargetDomainSet":[{"DomainGuid":"0cb4a29d89d83f2596552555b18802ba","AlternativeDomainGuid":"a149277e203e3f85b9acbc729174c720","Position":1}],"Documentation":{}},"Transformation":{"Function":{"FunctionGuid":"00000000000000000000000000000001","FunctionParameters":[{"PositionInParameterList":1,"Direction":"IN","Type":"NODE_LIST","Name":"CashDiscount1Percent"},{"PositionInParameterList":2,"Direction":"OUT","Type":"NODE_LIST","Name":"nodes_out_1"}],"FunctionImplementations":[{"SourceCode":"\u003cxsl:sequence select\u003d\"$nodes_in/*\"/\u003e","FunctionImplementationLanguage":{"Name":"XSLT","Version":"2.0"}}],"isReference":false},"ParameterAssignments":[{"PositionInParameterList":1,"PositionInParameter":1,"PositionInDomainSet":1},{"PositionInParameterList":2,"PositionInParameter":1,"PositionInDomainSet":1}]},"Confidential":false},{"DomainMappingElement":{"SourceDomainSet":[{"DomainGuid":"f158d38543d23935adb0aace8bb67b6f","Position":1}],"TargetDomainSet":[{"DomainGuid":"c5aa9482504b3a8fae9e73e24c1f285d","AlternativeDomainGuid":"21f039a3d70641dcbc144e12cd34ac05","Position":1}],"Documentation":{}},"Transformation":{"Function":{"FunctionGuid":"00000000000000000000000000000001","FunctionParameters":[{"PositionInParameterList":1,"Direction":"IN","Type":"NODE_LIST","Name":"CashDiscount2Percent"},{"PositionInParameterList":2,"Direction":"OUT","Type":"NODE_LIST","Name":"nodes_out_1"}],"FunctionImplementations":[{"SourceCode":"\u003cxsl:sequence select\u003d\"$nodes_in/*\"/\u003e","FunctionImplementationLanguage":{"Name":"XSLT","Version":"2.0"}}],"isReference":false},"ParameterAssignments":[{"PositionInParameterList":1,"PositionInParameter":1,"PositionInDomainSet":1},{"PositionInParameterList":2,"PositionInParameter":1,"PositionInDomainSet":1}]},"Confidential":false},{"DomainMappingElement":{"SourceDomainSet":[{"DomainGuid":"557b0f2b70f53583a21b90d93eb22fee","Position":1}],"TargetDomainSet":[{"DomainGuid":"c3c83d61fadf3d3cb0984e5f57f05df9","AlternativeDomainGuid":"dbff7630646e4db9b7dc950764020026","Position":1}],"Documentation":{}},"Transformation":{"Function":{"FunctionGuid":"00000000000000000000000000000001","FunctionParameters":[{"PositionInParameterList":1,"Direction":"IN","Type":"NODE_LIST","Name":"CashDiscount2Days"},{"PositionInParameterList":2,"Direction":"OUT","Type":"NODE_LIST","Name":"nodes_out_1"}],"FunctionImplementations":[{"SourceCode":"\u003cxsl:sequence select\u003d\"$nodes_in/*\"/\u003e","FunctionImplementationLanguage":{"Name":"XSLT","Version":"2.0"}}],"isReference":false},"ParameterAssignments":[{"PositionInParameterList":1,"PositionInParameter":1,"PositionInDomainSet":1},{"PositionInParameterList":2,"PositionInParameter":1,"PositionInDomainSet":1}]},"Confidential":false},{"DomainMappingElement":{"SourceDomainSet":[],"TargetDomainSet":[{"DomainGuid":"9fa180d32d9a385e84f452930c4ba1fe","AlternativeDomainGuid":"1dae4f2b806a4e8ab9df4c2b9dcf2806","Position":1}],"Documentation":{}},"Transformation":{"Function":{"FunctionGuid":"00000000000000000000000000000002","FunctionParameters":[{"PositionInParameterList":1,"Direction":"IN","Type":"STRING","Name":"value"},{"PositionInParameterList":2,"Direction":"OUT","Type":"NODE_LIST","Name":"nodes_out_1"}],"FunctionImplementations":[{"SourceCode":"\u003cxsl:value-of select\u003d\"$nodes_in/value\"/\u003e","FunctionImplementationLanguage":{"Name":"XSLT","Version":"2.0"}}],"isReference":false},"ParameterAssignments":[{"PositionInParameterList":1,"PositionInParameter":1,"Value":"002"},{"PositionInParameterList":2,"PositionInParameter":1,"PositionInDomainSet":1}]},"Confidential":false},{"DomainMappingElement":{"SourceDomainSet":[],"TargetDomainSet":[{"DomainGuid":"e2a9097b995c3fdc9db797ee11d578eb","AlternativeDomainGuid":"c174cf34ef104120ad80dd847dc16539","Position":1}],"Documentation":{}},"Transformation":{"Function":{"FunctionGuid":"00000000000000000000000000000002","FunctionParameters":[{"PositionInParameterList":1,"Direction":"IN","Type":"STRING","Name":"value"},{"PositionInParameterList":2,"Direction":"OUT","Type":"NODE_LIST","Name":"nodes_out_1"}],"FunctionImplementations":[{"SourceCode":"\u003cxsl:value-of select\u003d\"$nodes_in/value\"/\u003e","FunctionImplementationLanguage":{"Name":"XSLT","Version":"2.0"}}],"isReference":false},"ParameterAssignments":[{"PositionInParameterList":1,"PositionInParameter":1,"Value":"003"},{"PositionInParameterList":2,"PositionInParameter":1,"PositionInDomainSet":1}]},"Confidential":false},{"DomainMappingElement":{"SourceDomainSet":[{"DomainGuid":"50e7cc0443c73c2a8752194a54e78809","Position":1}],"TargetDomainSet":[{"DomainGuid":"fc5980aedbae38d0a6171ad9dc8bad92","AlternativeDomainGuid":"0750293dc5a64ccfb026b72e1b60bacf","Position":1}],"Documentation":{}},"Transformation":{"Function":{"FunctionGuid":"00000000000000000000000000000001","FunctionParameters":[{"PositionInParameterList":1,"Direction":"IN","Type":"NODE_LIST","Name":"NetPaymentDays"},{"PositionInParameterList":2,"Direction":"OUT","Type":"NODE_LIST","Name":"nodes_out_1"}],"FunctionImplementations":[{"SourceCode":"\u003cxsl:sequence select\u003d\"$nodes_in/*\"/\u003e","FunctionImplementationLanguage":{"Name":"XSLT","Version":"2.0"}}],"isReference":false},"ParameterAssignments":[{"PositionInParameterList":1,"PositionInParameter":1,"PositionInDomainSet":1},{"PositionInParameterList":2,"PositionInParameter":1,"PositionInDomainSet":1}]},"Confidential":false},{"DomainMappingElement":{"SourceDomainSet":[{"DomainGuid":"cb244517b2f637ad9d807c582ad464b8","Position":1}],"TargetDomainSet":[{"DomainGuid":"346f6bf590313c92a001f53537d3afc2","Position":1}],"Documentation":{}},"Confidential":false},{"DomainMappingElement":{"SourceDomainSet":[{"DomainGuid":"7f4b7b0d4fb33725b32687065c7d0a9a","Position":1}],"TargetDomainSet":[{"DomainGuid":"6f0d4fc990ad391e9a1e86c571ce7ec9","Position":1}],"Documentation":{}},"Transformation":{"Function":{"FunctionGuid":"00000000000000000000000000000001","FunctionParameters":[{"PositionInParameterList":1,"Direction":"IN","Type":"NODE_LIST","Name":"SupplierInvoiceItemID"},{"PositionInParameterList":2,"Direction":"OUT","Type":"NODE_LIST","Name":"nodes_out_1"}],"FunctionImplementations":[{"SourceCode":"\u003cxsl:sequence select\u003d\"$nodes_in/*\"/\u003e","FunctionImplementationLanguage":{"Name":"XSLT","Version":"2.0"}}],"isReference":false},"ParameterAssignments":[{"PositionInParameterList":1,"PositionInParameter":1,"PositionInDomainSet":1},{"PositionInParameterList":2,"PositionInParameter":1,"PositionInDomainSet":1}]},"Confidential":false},{"DomainMappingElement":{"SourceDomainSet":[{"DomainGuid":"32466b7c7aa73ded8108a2aeee7bd13a","Position":1}],"TargetDomainSet":[{"DomainGuid":"3d76673cfebe379286168e1a9a337f75","Position":1}],"Documentation":{}},"Transformation":{"Function":{"FunctionGuid":"00000000000000000000000000000001","FunctionParameters":[{"PositionInParameterList":1,"Direction":"IN","Type":"NODE_LIST","Name":"unitCode"},{"PositionInParameterList":2,"Direction":"OUT","Type":"NODE_LIST","Name":"nodes_out_1"}],"FunctionImplementations":[{"SourceCode":"\u003cxsl:sequence select\u003d\"$nodes_in/*\"/\u003e","FunctionImplementationLanguage":{"Name":"XSLT","Version":"2.0"}}],"isReference":false},"ParameterAssignments":[{"PositionInParameterList":1,"PositionInParameter":1,"PositionInDomainSet":1},{"PositionInParameterList":2,"PositionInParameter":1,"PositionInDomainSet":1}]},"Confidential":false},{"DomainMappingElement":{"SourceDomainSet":[{"DomainGuid":"ef7bcd73d5593df0aa59b31329779909","Position":1}],"TargetDomainSet":[{"DomainGuid":"052501f12db631d58d748b21fcb5077f","AlternativeDomainGuid":"f0d4a7a2d14c35b19003ec8515163ba6","Position":1}],"Documentation":{}},"Transformation":{"Function":{"FunctionGuid":"00000000000000000000000000000001","FunctionParameters":[{"PositionInParameterList":1,"Direction":"IN","Type":"NODE_LIST","Name":"PurchaseOrderID"},{"PositionInParameterList":2,"Direction":"OUT","Type":"NODE_LIST","Name":"nodes_out_1"}],"FunctionImplementations":[{"SourceCode":"\u003cxsl:sequence select\u003d\"$nodes_in/*\"/\u003e","FunctionImplementationLanguage":{"Name":"XSLT","Version":"2.0"}}],"isReference":false},"ParameterAssignments":[{"PositionInParameterList":1,"PositionInParameter":1,"PositionInDomainSet":1},{"PositionInParameterList":2,"PositionInParameter":1,"PositionInDomainSet":1}]},"Confidential":false},{"DomainMappingElement":{"SourceDomainSet":[{"DomainGuid":"66a8406430af37629b9b151f68d35dd6","Position":1}],"TargetDomainSet":[{"DomainGuid":"27eeda66c4e231308c9acabbe5dcfab0","AlternativeDomainGuid":"974f402f7fd132398333b9db88aece5d","Position":1}],"Documentation":{}},"Transformation":{"Function":{"FunctionGuid":"00000000000000000000000000000001","FunctionParameters":[{"PositionInParameterList":1,"Direction":"IN","Type":"NODE_LIST","Name":"PurchaseOrderItemID"},{"PositionInParameterList":2,"Direction":"OUT","Type":"NODE_LIST","Name":"nodes_out_1"}],"FunctionImplementations":[{"SourceCode":"\u003cxsl:sequence select\u003d\"$nodes_in/*\"/\u003e","FunctionImplementationLanguage":{"Name":"XSLT","Version":"2.0"}}],"isReference":false},"ParameterAssignments":[{"PositionInParameterList":1,"PositionInParameter":1,"PositionInDomainSet":1},{"PositionInParameterList":2,"PositionInParameter":1,"PositionInDomainSet":1}]},"Confidential":false},{"DomainMappingElement":{"SourceDomainSet":[{"DomainGuid":"bf18634a61193b6b86e7dfc5881845ee","Position":1}],"TargetDomainSet":[{"DomainGuid":"86b062209a053979bbebcb08cf867087","AlternativeDomainGuid":"d258443286f74dffb09d503b0a8da02a","Position":1}],"Documentation":{}},"Transformation":{"Function":{"FunctionGuid":"00000000000000000000000000000001","FunctionParameters":[{"PositionInParameterList":1,"Direction":"IN","Type":"NODE_LIST","Name":"DeliveryNote"},{"PositionInParameterList":2,"Direction":"OUT","Type":"NODE_LIST","Name":"nodes_out_1"}],"FunctionImplementations":[{"SourceCode":"\u003cxsl:sequence select\u003d\"$nodes_in/*\"/\u003e","FunctionImplementationLanguage":{"Name":"XSLT","Version":"2.0"}}],"isReference":false},"ParameterAssignments":[{"PositionInParameterList":1,"PositionInParameter":1,"PositionInDomainSet":1},{"PositionInParameterList":2,"PositionInParameter":1,"PositionInDomainSet":1}]},"Confidential":false},{"DomainMappingElement":{"SourceDomainSet":[{"DomainGuid":"adbe8a8a18cd34c991d978d38c2c74d3","Position":1}],"TargetDomainSet":[{"DomainGuid":"82c787bd1be63748b62dd1a5d55a41d6","AlternativeDomainGuid":"b3a9c1bcc68034b3ab385dadbfe630e1","Position":1}],"Documentation":{}},"FilterCondition":{"SourceDomainSet":[{"DomainGuid":"ae434f706d3a3f7abab15a99ea53da5f","Position":2},{"DomainGuid":"6ca64f49d9263634844b05d4670e21b5","Position":1}],"Transformation":{"Function":{"FunctionGuid":"dd94222b35594a8792a00654f3c2d155","FunctionParameters":[{"PositionInParameterList":1,"Direction":"IN","Type":"NODE_LIST","Name":"CashDiscount1Percent"},{"PositionInParameterList":2,"Direction":"IN","Type":"NODE_LIST","Name":"CashDiscount1Days"},{"PositionInParameterList":3,"Direction":"OUT","Type":"BOOLEAN","Name":"result"}],"FunctionImplementations":[{"SourceCode":"(: The content below is only a placeholder and can be replaced. :)\n(: It allows node creation if at least one of the conditional nodes exists. :)\nboolean($nodes_in/CashDiscount1Percent or $nodes_in/CashDiscount1Days)","FunctionImplementationLanguage":{"Name":"XPath","Version":"2.0"}}],"isReference":false},"ParameterAssignments":[{"PositionInParameterList":1,"PositionInParameter":1,"PositionInDomainSet":2},{"PositionInParameterList":2,"PositionInParameter":1,"PositionInDomainSet":1},{"PositionInParameterList":3}]},"Confidential":false},"Confidential":false},{"DomainMappingElement":{"SourceDomainSet":[{"DomainGuid":"adbe8a8a18cd34c991d978d38c2c74d3","Position":1}],"TargetDomainSet":[{"DomainGuid":"d94f30ac9478397f885b374068deba6f","AlternativeDomainGuid":"4fc8cab839dc4c0bb7fa49b2ec7e7527","Position":1}],"Documentation":{}},"FilterCondition":{"SourceDomainSet":[{"DomainGuid":"f158d38543d23935adb0aace8bb67b6f","Position":2},{"DomainGuid":"557b0f2b70f53583a21b90d93eb22fee","Position":1}],"Transformation":{"Function":{"FunctionGuid":"2bb0b6495838439785a3a961f080d6c8","FunctionParameters":[{"PositionInParameterList":1,"Direction":"IN","Type":"NODE_LIST","Name":"CashDiscount2Percent"},{"PositionInParameterList":2,"Direction":"IN","Type":"NODE_LIST","Name":"CashDiscount2Days"},{"PositionInParameterList":3,"Direction":"OUT","Type":"BOOLEAN","Name":"result"}],"FunctionImplementations":[{"SourceCode":"(: The content below is only a placeholder and can be replaced. :)\n(: It allows node creation if at least one of the conditional nodes exists. :)\nboolean($nodes_in/CashDiscount2Percent or $nodes_in/CashDiscount2Days)","FunctionImplementationLanguage":{"Name":"XPath","Version":"2.0"}}],"isReference":false},"ParameterAssignments":[{"PositionInParameterList":1,"PositionInParameter":1,"PositionInDomainSet":2},{"PositionInParameterList":2,"PositionInParameter":1,"PositionInDomainSet":1},{"PositionInParameterList":3}]},"Confidential":false},"Confidential":false},{"DomainMappingElement":{"SourceDomainSet":[{"DomainGuid":"adbe8a8a18cd34c991d978d38c2c74d3","Position":1}],"TargetDomainSet":[{"DomainGuid":"daf5da9598a0311fa5dfbdcfa6dbc229","AlternativeDomainGuid":"d4a9ab8d8de14075a996cfecffe3739d","Position":1}],"Documentation":{}},"FilterCondition":{"SourceDomainSet":[{"DomainGuid":"50e7cc0443c73c2a8752194a54e78809","Position":1}],"Transformation":{"Function":{"FunctionGuid":"00000000000000000000000000000003","FunctionParameters":[{"PositionInParameterList":1,"Direction":"IN","Type":"NODE_LIST","Name":"NetPaymentDays"},{"PositionInParameterList":2,"Direction":"OUT","Type":"BOOLEAN","Name":"result"}],"FunctionImplementations":[{"SourceCode":"(: The content below is only a placeholder and can be replaced. :)\n(: It allows node creation if at least one of the conditional nodes exists. :)\nboolean($nodes_in/*)","FunctionImplementationLanguage":{"Name":"XPath","Version":"2.0"}}],"isReference":false},"ParameterAssignments":[{"PositionInParameterList":1,"PositionInParameter":1,"PositionInDomainSet":1},{"PositionInParameterList":2}]},"Confidential":false},"Confidential":false},{"DomainMappingElement":{"SourceDomainSet":[{"DomainGuid":"bca0391086823d95bf217aa1df4d5afe","Position":1}],"TargetDomainSet":[{"DomainGuid":"a8997d41818b3e7e9c172418ea11b7b4","AlternativeDomainGuid":"1c46af5f89963644ab30d4e4c8ae1565","Position":1}],"Documentation":{}},"Transformation":{"Function":{"FunctionGuid":"00000000000000000000000000000001","FunctionParameters":[{"PositionInParameterList":1,"Direction":"IN","Type":"NODE_LIST","Name":"_CONTENT_"},{"PositionInParameterList":2,"Direction":"OUT","Type":"NODE_LIST","Name":"nodes_out_1"}],"FunctionImplementations":[{"SourceCode":"\u003cxsl:sequence select\u003d\"$nodes_in/*\"/\u003e","FunctionImplementationLanguage":{"Name":"XSLT","Version":"2.0"}}],"isReference":false},"ParameterAssignments":[{"PositionInParameterList":1,"PositionInParameter":1,"PositionInDomainSet":1},{"PositionInParameterList":2,"PositionInParameter":1,"PositionInDomainSet":1}]},"Confidential":false},{"DomainMappingElement":{"SourceDomainSet":[{"DomainGuid":"bca0391086823d95bf217aa1df4d5afe","Position":1}],"TargetDomainSet":[{"DomainGuid":"f5f8b0a844e3363090a2dec201bfb67a","AlternativeDomainGuid":"2c5590fcaab543698a902f6c38ec4c6b","Position":1}],"Documentation":{}},"Transformation":{"Function":{"FunctionGuid":"00000000000000000000000000000001","FunctionParameters":[{"PositionInParameterList":1,"Direction":"IN","Type":"NODE_LIST","Name":"_CONTENT_"},{"PositionInParameterList":2,"Direction":"OUT","Type":"NODE_LIST","Name":"nodes_out_1"}],"FunctionImplementations":[{"SourceCode":"\u003cxsl:sequence select\u003d\"$nodes_in/*\"/\u003e","FunctionImplementationLanguage":{"Name":"XSLT","Version":"2.0"}}],"isReference":false},"ParameterAssignments":[{"PositionInParameterList":1,"PositionInParameter":1,"PositionInDomainSet":1},{"PositionInParameterList":2,"PositionInParameter":1,"PositionInDomainSet":1}]},"Confidential":false},{"DomainMappingElement":{"SourceDomainSet":[{"DomainGuid":"87b7898b00603aa48bf1ac3a01d88843","Position":1}],"TargetDomainSet":[{"DomainGuid":"1a6a9b8f31623f96a47212c9efa1fff0","AlternativeDomainGuid":"f0bb75846c69313f97e32c7607291c71","Position":1}],"Documentation":{}},"Transformation":{"Function":{"FunctionGuid":"00000000000000000000000000000001","FunctionParameters":[{"PositionInParameterList":1,"Direction":"IN","Type":"NODE_LIST","Name":"_CONTENT_"},{"PositionInParameterList":2,"Direction":"OUT","Type":"NODE_LIST","Name":"nodes_out_1"}],"FunctionImplementations":[{"SourceCode":"\u003cxsl:sequence select\u003d\"$nodes_in/*\"/\u003e","FunctionImplementationLanguage":{"Name":"XSLT","Version":"2.0"}}],"isReference":false},"ParameterAssignments":[{"PositionInParameterList":1,"PositionInParameter":1,"PositionInDomainSet":1},{"PositionInParameterList":2,"PositionInParameter":1,"PositionInDomainSet":1}]},"Confidential":false},{"DomainMappingElement":{"SourceDomainSet":[{"DomainGuid":"87b7898b00603aa48bf1ac3a01d88843","Position":1}],"TargetDomainSet":[{"DomainGuid":"e71662996fb73a71855869c694f64f46","AlternativeDomainGuid":"779ddf62b4254bb9b8fd481de2bc1ca9","Position":1}],"Documentation":{}},"Transformation":{"Function":{"FunctionGuid":"00000000000000000000000000000001","FunctionParameters":[{"PositionInParameterList":1,"Direction":"IN","Type":"NODE_LIST","Name":"_CONTENT_"},{"PositionInParameterList":2,"Direction":"OUT","Type":"NODE_LIST","Name":"nodes_out_1"}],"FunctionImplementations":[{"SourceCode":"\u003cxsl:sequence select\u003d\"$nodes_in/*\"/\u003e","FunctionImplementationLanguage":{"Name":"XSLT","Version":"2.0"}}],"isReference":false},"ParameterAssignments":[{"PositionInParameterList":1,"PositionInParameter":1,"PositionInDomainSet":1},{"PositionInParameterList":2,"PositionInParameter":1,"PositionInDomainSet":1}]},"Confidential":false},{"DomainMappingElement":{"SourceDomainSet":[],"TargetDomainSet":[{"DomainGuid":"667eb8c2967b3b928403dcbf6e892848","AlternativeDomainGuid":"9c7e6b3cad274bb5aaf0a052e8fea604","Position":1}],"Documentation":{}},"Transformation":{"Function":{"FunctionGuid":"00000000000000000000000000000002","FunctionParameters":[{"PositionInParameterList":1,"Direction":"IN","Type":"STRING","Name":"value"},{"PositionInParameterList":2,"Direction":"OUT","Type":"NODE_LIST","Name":"nodes_out_1"}],"FunctionImplementations":[{"SourceCode":"\u003cxsl:value-of select\u003d\"$nodes_in/value\"/\u003e","FunctionImplementationLanguage":{"Name":"XSLT","Version":"2.0"}}],"isReference":false},"ParameterAssignments":[{"PositionInParameterList":1,"PositionInParameter":1,"Value":"005"},{"PositionInParameterList":2,"PositionInParameter":1,"PositionInDomainSet":1}]},"Confidential":false},{"DomainMappingElement":{"SourceDomainSet":[],"TargetDomainSet":[{"DomainGuid":"9666d43f01643f13918271aff7da571d","Position":1}],"Documentation":{}},"Transformation":{"Function":{"FunctionGuid":"00000000000000000000000000000002","FunctionParameters":[{"PositionInParameterList":1,"Direction":"IN","Type":"STRING","Name":"value"},{"PositionInParameterList":2,"Direction":"OUT","Type":"NODE_LIST","Name":"nodes_out_1"}],"FunctionImplementations":[{"SourceCode":"\u003cxsl:value-of select\u003d\"$nodes_in/value\"/\u003e","FunctionImplementationLanguage":{"Name":"XSLT","Version":"2.0"}}],"isReference":false},"ParameterAssignments":[{"PositionInParameterList":1,"PositionInParameter":1,"Value":"INVOIC"},{"PositionInParameterList":2,"PositionInParameter":1,"PositionInDomainSet":1}]},"Confidential":false},{"DomainMappingElement":{"SourceDomainSet":[{"DomainGuid":"27c5e7da426a366f8dc8c45f5ccc5b70","Position":1}],"TargetDomainSet":[{"DomainGuid":"983602a8b6043e34bb716712dab2eafb","AlternativeDomainGuid":"fd739b92d32333ccbcbb313511ab4b0e","Position":1}],"Documentation":{}},"Transformation":{"Function":{"FunctionGuid":"00000000000000000000000000000001","FunctionParameters":[{"PositionInParameterList":1,"Direction":"IN","Type":"NODE_LIST","Name":"GlobalTradeItemNumber"},{"PositionInParameterList":2,"Direction":"OUT","Type":"NODE_LIST","Name":"nodes_out_1"}],"FunctionImplementations":[{"SourceCode":"\u003cxsl:sequence select\u003d\"$nodes_in/*\"/\u003e","FunctionImplementationLanguage":{"Name":"XSLT","Version":"2.0"}}],"isReference":false},"ParameterAssignments":[{"PositionInParameterList":1,"PositionInParameter":1,"PositionInDomainSet":1},{"PositionInParameterList":2,"PositionInParameter":1,"PositionInDomainSet":1}]},"Confidential":false},{"DomainMappingElement":{"SourceDomainSet":[{"DomainGuid":"b8c93c7208ab3c7e8d11443ca877e2a8","Position":1}],"TargetDomainSet":[{"DomainGuid":"d03cebc882553727916efd02045319e0","AlternativeDomainGuid":"7360f8ed16e648899e6b78db6274348d","Position":1}],"Documentation":{}},"Transformation":{"Function":{"FunctionGuid":"00000000000000000000000000000001","FunctionParameters":[{"PositionInParameterList":1,"Direction":"IN","Type":"NODE_LIST","Name":"BuyerProductID"},{"PositionInParameterList":2,"Direction":"OUT","Type":"NODE_LIST","Name":"nodes_out_1"}],"FunctionImplementations":[{"SourceCode":"\u003cxsl:sequence select\u003d\"$nodes_in/*\"/\u003e","FunctionImplementationLanguage":{"Name":"XSLT","Version":"2.0"}}],"isReference":false},"ParameterAssignments":[{"PositionInParameterList":1,"PositionInParameter":1,"PositionInDomainSet":1},{"PositionInParameterList":2,"PositionInParameter":1,"PositionInDomainSet":1}]},"Confidential":false},{"DomainMappingElement":{"SourceDomainSet":[{"DomainGuid":"44d47446c7a33f39ae3dc4ea0da6ff9e","Position":1}],"TargetDomainSet":[{"DomainGuid":"c4f91911f5733db9b3c942094b51327b","AlternativeDomainGuid":"4cb9cbd6c9ea4357b4904f7cfe5cc25b","Position":1}],"Documentation":{}},"Transformation":{"Function":{"FunctionGuid":"00000000000000000000000000000001","FunctionParameters":[{"PositionInParameterList":1,"Direction":"IN","Type":"NODE_LIST","Name":"SupplierProductID"},{"PositionInParameterList":2,"Direction":"OUT","Type":"NODE_LIST","Name":"nodes_out_1"}],"FunctionImplementations":[{"SourceCode":"\u003cxsl:sequence select\u003d\"$nodes_in/*\"/\u003e","FunctionImplementationLanguage":{"Name":"XSLT","Version":"2.0"}}],"isReference":false},"ParameterAssignments":[{"PositionInParameterList":1,"PositionInParameter":1,"PositionInDomainSet":1},{"PositionInParameterList":2,"PositionInParameter":1,"PositionInDomainSet":1}]},"Confidential":false},{"DomainMappingElement":{"SourceDomainSet":[{"DomainGuid":"441c4d72b79e3edb96c9affc6f1bfa18","Position":1}],"TargetDomainSet":[{"DomainGuid":"9f502768be31373ebdd1bd5a9446ec59","Position":1}],"Documentation":{}},"Confidential":false},{"DomainMappingElement":{"SourceDomainSet":[{"DomainGuid":"ae5c36c24ae43545bd3d92c1181fabfd","Position":1}],"TargetDomainSet":[{"DomainGuid":"b30793b2812d3c768f5ca360bfcd5b4b","Position":1}],"Documentation":{}},"Transformation":{"Function":{"FunctionGuid":"00000000000000000000000000000001","FunctionParameters":[{"PositionInParameterList":1,"Direction":"IN","Type":"NODE_LIST","Name":"SupplierTaxTypeCode"},{"PositionInParameterList":2,"Direction":"OUT","Type":"NODE_LIST","Name":"nodes_out_1"}],"FunctionImplementations":[{"SourceCode":"\u003cxsl:sequence select\u003d\"$nodes_in/*\"/\u003e","FunctionImplementationLanguage":{"Name":"XSLT","Version":"2.0"}}],"isReference":false},"ParameterAssignments":[{"PositionInParameterList":1,"PositionInParameter":1,"PositionInDomainSet":1},{"PositionInParameterList":2,"PositionInParameter":1,"PositionInDomainSet":1}]},"Confidential":false},{"DomainMappingElement":{"SourceDomainSet":[{"DomainGuid":"324e44ab6e4e3d099dee9bceb9630774","Position":1}],"TargetDomainSet":[{"DomainGuid":"86275155b84c31e5b0a861de1aef6956","Position":1}],"Documentation":{}},"Transformation":{"Function":{"FunctionGuid":"00000000000000000000000000000001","FunctionParameters":[{"PositionInParameterList":1,"Direction":"IN","Type":"NODE_LIST","Name":"TaxPercentage"},{"PositionInParameterList":2,"Direction":"OUT","Type":"NODE_LIST","Name":"nodes_out_1"}],"FunctionImplementations":[{"SourceCode":"\u003cxsl:sequence select\u003d\"$nodes_in/*\"/\u003e","FunctionImplementationLanguage":{"Name":"XSLT","Version":"2.0"}}],"isReference":false},"ParameterAssignments":[{"PositionInParameterList":1,"PositionInParameter":1,"PositionInDomainSet":1},{"PositionInParameterList":2,"PositionInParameter":1,"PositionInDomainSet":1}]},"Confidential":false},{"DomainMappingElement":{"SourceDomainSet":[{"DomainGuid":"8d92d90b35ac3458b33ec2e89ad0ae83","AlternativeDomainGuid":"a2633cf568724891bda2e04350ca5536","Position":1}],"TargetDomainSet":[{"DomainGuid":"4c1cb2a1f65238889512bd143090f308","AlternativeDomainGuid":"624905e5e16f474eba2e3d6e68bca676","Position":1}],"Documentation":{}},"Confidential":false},{"DomainMappingElement":{"SourceDomainSet":[{"DomainGuid":"4fe7ab3ef2863cb2a0f9d82fe228567e","AlternativeDomainGuid":"e39408f8ee344e83b066f225be182b55","Position":1}],"TargetDomainSet":[{"DomainGuid":"5e01a758a5f43567bed85aa7ee71bd54","AlternativeDomainGuid":"e720b5877f773b3aac949e59e0558de7","Position":1}],"Documentation":{}},"Confidential":false},{"DomainMappingElement":{"SourceDomainSet":[{"DomainGuid":"cb4b9181433d3c62b4c88b581245dd8e","AlternativeDomainGuid":"6b7c8c43dfac4e57a0c4684d14c37fd2","Position":1}],"TargetDomainSet":[{"DomainGuid":"43199fbca8fc338c98c92325a5e2c196","AlternativeDomainGuid":"9bab6e70a25f33179c392efc4ccd4535","Position":1}],"Documentation":{}},"Transformation":{"Function":{"FunctionGuid":"00000000000000000000000000000001","FunctionParameters":[{"PositionInParameterList":1,"Direction":"IN","Type":"NODE_LIST","Name":"SupplierPartyID"},{"PositionInParameterList":2,"Direction":"OUT","Type":"NODE_LIST","Name":"nodes_out_1"}],"FunctionImplementations":[{"SourceCode":"\u003cxsl:sequence select\u003d\"$nodes_in/*\"/\u003e","FunctionImplementationLanguage":{"Name":"XSLT","Version":"2.0"}}],"isReference":false},"ParameterAssignments":[{"PositionInParameterList":1,"PositionInParameter":1,"PositionInDomainSet":1},{"PositionInParameterList":2,"PositionInParameter":1,"PositionInDomainSet":1}]},"Confidential":false},{"DomainMappingElement":{"SourceDomainSet":[{"DomainGuid":"6391fca6c9c736c0ab3f71250ac3db63","AlternativeDomainGuid":"b1ab1e0b6bad415883ab37df4b19f51a","Position":1}],"TargetDomainSet":[{"DomainGuid":"92a753de5ee63c37b43e3f302ceddd3e","AlternativeDomainGuid":"d35b8ca470704d61ad68d21951859ba1","Position":1}],"Documentation":{}},"Transformation":{"Function":{"FunctionGuid":"00000000000000000000000000000001","FunctionParameters":[{"PositionInParameterList":1,"Direction":"IN","Type":"NODE_LIST","Name":"BuyerPartyID"},{"PositionInParameterList":2,"Direction":"OUT","Type":"NODE_LIST","Name":"nodes_out_1"}],"FunctionImplementations":[{"SourceCode":"\u003cxsl:sequence select\u003d\"$nodes_in/*\"/\u003e","FunctionImplementationLanguage":{"Name":"XSLT","Version":"2.0"}}],"isReference":false},"ParameterAssignments":[{"PositionInParameterList":1,"PositionInParameter":1,"PositionInDomainSet":1},{"PositionInParameterList":2,"PositionInParameter":1,"PositionInDomainSet":1}]},"Confidential":false},{"DomainMappingElement":{"SourceDomainSet":[{"DomainGuid":"09347c55da1d333c817dd3b1db83626d","AlternativeDomainGuid":"53c5a4dd9b0c4c3986178c3e30a1f6f8","Position":1}],"TargetDomainSet":[{"DomainGuid":"21115c7f70e633329a4a0ab0907728db","AlternativeDomainGuid":"3a0ddf6310b244a383215ce0a5041d4c","Position":1}],"Documentation":{}},"Transformation":{"Function":{"FunctionGuid":"00000000000000000000000000000001","FunctionParameters":[{"PositionInParameterList":1,"Direction":"IN","Type":"NODE_LIST","Name":"SupplierPartyID"},{"PositionInParameterList":2,"Direction":"OUT","Type":"NODE_LIST","Name":"nodes_out_1"}],"FunctionImplementations":[{"SourceCode":"\u003cxsl:sequence select\u003d\"$nodes_in/*\"/\u003e","FunctionImplementationLanguage":{"Name":"XSLT","Version":"2.0"}}],"isReference":false},"ParameterAssignments":[{"PositionInParameterList":1,"PositionInParameter":1,"PositionInDomainSet":1},{"PositionInParameterList":2,"PositionInParameter":1,"PositionInDomainSet":1}]},"Confidential":false},{"DomainMappingElement":{"SourceDomainSet":[{"DomainGuid":"15e25a3b96b0351f83fa4531543690a1","AlternativeDomainGuid":"9c4e1c1c4dce4731b8b9bb498b572658","Position":1}],"TargetDomainSet":[{"DomainGuid":"4f0c34aafe4c3651ac8d6b07eb699390","AlternativeDomainGuid":"e8bb80634f95311dadfd87f141cf4e35","Position":1}],"Documentation":{}},"Transformation":{"Function":{"FunctionGuid":"00000000000000000000000000000001","FunctionParameters":[{"PositionInParameterList":1,"Direction":"IN","Type":"NODE_LIST","Name":"BuyerPartyID"},{"PositionInParameterList":2,"Direction":"OUT","Type":"NODE_LIST","Name":"nodes_out_1"}],"FunctionImplementations":[{"SourceCode":"\u003cxsl:sequence select\u003d\"$nodes_in/*\"/\u003e","FunctionImplementationLanguage":{"Name":"XSLT","Version":"2.0"}}],"isReference":false},"ParameterAssignments":[{"PositionInParameterList":1,"PositionInParameter":1,"PositionInDomainSet":1},{"PositionInParameterList":2,"PositionInParameter":1,"PositionInDomainSet":1}]},"Confidential":false},{"DomainMappingElement":{"SourceDomainSet":[{"DomainGuid":"32466b7c7aa73ded8108a2aeee7bd13a","Position":1},{"DomainGuid":"9fb3648bdfd031c79931495d18a01560","Position":2}],"TargetDomainSet":[{"DomainGuid":"e21cd45aad7d3435a4bb11954d17c47a","AlternativeDomainGuid":"970b806115153bad9759b7863cc68236","Position":1}],"Documentation":{}},"Transformation":{"Function":{"FunctionGuid":"8bcc018d21764aae98206653860f4bbd","FunctionParameters":[{"PositionInParameterList":1,"Direction":"IN","Type":"NODE_LIST","Name":"unitCode"},{"PositionInParameterList":2,"Direction":"IN","Type":"NODE_LIST","Name":"_CONTENT_"},{"PositionInParameterList":3,"Direction":"OUT","Type":"NODE_LIST","Name":"nodes_out_1"}],"FunctionImplementations":[{"SourceCode":"\u003cxsl:variable name\u003d\"vFraction\" select\u003d\"\u00274\u0027\" /\u003e\n\u003cxsl:variable name\u003d\"vFraString\"\n    select\u003d\"string-join(for $i in 1 to xs:integer($vFraction) return \u00270\u0027, \u0027\u0027)\" /\u003e\n\n\u003cxsl:variable name\u003d\"vSum\" select\u003d\"\n  if (upper-case($nodes_in[1]/unitCode) \u003d \u0027GRM\u0027) then \n    xs:decimal(sum($nodes_in[1]/_CONTENT_) div 1000)\n  else if (upper-case($nodes_in[1]/unitCode) \u003d \u0027DG\u0027) then \n    xs:decimal(sum($nodes_in[1]/_CONTENT_) div 100)\n  else if (upper-case($nodes_in[1]/unitCode) \u003d \u0027KGM\u0027) then xs:decimal(sum($nodes_in[1]/_CONTENT_))\n  else sum($nodes_in[1]/_CONTENT_)\n\"/\u003e\n\n\u003cxsl:value-of select\u003d\"format-number($vSum, concat(\u0027#0.\u0027, $vFraString))\" /\u003e","FunctionImplementationLanguage":{"Name":"XSLT","Version":"2.0"}}],"isReference":true},"ParameterAssignments":[{"PositionInParameterList":1,"PositionInParameter":1,"PositionInDomainSet":1},{"PositionInParameterList":2,"PositionInParameter":1,"PositionInDomainSet":2},{"PositionInParameterList":3,"PositionInParameter":1,"PositionInDomainSet":1}]}},{"DomainMappingElement":{"SourceDomainSet":[{"DomainGuid":"32466b7c7aa73ded8108a2aeee7bd13a","Position":1},{"DomainGuid":"9fb3648bdfd031c79931495d18a01560","Position":2}],"TargetDomainSet":[{"DomainGuid":"b922a634204c3550aa3d8320f945bf05","AlternativeDomainGuid":"1c7484545b02403f9f467a2a29211df4","Position":1}],"Documentation":{}},"Transformation":{"Function":{"FunctionGuid":"6ddd88a555c04595a38de83c1fa42a00","FunctionParameters":[{"PositionInParameterList":1,"Direction":"IN","Type":"NODE_LIST","Name":"unitCode"},{"PositionInParameterList":2,"Direction":"IN","Type":"NODE_LIST","Name":"_CONTENT_"},{"PositionInParameterList":3,"Direction":"OUT","Type":"NODE_LIST","Name":"nodes_out_1"}],"FunctionImplementations":[{"SourceCode":"\u003cxsl:variable name\u003d\"vFraction\" select\u003d\"\u00274\u0027\" /\u003e\n\u003cxsl:variable name\u003d\"vFraString\" \n    select\u003d\"string-join(for $i in 1 to xs:integer($vFraction) return \u00270\u0027, \u0027\u0027)\" /\u003e\n\n\u003cxsl:variable name\u003d\"vSum\" select\u003d\"\n  if (upper-case($nodes_in[1]/unitCode) \u003d \u0027KGM\u0027) then \n    xs:decimal(sum($nodes_in[1]/_CONTENT_) * 1000)\n  else if (upper-case($nodes_in[1]/unitCode) \u003d \u0027DG\u0027) then \n    xs:decimal(sum($nodes_in[1]/_CONTENT_) div 10)\n  else if (upper-case($nodes_in[1]/unitCode) \u003d \u0027GRM\u0027) then xs:decimal(sum($nodes_in[1]/_CONTENT_))\n\n    else xs:decimal(sum($nodes_in[1]/_CONTENT_))\n\"/\u003e\n\n\u003cxsl:value-of select\u003d\"format-number($vSum, concat(\u0027#0.\u0027, $vFraString))\" /\u003e\n","FunctionImplementationLanguage":{"Name":"XSLT","Version":"2.0"}}],"isReference":true},"ParameterAssignments":[{"PositionInParameterList":1,"PositionInParameter":1,"PositionInDomainSet":1},{"PositionInParameterList":2,"PositionInParameter":1,"PositionInDomainSet":2},{"PositionInParameterList":3,"PositionInParameter":1,"PositionInDomainSet":1}]}},{"DomainMappingElement":{"SourceDomainSet":[{"DomainGuid":"32466b7c7aa73ded8108a2aeee7bd13a","Position":1},{"DomainGuid":"9fb3648bdfd031c79931495d18a01560","Position":2}],"TargetDomainSet":[{"DomainGuid":"6312282b778937f59fe7ddd3fabb3c9b","AlternativeDomainGuid":"96809842a1d046c3a3f10da06f540f11","Position":1}],"Documentation":{}},"Transformation":{"Function":{"FunctionGuid":"9be02f2924fa443c9e3e463a8e5cf06e","FunctionParameters":[{"PositionInParameterList":1,"Direction":"IN","Type":"NODE_LIST","Name":"unitCode"},{"PositionInParameterList":2,"Direction":"IN","Type":"NODE_LIST","Name":"_CONTENT_"},{"PositionInParameterList":3,"Direction":"OUT","Type":"NODE_LIST","Name":"nodes_out_1"}],"FunctionImplementations":[{"SourceCode":"\u003cxsl:variable name\u003d\"vFraction\" select\u003d\"\u00274\u0027\"/\u003e\n\u003cxsl:variable name\u003d\"vFraString\"  \n    select\u003d\"string-join(for $i in 1 to xs:integer($vFraction) return \u00270\u0027, \u0027\u0027)\"/\u003e\n\u003cxsl:variable name\u003d\"vSum\" select\u003d\"\n  if (upper-case($nodes_in[1]/unitCode) \u003d \u0027KGM\u0027) then xs:decimal(sum($nodes_in[1]/_CONTENT_ div 10000))\n  else if (upper-case($nodes_in[1]/unitCode) \u003d \u0027GRM\u0027) then xs:decimal(sum($nodes_in[1]/_CONTENT_) div 10)\n  else if (upper-case($nodes_in[1]/unitCode) \u003d \u0027DG\u0027) then xs:decimal(sum($nodes_in[1]/_CONTENT_))\n  else sum($nodes_in[1]/_CONTENT_)\n\"/\u003e\n\u003cxsl:value-of select\u003d\"format-number($vSum, concat(\u0027#0.\u0027, $vFraString))\"/\u003e","FunctionImplementationLanguage":{"Name":"XSLT","Version":"2.0"}}],"isReference":true},"ParameterAssignments":[{"PositionInParameterList":1,"PositionInParameter":1,"PositionInDomainSet":1},{"PositionInParameterList":2,"PositionInParameter":1,"PositionInDomainSet":2},{"PositionInParameterList":3,"PositionInParameter":1,"PositionInDomainSet":1}]}}],"TargetNodeDuplicationRules":[],"TargetNodeStatus":{},"SharedFunctions":[{"Name":"fx_sumOfDimensionValues_in_DG","Summary":"Returns the sum of values converted to decigrams (DG) based on the unit (KGM, GRM, DG), and formats the result with fixed decimal precision using XSLT.","DocumentationHtmlMode":true,"Origin":"Local","CreatedBy":"Qi Liu","CreatedOn":"2025-09-02T14:15:00.784Z","ModifiedBy":"Qi Liu","ModifiedOn":"2025-09-02T14:24:59.893Z","FunctionGuid":"9be02f2924fa443c9e3e463a8e5cf06e","FunctionImplementations":[{"SourceCode":"\u003cxsl:variable name\u003d\"vFraction\" select\u003d\"\u00274\u0027\"/\u003e\n\u003cxsl:variable name\u003d\"vFraString\"  \n    select\u003d\"string-join(for $i in 1 to xs:integer($vFraction) return \u00270\u0027, \u0027\u0027)\"/\u003e\n\u003cxsl:variable name\u003d\"vSum\" select\u003d\"\n  if (upper-case($nodes_in[1]/unitCode) \u003d \u0027KGM\u0027) then xs:decimal(sum($nodes_in[1]/_CONTENT_ div 10000))\n  else if (upper-case($nodes_in[1]/unitCode) \u003d \u0027GRM\u0027) then xs:decimal(sum($nodes_in[1]/_CONTENT_) div 10)\n  else if (upper-case($nodes_in[1]/unitCode) \u003d \u0027DG\u0027) then xs:decimal(sum($nodes_in[1]/_CONTENT_))\n  else sum($nodes_in[1]/_CONTENT_)\n\"/\u003e\n\u003cxsl:value-of select\u003d\"format-number($vSum, concat(\u0027#0.\u0027, $vFraString))\"/\u003e","FunctionImplementationLanguage":{"Name":"XSLT","Version":"2.0"}}],"isReference":true},{"Name":"fx_sumOfDimensionValues_in_GRM","Summary":" Returns the sum of values converted to gram (GRM) based on the unit (KGM, GRM, DG), and formats the result with fixed decimal precision using XSLT.","DocumentationHtmlMode":true,"Origin":"Local","CreatedBy":"Qi Liu","CreatedOn":"2025-09-02T14:15:20.413Z","ModifiedBy":"Qi Liu","ModifiedOn":"2025-09-02T14:24:56.616Z","FunctionGuid":"6ddd88a555c04595a38de83c1fa42a00","FunctionImplementations":[{"SourceCode":"\u003cxsl:variable name\u003d\"vFraction\" select\u003d\"\u00274\u0027\" /\u003e\n\u003cxsl:variable name\u003d\"vFraString\" \n    select\u003d\"string-join(for $i in 1 to xs:integer($vFraction) return \u00270\u0027, \u0027\u0027)\" /\u003e\n\n\u003cxsl:variable name\u003d\"vSum\" select\u003d\"\n  if (upper-case($nodes_in[1]/unitCode) \u003d \u0027KGM\u0027) then \n    xs:decimal(sum($nodes_in[1]/_CONTENT_) * 1000)\n  else if (upper-case($nodes_in[1]/unitCode) \u003d \u0027DG\u0027) then \n    xs:decimal(sum($nodes_in[1]/_CONTENT_) div 10)\n  else if (upper-case($nodes_in[1]/unitCode) \u003d \u0027GRM\u0027) then xs:decimal(sum($nodes_in[1]/_CONTENT_))\n\n    else xs:decimal(sum($nodes_in[1]/_CONTENT_))\n\"/\u003e\n\n\u003cxsl:value-of select\u003d\"format-number($vSum, concat(\u0027#0.\u0027, $vFraString))\" /\u003e\n","FunctionImplementationLanguage":{"Name":"XSLT","Version":"2.0"}}],"isReference":true},{"Name":"fx_sumOfDimensionValues_in_KGM","Summary":"Returns the sum of values converted to kilograms (KGM) based on the unit (KGM, GRM, DG), and formats the result with fixed decimal precision using XSLT.","DocumentationHtmlMode":true,"Origin":"Local","CreatedBy":"Qi Liu","CreatedOn":"2025-09-02T14:15:51.793Z","ModifiedBy":"Qi Liu","ModifiedOn":"2025-09-02T14:24:51.248Z","FunctionGuid":"8bcc018d21764aae98206653860f4bbd","FunctionImplementations":[{"SourceCode":"\u003cxsl:variable name\u003d\"vFraction\" select\u003d\"\u00274\u0027\" /\u003e\n\u003cxsl:variable name\u003d\"vFraString\"\n    select\u003d\"string-join(for $i in 1 to xs:integer($vFraction) return \u00270\u0027, \u0027\u0027)\" /\u003e\n\n\u003cxsl:variable name\u003d\"vSum\" select\u003d\"\n  if (upper-case($nodes_in[1]/unitCode) \u003d \u0027GRM\u0027) then \n    xs:decimal(sum($nodes_in[1]/_CONTENT_) div 1000)\n  else if (upper-case($nodes_in[1]/unitCode) \u003d \u0027DG\u0027) then \n    xs:decimal(sum($nodes_in[1]/_CONTENT_) div 100)\n  else if (upper-case($nodes_in[1]/unitCode) \u003d \u0027KGM\u0027) then xs:decimal(sum($nodes_in[1]/_CONTENT_))\n  else sum($nodes_in[1]/_CONTENT_)\n\"/\u003e\n\n\u003cxsl:value-of select\u003d\"format-number($vSum, concat(\u0027#0.\u0027, $vFraString))\" /\u003e","FunctionImplementationLanguage":{"Name":"XSLT","Version":"2.0"}}],"isReference":true}],"SharedVariables":[],"AdministrativeData":{"CreatedBy":"qi.liu05@sap.com","CreatedOn":1756822481844,"ModifiedBy":"noah.rauch@sap.com","ModifiedOn":1757615470138},"Documentation":{"Name":{"ArtifactValue":{"Id":"7ec331aebe1c3f02ad338d83b8f9ed41","action":"NONE"}},"Definition":{"ArtifactValue":{"Id":"6666cd76f96936469e7be39d750cc7d9","action":"NONE"}},"Summary":{"ArtifactValue":{"Id":"6666cd76f96936469e7be39d750cc7d9","action":"NONE"}},"NumberOfNotes":0,"Notes":[]},"DocumentationArtifacts":{"UID-ae3e21aa-9bca-4a8b-968c-aeaeeffac81c":"03.) [Trading Partner Name] - SAP SOAP 1905 InvoiceRequest - to - SAP IDOC INVOIC.INVOIC02 for Customer EDI","4cbf1f82d66c3333b3e6b720b9bf0de0":" 03.) [Trading Partner Name] - SAP SOAP 1905 InvoiceRequest - to - SAP IDOC INVOIC.INVOIC02 for Customer EDI","UID-f394f4bf-4a7e-4d6a-b7c0-0f4d65f718ae":"03.) [Trading Partner Name] - SAP SOAP 1905 InvoiceRequest - to - SAP IDOC INVOIC.INVOIC02 for Customer EDI","UID-afa421a4-2a9a-43b3-8126-f901cb0d4205":"03.) [Trading Partner Name] - SAP SOAP 1905 InvoiceRequest - to - SAP IDOC INVOIC.INVOIC02 for Customer EDI","7ec331aebe1c3f02ad338d83b8f9ed41":"03.) [Trading Partner Name] - SAP SOAP 1905 InvoiceRequest - to - SAP IDOC INVOIC.INVOIC02 for Customer EDI","6666cd76f96936469e7be39d750cc7d9":""}}