{"Name":"[Trading Partner Name]","ShortName":"[TP]","WebURL":"www.trading-partner.com","LogoId":"18be672c721d4f1f845f6436ec301fba_logo","EmailAddress":"","PhoneNumber":"+ ","Profile":{"Address":{"CityName":"Walldorf","CountryCode":"","CountrySubdivisionCode":"","HouseNumber":"16","POBox":"","POBoxPostalCode":"","StreetName":"Dietmar-Hopp-Allee","StreetPostalCode":"69190"},"PartnerType":"TRADING_PARTNER","ContactPersonList":[],"ContactChannel":[],"BusinessContext":{"BusinessProcessRole":{"BusinessProcessRoleCodeList":[]},"IndustryClassification":{"IndustryClassificationCodeList":[]},"ProductClassification":{"ProductClassificationCodeList":[]},"GeoPolitical":{"CountryInfoList":[]}},"NumberRangeAssignments":[{"Name":"ICN_UNEDIFACT","Alias":"ICN_UNEDIFACT"}]},"DocumentSchemaVersion":"1.0","administrativeData":{"createdAt":1713793036415,"createdBy":"jingwen.li01@sap.com","modifiedAt":1726144898056,"modifiedBy":"gunther.stuhec@sap.com"},"searchableAttributes":{"TENANT":["e30aab0a-9c29-40d4-a156-5e6dc245c28f"]},"artifactProperties":{"webURL":"www.trading-partner.com","shortName":"[TP]","logoID":"18be672c721d4f1f845f6436ec301fba_logo"},"relations":[],"ArtifactRelations":{},"artifactStatus":"Draft","id":"18be672c721d4f1f845f6436ec301fba","uniqueId":"1a307c74f7ca46e292e7ee5989485237","artifactType":"TRADING_PARTNER","displayName":"[Trading Partner Name]","semanticVersion":"1.0"}