{"TradingPartnerDetails":{"IdForTradingPartner":{"Properties":{"Id":"18be672c721d4f1f845f6436ec301fba"}},"IdForSystemInstance":{"Properties":{"Id":"4d79cc68ef0540dc9dd1dec9ea0c5160"}},"IdForSenderIdentifier":{"Properties":{"Id":"ca9e956406604b519498353921414e84"}},"IdForReceiverIdentifier":{"Properties":{"Id":"749b44f09b8849d0a11d0f38cb1723fd"}},"IdForContactPerson":{"Properties":{"Id":""}}},"AgreementLifeCycleStatus":{"Activated":true,"UpdateStatus":"UPDATED","ActivatedAt":0},"TransactionOption":{"Option":"Copy","TransactionIds":["e69b5f271d6f416abf599775ca84d016","ee65497b9e654709a9f9b7d9d1f33541","9c6fb264bb6142f4aa470eb50c93295f"]},"RefreshRequired":false,"SourceTemplateName":"[B2B Integration Factory] - Order to Cash B2B Scenario for SAP IDoc with UN/EDIFACT D.96A - Template","ConcreteTransactionDetails":{"e69b5f271d6f416abf599775ca84d016":{"BusinessTransactionLifeCycleStatus":{"Activated":true,"UpdateStatus":"UPDATED","ActivatedAt":1743706409805,"ActivatedBy":"moussa.el.kakouchi@sap.com"},"ComputedPids":["SAP_TPM_1ce6ccdeb4a337ae0c1cf9eb51cc2391","SAP_TPM_eea6a47135356d839e905ddb2c9b2991"],"HashKeyPids":["SAP_TPM_1ce6ccdeb4a337ae0c1cf9eb51cc2391","SAP_TPM_eea6a47135356d839e905ddb2c9b2991"]},"ee65497b9e654709a9f9b7d9d1f33541":{"BusinessTransactionLifeCycleStatus":{"Activated":true,"UpdateStatus":"UPDATED","ActivatedAt":1743706409805,"ActivatedBy":"moussa.el.kakouchi@sap.com"},"ComputedPids":["SAP_TPM_5e576f3712153db491a6862e0e70c42f"],"HashKeyPids":["SAP_TPM_5e576f3712153db491a6862e0e70c42f"]},"9c6fb264bb6142f4aa470eb50c93295f":{"BusinessTransactionLifeCycleStatus":{"Activated":true,"UpdateStatus":"UPDATED","ActivatedAt":1743706409805,"ActivatedBy":"moussa.el.kakouchi@sap.com"},"ComputedPids":["SAP_TPM_12f735c1784f4979bd2329c43584b6c4"],"HashKeyPids":["SAP_TPM_12f735c1784f4979bd2329c43584b6c4"]}},"Name":"[B2B Integration Factory] - Order to Cash B2B Scenario - SAP IDoc with UN/EDIFACT D.96A","Description":"In a B2B Order to Cash scenario between SAP IDOC and UN/EDIFACT Version D.96A, the process involves the exchange of electronic documents for the creation and fulfillment of sales orders. SAP IDOCs are used to represent the data from the SAP system, while UN/EDIFACT Version D.96A is a standardized electronic data interchange format used for international trade. The scenario would involve the transmission of order data from the SAP system in IDOC format to trading partners using UN/EDIFACT D.96A, followed by the exchange of shipping and invoicing information to complete the order fulfillment process. The integration of these systems allows for seamless and automated communication between trading partners, leading to improved efficiency and accuracy in the order to cash process","Version":"1.0","OwnedBy":"Self","OwnerId":"myCompany","Shared":false,"TransactionsNumber":3,"CompanyData":{"Id":"myCompany","Name":"[Company Name]","Role":"INITIATOR","SystemInstance":{"Properties":{"Id":"9e446f07ceb64f33bae5e11b66be71ac","Label_Alias":"S/4 HANA System"}},"TypeSystem":{"Properties":{"Id":"SAP_IDoc"}},"TypeSystemVersion":"755","IdAsSender":{"Properties":{"Id":"02b003f2ccd24519b7bc27ac79e37de3","Label_Alias":"Company_IDOC_ID"}},"IdAsReceiver":{"Properties":{"Id":"c66f21511f3844269f41c3803a6ff135","Label_Alias":"Company_UNEDIFACT_ID"}},"ContactPerson":{"Properties":{"Id":""}}},"TradingPartnerData":{"Role":"REACTOR","AliasForSystemInstance":{"Properties":{"Alias":"[B2B Integration Factory]-System"}},"TypeSystem":{"Properties":{"Id":"UNEDIFACT"}},"TypeSystemVersion":"D.96A S3","AliasForIdentifierInOwnTS":{"Properties":{"Alias":"TP_UN-EDIFACT_ID"}},"AliasForIdentifierInCompanyTS":{"Properties":{"Alias":"TP_D.96A_IDOC_ID"}},"AliasForContactPersonRole":{"Properties":{"Alias":""}}},"CommunicationPartnerData":{"IdForTradingPartner":{"Properties":{}},"IdForSystemInstance":{"Properties":{}}},"B2BScenarioDetailsId":"61da58408cc44967a6bc04c033ce7917","DocumentSchemaVersion":"1.0","administrativeData":{"createdAt":1723047709834,"createdBy":"vishakha.deshmukh@sap.com","modifiedAt":1743706409894,"modifiedBy":"moussa.el.kakouchi@sap.com"},"ParentId":"33e1ad1132f8459fb07f5f4fdad30951","ParentArtifactType":"AGREEMENT_TEMPLATE_V2","searchableAttributes":{"ModelVersion":["2.0"],"TENANT":["e30aab0a-9c29-40d4-a156-5e6dc245c28f"],"PD_KEY_HASH":["SAP_TPM_1ce6ccdeb4a337ae0c1cf9eb51cc2391","SAP_TPM_eea6a47135356d839e905ddb2c9b2991","SAP_TPM_5e576f3712153db491a6862e0e70c42f","SAP_TPM_12f735c1784f4979bd2329c43584b6c4"],"activatedAt":["1743706409805"],"activatedBy":["moussa.el.kakouchi@sap.com"]},"artifactProperties":{},"relations":[],"ArtifactRelations":{},"artifactStatus":"Draft","id":"d98f7bb8d4c848ea8a81eb44722f5bd9","uniqueId":"d98f7bb8d4c848ea8a81eb44722f5bd9","artifactType":"TRADING_PARTNER_AGREEMENT_V2","displayName":"[B2B Integration Factory] - Order to Cash B2B Scenario - SAP IDoc with UN/EDIFACT D.96A","semanticVersion":"2.0"}