{"IsGroupIdentifier":false,"AssociatedIdentifiers":{"Properties":{}},"Alias":"Company_SOAP_ID","TypeSystemId":"SAP_S4HANA_Cloud_SOA","IdentifierId":"Company_SOAP_ID","SchemeName":"N/A","SchemeCode":"N/A","DocumentSchemaVersion":"1.0","administrativeData":{"createdAt":1731503317948,"createdBy":"tamaki.ogura@sap.com","modifiedAt":1731503317948,"modifiedBy":"tamaki.ogura@sap.com"},"ParentId":"myCompany","ParentArtifactType":"COMPANY","searchableAttributes":{"Alias":["Company_SOAP_ID"],"TENANT":["e30aab0a-9c29-40d4-a156-5e6dc245c28f"]},"artifactProperties":{},"relations":[],"ArtifactRelations":{},"artifactStatus":"Draft","id":"f49e65fa67284c908b2c4e2d7a76d943","uniqueId":"f49e65fa67284c908b2c4e2d7a76d943","artifactType":"IDENTIFIER","displayName":"Company_SOAP_ID","semanticVersion":"1.0"}