{"IsGroupIdentifier":false,"AssociatedIdentifiers":{"Properties":{}},"Alias":"TP_IDOC_SOA_ID","TypeSystemId":"SAP_IDoc","IdentifierId":"TP_IDOC_SOA_ID","SchemeName":"N/A","SchemeCode":"N/A","DocumentSchemaVersion":"1.0","administrativeData":{"createdAt":1732107763313,"createdBy":"tamaki.ogura@sap.com","modifiedAt":1732107763313,"modifiedBy":"tamaki.ogura@sap.com"},"ParentId":"18be672c721d4f1f845f6436ec301fba","ParentArtifactType":"TRADING_PARTNER","searchableAttributes":{"Alias":["TP_IDOC_SOA_ID"],"TENANT":["e30aab0a-9c29-40d4-a156-5e6dc245c28f"]},"artifactProperties":{},"relations":[],"ArtifactRelations":{},"artifactStatus":"Draft","id":"fa8111ecc0b94db3a6635481d7130c6f","uniqueId":"fa8111ecc0b94db3a6635481d7130c6f","artifactType":"IDENTIFIER","displayName":"TP_IDOC_SOA_ID","semanticVersion":"1.0"}