{"ArtifactMetadata":{"SchemaVersion":"1.4","ArtifactType":"MagDetail"},"Identification":{"ObjectGuid":"464392a43f944b518bdc73cc40a89f26","MAGGUID":"2a19f6d6018d4994a7a81614e242981c","ImportCorrelationGroupId":"043f13523ba04c7eb7150b5bce7ffe4f","ImportCorrelationObjectId":"12070185736847f9bf02e50bc9e54b8a","MAGVersion":"2.0","Customer":"fd071028502f5e5e1104606396090e5a"},"SourceBusinessContext":[{"contextType":"IndustryClassification","codeListId":"Industry","contextValues":[{"key":"I_CP","name":"Consumer Products"}]},{"contextType":"BusinessProcessRole","codeListId":"RoleCodelist","contextValues":[{"key":"SE","name":"Seller"},{"key":"BY","name":"Buyer"}]},{"contextType":"BusinessProcess","codeListId":"CommonBusinessProcessCodelist","contextValues":[{"key":"00029","name":"Confirm/Verify Payment Orders"}]}],"TargetBusinessContext":[{"contextType":"IndustryClassification","codeListId":"Industry","contextValues":[{"key":"I_CP","name":"Consumer Products"}]},{"contextType":"BusinessProcessRole","codeListId":"RoleCodelist","contextValues":[{"key":"SE","name":"Seller"},{"key":"BY","name":"Buyer"}]},{"contextType":"BusinessProcess","codeListId":"CommonBusinessProcessCodelist","contextValues":[{"key":"00029","name":"Confirm/Verify Payment Orders"}]}],"Status":"Active","SourceMig":{"ObjectGUID":"2334356b39044517a275fb70315eeae3","TypeSystemId":"SAP_IDoc"},"TargetMig":{"ObjectGUID":"5e7154caa1434281b46ee4b3bc223efd","TypeSystemId":"UNEDIFACT"},"DomainMappingElementsWithTransformation":[{"DomainMappingElement":{"SourceDomainSet":[],"TargetDomainSet":[{"DomainGuid":"746e09cc1c4c33c5af297e3a204885b2","Position":1}],"Documentation":{"NumberOfNotes":0,"Notes":[]}},"Transformation":{"Function":{"FunctionGuid":"00000000000000000000000000000002","FunctionParameters":[{"PositionInParameterList":1,"Direction":"IN","Type":"STRING","Name":"value"},{"PositionInParameterList":2,"Direction":"OUT","Type":"NODE_LIST","Name":"nodes_out_1"}],"FunctionImplementations":[{"SourceCode":"\u003cxsl:value-of select\u003d\"$nodes_in/value\"/\u003e","FunctionImplementationLanguage":{"Name":"XSLT","Version":"2.0"}}],"isReference":false},"ParameterAssignments":[{"PositionInParameterList":1,"PositionInParameter":1,"Value":"ORDRSP"},{"PositionInParameterList":2,"PositionInParameter":1,"PositionInDomainSet":1}]},"Confidential":false},{"DomainMappingElement":{"SourceDomainSet":[],"TargetDomainSet":[{"DomainGuid":"6da1f6675f9f36cabb59960f1f3017d8","Position":1}],"Documentation":{"NumberOfNotes":0,"Notes":[]}},"Transformation":{"Function":{"FunctionGuid":"00000000000000000000000000000002","FunctionParameters":[{"PositionInParameterList":1,"Direction":"IN","Type":"STRING","Name":"value"},{"PositionInParameterList":2,"Direction":"OUT","Type":"NODE_LIST","Name":"nodes_out_1"}],"FunctionImplementations":[{"SourceCode":"\u003cxsl:value-of select\u003d\"$nodes_in/value\"/\u003e","FunctionImplementationLanguage":{"Name":"XSLT","Version":"2.0"}}],"isReference":false},"ParameterAssignments":[{"PositionInParameterList":1,"PositionInParameter":1,"Value":"D"},{"PositionInParameterList":2,"PositionInParameter":1,"PositionInDomainSet":1}]},"Confidential":false},{"DomainMappingElement":{"SourceDomainSet":[],"TargetDomainSet":[{"DomainGuid":"d942ac8be3e230e39074bf751bb5d925","Position":1}],"Documentation":{"NumberOfNotes":0,"Notes":[]}},"Transformation":{"Function":{"FunctionGuid":"00000000000000000000000000000002","FunctionParameters":[{"PositionInParameterList":1,"Direction":"IN","Type":"STRING","Name":"value"},{"PositionInParameterList":2,"Direction":"OUT","Type":"NODE_LIST","Name":"nodes_out_1"}],"FunctionImplementations":[{"SourceCode":"\u003cxsl:value-of select\u003d\"$nodes_in/value\"/\u003e","FunctionImplementationLanguage":{"Name":"XSLT","Version":"2.0"}}],"isReference":false},"ParameterAssignments":[{"PositionInParameterList":1,"PositionInParameter":1,"Value":"UN"},{"PositionInParameterList":2,"PositionInParameter":1,"PositionInDomainSet":1}]},"Confidential":false},{"DomainMappingElement":{"SourceDomainSet":[],"TargetDomainSet":[{"DomainGuid":"ba052a83254d3dc396f1f6ecb334c95e","AlternativeDomainGuid":"4568ab87747635be92c761c082ea7de1","Position":1}],"Documentation":{"NumberOfNotes":0,"Notes":[]}},"Transformation":{"Function":{"FunctionGuid":"00000000000000000000000000000002","FunctionParameters":[{"PositionInParameterList":1,"Direction":"IN","Type":"STRING","Name":"value"},{"PositionInParameterList":2,"Direction":"OUT","Type":"NODE_LIST","Name":"nodes_out_1"}],"FunctionImplementations":[{"SourceCode":"\u003cxsl:value-of select\u003d\"$nodes_in/value\"/\u003e","FunctionImplementationLanguage":{"Name":"XSLT","Version":"2.0"}}],"isReference":false},"ParameterAssignments":[{"PositionInParameterList":1,"PositionInParameter":1,"Value":"137"},{"PositionInParameterList":2,"PositionInParameter":1,"PositionInDomainSet":1}]},"Confidential":false},{"DomainMappingElement":{"SourceDomainSet":[],"TargetDomainSet":[{"DomainGuid":"19cd310faa94355a92fe1c6eb19f2e35","AlternativeDomainGuid":"72d63fa1ffa9393a8cdde45facd1b598","Position":1}],"Documentation":{"NumberOfNotes":0,"Notes":[]}},"Transformation":{"Function":{"FunctionGuid":"00000000000000000000000000000002","FunctionParameters":[{"PositionInParameterList":1,"Direction":"IN","Type":"STRING","Name":"value"},{"PositionInParameterList":2,"Direction":"OUT","Type":"NODE_LIST","Name":"nodes_out_1"}],"FunctionImplementations":[{"SourceCode":"\u003cxsl:value-of select\u003d\"$nodes_in/value\"/\u003e","FunctionImplementationLanguage":{"Name":"XSLT","Version":"2.0"}}],"isReference":false},"ParameterAssignments":[{"PositionInParameterList":1,"PositionInParameter":1,"Value":"ON"},{"PositionInParameterList":2,"PositionInParameter":1,"PositionInDomainSet":1}]},"Confidential":false},{"DomainMappingElement":{"SourceDomainSet":[],"TargetDomainSet":[{"DomainGuid":"d753977177c233b181e696c784bb234a","AlternativeDomainGuid":"d7e046e6f17735149c85835cf4e655bb","Position":1}],"Documentation":{"NumberOfNotes":0,"Notes":[]}},"Transformation":{"Function":{"FunctionGuid":"00000000000000000000000000000002","FunctionParameters":[{"PositionInParameterList":1,"Direction":"IN","Type":"STRING","Name":"value"},{"PositionInParameterList":2,"Direction":"OUT","Type":"NODE_LIST","Name":"nodes_out_1"}],"FunctionImplementations":[{"SourceCode":"\u003cxsl:value-of select\u003d\"$nodes_in/value\"/\u003e","FunctionImplementationLanguage":{"Name":"XSLT","Version":"2.0"}}],"isReference":false},"ParameterAssignments":[{"PositionInParameterList":1,"PositionInParameter":1,"Value":"171"},{"PositionInParameterList":2,"PositionInParameter":1,"PositionInDomainSet":1}]},"Confidential":false},{"DomainMappingElement":{"SourceDomainSet":[],"TargetDomainSet":[{"DomainGuid":"dd845b33569b307c8a9976bc90f4d3fa","AlternativeDomainGuid":"38e5a24784134dfcb410fcfa65ecd0eb","Position":1}],"Documentation":{"NumberOfNotes":0,"Notes":[]}},"Transformation":{"Function":{"FunctionGuid":"00000000000000000000000000000002","FunctionParameters":[{"PositionInParameterList":1,"Direction":"IN","Type":"STRING","Name":"value"},{"PositionInParameterList":2,"Direction":"OUT","Type":"NODE_LIST","Name":"nodes_out_1"}],"FunctionImplementations":[{"SourceCode":"\u003cxsl:value-of select\u003d\"$nodes_in/value\"/\u003e","FunctionImplementationLanguage":{"Name":"XSLT","Version":"2.0"}}],"isReference":false},"ParameterAssignments":[{"PositionInParameterList":1,"PositionInParameter":1,"Value":"VN"},{"PositionInParameterList":2,"PositionInParameter":1,"PositionInDomainSet":1}]},"Confidential":false},{"DomainMappingElement":{"SourceDomainSet":[],"TargetDomainSet":[{"DomainGuid":"49664aac00ce39e99ad90f5329bb7e9f","AlternativeDomainGuid":"3eb03b6dcb06449c9958895dbab521e4","Position":1}],"Documentation":{"NumberOfNotes":0,"Notes":[]}},"Transformation":{"Function":{"FunctionGuid":"00000000000000000000000000000002","FunctionParameters":[{"PositionInParameterList":1,"Direction":"IN","Type":"STRING","Name":"value"},{"PositionInParameterList":2,"Direction":"OUT","Type":"NODE_LIST","Name":"nodes_out_1"}],"FunctionImplementations":[{"SourceCode":"\u003cxsl:value-of select\u003d\"$nodes_in/value\"/\u003e","FunctionImplementationLanguage":{"Name":"XSLT","Version":"2.0"}}],"isReference":false},"ParameterAssignments":[{"PositionInParameterList":1,"PositionInParameter":1,"Value":"171"},{"PositionInParameterList":2,"PositionInParameter":1,"PositionInDomainSet":1}]},"Confidential":false},{"DomainMappingElement":{"SourceDomainSet":[],"TargetDomainSet":[{"DomainGuid":"3828b41e93b43ff6b7494b8f748d9ac0","AlternativeDomainGuid":"4d9fd6a2cca63ba694a4c34ed722d3e3","Position":1}],"Documentation":{"NumberOfNotes":0,"Notes":[]}},"Transformation":{"Function":{"FunctionGuid":"00000000000000000000000000000002","FunctionParameters":[{"PositionInParameterList":1,"Direction":"IN","Type":"STRING","Name":"value"},{"PositionInParameterList":2,"Direction":"OUT","Type":"NODE_LIST","Name":"nodes_out_1"}],"FunctionImplementations":[{"SourceCode":"\u003cxsl:value-of select\u003d\"$nodes_in/value\"/\u003e","FunctionImplementationLanguage":{"Name":"XSLT","Version":"2.0"}}],"isReference":false},"ParameterAssignments":[{"PositionInParameterList":1,"PositionInParameter":1,"Value":"BY"},{"PositionInParameterList":2,"PositionInParameter":1,"PositionInDomainSet":1}]},"Confidential":false},{"DomainMappingElement":{"SourceDomainSet":[],"TargetDomainSet":[{"DomainGuid":"19edf5b1d02d3506a49bd0ac1fe1952f","AlternativeDomainGuid":"9a0d23669f1d41caad627ad17e768ab5","Position":1}],"Documentation":{"NumberOfNotes":0,"Notes":[]}},"Transformation":{"Function":{"FunctionGuid":"00000000000000000000000000000002","FunctionParameters":[{"PositionInParameterList":1,"Direction":"IN","Type":"STRING","Name":"value"},{"PositionInParameterList":2,"Direction":"OUT","Type":"NODE_LIST","Name":"nodes_out_1"}],"FunctionImplementations":[{"SourceCode":"\u003cxsl:value-of select\u003d\"$nodes_in/value\"/\u003e","FunctionImplementationLanguage":{"Name":"XSLT","Version":"2.0"}}],"isReference":false},"ParameterAssignments":[{"PositionInParameterList":1,"PositionInParameter":1,"Value":"DP"},{"PositionInParameterList":2,"PositionInParameter":1,"PositionInDomainSet":1}]},"Confidential":false},{"DomainMappingElement":{"SourceDomainSet":[],"TargetDomainSet":[{"DomainGuid":"209e4b4513c2339a815f9cce7e8bf2a5","AlternativeDomainGuid":"18656aac4d4e4987980a5c9acb24c060","Position":1}],"Documentation":{"NumberOfNotes":0,"Notes":[]}},"Transformation":{"Function":{"FunctionGuid":"00000000000000000000000000000002","FunctionParameters":[{"PositionInParameterList":1,"Direction":"IN","Type":"STRING","Name":"value"},{"PositionInParameterList":2,"Direction":"OUT","Type":"NODE_LIST","Name":"nodes_out_1"}],"FunctionImplementations":[{"SourceCode":"\u003cxsl:value-of select\u003d\"$nodes_in/value\"/\u003e","FunctionImplementationLanguage":{"Name":"XSLT","Version":"2.0"}}],"isReference":false},"ParameterAssignments":[{"PositionInParameterList":1,"PositionInParameter":1,"Value":"IV"},{"PositionInParameterList":2,"PositionInParameter":1,"PositionInDomainSet":1}]},"Confidential":false},{"DomainMappingElement":{"SourceDomainSet":[],"TargetDomainSet":[{"DomainGuid":"c62a57b27f7e39c19298f5a72c048d5b","AlternativeDomainGuid":"cdd56bb4216e428b9985465b5e4978e6","Position":1}],"Documentation":{"NumberOfNotes":0,"Notes":[]}},"Transformation":{"Function":{"FunctionGuid":"00000000000000000000000000000002","FunctionParameters":[{"PositionInParameterList":1,"Direction":"IN","Type":"STRING","Name":"value"},{"PositionInParameterList":2,"Direction":"OUT","Type":"NODE_LIST","Name":"nodes_out_1"}],"FunctionImplementations":[{"SourceCode":"\u003cxsl:value-of select\u003d\"$nodes_in/value\"/\u003e","FunctionImplementationLanguage":{"Name":"XSLT","Version":"2.0"}}],"isReference":false},"ParameterAssignments":[{"PositionInParameterList":1,"PositionInParameter":1,"Value":"SU"},{"PositionInParameterList":2,"PositionInParameter":1,"PositionInDomainSet":1}]},"Confidential":false},{"DomainMappingElement":{"SourceDomainSet":[],"TargetDomainSet":[{"DomainGuid":"3002d8429154374a81d5ede930e542a0","AlternativeDomainGuid":"c08daa509e383207bf5e30875cf5d26e","Position":1}],"Documentation":{"NumberOfNotes":0,"Notes":[]}},"Transformation":{"Function":{"FunctionGuid":"00000000000000000000000000000002","FunctionParameters":[{"PositionInParameterList":1,"Direction":"IN","Type":"STRING","Name":"value"},{"PositionInParameterList":2,"Direction":"OUT","Type":"NODE_LIST","Name":"nodes_out_1"}],"FunctionImplementations":[{"SourceCode":"\u003cxsl:value-of select\u003d\"$nodes_in/value\"/\u003e","FunctionImplementationLanguage":{"Name":"XSLT","Version":"2.0"}}],"isReference":false},"ParameterAssignments":[{"PositionInParameterList":1,"PositionInParameter":1,"Value":"2"},{"PositionInParameterList":2,"PositionInParameter":1,"PositionInDomainSet":1}]},"Confidential":false},{"DomainMappingElement":{"SourceDomainSet":[],"TargetDomainSet":[{"DomainGuid":"42ad6687833430c7a32e41a17c534445","AlternativeDomainGuid":"04a6d2106ee43cbbaa970a6d58c24c0a","Position":1}],"Documentation":{"NumberOfNotes":0,"Notes":[]}},"Transformation":{"Function":{"FunctionGuid":"00000000000000000000000000000002","FunctionParameters":[{"PositionInParameterList":1,"Direction":"IN","Type":"STRING","Name":"value"},{"PositionInParameterList":2,"Direction":"OUT","Type":"NODE_LIST","Name":"nodes_out_1"}],"FunctionImplementations":[{"SourceCode":"\u003cxsl:value-of select\u003d\"$nodes_in/value\"/\u003e","FunctionImplementationLanguage":{"Name":"XSLT","Version":"2.0"}}],"isReference":false},"ParameterAssignments":[{"PositionInParameterList":1,"PositionInParameter":1,"Value":"86"},{"PositionInParameterList":2,"PositionInParameter":1,"PositionInDomainSet":1}]},"Confidential":false},{"DomainMappingElement":{"SourceDomainSet":[],"TargetDomainSet":[{"DomainGuid":"681d4edd5711360898f7a298763698a0","AlternativeDomainGuid":"0b95ae757ef9391fa07d50bc624ef56e","Position":1}],"Documentation":{"NumberOfNotes":0,"Notes":[]}},"Transformation":{"Function":{"FunctionGuid":"00000000000000000000000000000002","FunctionParameters":[{"PositionInParameterList":1,"Direction":"IN","Type":"STRING","Name":"value"},{"PositionInParameterList":2,"Direction":"OUT","Type":"NODE_LIST","Name":"nodes_out_1"}],"FunctionImplementations":[{"SourceCode":"\u003cxsl:value-of select\u003d\"$nodes_in/value\"/\u003e","FunctionImplementationLanguage":{"Name":"XSLT","Version":"2.0"}}],"isReference":false},"ParameterAssignments":[{"PositionInParameterList":1,"PositionInParameter":1,"Value":"2"},{"PositionInParameterList":2,"PositionInParameter":1,"PositionInDomainSet":1}]},"Confidential":false},{"DomainMappingElement":{"SourceDomainSet":[{"DomainGuid":"8e6835c02194329ba3e31eddf62b4171","Position":1}],"TargetDomainSet":[{"DomainGuid":"e199991499a5371a8c05778cef838c04","Position":1}],"Documentation":{}},"Confidential":false},{"DomainMappingElement":{"SourceDomainSet":[{"DomainGuid":"8e6835c02194329ba3e31eddf62b4171","Position":1}],"TargetDomainSet":[{"DomainGuid":"721a3bc3fbe53f6abcf882e93162b022","Position":1}],"Documentation":{}},"Confidential":false},{"DomainMappingElement":{"SourceDomainSet":[{"DomainGuid":"64ceb1e12a343279bd625820eb242f6a","Position":1}],"TargetDomainSet":[{"DomainGuid":"e039e9d7680a3a96a31fc41810bd6623","Position":1}],"Documentation":{}},"Confidential":false},{"DomainMappingElement":{"SourceDomainSet":[],"TargetDomainSet":[{"DomainGuid":"d48b4df0739f37c183357191edf05f15","Position":1}],"Documentation":{}},"Transformation":{"Function":{"FunctionGuid":"00000000000000000000000000000002","FunctionParameters":[{"PositionInParameterList":1,"Direction":"IN","Type":"STRING","Name":"value"},{"PositionInParameterList":2,"Direction":"OUT","Type":"NODE_LIST","Name":"nodes_out_1"}],"FunctionImplementations":[{"SourceCode":"\u003cxsl:value-of select\u003d\"$nodes_in/value\"/\u003e","FunctionImplementationLanguage":{"Name":"XSLT","Version":"2.0"}}],"isReference":false},"ParameterAssignments":[{"PositionInParameterList":1,"PositionInParameter":1,"Value":"01B"},{"PositionInParameterList":2,"PositionInParameter":1,"PositionInDomainSet":1}]},"Confidential":false},{"DomainMappingElement":{"SourceDomainSet":[{"DomainGuid":"cd4fcaf221453cd6ae9fd465e95fdf16","Position":1}],"TargetDomainSet":[{"DomainGuid":"5894690e86dc36d3b12da34a7931b0e3","Position":1}],"Documentation":{}},"Confidential":false},{"DomainMappingElement":{"SourceDomainSet":[{"DomainGuid":"43ac7b5708d63b99b61dfe5645c35095","AlternativeDomainGuid":"3886f9895d384c57952b6f2b2cbee1af","Position":1}],"TargetDomainSet":[{"DomainGuid":"7f114abd480030d5a844f9a97588525f","Position":1}],"Documentation":{}},"Confidential":false},{"DomainMappingElement":{"SourceDomainSet":[],"TargetDomainSet":[{"DomainGuid":"ac9afb41c3cd385e9d0312ae68de8a48","Position":1}],"Documentation":{}},"Transformation":{"Function":{"FunctionGuid":"00000000000000000000000000000002","FunctionParameters":[{"PositionInParameterList":1,"Direction":"IN","Type":"STRING","Name":"value"},{"PositionInParameterList":2,"Direction":"OUT","Type":"NODE_LIST","Name":"nodes_out_1"}],"FunctionImplementations":[{"SourceCode":"\u003cxsl:value-of select\u003d\"$nodes_in/value\"/\u003e","FunctionImplementationLanguage":{"Name":"XSLT","Version":"2.0"}}],"isReference":false},"ParameterAssignments":[{"PositionInParameterList":1,"PositionInParameter":1,"Value":"231"},{"PositionInParameterList":2,"PositionInParameter":1,"PositionInDomainSet":1}]},"Confidential":false},{"DomainMappingElement":{"SourceDomainSet":[],"TargetDomainSet":[{"DomainGuid":"865645f16ae03c8a85812bc72b05b1a3","Position":1}],"Documentation":{}},"Transformation":{"Function":{"FunctionGuid":"00000000000000000000000000000002","FunctionParameters":[{"PositionInParameterList":1,"Direction":"IN","Type":"STRING","Name":"value"},{"PositionInParameterList":2,"Direction":"OUT","Type":"NODE_LIST","Name":"nodes_out_1"}],"FunctionImplementations":[{"SourceCode":"\u003cxsl:value-of select\u003d\"$nodes_in/value\"/\u003e","FunctionImplementationLanguage":{"Name":"XSLT","Version":"2.0"}}],"isReference":false},"ParameterAssignments":[{"PositionInParameterList":1,"PositionInParameter":1,"Value":"4"},{"PositionInParameterList":2,"PositionInParameter":1,"PositionInDomainSet":1}]},"Confidential":false},{"DomainMappingElement":{"SourceDomainSet":[],"TargetDomainSet":[{"DomainGuid":"50055bafd9153653b8c632e0534f4fad","Position":1}],"Documentation":{}},"Transformation":{"Function":{"FunctionGuid":"00000000000000000000000000000002","FunctionParameters":[{"PositionInParameterList":1,"Direction":"IN","Type":"STRING","Name":"value"},{"PositionInParameterList":2,"Direction":"OUT","Type":"NODE_LIST","Name":"nodes_out_1"}],"FunctionImplementations":[{"SourceCode":"\u003cxsl:value-of select\u003d\"$nodes_in/value\"/\u003e","FunctionImplementationLanguage":{"Name":"XSLT","Version":"2.0"}}],"isReference":false},"ParameterAssignments":[{"PositionInParameterList":1,"PositionInParameter":1,"Value":"NA"},{"PositionInParameterList":2,"PositionInParameter":1,"PositionInDomainSet":1}]},"Confidential":false},{"DomainMappingElement":{"SourceDomainSet":[],"TargetDomainSet":[{"DomainGuid":"901901928b1232bdae91f2a7df94383e","AlternativeDomainGuid":"8a3497cedd7c3da98a8375a3d3331365","Position":1}],"Documentation":{}},"Transformation":{"Function":{"FunctionGuid":"00000000000000000000000000000002","FunctionParameters":[{"PositionInParameterList":1,"Direction":"IN","Type":"STRING","Name":"value"},{"PositionInParameterList":2,"Direction":"OUT","Type":"NODE_LIST","Name":"nodes_out_1"}],"FunctionImplementations":[{"SourceCode":"\u003cxsl:value-of select\u003d\"$nodes_in/value\"/\u003e","FunctionImplementationLanguage":{"Name":"XSLT","Version":"2.0"}}],"isReference":false},"ParameterAssignments":[{"PositionInParameterList":1,"PositionInParameter":1,"Value":"102"},{"PositionInParameterList":2,"PositionInParameter":1,"PositionInDomainSet":1}]},"Confidential":false},{"DomainMappingElement":{"SourceDomainSet":[{"DomainGuid":"d68c0c5cd58f397db7e272d832ccffe6","AlternativeDomainGuid":"24671d44dd223d95a9e3ab0bcc871676","Position":1}],"TargetDomainSet":[{"DomainGuid":"158d40903173341dadb8e77932bf0f38","AlternativeDomainGuid":"688a69dd70553968ba68e02ea65c0b6c","Position":1}],"Documentation":{}},"Confidential":false},{"DomainMappingElement":{"SourceDomainSet":[{"DomainGuid":"a624f0de68423d6d8f54a4cfe35688b9","AlternativeDomainGuid":"8c4ef924f8123ffeaf892f6c6466f485","Position":1}],"TargetDomainSet":[{"DomainGuid":"68ec87a4cec63fcea22ae125888fb593","AlternativeDomainGuid":"63bf580db78537ff9fb53163bcc3f46b","Position":1}],"Documentation":{}},"Transformation":{"Function":{"FunctionGuid":"00000000000000000000000000000001","FunctionParameters":[{"PositionInParameterList":1,"Direction":"IN","Type":"NODE_LIST","Name":"BELNR"},{"PositionInParameterList":2,"Direction":"OUT","Type":"NODE_LIST","Name":"nodes_out_1"}],"FunctionImplementations":[{"SourceCode":"\u003cxsl:sequence select\u003d\"$nodes_in/*\"/\u003e","FunctionImplementationLanguage":{"Name":"XSLT","Version":"2.0"}}],"isReference":false},"ParameterAssignments":[{"PositionInParameterList":1,"PositionInParameter":1,"PositionInDomainSet":1},{"PositionInParameterList":2,"PositionInParameter":1,"PositionInDomainSet":1}]},"Confidential":false},{"DomainMappingElement":{"SourceDomainSet":[],"TargetDomainSet":[{"DomainGuid":"c86160200bbe3fb8948ef6e3b4d00a44","AlternativeDomainGuid":"6b966930a9fe323d8061c9b30951f536","Position":1}],"Documentation":{}},"Transformation":{"Function":{"FunctionGuid":"00000000000000000000000000000002","FunctionParameters":[{"PositionInParameterList":1,"Direction":"IN","Type":"STRING","Name":"value"},{"PositionInParameterList":2,"Direction":"OUT","Type":"NODE_LIST","Name":"nodes_out_1"}],"FunctionImplementations":[{"SourceCode":"\u003cxsl:value-of select\u003d\"$nodes_in/value\"/\u003e","FunctionImplementationLanguage":{"Name":"XSLT","Version":"2.0"}}],"isReference":false},"ParameterAssignments":[{"PositionInParameterList":1,"PositionInParameter":1,"Value":"102"},{"PositionInParameterList":2,"PositionInParameter":1,"PositionInDomainSet":1}]},"Confidential":false},{"DomainMappingElement":{"SourceDomainSet":[{"DomainGuid":"70af08eff8a13d168ba9421e08510eb1","AlternativeDomainGuid":"f8bedb1f08a34eee83d72404de1e57c8","Position":1}],"TargetDomainSet":[{"DomainGuid":"2e5178d059213388b7ba567f02e80383","AlternativeDomainGuid":"e170272e355a4e6986d24793fdb6109c","Position":1}],"Documentation":{}},"Confidential":false},{"DomainMappingElement":{"SourceDomainSet":[{"DomainGuid":"43ac7b5708d63b99b61dfe5645c35095","AlternativeDomainGuid":"3886f9895d384c57952b6f2b2cbee1af","Position":1}],"TargetDomainSet":[{"DomainGuid":"221b0a678bca368ebd9c492d9897f352","AlternativeDomainGuid":"a1583de844db4c419aaa6324c2009e29","Position":1}],"Documentation":{}},"Transformation":{"Function":{"FunctionGuid":"00000000000000000000000000000001","FunctionParameters":[{"PositionInParameterList":1,"Direction":"IN","Type":"NODE_LIST","Name":"BELNR"},{"PositionInParameterList":2,"Direction":"OUT","Type":"NODE_LIST","Name":"nodes_out_1"}],"FunctionImplementations":[{"SourceCode":"\u003cxsl:sequence select\u003d\"$nodes_in/*\"/\u003e","FunctionImplementationLanguage":{"Name":"XSLT","Version":"2.0"}}],"isReference":false},"ParameterAssignments":[{"PositionInParameterList":1,"PositionInParameter":1,"PositionInDomainSet":1},{"PositionInParameterList":2,"PositionInParameter":1,"PositionInDomainSet":1}]},"Confidential":false},{"DomainMappingElement":{"SourceDomainSet":[{"DomainGuid":"76b04472b7143ee1a61fbf9c08eade0f","AlternativeDomainGuid":"e57dbc9fad404003928092ca620cc600","Position":1}],"TargetDomainSet":[{"DomainGuid":"245f45290513304ebdc85104030771cb","AlternativeDomainGuid":"a8e5f1a8c7e54744867b5b5a25117602","Position":1}],"Documentation":{}},"Transformation":{"Function":{"FunctionGuid":"10010000000000000000000000000001","FunctionParameters":[{"PositionInParameterList":1,"Direction":"IN","Type":"NODE_LIST","Name":"source_date_time_value"},{"PositionInParameterList":2,"Direction":"IN","Type":"NODE_LIST","Name":"source_date_time_format"},{"PositionInParameterList":3,"Direction":"IN","Type":"STRING","Name":"target_date_time_format"},{"PositionInParameterList":4,"Direction":"OUT","Type":"NODE_LIST","Name":"target_date_time_value"}],"FunctionImplementations":[{"SourceCode":"\u003cxsl:sequence select\u003d\"ica_fn:transform-dateTime($nodes_in/nodes_in_1,$nodes_in/source_date_time_format,$nodes_in/target_date_time_format)\"/\u003e","FunctionImplementationLanguage":{"Name":"XSLT","Version":"2.0"}}],"isReference":false},"ParameterAssignments":[{"PositionInParameterList":1,"PositionInParameter":1,"PositionInDomainSet":1},{"PositionInParameterList":2,"PositionInParameter":1,"Value":"CCYYMMDD"},{"PositionInParameterList":3,"PositionInParameter":1,"Value":"CCYYMMDD"},{"PositionInParameterList":4,"PositionInParameter":1,"PositionInDomainSet":1}]},"Confidential":false},{"DomainMappingElement":{"SourceDomainSet":[],"TargetDomainSet":[{"DomainGuid":"a644163d64103a65b7364fb3b38815d7","AlternativeDomainGuid":"f898895be5ea414ca840e08b49b439ed","Position":1}],"Documentation":{}},"Transformation":{"Function":{"FunctionGuid":"00000000000000000000000000000002","FunctionParameters":[{"PositionInParameterList":1,"Direction":"IN","Type":"STRING","Name":"value"},{"PositionInParameterList":2,"Direction":"OUT","Type":"NODE_LIST","Name":"nodes_out_1"}],"FunctionImplementations":[{"SourceCode":"\u003cxsl:value-of select\u003d\"$nodes_in/value\"/\u003e","FunctionImplementationLanguage":{"Name":"XSLT","Version":"2.0"}}],"isReference":false},"ParameterAssignments":[{"PositionInParameterList":1,"PositionInParameter":1,"Value":"102"},{"PositionInParameterList":2,"PositionInParameter":1,"PositionInDomainSet":1}]},"Confidential":false},{"DomainMappingElement":{"SourceDomainSet":[{"DomainGuid":"9aa1883c4b3a37eab4f8213c3ba2151f","AlternativeDomainGuid":"f9621080a2694951a61d1850aab9da0d","Position":1}],"TargetDomainSet":[{"DomainGuid":"c518a5d5098234fab0b80f2a6e6142ed","AlternativeDomainGuid":"8e7a3e5652ea3fc2b86b038938890589","Position":1}],"Documentation":{}},"Confidential":false},{"DomainMappingElement":{"SourceDomainSet":[{"DomainGuid":"4a3d87e5e8c734e49add22aab58f607a","AlternativeDomainGuid":"6ea60e73e6744c5db87fc257f22b91fa","Position":1}],"TargetDomainSet":[{"DomainGuid":"5cc1a6a0a41c3b0f804a9da8f8a8bc74","AlternativeDomainGuid":"cde57d1d342e355c866d8b786b6677d7","Position":1}],"Documentation":{}},"Confidential":false},{"DomainMappingElement":{"SourceDomainSet":[{"DomainGuid":"4a3d87e5e8c734e49add22aab58f607a","AlternativeDomainGuid":"6ea60e73e6744c5db87fc257f22b91fa","Position":1}],"TargetDomainSet":[{"DomainGuid":"3343e4c7619e3e7d8e084c003f719a8f","AlternativeDomainGuid":"2e8b098cd84e311d82c6367c5fe94db0","Position":1}],"Documentation":{}},"Transformation":{"Function":{"FunctionGuid":"00000000000000000000000000000001","FunctionParameters":[{"PositionInParameterList":1,"Direction":"IN","Type":"NODE_LIST","Name":"LIFNR"},{"PositionInParameterList":2,"Direction":"OUT","Type":"NODE_LIST","Name":"nodes_out_1"}],"FunctionImplementations":[{"SourceCode":"\u003cxsl:sequence select\u003d\"$nodes_in/*\"/\u003e","FunctionImplementationLanguage":{"Name":"XSLT","Version":"2.0"}}],"isReference":false},"ParameterAssignments":[{"PositionInParameterList":1,"PositionInParameter":1,"PositionInDomainSet":1},{"PositionInParameterList":2,"PositionInParameter":1,"PositionInDomainSet":1}]},"Confidential":false},{"DomainMappingElement":{"SourceDomainSet":[],"TargetDomainSet":[{"DomainGuid":"1a9b34bb99e43978a32c72d266e337b3","AlternativeDomainGuid":"3d7c108be61434a29c44217b0876dfac","Position":1}],"Documentation":{}},"Transformation":{"Function":{"FunctionGuid":"00000000000000000000000000000002","FunctionParameters":[{"PositionInParameterList":1,"Direction":"IN","Type":"STRING","Name":"value"},{"PositionInParameterList":2,"Direction":"OUT","Type":"NODE_LIST","Name":"nodes_out_1"}],"FunctionImplementations":[{"SourceCode":"\u003cxsl:value-of select\u003d\"$nodes_in/value\"/\u003e","FunctionImplementationLanguage":{"Name":"XSLT","Version":"2.0"}}],"isReference":false},"ParameterAssignments":[{"PositionInParameterList":1,"PositionInParameter":1,"Value":"9"},{"PositionInParameterList":2,"PositionInParameter":1,"PositionInDomainSet":1}]},"Confidential":false},{"DomainMappingElement":{"SourceDomainSet":[{"DomainGuid":"58c47a57bf403551a4853c2c3635a677","AlternativeDomainGuid":"822a3a83c9d6435a8360eb9da8802677","Position":1}],"TargetDomainSet":[{"DomainGuid":"1435407ca5e53972a2835090fd4d2adb","AlternativeDomainGuid":"4a35b753c0f033c8b822043a1ecbc762","Position":1}],"Documentation":{}},"Transformation":{"Function":{"FunctionGuid":"00000000000000000000000000000001","FunctionParameters":[{"PositionInParameterList":1,"Direction":"IN","Type":"NODE_LIST","Name":"NAME1"},{"PositionInParameterList":2,"Direction":"OUT","Type":"NODE_LIST","Name":"nodes_out_1"}],"FunctionImplementations":[{"SourceCode":"\u003cxsl:sequence select\u003d\"$nodes_in/*\"/\u003e","FunctionImplementationLanguage":{"Name":"XSLT","Version":"2.0"}}],"isReference":false},"ParameterAssignments":[{"PositionInParameterList":1,"PositionInParameter":1,"PositionInDomainSet":1},{"PositionInParameterList":2,"PositionInParameter":1,"PositionInDomainSet":1}]},"Confidential":false},{"DomainMappingElement":{"SourceDomainSet":[{"DomainGuid":"f87238a44726330ead45089bc4bf535d","AlternativeDomainGuid":"47a035efb74244dbb3fdcec9d0e50b11","Position":1}],"TargetDomainSet":[{"DomainGuid":"b86c3bb89b763745b0eb55f473096221","AlternativeDomainGuid":"05267897f5ef3274b06d58664a4bbd0e","Position":1}],"Documentation":{}},"Transformation":{"Function":{"FunctionGuid":"00000000000000000000000000000001","FunctionParameters":[{"PositionInParameterList":1,"Direction":"IN","Type":"NODE_LIST","Name":"STRAS"},{"PositionInParameterList":2,"Direction":"OUT","Type":"NODE_LIST","Name":"nodes_out_1"}],"FunctionImplementations":[{"SourceCode":"\u003cxsl:sequence select\u003d\"$nodes_in/*\"/\u003e","FunctionImplementationLanguage":{"Name":"XSLT","Version":"2.0"}}],"isReference":false},"ParameterAssignments":[{"PositionInParameterList":1,"PositionInParameter":1,"PositionInDomainSet":1},{"PositionInParameterList":2,"PositionInParameter":1,"PositionInDomainSet":1}]},"Confidential":false},{"DomainMappingElement":{"SourceDomainSet":[{"DomainGuid":"e3f0a146b226331dbe090694ef361ed8","AlternativeDomainGuid":"4c42d80a59b943beb320d384f2f11e66","Position":1}],"TargetDomainSet":[{"DomainGuid":"9b09006714bb36ecae61a0816b9dda54","AlternativeDomainGuid":"35721cc33bd4359aa54addd01348396b","Position":1}],"Documentation":{}},"Transformation":{"Function":{"FunctionGuid":"00000000000000000000000000000001","FunctionParameters":[{"PositionInParameterList":1,"Direction":"IN","Type":"NODE_LIST","Name":"PSTLZ"},{"PositionInParameterList":2,"Direction":"OUT","Type":"NODE_LIST","Name":"nodes_out_1"}],"FunctionImplementations":[{"SourceCode":"\u003cxsl:sequence select\u003d\"$nodes_in/*\"/\u003e","FunctionImplementationLanguage":{"Name":"XSLT","Version":"2.0"}}],"isReference":false},"ParameterAssignments":[{"PositionInParameterList":1,"PositionInParameter":1,"PositionInDomainSet":1},{"PositionInParameterList":2,"PositionInParameter":1,"PositionInDomainSet":1}]},"Confidential":false},{"DomainMappingElement":{"SourceDomainSet":[{"DomainGuid":"80467cb628453ddea243bf2a3e92079e","AlternativeDomainGuid":"c4825e5bd5cb40bfa38015344129e80d","Position":1}],"TargetDomainSet":[{"DomainGuid":"a6236f8bf4af3d0ab1ad833ca682de2c","AlternativeDomainGuid":"85198ddd3edf377ba56d581573681120","Position":1}],"Documentation":{}},"Transformation":{"Function":{"FunctionGuid":"00000000000000000000000000000001","FunctionParameters":[{"PositionInParameterList":1,"Direction":"IN","Type":"NODE_LIST","Name":"ORT01"},{"PositionInParameterList":2,"Direction":"OUT","Type":"NODE_LIST","Name":"nodes_out_1"}],"FunctionImplementations":[{"SourceCode":"\u003cxsl:sequence select\u003d\"$nodes_in/*\"/\u003e","FunctionImplementationLanguage":{"Name":"XSLT","Version":"2.0"}}],"isReference":false},"ParameterAssignments":[{"PositionInParameterList":1,"PositionInParameter":1,"PositionInDomainSet":1},{"PositionInParameterList":2,"PositionInParameter":1,"PositionInDomainSet":1}]},"Confidential":false},{"DomainMappingElement":{"SourceDomainSet":[{"CodelistPosition":1,"DomainGuid":"14405c3a2a5b320b8ceb1261a6289cec","AlternativeDomainGuid":"7804c82a845b4dcda71ece65473f7327","Position":1}],"TargetDomainSet":[{"DomainGuid":"07d877cec0463ee6964a70c828474364","AlternativeDomainGuid":"8d57f84f48a03e54b2aa55a81269154b","Position":1}],"Documentation":{}},"Confidential":false},{"DomainMappingElement":{"SourceDomainSet":[{"DomainGuid":"a906c3f744ad31cea9c20c39ba1f3be2","AlternativeDomainGuid":"465352f871b242f8ad883bf0f11bd80e","Position":1}],"TargetDomainSet":[{"DomainGuid":"b7d2a7ec78573bffa01dcca1e6fef428","AlternativeDomainGuid":"170710f9bf9a4c30a8e13248205f7329","Position":1}],"Documentation":{}},"Confidential":false},{"DomainMappingElement":{"SourceDomainSet":[{"DomainGuid":"63a5c929b2d337d99e8f6f76e84b8e8c","AlternativeDomainGuid":"43b1d97146294ce69d3bddf5acd01756","Position":1}],"TargetDomainSet":[{"DomainGuid":"a371b63a8145324fba7eb7e00cfb6154","AlternativeDomainGuid":"29a1e906a27443cbbd8c758b0acf7284","Position":1}],"Documentation":{}},"Transformation":{"Function":{"FunctionGuid":"00000000000000000000000000000001","FunctionParameters":[{"PositionInParameterList":1,"Direction":"IN","Type":"NODE_LIST","Name":"LIFNR"},{"PositionInParameterList":2,"Direction":"OUT","Type":"NODE_LIST","Name":"nodes_out_1"}],"FunctionImplementations":[{"SourceCode":"\u003cxsl:sequence select\u003d\"$nodes_in/*\"/\u003e","FunctionImplementationLanguage":{"Name":"XSLT","Version":"2.0"}}],"isReference":false},"ParameterAssignments":[{"PositionInParameterList":1,"PositionInParameter":1,"PositionInDomainSet":1},{"PositionInParameterList":2,"PositionInParameter":1,"PositionInDomainSet":1}]},"Confidential":false},{"DomainMappingElement":{"SourceDomainSet":[],"TargetDomainSet":[{"DomainGuid":"87c8398248ac3777a1d8ad31b35b681d","AlternativeDomainGuid":"757cbc62b0f74a239bef8e27d38ee7b9","Position":1}],"Documentation":{}},"Transformation":{"Function":{"FunctionGuid":"00000000000000000000000000000002","FunctionParameters":[{"PositionInParameterList":1,"Direction":"IN","Type":"STRING","Name":"value"},{"PositionInParameterList":2,"Direction":"OUT","Type":"NODE_LIST","Name":"nodes_out_1"}],"FunctionImplementations":[{"SourceCode":"\u003cxsl:value-of select\u003d\"$nodes_in/value\"/\u003e","FunctionImplementationLanguage":{"Name":"XSLT","Version":"2.0"}}],"isReference":false},"ParameterAssignments":[{"PositionInParameterList":1,"PositionInParameter":1,"Value":"9"},{"PositionInParameterList":2,"PositionInParameter":1,"PositionInDomainSet":1}]},"Confidential":false},{"DomainMappingElement":{"SourceDomainSet":[{"DomainGuid":"b9c7046e5fb33701822d58cb1b8606c8","AlternativeDomainGuid":"25fe3b47d5e54a53a4bcd932b6c7b62f","Position":1}],"TargetDomainSet":[{"DomainGuid":"17f574eebe6130ba93abd3d2fa0516ff","AlternativeDomainGuid":"eb88b8bfe90d476eac0547bde6f5ce15","Position":1}],"Documentation":{}},"Transformation":{"Function":{"FunctionGuid":"00000000000000000000000000000001","FunctionParameters":[{"PositionInParameterList":1,"Direction":"IN","Type":"NODE_LIST","Name":"NAME1"},{"PositionInParameterList":2,"Direction":"OUT","Type":"NODE_LIST","Name":"nodes_out_1"}],"FunctionImplementations":[{"SourceCode":"\u003cxsl:sequence select\u003d\"$nodes_in/*\"/\u003e","FunctionImplementationLanguage":{"Name":"XSLT","Version":"2.0"}}],"isReference":false},"ParameterAssignments":[{"PositionInParameterList":1,"PositionInParameter":1,"PositionInDomainSet":1},{"PositionInParameterList":2,"PositionInParameter":1,"PositionInDomainSet":1}]},"Confidential":false},{"DomainMappingElement":{"SourceDomainSet":[{"DomainGuid":"e2218891e0ee38d7ab241efee24f680a","AlternativeDomainGuid":"d036b8d3a32b439386fe532e8582cfa9","Position":1}],"TargetDomainSet":[{"DomainGuid":"bc5a78b82b0c36a593b31b095e435444","AlternativeDomainGuid":"693edbeadb024af1a7b8a1b319a1efe6","Position":1}],"Documentation":{}},"Transformation":{"Function":{"FunctionGuid":"00000000000000000000000000000001","FunctionParameters":[{"PositionInParameterList":1,"Direction":"IN","Type":"NODE_LIST","Name":"STRAS"},{"PositionInParameterList":2,"Direction":"OUT","Type":"NODE_LIST","Name":"nodes_out_1"}],"FunctionImplementations":[{"SourceCode":"\u003cxsl:sequence select\u003d\"$nodes_in/*\"/\u003e","FunctionImplementationLanguage":{"Name":"XSLT","Version":"2.0"}}],"isReference":false},"ParameterAssignments":[{"PositionInParameterList":1,"PositionInParameter":1,"PositionInDomainSet":1},{"PositionInParameterList":2,"PositionInParameter":1,"PositionInDomainSet":1}]},"Confidential":false},{"DomainMappingElement":{"SourceDomainSet":[{"DomainGuid":"80467cb628453ddea243bf2a3e92079e","AlternativeDomainGuid":"c4825e5bd5cb40bfa38015344129e80d","Position":1}],"TargetDomainSet":[{"DomainGuid":"0bf2c9604d1d3b969d2d1ea50751cd9e","AlternativeDomainGuid":"c6370df4bd034ca9992e5e59ba6dbf5b","Position":1}],"Documentation":{}},"Transformation":{"Function":{"FunctionGuid":"00000000000000000000000000000001","FunctionParameters":[{"PositionInParameterList":1,"Direction":"IN","Type":"NODE_LIST","Name":"ORT01"},{"PositionInParameterList":2,"Direction":"OUT","Type":"NODE_LIST","Name":"nodes_out_1"}],"FunctionImplementations":[{"SourceCode":"\u003cxsl:sequence select\u003d\"$nodes_in/*\"/\u003e","FunctionImplementationLanguage":{"Name":"XSLT","Version":"2.0"}}],"isReference":false},"ParameterAssignments":[{"PositionInParameterList":1,"PositionInParameter":1,"PositionInDomainSet":1},{"PositionInParameterList":2,"PositionInParameter":1,"PositionInDomainSet":1}]},"Confidential":false},{"DomainMappingElement":{"SourceDomainSet":[{"DomainGuid":"f365d08b76cb3a3c9862f03575f0d429","AlternativeDomainGuid":"e2914df836d4430e94d55006555a459b","Position":1}],"TargetDomainSet":[{"DomainGuid":"199f40139fef3e3ca3f779bb50ebc1f9","AlternativeDomainGuid":"3ddfbaaae51549a3bfbcdab0efdaeb49","Position":1}],"Documentation":{}},"Transformation":{"Function":{"FunctionGuid":"00000000000000000000000000000001","FunctionParameters":[{"PositionInParameterList":1,"Direction":"IN","Type":"NODE_LIST","Name":"PSTLZ"},{"PositionInParameterList":2,"Direction":"OUT","Type":"NODE_LIST","Name":"nodes_out_1"}],"FunctionImplementations":[{"SourceCode":"\u003cxsl:sequence select\u003d\"$nodes_in/*\"/\u003e","FunctionImplementationLanguage":{"Name":"XSLT","Version":"2.0"}}],"isReference":false},"ParameterAssignments":[{"PositionInParameterList":1,"PositionInParameter":1,"PositionInDomainSet":1},{"PositionInParameterList":2,"PositionInParameter":1,"PositionInDomainSet":1}]},"Confidential":false},{"DomainMappingElement":{"SourceDomainSet":[{"CodelistPosition":1,"DomainGuid":"5890962e9f0b3abd8cee628d389a8ba1","AlternativeDomainGuid":"757ec2a84630446abe377fe5edc89a4a","Position":1}],"TargetDomainSet":[{"DomainGuid":"8493f7d7b4d3351aabb1d111728c7c98","AlternativeDomainGuid":"1120141ae0db4ef6aeb55d76a96bba29","Position":1}],"Documentation":{}},"Confidential":false},{"DomainMappingElement":{"SourceDomainSet":[{"DomainGuid":"eaf5d2cf6df6356e8582f32f4e258e41","AlternativeDomainGuid":"77d358bca01a3f1aa820cb63a290d2d8","Position":1}],"TargetDomainSet":[{"DomainGuid":"5bfab1af81773b8e93a6aa5743934fcc","AlternativeDomainGuid":"5e74010d57c14f8788571ec966e9527c","Position":1}],"Documentation":{}},"Confidential":false},{"DomainMappingElement":{"SourceDomainSet":[{"DomainGuid":"b7a3453b4ba236fb9fd588bf80d8e53a","AlternativeDomainGuid":"0447c8a904d1387fbe85168608688ff4","Position":1}],"TargetDomainSet":[{"DomainGuid":"7f2c78a49a793eb1bbcc4a6e207c1528","AlternativeDomainGuid":"37227844d9f244e297acbef85ee01903","Position":1}],"Documentation":{}},"Transformation":{"Function":{"FunctionGuid":"00000000000000000000000000000001","FunctionParameters":[{"PositionInParameterList":1,"Direction":"IN","Type":"NODE_LIST","Name":"LIFNR"},{"PositionInParameterList":2,"Direction":"OUT","Type":"NODE_LIST","Name":"nodes_out_1"}],"FunctionImplementations":[{"SourceCode":"\u003cxsl:sequence select\u003d\"$nodes_in/*\"/\u003e","FunctionImplementationLanguage":{"Name":"XSLT","Version":"2.0"}}],"isReference":false},"ParameterAssignments":[{"PositionInParameterList":1,"PositionInParameter":1,"PositionInDomainSet":1},{"PositionInParameterList":2,"PositionInParameter":1,"PositionInDomainSet":1}]},"Confidential":false},{"DomainMappingElement":{"SourceDomainSet":[],"TargetDomainSet":[{"DomainGuid":"751649cb179a39d8b7bfbf4030c9e585","AlternativeDomainGuid":"c4ca76b3061244bea5f28321d5b4b8c5","Position":1}],"Documentation":{}},"Transformation":{"Function":{"FunctionGuid":"00000000000000000000000000000002","FunctionParameters":[{"PositionInParameterList":1,"Direction":"IN","Type":"STRING","Name":"value"},{"PositionInParameterList":2,"Direction":"OUT","Type":"NODE_LIST","Name":"nodes_out_1"}],"FunctionImplementations":[{"SourceCode":"\u003cxsl:value-of select\u003d\"$nodes_in/value\"/\u003e","FunctionImplementationLanguage":{"Name":"XSLT","Version":"2.0"}}],"isReference":false},"ParameterAssignments":[{"PositionInParameterList":1,"PositionInParameter":1,"Value":"9"},{"PositionInParameterList":2,"PositionInParameter":1,"PositionInDomainSet":1}]},"Confidential":false},{"DomainMappingElement":{"SourceDomainSet":[{"DomainGuid":"a24cc8083c2d3d7fa839cd0f8e96f728","AlternativeDomainGuid":"b00bb9ae83113d69a6c6ba8bdd765650","Position":1}],"TargetDomainSet":[{"DomainGuid":"844d1943d182315782c8b6359ef6c799","AlternativeDomainGuid":"ca19bd55d6c84ebd94816ceaa9030ce9","Position":1}],"Documentation":{}},"Transformation":{"Function":{"FunctionGuid":"00000000000000000000000000000001","FunctionParameters":[{"PositionInParameterList":1,"Direction":"IN","Type":"NODE_LIST","Name":"STRAS"},{"PositionInParameterList":2,"Direction":"OUT","Type":"NODE_LIST","Name":"nodes_out_1"}],"FunctionImplementations":[{"SourceCode":"\u003cxsl:sequence select\u003d\"$nodes_in/*\"/\u003e","FunctionImplementationLanguage":{"Name":"XSLT","Version":"2.0"}}],"isReference":false},"ParameterAssignments":[{"PositionInParameterList":1,"PositionInParameter":1,"PositionInDomainSet":1},{"PositionInParameterList":2,"PositionInParameter":1,"PositionInDomainSet":1}]},"Confidential":false},{"DomainMappingElement":{"SourceDomainSet":[{"DomainGuid":"c7552f4ab5123264a2c3079eee8b3b46","AlternativeDomainGuid":"eb3af0bce0253172b7dc781103a3ec98","Position":1}],"TargetDomainSet":[{"DomainGuid":"b3458cde9d2232d2b06e5114b13a0c8e","AlternativeDomainGuid":"a7e64dd2cce14e82a4facb229081070a","Position":1}],"Documentation":{}},"Transformation":{"Function":{"FunctionGuid":"00000000000000000000000000000001","FunctionParameters":[{"PositionInParameterList":1,"Direction":"IN","Type":"NODE_LIST","Name":"ORT01"},{"PositionInParameterList":2,"Direction":"OUT","Type":"NODE_LIST","Name":"nodes_out_1"}],"FunctionImplementations":[{"SourceCode":"\u003cxsl:sequence select\u003d\"$nodes_in/*\"/\u003e","FunctionImplementationLanguage":{"Name":"XSLT","Version":"2.0"}}],"isReference":false},"ParameterAssignments":[{"PositionInParameterList":1,"PositionInParameter":1,"PositionInDomainSet":1},{"PositionInParameterList":2,"PositionInParameter":1,"PositionInDomainSet":1}]},"Confidential":false},{"DomainMappingElement":{"SourceDomainSet":[{"DomainGuid":"849551b0dd35313eabb3f6770b5685e8","AlternativeDomainGuid":"8165ee962c0f31d7aaffd26392273b8a","Position":1}],"TargetDomainSet":[{"DomainGuid":"224c74dfa14b306daeffe22b2c588dd1","AlternativeDomainGuid":"8b4462c7100c4ef494a145f171733e76","Position":1}],"Documentation":{}},"Transformation":{"Function":{"FunctionGuid":"00000000000000000000000000000001","FunctionParameters":[{"PositionInParameterList":1,"Direction":"IN","Type":"NODE_LIST","Name":"PSTLZ"},{"PositionInParameterList":2,"Direction":"OUT","Type":"NODE_LIST","Name":"nodes_out_1"}],"FunctionImplementations":[{"SourceCode":"\u003cxsl:sequence select\u003d\"$nodes_in/*\"/\u003e","FunctionImplementationLanguage":{"Name":"XSLT","Version":"2.0"}}],"isReference":false},"ParameterAssignments":[{"PositionInParameterList":1,"PositionInParameter":1,"PositionInDomainSet":1},{"PositionInParameterList":2,"PositionInParameter":1,"PositionInDomainSet":1}]},"Confidential":false},{"DomainMappingElement":{"SourceDomainSet":[{"CodelistPosition":1,"DomainGuid":"4ae649c43a8b30c18724f7f68aca6a1d","AlternativeDomainGuid":"9b40e19d3928394bad29024b0c13a8a9","Position":1}],"TargetDomainSet":[{"DomainGuid":"30bc7396530e345eb54d7e4ccf279c65","AlternativeDomainGuid":"9a0263f8801148398c7c6c4b32af8558","Position":1}],"Documentation":{}},"Confidential":false},{"DomainMappingElement":{"SourceDomainSet":[{"DomainGuid":"59e5a50a6d5832cf8dbeed0ffcd02fa2","AlternativeDomainGuid":"55a11690200148da9970b5d4588a1551","Position":1}],"TargetDomainSet":[{"DomainGuid":"da24752d3544382ab0487431a56754eb","AlternativeDomainGuid":"3b9ddd32fd144946939360f7c1423f52","Position":1}],"Documentation":{}},"Confidential":false},{"DomainMappingElement":{"SourceDomainSet":[{"DomainGuid":"2f4e5eee7c3e3933892b926b7577f26f","AlternativeDomainGuid":"79d67fe67a0043b7ad783a2f0017db74","Position":1}],"TargetDomainSet":[{"DomainGuid":"bf92f4420d713c4988098ec94493e09f","AlternativeDomainGuid":"2e8b098cd84e311d82c6367c5fe94db0","Position":1}],"Documentation":{}},"Transformation":{"Function":{"FunctionGuid":"00000000000000000000000000000001","FunctionParameters":[{"PositionInParameterList":1,"Direction":"IN","Type":"NODE_LIST","Name":"LIFNR"},{"PositionInParameterList":2,"Direction":"OUT","Type":"NODE_LIST","Name":"nodes_out_1"}],"FunctionImplementations":[{"SourceCode":"\u003cxsl:sequence select\u003d\"$nodes_in/*\"/\u003e","FunctionImplementationLanguage":{"Name":"XSLT","Version":"2.0"}}],"isReference":false},"ParameterAssignments":[{"PositionInParameterList":1,"PositionInParameter":1,"PositionInDomainSet":1},{"PositionInParameterList":2,"PositionInParameter":1,"PositionInDomainSet":1}]},"Confidential":false},{"DomainMappingElement":{"SourceDomainSet":[],"TargetDomainSet":[{"DomainGuid":"ae3ac924149d39a2baa2cd85e8060c41","AlternativeDomainGuid":"1e8adb5fddc04ad79174b614fbe50e3b","Position":1}],"Documentation":{}},"Transformation":{"Function":{"FunctionGuid":"00000000000000000000000000000002","FunctionParameters":[{"PositionInParameterList":1,"Direction":"IN","Type":"STRING","Name":"value"},{"PositionInParameterList":2,"Direction":"OUT","Type":"NODE_LIST","Name":"nodes_out_1"}],"FunctionImplementations":[{"SourceCode":"\u003cxsl:value-of select\u003d\"$nodes_in/value\"/\u003e","FunctionImplementationLanguage":{"Name":"XSLT","Version":"2.0"}}],"isReference":false},"ParameterAssignments":[{"PositionInParameterList":1,"PositionInParameter":1,"Value":"9"},{"PositionInParameterList":2,"PositionInParameter":1,"PositionInDomainSet":1}]},"Confidential":false},{"DomainMappingElement":{"SourceDomainSet":[{"DomainGuid":"84ebb45898aa356fab2d8c5b4f30800d","AlternativeDomainGuid":"352aeb66c3a74988b79169ebb614c047","Position":1}],"TargetDomainSet":[{"DomainGuid":"914d4eb698f03846848a7b4cbffa5cd7","AlternativeDomainGuid":"22317708bb304732947f288ab552901c","Position":1}],"Documentation":{}},"Transformation":{"Function":{"FunctionGuid":"00000000000000000000000000000001","FunctionParameters":[{"PositionInParameterList":1,"Direction":"IN","Type":"NODE_LIST","Name":"NAME1"},{"PositionInParameterList":2,"Direction":"OUT","Type":"NODE_LIST","Name":"nodes_out_1"}],"FunctionImplementations":[{"SourceCode":"\u003cxsl:sequence select\u003d\"$nodes_in/*\"/\u003e","FunctionImplementationLanguage":{"Name":"XSLT","Version":"2.0"}}],"isReference":false},"ParameterAssignments":[{"PositionInParameterList":1,"PositionInParameter":1,"PositionInDomainSet":1},{"PositionInParameterList":2,"PositionInParameter":1,"PositionInDomainSet":1}]},"Confidential":false},{"DomainMappingElement":{"SourceDomainSet":[{"DomainGuid":"7ebab882899a3b7fa411187b151a5aca","AlternativeDomainGuid":"92e8ff3faee14cd8a8d7109dc4e52d42","Position":1}],"TargetDomainSet":[{"DomainGuid":"afb92dec5c283080a5dd4f15e5b7234f","AlternativeDomainGuid":"7f36f94d5546483ba35ee0fb7248093b","Position":1}],"Documentation":{}},"Transformation":{"Function":{"FunctionGuid":"00000000000000000000000000000001","FunctionParameters":[{"PositionInParameterList":1,"Direction":"IN","Type":"NODE_LIST","Name":"STRAS"},{"PositionInParameterList":2,"Direction":"OUT","Type":"NODE_LIST","Name":"nodes_out_1"}],"FunctionImplementations":[{"SourceCode":"\u003cxsl:sequence select\u003d\"$nodes_in/*\"/\u003e","FunctionImplementationLanguage":{"Name":"XSLT","Version":"2.0"}}],"isReference":false},"ParameterAssignments":[{"PositionInParameterList":1,"PositionInParameter":1,"PositionInDomainSet":1},{"PositionInParameterList":2,"PositionInParameter":1,"PositionInDomainSet":1}]},"Confidential":false},{"DomainMappingElement":{"SourceDomainSet":[{"DomainGuid":"7e2991324ff43412b5b9a4c3b54ce9a5","AlternativeDomainGuid":"3747b6580c9b4e878db024ba6ee915c0","Position":1}],"TargetDomainSet":[{"DomainGuid":"6bf86b0619f63d929e547532e1c25686","AlternativeDomainGuid":"cc02348068eb4192a9cd0238c3ffcc8e","Position":1}],"Documentation":{}},"Transformation":{"Function":{"FunctionGuid":"00000000000000000000000000000001","FunctionParameters":[{"PositionInParameterList":1,"Direction":"IN","Type":"NODE_LIST","Name":"ORT01"},{"PositionInParameterList":2,"Direction":"OUT","Type":"NODE_LIST","Name":"nodes_out_1"}],"FunctionImplementations":[{"SourceCode":"\u003cxsl:sequence select\u003d\"$nodes_in/*\"/\u003e","FunctionImplementationLanguage":{"Name":"XSLT","Version":"2.0"}}],"isReference":false},"ParameterAssignments":[{"PositionInParameterList":1,"PositionInParameter":1,"PositionInDomainSet":1},{"PositionInParameterList":2,"PositionInParameter":1,"PositionInDomainSet":1}]},"Confidential":false},{"DomainMappingElement":{"SourceDomainSet":[{"DomainGuid":"9bbc01ab437c3b25b23664d9e2b85bcf","AlternativeDomainGuid":"18c3c9304d0a43d78b4af4cb05f52f66","Position":1}],"TargetDomainSet":[{"DomainGuid":"97ae8223eddb3e928374f3e24d92970c","AlternativeDomainGuid":"80f495b2bcee4bf79ccfc7405be7d2ca","Position":1}],"Documentation":{}},"Transformation":{"Function":{"FunctionGuid":"00000000000000000000000000000001","FunctionParameters":[{"PositionInParameterList":1,"Direction":"IN","Type":"NODE_LIST","Name":"PSTLZ"},{"PositionInParameterList":2,"Direction":"OUT","Type":"NODE_LIST","Name":"nodes_out_1"}],"FunctionImplementations":[{"SourceCode":"\u003cxsl:sequence select\u003d\"$nodes_in/*\"/\u003e","FunctionImplementationLanguage":{"Name":"XSLT","Version":"2.0"}}],"isReference":false},"ParameterAssignments":[{"PositionInParameterList":1,"PositionInParameter":1,"PositionInDomainSet":1},{"PositionInParameterList":2,"PositionInParameter":1,"PositionInDomainSet":1}]},"Confidential":false},{"DomainMappingElement":{"SourceDomainSet":[{"CodelistPosition":1,"DomainGuid":"af95c270994c39c599fb1e9ce6df4b7e","AlternativeDomainGuid":"21fa14d55afb4da1a1f635d81b14f3d8","Position":1}],"TargetDomainSet":[{"DomainGuid":"ee2080ca4585374a89f8fcd5a96f80ef","AlternativeDomainGuid":"85e582466b564e4ba86922319e4a2805","Position":1}],"Documentation":{}},"Confidential":false},{"DomainMappingElement":{"SourceDomainSet":[{"DomainGuid":"cd4fcaf221453cd6ae9fd465e95fdf16","Position":1}],"TargetDomainSet":[{"DomainGuid":"67916720b926305a92a6d1360acaa5b4","AlternativeDomainGuid":"c5b6dbe1c7953d51ac71e8820a7a161b","Position":1}],"Documentation":{}},"Confidential":false},{"DomainMappingElement":{"SourceDomainSet":[{"CodelistPosition":1,"DomainGuid":"a730bf91ce8d318fa60032462b746870","Position":1}],"TargetDomainSet":[{"DomainGuid":"ac0ff4f7cf5e3b708338e5b3375819a9","AlternativeDomainGuid":"11eed1d94b5f3022a315f0cde3131746","Position":1}],"Documentation":{}},"Confidential":false},{"DomainMappingElement":{"SourceDomainSet":[{"DomainGuid":"8e6835c02194329ba3e31eddf62b4171","Position":1}],"TargetDomainSet":[{"DomainGuid":"03d910ac62473f8c8474bc21ab7b63f0","Position":1}],"Documentation":{}},"Confidential":false},{"DomainMappingElement":{"SourceDomainSet":[],"TargetDomainSet":[{"DomainGuid":"74c09a6072573514ab55e5fd5c79d68a","Position":1}],"Documentation":{}},"Transformation":{"Function":{"FunctionGuid":"00000000000000000000000000000002","FunctionParameters":[{"PositionInParameterList":1,"Direction":"IN","Type":"STRING","Name":"value"},{"PositionInParameterList":2,"Direction":"OUT","Type":"NODE_LIST","Name":"nodes_out_1"}],"FunctionImplementations":[{"SourceCode":"\u003cxsl:value-of select\u003d\"$nodes_in/value\"/\u003e","FunctionImplementationLanguage":{"Name":"XSLT","Version":"2.0"}}],"isReference":false},"ParameterAssignments":[{"PositionInParameterList":1,"PositionInParameter":1,"Value":"S"},{"PositionInParameterList":2,"PositionInParameter":1,"PositionInDomainSet":1}]},"Confidential":false},{"DomainMappingElement":{"SourceDomainSet":[{"DomainGuid":"4db535c05fd73d988fde4838d8964dea","AlternativeDomainGuid":"ed43d5fea62e3c3a8ddbc04ca220d86b","Position":1}],"TargetDomainSet":[{"DomainGuid":"e8489048afe338919a7389c2c0aad370","AlternativeDomainGuid":"af6ac949799b3e908d896cc84f75e7be","Position":1}],"Documentation":{}},"Transformation":{"Function":{"FunctionGuid":"00000000000000000000000000000001","FunctionParameters":[{"PositionInParameterList":1,"Direction":"IN","Type":"NODE_LIST","Name":"SUMME"},{"PositionInParameterList":2,"Direction":"OUT","Type":"NODE_LIST","Name":"nodes_out_1"}],"FunctionImplementations":[{"SourceCode":"\u003cxsl:sequence select\u003d\"$nodes_in/*\"/\u003e","FunctionImplementationLanguage":{"Name":"XSLT","Version":"2.0"}}],"isReference":false},"ParameterAssignments":[{"PositionInParameterList":1,"PositionInParameter":1,"PositionInDomainSet":1},{"PositionInParameterList":2,"PositionInParameter":1,"PositionInDomainSet":1}]},"Confidential":false},{"DomainMappingElement":{"SourceDomainSet":[{"DomainGuid":"cd4fcaf221453cd6ae9fd465e95fdf16","Position":1}],"TargetDomainSet":[{"DomainGuid":"8a3176ff88a13613b90bb81bb054d762","AlternativeDomainGuid":"9cfab0c3d4e5374895388005dbf72440","Position":1}],"Documentation":{}},"Confidential":false},{"DomainMappingElement":{"SourceDomainSet":[{"Roles":["Trigger"],"DomainGuid":"ce68e402e5e83324ac9f3b0fb0c7abc0","Position":1}],"TargetDomainSet":[{"DomainGuid":"d870a5450aa63d15941d5f3becbf273c","AlternativeDomainGuid":"b04c4c781d243834923594b235aa69ca","Position":1}],"Documentation":{}},"Transformation":{"Function":{"FunctionGuid":"1cb22be3e3a04ee080edd4019e5ccc65","FunctionParameters":[{"PositionInParameterList":1,"Direction":"IN","Type":"NODE_LIST","Name":"E1EDP20"},{"PositionInParameterList":2,"Direction":"OUT","Type":"NODE_LIST","Name":"nodes_out_1"}],"FunctionImplementations":[{"SourceCode":"\u003cxsl:sequence select\u003d\"count($nodes_in/*)\"/\u003e","FunctionImplementationLanguage":{"Name":"XSLT","Version":"2.0"}}],"isReference":false},"ParameterAssignments":[{"PositionInParameterList":1,"PositionInParameter":1,"PositionInDomainSet":1},{"PositionInParameterList":2,"PositionInParameter":1,"PositionInDomainSet":1}]},"Confidential":false},{"DomainMappingElement":{"SourceDomainSet":[{"DomainGuid":"2221db432f04391b8993dbe0f312b90f","Position":1}],"TargetDomainSet":[{"DomainGuid":"4a2eb38129f13b30a7fa126c906b0b33","Position":1}],"Documentation":{}},"Confidential":false},{"DomainMappingElement":{"SourceDomainSet":[],"TargetDomainSet":[{"DomainGuid":"3946b333e62e371ca2ea286840ca383c","Position":1}],"Documentation":{}},"Transformation":{"Function":{"FunctionGuid":"00000000000000000000000000000002","FunctionParameters":[{"PositionInParameterList":1,"Direction":"IN","Type":"STRING","Name":"value"},{"PositionInParameterList":2,"Direction":"OUT","Type":"NODE_LIST","Name":"nodes_out_1"}],"FunctionImplementations":[{"SourceCode":"\u003cxsl:value-of select\u003d\"$nodes_in/value\"/\u003e","FunctionImplementationLanguage":{"Name":"XSLT","Version":"2.0"}}],"isReference":false},"ParameterAssignments":[{"PositionInParameterList":1,"PositionInParameter":1,"Value":"$B2B_SEG_COUNTER"},{"PositionInParameterList":2,"PositionInParameter":1,"PositionInDomainSet":1}]},"Confidential":false},{"DomainMappingElement":{"SourceDomainSet":[],"TargetDomainSet":[{"DomainGuid":"66dc044d26d73b8ca5ebda9323cbd92a","Position":1}],"Documentation":{}},"Transformation":{"Function":{"FunctionGuid":"00000000000000000000000000000002","FunctionParameters":[{"PositionInParameterList":1,"Direction":"IN","Type":"STRING","Name":"value"},{"PositionInParameterList":2,"Direction":"OUT","Type":"NODE_LIST","Name":"nodes_out_1"}],"FunctionImplementations":[{"SourceCode":"\u003cxsl:value-of select\u003d\"$nodes_in/value\"/\u003e","FunctionImplementationLanguage":{"Name":"XSLT","Version":"2.0"}}],"isReference":false},"ParameterAssignments":[{"PositionInParameterList":1,"PositionInParameter":1,"Value":"1"},{"PositionInParameterList":2,"PositionInParameter":1,"PositionInDomainSet":1}]},"Confidential":false},{"DomainMappingElement":{"SourceDomainSet":[{"DomainGuid":"ce68e402e5e83324ac9f3b0fb0c7abc0","Position":1}],"TargetDomainSet":[{"DomainGuid":"d67db84789b239089aa7cd9ee1e05e93","Position":1}],"Documentation":{}},"Confidential":false},{"DomainMappingElement":{"SourceDomainSet":[{"DomainGuid":"e2fd90146b173a73a16cb984b4ab0815","Position":1}],"TargetDomainSet":[{"DomainGuid":"7afc25f662493d8dbd81e0ed2821d71c","Position":1}],"Documentation":{}},"Transformation":{"Function":{"FunctionGuid":"710c1e6158304bb492869765ed78e756","FunctionParameters":[{"PositionInParameterList":1,"Direction":"IN","Type":"NODE_LIST","Name":"POSEX"},{"PositionInParameterList":2,"Direction":"OUT","Type":"NODE_LIST","Name":"nodes_out_1"}],"FunctionImplementations":[{"SourceCode":"\u003cxsl:sequence select\u003d\"number(format-number($nodes_in[1]/POSEX, \u0027#\u0027)) div 10\"/\u003e","FunctionImplementationLanguage":{"Name":"XSLT","Version":"2.0"}}],"isReference":false},"ParameterAssignments":[{"PositionInParameterList":1,"PositionInParameter":1,"PositionInDomainSet":1},{"PositionInParameterList":2,"PositionInParameter":1,"PositionInDomainSet":1}]},"Confidential":false},{"DomainMappingElement":{"SourceDomainSet":[{"DomainGuid":"ab1013cf71933e5b96983d4f92fafc05","Position":2},{"DomainGuid":"5558d6d5158c30c296f6548d5a6cd758","Position":1}],"TargetDomainSet":[{"DomainGuid":"f8756397d7bf3ac3b59125f84af19f93","Position":1}],"Documentation":{}},"Transformation":{"Function":{"FunctionGuid":"3ebdee80f52c4d4aad17a397c1faf173","FunctionParameters":[{"PositionInParameterList":1,"Direction":"IN","Type":"NODE_LIST","Name":"ABGRU"},{"PositionInParameterList":2,"Direction":"IN","Type":"NODE_LIST","Name":"EZEIT_OLD"},{"PositionInParameterList":3,"Direction":"OUT","Type":"NODE_LIST","Name":"nodes_out_1"}],"FunctionImplementations":[{"SourceCode":"\u003cxsl:choose\u003e\n  \u003cxsl:when test\u003d\"$nodes_in/ABGRU !\u003d \u0027\u0027 \"\u003e\n    \u003cxsl:value-of select\u003d\"\u00277\u0027\"/\u003e\n  \u003c/xsl:when\u003e\n  \u003cxsl:when test\u003d\"$nodes_in/EZEIT_OLD \u003d \u0027C\u0027\"\u003e\n    \u003cxsl:value-of select\u003d\"\u00276\u0027\"/\u003e\n  \u003c/xsl:when\u003e\n  \u003cxsl:when test\u003d\"$nodes_in/EZEIT_OLD \u003d \u0027U\u0027\"\u003e\n    \u003cxsl:value-of select\u003d\"\u00274\u0027\"/\u003e\n  \u003c/xsl:when\u003e\n  \u003cxsl:otherwise\u003e\n    \u003cxsl:value-of select\u003d\"\u00275\u0027\"/\u003e\n  \u003c/xsl:otherwise\u003e\n\u003c/xsl:choose\u003e","FunctionImplementationLanguage":{"Name":"XSLT","Version":"2.0"}}],"isReference":false},"ParameterAssignments":[{"PositionInParameterList":1,"PositionInParameter":1,"PositionInDomainSet":2},{"PositionInParameterList":2,"PositionInParameter":1,"PositionInDomainSet":1},{"PositionInParameterList":3,"PositionInParameter":1,"PositionInDomainSet":1}]},"Confidential":false},{"DomainMappingElement":{"SourceDomainSet":[{"DomainGuid":"18428fa6a60832259b3b480492b15abc","AlternativeDomainGuid":"0776562f7c794c34909ebc001f30ca03","Position":1}],"TargetDomainSet":[{"DomainGuid":"c8e4c1d0b4ee3ddba002d0190d7ef234","Position":1}],"Documentation":{}},"Confidential":false},{"DomainMappingElement":{"SourceDomainSet":[{"DomainGuid":"7e68bba781db37cd8841492ecddde01d","AlternativeDomainGuid":"343b2074983948b19edead5e1a827296","Position":1}],"TargetDomainSet":[{"DomainGuid":"e3eaca4ae2c138e4b76c48b082cace13","AlternativeDomainGuid":"cffa2ee1ae423d3e947ea1a5e0311a2f","Position":1}],"Documentation":{}},"Transformation":{"Function":{"FunctionGuid":"00000000000000000000000000000001","FunctionParameters":[{"PositionInParameterList":1,"Direction":"IN","Type":"NODE_LIST","Name":"IDTNR"},{"PositionInParameterList":2,"Direction":"OUT","Type":"NODE_LIST","Name":"nodes_out_1"}],"FunctionImplementations":[{"SourceCode":"\u003cxsl:sequence select\u003d\"$nodes_in/*\"/\u003e","FunctionImplementationLanguage":{"Name":"XSLT","Version":"2.0"}}],"isReference":false},"ParameterAssignments":[{"PositionInParameterList":1,"PositionInParameter":1,"PositionInDomainSet":1},{"PositionInParameterList":2,"PositionInParameter":1,"PositionInDomainSet":1}]},"Confidential":false},{"DomainMappingElement":{"SourceDomainSet":[],"TargetDomainSet":[{"DomainGuid":"b3b64d7108953fc182531c6303a70e3b","Position":1}],"Documentation":{}},"Transformation":{"Function":{"FunctionGuid":"00000000000000000000000000000002","FunctionParameters":[{"PositionInParameterList":1,"Direction":"IN","Type":"STRING","Name":"value"},{"PositionInParameterList":2,"Direction":"OUT","Type":"NODE_LIST","Name":"nodes_out_1"}],"FunctionImplementations":[{"SourceCode":"\u003cxsl:value-of select\u003d\"$nodes_in/value\"/\u003e","FunctionImplementationLanguage":{"Name":"XSLT","Version":"2.0"}}],"isReference":false},"ParameterAssignments":[{"PositionInParameterList":1,"PositionInParameter":1,"Value":"EN"},{"PositionInParameterList":2,"PositionInParameter":1,"PositionInDomainSet":1}]},"Confidential":false},{"DomainMappingElement":{"SourceDomainSet":[{"DomainGuid":"23b1e5fcc1e732b88f041fb4783add24","AlternativeDomainGuid":"26253a2841b03f5ebade6353b8598d35","Position":1}],"TargetDomainSet":[{"DomainGuid":"3f0ba05255b23db9af3c019b738dcf6e","AlternativeDomainGuid":"035c1f3fa873313297ed4d9a589b5e30","Position":1}],"Documentation":{}},"Confidential":false},{"DomainMappingElement":{"SourceDomainSet":[],"TargetDomainSet":[{"DomainGuid":"67daed1048f73e35bd6a32cedba89a0b","AlternativeDomainGuid":"74b9efd250aa342f8045ea9e2729f57d","Position":1}],"Documentation":{}},"Transformation":{"Function":{"FunctionGuid":"00000000000000000000000000000002","FunctionParameters":[{"PositionInParameterList":1,"Direction":"IN","Type":"STRING","Name":"value"},{"PositionInParameterList":2,"Direction":"OUT","Type":"NODE_LIST","Name":"nodes_out_1"}],"FunctionImplementations":[{"SourceCode":"\u003cxsl:value-of select\u003d\"$nodes_in/value\"/\u003e","FunctionImplementationLanguage":{"Name":"XSLT","Version":"2.0"}}],"isReference":false},"ParameterAssignments":[{"PositionInParameterList":1,"PositionInParameter":1,"Value":"1"},{"PositionInParameterList":2,"PositionInParameter":1,"PositionInDomainSet":1}]},"Confidential":false},{"DomainMappingElement":{"SourceDomainSet":[{"DomainGuid":"afdd4e8a01a43e6eb286c15899bdce21","AlternativeDomainGuid":"1d5f9370cd3233e6b6abf487561ba041","Position":1}],"TargetDomainSet":[{"DomainGuid":"06ac59cb5079392daf603a41da65b973","AlternativeDomainGuid":"5f1ab99955c5315687135b38561d1453","Position":1}],"Documentation":{}},"Transformation":{"Function":{"FunctionGuid":"00000000000000000000000000000001","FunctionParameters":[{"PositionInParameterList":1,"Direction":"IN","Type":"NODE_LIST","Name":"IDTNR"},{"PositionInParameterList":2,"Direction":"OUT","Type":"NODE_LIST","Name":"nodes_out_1"}],"FunctionImplementations":[{"SourceCode":"\u003cxsl:sequence select\u003d\"$nodes_in/*\"/\u003e","FunctionImplementationLanguage":{"Name":"XSLT","Version":"2.0"}}],"isReference":false},"ParameterAssignments":[{"PositionInParameterList":1,"PositionInParameter":1,"PositionInDomainSet":1},{"PositionInParameterList":2,"PositionInParameter":1,"PositionInDomainSet":1}]},"Confidential":false},{"DomainMappingElement":{"SourceDomainSet":[],"TargetDomainSet":[{"DomainGuid":"dc105d1db4a334aeaf6f98198032964f","AlternativeDomainGuid":"8457d99d61b534fbaae48354dd81262a","Position":1}],"Documentation":{}},"Transformation":{"Function":{"FunctionGuid":"00000000000000000000000000000002","FunctionParameters":[{"PositionInParameterList":1,"Direction":"IN","Type":"STRING","Name":"value"},{"PositionInParameterList":2,"Direction":"OUT","Type":"NODE_LIST","Name":"nodes_out_1"}],"FunctionImplementations":[{"SourceCode":"\u003cxsl:value-of select\u003d\"$nodes_in/value\"/\u003e","FunctionImplementationLanguage":{"Name":"XSLT","Version":"2.0"}}],"isReference":false},"ParameterAssignments":[{"PositionInParameterList":1,"PositionInParameter":1,"Value":"BP"},{"PositionInParameterList":2,"PositionInParameter":1,"PositionInDomainSet":1}]},"Confidential":false},{"DomainMappingElement":{"SourceDomainSet":[{"DomainGuid":"3cb8492ae1393b68be686967d627a6d3","AlternativeDomainGuid":"af9a1c85e6314596a5ebad1700963df2","Position":1}],"TargetDomainSet":[{"DomainGuid":"4afb44e4c365380cab3006ce6d29aa6d","AlternativeDomainGuid":"3f2c2446bca84c72b816439b6813214b","Position":1}],"Documentation":{}},"Confidential":false},{"DomainMappingElement":{"SourceDomainSet":[{"DomainGuid":"e2d1c3c76984316895aff3a485a6a92f","AlternativeDomainGuid":"7e01ec8915534ba89b0129bc5d92fe65","Position":1}],"TargetDomainSet":[{"DomainGuid":"05879ca5a40b31bf8b62499587004081","AlternativeDomainGuid":"8640cc6471334495a16bca48f75ae1d9","Position":1}],"Documentation":{}},"Transformation":{"Function":{"FunctionGuid":"b9ac75c395414ca48c0364364ee7cbb7","FunctionParameters":[{"PositionInParameterList":1,"Direction":"IN","Type":"NODE_LIST","Name":"IDTNR"},{"PositionInParameterList":2,"Direction":"OUT","Type":"NODE_LIST","Name":"nodes_out_1"}],"FunctionImplementations":[{"SourceCode":"\u003cxsl:choose\u003e\n  \u003cxsl:when test\u003d\"$nodes_in/* !\u003d \u0027\u0027 \"\u003e\n    \u003cxsl:value-of select\u003d\"\u00271\u0027\"/\u003e\n  \u003c/xsl:when\u003e\n  \u003cxsl:otherwise\u003e\n    \u003cxsl:value-of select\u003d\"\u00275\u0027\"/\u003e\n  \u003c/xsl:otherwise\u003e\n\u003c/xsl:choose\u003e","FunctionImplementationLanguage":{"Name":"XSLT","Version":"2.0"}}],"isReference":false},"ParameterAssignments":[{"PositionInParameterList":1,"PositionInParameter":1,"PositionInDomainSet":1},{"PositionInParameterList":2,"PositionInParameter":1,"PositionInDomainSet":1}]},"Confidential":false},{"DomainMappingElement":{"SourceDomainSet":[{"DomainGuid":"e2d1c3c76984316895aff3a485a6a92f","AlternativeDomainGuid":"7e01ec8915534ba89b0129bc5d92fe65","Position":1}],"TargetDomainSet":[{"DomainGuid":"1afc3cffce963d18b3c21b71126d883f","AlternativeDomainGuid":"c9a3ffc030c44602bcf235138fe6ca32","Position":1}],"Documentation":{}},"Transformation":{"Function":{"FunctionGuid":"00000000000000000000000000000001","FunctionParameters":[{"PositionInParameterList":1,"Direction":"IN","Type":"NODE_LIST","Name":"IDTNR"},{"PositionInParameterList":2,"Direction":"OUT","Type":"NODE_LIST","Name":"nodes_out_1"}],"FunctionImplementations":[{"SourceCode":"\u003cxsl:sequence select\u003d\"$nodes_in/*\"/\u003e","FunctionImplementationLanguage":{"Name":"XSLT","Version":"2.0"}}],"isReference":false},"ParameterAssignments":[{"PositionInParameterList":1,"PositionInParameter":1,"PositionInDomainSet":1},{"PositionInParameterList":2,"PositionInParameter":1,"PositionInDomainSet":1}]},"Confidential":false},{"DomainMappingElement":{"SourceDomainSet":[],"TargetDomainSet":[{"DomainGuid":"f0ebc8a27bba36138309be963be5234e","AlternativeDomainGuid":"dcd8b57a7c3b4768bb8821141e085830","Position":1}],"Documentation":{}},"Transformation":{"Function":{"FunctionGuid":"00000000000000000000000000000002","FunctionParameters":[{"PositionInParameterList":1,"Direction":"IN","Type":"STRING","Name":"value"},{"PositionInParameterList":2,"Direction":"OUT","Type":"NODE_LIST","Name":"nodes_out_1"}],"FunctionImplementations":[{"SourceCode":"\u003cxsl:value-of select\u003d\"$nodes_in/value\"/\u003e","FunctionImplementationLanguage":{"Name":"XSLT","Version":"2.0"}}],"isReference":false},"ParameterAssignments":[{"PositionInParameterList":1,"PositionInParameter":1,"Value":"SA"},{"PositionInParameterList":2,"PositionInParameter":1,"PositionInDomainSet":1}]},"Confidential":false},{"DomainMappingElement":{"SourceDomainSet":[{"DomainGuid":"ce68e402e5e83324ac9f3b0fb0c7abc0","Position":1}],"TargetDomainSet":[{"DomainGuid":"b3cd820fb53c321fb400bc5904e60b2a","AlternativeDomainGuid":"342b5d80cc9e300ba8fbcf016c8c8906","Position":1}],"Documentation":{}},"Confidential":false},{"DomainMappingElement":{"SourceDomainSet":[{"DomainGuid":"ce68e402e5e83324ac9f3b0fb0c7abc0","Position":1}],"TargetDomainSet":[{"DomainGuid":"289bc3d9cc873799b75c766c133d4d59","AlternativeDomainGuid":"1d2aa9e78e593af882c03db19617a7fe","Position":1}],"Documentation":{}},"Confidential":false},{"DomainMappingElement":{"SourceDomainSet":[],"TargetDomainSet":[{"DomainGuid":"062e738a186431188405269423709747","AlternativeDomainGuid":"989442bdf6153549b23850dca6ee7cdb","Position":1}],"Documentation":{}},"Transformation":{"Function":{"FunctionGuid":"00000000000000000000000000000002","FunctionParameters":[{"PositionInParameterList":1,"Direction":"IN","Type":"STRING","Name":"value"},{"PositionInParameterList":2,"Direction":"OUT","Type":"NODE_LIST","Name":"nodes_out_1"}],"FunctionImplementations":[{"SourceCode":"\u003cxsl:value-of select\u003d\"$nodes_in/value\"/\u003e","FunctionImplementationLanguage":{"Name":"XSLT","Version":"2.0"}}],"isReference":false},"ParameterAssignments":[{"PositionInParameterList":1,"PositionInParameter":1,"Value":"113"},{"PositionInParameterList":2,"PositionInParameter":1,"PositionInDomainSet":1}]},"Confidential":false},{"DomainMappingElement":{"SourceDomainSet":[{"DomainGuid":"b1c476c6bb713c68a3b03f4b6ae116d3","Position":1}],"TargetDomainSet":[{"DomainGuid":"c7bdb11d5a353eaca6d6851d168c20f6","AlternativeDomainGuid":"bf7339e1a7173d2fab65e677b714358a","Position":1}],"Documentation":{}},"Transformation":{"Function":{"FunctionGuid":"501de33ddcd840c7b339b62d9a4717dd","FunctionParameters":[{"PositionInParameterList":1,"Direction":"IN","Type":"NODE_LIST","Name":"WMENG"},{"PositionInParameterList":2,"Direction":"OUT","Type":"NODE_LIST","Name":"nodes_out_1"}],"FunctionImplementations":[{"SourceCode":"\u003cxsl:sequence select\u003d\"format-number($nodes_in[1]/*, \u0027#\u0027)\"/\u003e","FunctionImplementationLanguage":{"Name":"XSLT","Version":"2.0"}}],"isReference":false},"ParameterAssignments":[{"PositionInParameterList":1,"PositionInParameter":1,"PositionInDomainSet":1},{"PositionInParameterList":2,"PositionInParameter":1,"PositionInDomainSet":1}]},"Confidential":false},{"DomainMappingElement":{"SourceDomainSet":[{"DomainGuid":"77bf5578356431938c41e610057df83f","Position":1}],"TargetDomainSet":[{"DomainGuid":"3ecb776da76835c7bd2d1b9a205e9445","AlternativeDomainGuid":"7e4c3319f9514687b7d239344ef03c5f","Position":1}],"Documentation":{}},"Confidential":false},{"DomainMappingElement":{"SourceDomainSet":[],"TargetDomainSet":[{"DomainGuid":"3c621b986904332aa73f3e7557d64178","AlternativeDomainGuid":"bd67d6794fc64530b7a0f4401ecdd3f8","Position":1}],"Documentation":{}},"Transformation":{"Function":{"FunctionGuid":"00000000000000000000000000000002","FunctionParameters":[{"PositionInParameterList":1,"Direction":"IN","Type":"STRING","Name":"value"},{"PositionInParameterList":2,"Direction":"OUT","Type":"NODE_LIST","Name":"nodes_out_1"}],"FunctionImplementations":[{"SourceCode":"\u003cxsl:value-of select\u003d\"$nodes_in/value\"/\u003e","FunctionImplementationLanguage":{"Name":"XSLT","Version":"2.0"}}],"isReference":false},"ParameterAssignments":[{"PositionInParameterList":1,"PositionInParameter":1,"Value":"21"},{"PositionInParameterList":2,"PositionInParameter":1,"PositionInDomainSet":1}]},"Confidential":false},{"DomainMappingElement":{"SourceDomainSet":[{"DomainGuid":"77bf5578356431938c41e610057df83f","Position":1},{"DomainGuid":"78dc882ac5bc3a128bd266d843995987","Position":2}],"TargetDomainSet":[{"DomainGuid":"e44f9df201d0330b94650c027fdca9d5","AlternativeDomainGuid":"02ca6e6bc22043109f847637a4eb83f8","Position":1}],"Documentation":{}},"Transformation":{"Function":{"FunctionGuid":"de02e6f92a304c1fb64581fe30d34409","FunctionParameters":[{"PositionInParameterList":1,"Direction":"IN","Type":"NODE_LIST","Name":"MENGE"},{"PositionInParameterList":2,"Direction":"IN","Type":"NODE_LIST","Name":"AMENG"},{"PositionInParameterList":3,"Direction":"OUT","Type":"NODE_LIST","Name":"nodes_out_1"}],"FunctionImplementations":[{"SourceCode":"\u003cxsl:choose\u003e\n  \u003cxsl:when test\u003d\"$nodes_in/MENGE !\u003d \u0027\u0027 \"\u003e\n    \u003cxsl:value-of select\u003d\"format-number($nodes_in/MENGE, \u0027#\u0027)\"/\u003e\n  \u003c/xsl:when\u003e\n  \u003cxsl:otherwise\u003e\n    \u003cxsl:value-of select\u003d\"format-number($nodes_in/AMENG, \u0027#\u0027)\"/\u003e\n  \u003c/xsl:otherwise\u003e\n\u003c/xsl:choose\u003e","FunctionImplementationLanguage":{"Name":"XSLT","Version":"2.0"}}],"isReference":false},"ParameterAssignments":[{"PositionInParameterList":1,"PositionInParameter":1,"PositionInDomainSet":1},{"PositionInParameterList":2,"PositionInParameter":1,"PositionInDomainSet":2},{"PositionInParameterList":3,"PositionInParameter":1,"PositionInDomainSet":1}]},"Confidential":false},{"DomainMappingElement":{"SourceDomainSet":[],"TargetDomainSet":[{"DomainGuid":"061da926b5c6358c8c0ca7980f43094f","AlternativeDomainGuid":"5f013b016aae3ee4baa59bf9f55215e1","Position":1}],"Documentation":{}},"Transformation":{"Function":{"FunctionGuid":"00000000000000000000000000000002","FunctionParameters":[{"PositionInParameterList":1,"Direction":"IN","Type":"STRING","Name":"value"},{"PositionInParameterList":2,"Direction":"OUT","Type":"NODE_LIST","Name":"nodes_out_1"}],"FunctionImplementations":[{"SourceCode":"\u003cxsl:value-of select\u003d\"$nodes_in/value\"/\u003e","FunctionImplementationLanguage":{"Name":"XSLT","Version":"2.0"}}],"isReference":false},"ParameterAssignments":[{"PositionInParameterList":1,"PositionInParameter":1,"Value":"2"},{"PositionInParameterList":2,"PositionInParameter":1,"PositionInDomainSet":1}]},"Confidential":false},{"DomainMappingElement":{"SourceDomainSet":[{"DomainGuid":"b0c722627fea3dbba469281e305948f3","AlternativeDomainGuid":"12527b31f17d30a18650033968f5a1de","Position":1}],"TargetDomainSet":[{"DomainGuid":"8f6233459fc03c72bd123de89eed9e55","AlternativeDomainGuid":"0b909f462d1837ff8b422fe14a7dfb64","Position":1}],"Documentation":{}},"Transformation":{"Function":{"FunctionGuid":"10010000000000000000000000000001","FunctionParameters":[{"PositionInParameterList":1,"Direction":"IN","Type":"NODE_LIST","Name":"source_date_time_value"},{"PositionInParameterList":2,"Direction":"IN","Type":"NODE_LIST","Name":"source_date_time_format"},{"PositionInParameterList":3,"Direction":"IN","Type":"STRING","Name":"target_date_time_format"},{"PositionInParameterList":4,"Direction":"OUT","Type":"NODE_LIST","Name":"target_date_time_value"}],"FunctionImplementations":[{"SourceCode":"\u003cxsl:sequence select\u003d\"ica_fn:transform-dateTime($nodes_in/nodes_in_1,$nodes_in/source_date_time_format,$nodes_in/target_date_time_format)\"/\u003e","FunctionImplementationLanguage":{"Name":"XSLT","Version":"2.0"}}],"isReference":false},"ParameterAssignments":[{"PositionInParameterList":1,"PositionInParameter":1,"PositionInDomainSet":1},{"PositionInParameterList":2,"PositionInParameter":1,"Value":"CCYYMMDD"},{"PositionInParameterList":3,"PositionInParameter":1,"Value":"CCYYMMDD"},{"PositionInParameterList":4,"PositionInParameter":1,"PositionInDomainSet":1}]},"Confidential":false},{"DomainMappingElement":{"SourceDomainSet":[],"TargetDomainSet":[{"DomainGuid":"8a91a081e53c34f59a3598dc5d675964","AlternativeDomainGuid":"00375955f21f3603a11a74a31e9d7edb","Position":1}],"Documentation":{}},"Transformation":{"Function":{"FunctionGuid":"00000000000000000000000000000002","FunctionParameters":[{"PositionInParameterList":1,"Direction":"IN","Type":"STRING","Name":"value"},{"PositionInParameterList":2,"Direction":"OUT","Type":"NODE_LIST","Name":"nodes_out_1"}],"FunctionImplementations":[{"SourceCode":"\u003cxsl:value-of select\u003d\"$nodes_in/value\"/\u003e","FunctionImplementationLanguage":{"Name":"XSLT","Version":"2.0"}}],"isReference":false},"ParameterAssignments":[{"PositionInParameterList":1,"PositionInParameter":1,"Value":"102"},{"PositionInParameterList":2,"PositionInParameter":1,"PositionInDomainSet":1}]},"Confidential":false},{"DomainMappingElement":{"SourceDomainSet":[],"TargetDomainSet":[{"DomainGuid":"0a5c6f24f28c3e02b4acc84e77161b05","AlternativeDomainGuid":"29151bb2471436d3aebe8eb550321864","Position":1}],"Documentation":{}},"Transformation":{"Function":{"FunctionGuid":"00000000000000000000000000000002","FunctionParameters":[{"PositionInParameterList":1,"Direction":"IN","Type":"STRING","Name":"value"},{"PositionInParameterList":2,"Direction":"OUT","Type":"NODE_LIST","Name":"nodes_out_1"}],"FunctionImplementations":[{"SourceCode":"\u003cxsl:value-of select\u003d\"$nodes_in/value\"/\u003e","FunctionImplementationLanguage":{"Name":"XSLT","Version":"2.0"}}],"isReference":false},"ParameterAssignments":[{"PositionInParameterList":1,"PositionInParameter":1,"Value":"AAA"},{"PositionInParameterList":2,"PositionInParameter":1,"PositionInDomainSet":1}]},"Confidential":false},{"DomainMappingElement":{"SourceDomainSet":[{"DomainGuid":"59e90fe1fd94310eac84827e9d262c83","Position":1}],"TargetDomainSet":[{"DomainGuid":"7218a717355b33049bca7238b1fcad70","AlternativeDomainGuid":"5883009ba2553c099ebac17aa13f8843","Position":1}],"Documentation":{}},"Transformation":{"Function":{"FunctionGuid":"00000000000000000000000000000001","FunctionParameters":[{"PositionInParameterList":1,"Direction":"IN","Type":"NODE_LIST","Name":"VPREI"},{"PositionInParameterList":2,"Direction":"OUT","Type":"NODE_LIST","Name":"nodes_out_1"}],"FunctionImplementations":[{"SourceCode":"\u003cxsl:sequence select\u003d\"$nodes_in/*\"/\u003e","FunctionImplementationLanguage":{"Name":"XSLT","Version":"2.0"}}],"isReference":false},"ParameterAssignments":[{"PositionInParameterList":1,"PositionInParameter":1,"PositionInDomainSet":1},{"PositionInParameterList":2,"PositionInParameter":1,"PositionInDomainSet":1}]},"Confidential":false},{"DomainMappingElement":{"SourceDomainSet":[{"DomainGuid":"e326f306716633d4bf0daef12437bdb0","Position":1}],"TargetDomainSet":[{"DomainGuid":"b36b945f674e31089506e8c4d80c09aa","AlternativeDomainGuid":"b2929dfe2fb033b8afed74077bb13e8e","Position":1}],"Documentation":{}},"Transformation":{"Function":{"FunctionGuid":"00000000000000000000000000000001","FunctionParameters":[{"PositionInParameterList":1,"Direction":"IN","Type":"NODE_LIST","Name":"PEINH"},{"PositionInParameterList":2,"Direction":"OUT","Type":"NODE_LIST","Name":"nodes_out_1"}],"FunctionImplementations":[{"SourceCode":"\u003cxsl:sequence select\u003d\"$nodes_in/*\"/\u003e","FunctionImplementationLanguage":{"Name":"XSLT","Version":"2.0"}}],"isReference":false},"ParameterAssignments":[{"PositionInParameterList":1,"PositionInParameter":1,"PositionInDomainSet":1},{"PositionInParameterList":2,"PositionInParameter":1,"PositionInDomainSet":1}]},"Confidential":false},{"DomainMappingElement":{"SourceDomainSet":[{"DomainGuid":"7fe8860c2f413be381de2f915e890f53","Position":1}],"TargetDomainSet":[{"DomainGuid":"07cf8f59accf377aac6bf09a323cb66e","AlternativeDomainGuid":"f192bce78aa63767bfc7610a592a2dbf","Position":1}],"Documentation":{}},"Transformation":{"Function":{"FunctionGuid":"00000000000000000000000000000001","FunctionParameters":[{"PositionInParameterList":1,"Direction":"IN","Type":"NODE_LIST","Name":"PMENE"},{"PositionInParameterList":2,"Direction":"OUT","Type":"NODE_LIST","Name":"nodes_out_1"}],"FunctionImplementations":[{"SourceCode":"\u003cxsl:sequence select\u003d\"$nodes_in/*\"/\u003e","FunctionImplementationLanguage":{"Name":"XSLT","Version":"2.0"}}],"isReference":false},"ParameterAssignments":[{"PositionInParameterList":1,"PositionInParameter":1,"PositionInDomainSet":1},{"PositionInParameterList":2,"PositionInParameter":1,"PositionInDomainSet":1}]},"Confidential":false},{"DomainMappingElement":{"SourceDomainSet":[{"DomainGuid":"f407c46445323c19a8c78f2bb8439946","AlternativeDomainGuid":"21bae7ab1b54300cad4ee9fe598ff681","Position":1}],"TargetDomainSet":[{"DomainGuid":"570b51b922aa3cd4a6c46d098d88587a","AlternativeDomainGuid":"b2b26b29741e3d08980edc8ecf3568d1","Position":1}],"Documentation":{}},"Confidential":false},{"DomainMappingElement":{"SourceDomainSet":[],"TargetDomainSet":[{"DomainGuid":"1f62451406353563888a945bf7e545bc","AlternativeDomainGuid":"f6422c63de553dfa9f74eecb21ae5584","Position":1}],"Documentation":{}},"Transformation":{"Function":{"FunctionGuid":"00000000000000000000000000000002","FunctionParameters":[{"PositionInParameterList":1,"Direction":"IN","Type":"STRING","Name":"value"},{"PositionInParameterList":2,"Direction":"OUT","Type":"NODE_LIST","Name":"nodes_out_1"}],"FunctionImplementations":[{"SourceCode":"\u003cxsl:value-of select\u003d\"$nodes_in/value\"/\u003e","FunctionImplementationLanguage":{"Name":"XSLT","Version":"2.0"}}],"isReference":false},"ParameterAssignments":[{"PositionInParameterList":1,"PositionInParameter":1,"Value":"ON"},{"PositionInParameterList":2,"PositionInParameter":1,"PositionInDomainSet":1}]},"Confidential":false},{"DomainMappingElement":{"SourceDomainSet":[{"DomainGuid":"d111a5b128c13269b646cfb9880935a1","AlternativeDomainGuid":"ecc05f74824e390cb9080bc4d54355f5","Position":1}],"TargetDomainSet":[{"DomainGuid":"d52323e68bc73d51829b1263a9249665","AlternativeDomainGuid":"6cacbe60d3013736ad394e68a35bd17c","Position":1}],"Documentation":{}},"Transformation":{"Function":{"FunctionGuid":"00000000000000000000000000000001","FunctionParameters":[{"PositionInParameterList":1,"Direction":"IN","Type":"NODE_LIST","Name":"BELNR"},{"PositionInParameterList":2,"Direction":"OUT","Type":"NODE_LIST","Name":"nodes_out_1"}],"FunctionImplementations":[{"SourceCode":"\u003cxsl:sequence select\u003d\"$nodes_in/*\"/\u003e","FunctionImplementationLanguage":{"Name":"XSLT","Version":"2.0"}}],"isReference":false},"ParameterAssignments":[{"PositionInParameterList":1,"PositionInParameter":1,"PositionInDomainSet":1},{"PositionInParameterList":2,"PositionInParameter":1,"PositionInDomainSet":1}]},"Confidential":false},{"DomainMappingElement":{"SourceDomainSet":[{"DomainGuid":"d6d37df075853e0fa270535f5e11764a","AlternativeDomainGuid":"5eaca949c9903d1fb7109f47da160f5b","Position":1}],"TargetDomainSet":[{"DomainGuid":"fecea2d90c2c3d0d87f90476e03f98f5","AlternativeDomainGuid":"b64cd4c4ddea3f2bbf128fe3ab60f22c","Position":1}],"Documentation":{}},"Transformation":{"Function":{"FunctionGuid":"448ba5a2e2b940299b4f3e289742c35d","FunctionParameters":[{"PositionInParameterList":1,"Direction":"IN","Type":"NODE_LIST","Name":"ZEILE"},{"PositionInParameterList":2,"Direction":"OUT","Type":"NODE_LIST","Name":"nodes_out_1"}],"FunctionImplementations":[{"SourceCode":"\u003cxsl:sequence select\u003d\"format-number($nodes_in/*, \u0027#\u0027)\"/\u003e","FunctionImplementationLanguage":{"Name":"XSLT","Version":"2.0"}}],"isReference":false},"ParameterAssignments":[{"PositionInParameterList":1,"PositionInParameter":1,"PositionInDomainSet":1},{"PositionInParameterList":2,"PositionInParameter":1,"PositionInDomainSet":1}]},"Confidential":false},{"DomainMappingElement":{"SourceDomainSet":[],"TargetDomainSet":[{"DomainGuid":"c7266048965636b09413b11df100c7de","AlternativeDomainGuid":"60d3da6b816d3a66a56b4490aed07230","Position":1}],"Documentation":{}},"Transformation":{"Function":{"FunctionGuid":"00000000000000000000000000000002","FunctionParameters":[{"PositionInParameterList":1,"Direction":"IN","Type":"STRING","Name":"value"},{"PositionInParameterList":2,"Direction":"OUT","Type":"NODE_LIST","Name":"nodes_out_1"}],"FunctionImplementations":[{"SourceCode":"\u003cxsl:value-of select\u003d\"$nodes_in/value\"/\u003e","FunctionImplementationLanguage":{"Name":"XSLT","Version":"2.0"}}],"isReference":false},"ParameterAssignments":[{"PositionInParameterList":1,"PositionInParameter":1,"Value":"171"},{"PositionInParameterList":2,"PositionInParameter":1,"PositionInDomainSet":1}]},"Confidential":false},{"DomainMappingElement":{"SourceDomainSet":[],"TargetDomainSet":[{"DomainGuid":"2128affb4a5e3c01ab244b505e9c1b27","AlternativeDomainGuid":"0a19538b357437bfafe65df4d32e6d32","Position":1}],"Documentation":{}},"Transformation":{"Function":{"FunctionGuid":"00000000000000000000000000000002","FunctionParameters":[{"PositionInParameterList":1,"Direction":"IN","Type":"STRING","Name":"value"},{"PositionInParameterList":2,"Direction":"OUT","Type":"NODE_LIST","Name":"nodes_out_1"}],"FunctionImplementations":[{"SourceCode":"\u003cxsl:value-of select\u003d\"$nodes_in/value\"/\u003e","FunctionImplementationLanguage":{"Name":"XSLT","Version":"2.0"}}],"isReference":false},"ParameterAssignments":[{"PositionInParameterList":1,"PositionInParameter":1,"Value":"102"},{"PositionInParameterList":2,"PositionInParameter":1,"PositionInDomainSet":1}]},"Confidential":false},{"DomainMappingElement":{"SourceDomainSet":[{"DomainGuid":"f407c46445323c19a8c78f2bb8439946","AlternativeDomainGuid":"21bae7ab1b54300cad4ee9fe598ff681","Position":1}],"TargetDomainSet":[{"DomainGuid":"5a9945e8ab3b3e08a32f15469def1b6b","AlternativeDomainGuid":"90cf9df6f36c48cb8546ebd47c329577","Position":1}],"Documentation":{}},"Confidential":false},{"DomainMappingElement":{"SourceDomainSet":[],"TargetDomainSet":[{"DomainGuid":"232af584a6123b298d4652ed6dedcf91","AlternativeDomainGuid":"3e5a151e15a04b388b1515913f0c6885","Position":1}],"Documentation":{}},"Transformation":{"Function":{"FunctionGuid":"00000000000000000000000000000002","FunctionParameters":[{"PositionInParameterList":1,"Direction":"IN","Type":"STRING","Name":"value"},{"PositionInParameterList":2,"Direction":"OUT","Type":"NODE_LIST","Name":"nodes_out_1"}],"FunctionImplementations":[{"SourceCode":"\u003cxsl:value-of select\u003d\"$nodes_in/value\"/\u003e","FunctionImplementationLanguage":{"Name":"XSLT","Version":"2.0"}}],"isReference":false},"ParameterAssignments":[{"PositionInParameterList":1,"PositionInParameter":1,"Value":"LI"},{"PositionInParameterList":2,"PositionInParameter":1,"PositionInDomainSet":1}]},"Confidential":false},{"DomainMappingElement":{"SourceDomainSet":[{"DomainGuid":"d6d37df075853e0fa270535f5e11764a","AlternativeDomainGuid":"5eaca949c9903d1fb7109f47da160f5b","Position":1}],"TargetDomainSet":[{"DomainGuid":"667c2162fcb1309ea8310e5d789359ac","AlternativeDomainGuid":"5b048e235c8042269bd05041473bb375","Position":1}],"Documentation":{}},"Transformation":{"Function":{"FunctionGuid":"da2093f8f2954406b311141ae0e4bdf9","FunctionParameters":[{"PositionInParameterList":1,"Direction":"IN","Type":"NODE_LIST","Name":"ZEILE"},{"PositionInParameterList":2,"Direction":"OUT","Type":"NODE_LIST","Name":"nodes_out_1"}],"FunctionImplementations":[{"SourceCode":"\u003cxsl:sequence select\u003d\"format-number($nodes_in/*, \u0027#\u0027)\"/\u003e","FunctionImplementationLanguage":{"Name":"XSLT","Version":"2.0"}}],"isReference":false},"ParameterAssignments":[{"PositionInParameterList":1,"PositionInParameter":1,"PositionInDomainSet":1},{"PositionInParameterList":2,"PositionInParameter":1,"PositionInDomainSet":1}]},"Confidential":false},{"DomainMappingElement":{"SourceDomainSet":[{"DomainGuid":"2221db432f04391b8993dbe0f312b90f","Position":1}],"TargetDomainSet":[{"DomainGuid":"ebf05e697ff33fd09d8e3e6a4e6c4f3e","AlternativeDomainGuid":"0b67f3d3b1f63e77a3fb0d19d0a42866","Position":1}],"Documentation":{}},"Confidential":false},{"DomainMappingElement":{"SourceDomainSet":[{"DomainGuid":"4715b978d45a304b8d979c52a2232fe4","AlternativeDomainGuid":"6d03e24cfb4434b2bdf2b22485db82e5","Position":1}],"TargetDomainSet":[{"DomainGuid":"626b4c45903235d4bf84ff352a14e2c9","AlternativeDomainGuid":"3d10a68ec0e4392fbdccac2bd99c3570","Position":1}],"Documentation":{}},"Confidential":false},{"DomainMappingElement":{"SourceDomainSet":[{"DomainGuid":"70af08eff8a13d168ba9421e08510eb1","AlternativeDomainGuid":"f8bedb1f08a34eee83d72404de1e57c8","Position":1}],"TargetDomainSet":[{"DomainGuid":"2141bb104e66384a85d1a292ded4de69","AlternativeDomainGuid":"2528654274d64f9c884c99657bff1cfa","Position":1}],"Documentation":{}},"Confidential":false},{"DomainMappingElement":{"SourceDomainSet":[{"DomainGuid":"0727acba3eeb3bb6ae8e6c5ee1efee2e","AlternativeDomainGuid":"29474c5247503517a824e77b7472e60c","Position":1}],"TargetDomainSet":[{"DomainGuid":"b61d314639de31c3b9d0500c7fb4cb1a","AlternativeDomainGuid":"13568577cc8f3705a8d4268c6605b272","Position":1}],"Documentation":{}},"Confidential":false},{"DomainMappingElement":{"SourceDomainSet":[{"DomainGuid":"a21f445988ab319cb65fefe7c7d8ed2e","Position":1}],"TargetDomainSet":[{"DomainGuid":"62290032392532ee895b29b072be140c","AlternativeDomainGuid":"e636daa29b0b31f19210f0fc69c9a2b2","Position":1}],"Documentation":{}},"Confidential":false},{"DomainMappingElement":{"SourceDomainSet":[{"DomainGuid":"0695172982a13bd3ae342dd6a28f4146","Position":1}],"TargetDomainSet":[{"DomainGuid":"9c34a40c24ea31f5a8dc8e0b74877cbc","AlternativeDomainGuid":"ff41be10f8a43d579cedcdefb10d14b9","Position":1}],"Documentation":{}},"Transformation":{"Function":{"FunctionGuid":"10010000000000000000000000000001","FunctionParameters":[{"PositionInParameterList":1,"Direction":"IN","Type":"NODE_LIST","Name":"source_date_time_value"},{"PositionInParameterList":2,"Direction":"IN","Type":"NODE_LIST","Name":"source_date_time_format"},{"PositionInParameterList":3,"Direction":"IN","Type":"STRING","Name":"target_date_time_format"},{"PositionInParameterList":4,"Direction":"OUT","Type":"NODE_LIST","Name":"target_date_time_value"}],"FunctionImplementations":[{"SourceCode":"\u003cxsl:sequence select\u003d\"ica_fn:transform-dateTime($nodes_in/nodes_in_1,$nodes_in/source_date_time_format,$nodes_in/target_date_time_format)\"/\u003e","FunctionImplementationLanguage":{"Name":"XSLT","Version":"2.0"}}],"isReference":false},"ParameterAssignments":[{"PositionInParameterList":1,"PositionInParameter":1,"PositionInDomainSet":1},{"PositionInParameterList":2,"PositionInParameter":1,"Value":"CCYYMMDD"},{"PositionInParameterList":3,"PositionInParameter":1,"Value":"CCYYMMDD"},{"PositionInParameterList":4,"PositionInParameter":1,"PositionInDomainSet":1}]},"Confidential":false},{"DomainMappingElement":{"SourceDomainSet":[{"DomainGuid":"f407c46445323c19a8c78f2bb8439946","AlternativeDomainGuid":"21bae7ab1b54300cad4ee9fe598ff681","Position":1}],"TargetDomainSet":[{"DomainGuid":"b9a074a74401317ca730853679f01fc6","AlternativeDomainGuid":"44692d4882f13851b59a4d3e331b807a","Position":1}],"Documentation":{}},"Confidential":false},{"DomainMappingElement":{"SourceDomainSet":[{"DomainGuid":"e2058bc8ce6e3ef19ef81f28d25bb30b","AlternativeDomainGuid":"b43fd57d263c368282c5d488f41cfbe0","Position":1}],"TargetDomainSet":[{"DomainGuid":"be29b529a79b3be684ef8d3d00f846ac","AlternativeDomainGuid":"df8d226e7fde3ae3a1ede240167c8272","Position":1}],"Documentation":{}},"Transformation":{"Function":{"FunctionGuid":"10010000000000000000000000000001","FunctionParameters":[{"PositionInParameterList":1,"Direction":"IN","Type":"NODE_LIST","Name":"source_date_time_value"},{"PositionInParameterList":2,"Direction":"IN","Type":"NODE_LIST","Name":"source_date_time_format"},{"PositionInParameterList":3,"Direction":"IN","Type":"STRING","Name":"target_date_time_format"},{"PositionInParameterList":4,"Direction":"OUT","Type":"NODE_LIST","Name":"target_date_time_value"}],"FunctionImplementations":[{"SourceCode":"\u003cxsl:sequence select\u003d\"ica_fn:transform-dateTime($nodes_in/nodes_in_1,$nodes_in/source_date_time_format,$nodes_in/target_date_time_format)\"/\u003e","FunctionImplementationLanguage":{"Name":"XSLT","Version":"2.0"}}],"isReference":false},"ParameterAssignments":[{"PositionInParameterList":1,"PositionInParameter":1,"PositionInDomainSet":1},{"PositionInParameterList":2,"PositionInParameter":1,"Value":"CCYYMMDD"},{"PositionInParameterList":3,"PositionInParameter":1,"Value":"CCYYMMDD"},{"PositionInParameterList":4,"PositionInParameter":1,"PositionInDomainSet":1}]},"Confidential":false},{"DomainMappingElement":{"SourceDomainSet":[{"DomainGuid":"e2058bc8ce6e3ef19ef81f28d25bb30b","AlternativeDomainGuid":"b43fd57d263c368282c5d488f41cfbe0","Position":1}],"TargetDomainSet":[{"DomainGuid":"abfa8d1491e03bb1b07a7a420f66c3f8","AlternativeDomainGuid":"84a945efc6e033d8ae849f2c6593c956","Position":1}],"Documentation":{}},"Transformation":{"Function":{"FunctionGuid":"10010000000000000000000000000001","FunctionParameters":[{"PositionInParameterList":1,"Direction":"IN","Type":"NODE_LIST","Name":"source_date_time_value"},{"PositionInParameterList":2,"Direction":"IN","Type":"NODE_LIST","Name":"source_date_time_format"},{"PositionInParameterList":3,"Direction":"IN","Type":"STRING","Name":"target_date_time_format"},{"PositionInParameterList":4,"Direction":"OUT","Type":"NODE_LIST","Name":"target_date_time_value"}],"FunctionImplementations":[{"SourceCode":"\u003cxsl:sequence select\u003d\"ica_fn:transform-dateTime($nodes_in/nodes_in_1,$nodes_in/source_date_time_format,$nodes_in/target_date_time_format)\"/\u003e","FunctionImplementationLanguage":{"Name":"XSLT","Version":"2.0"}}],"isReference":false},"ParameterAssignments":[{"PositionInParameterList":1,"PositionInParameter":1,"PositionInDomainSet":1},{"PositionInParameterList":2,"PositionInParameter":1,"Value":"CCYYMMDD"},{"PositionInParameterList":3,"PositionInParameter":1,"Value":"CCYYMMDD"},{"PositionInParameterList":4,"PositionInParameter":1,"PositionInDomainSet":1}]},"Confidential":false},{"DomainMappingElement":{"SourceDomainSet":[{"DomainGuid":"f407c46445323c19a8c78f2bb8439946","AlternativeDomainGuid":"21bae7ab1b54300cad4ee9fe598ff681","Position":1}],"TargetDomainSet":[{"DomainGuid":"21a929d4d7c23e6e886ae54b9e7c1638","AlternativeDomainGuid":"085c84e63fb638b2957908d13169f27d","Position":1}],"Documentation":{}},"Confidential":false}],"TargetNodeDuplicationRules":[],"TargetNodeStatus":{},"SharedFunctions":[],"SharedVariables":[],"AdministrativeData":{"CreatedBy":"moussa.el.kakouchi@sap.com","CreatedOn":1743764145213,"ModifiedBy":"moussa.el.kakouchi@sap.com","ModifiedOn":1743764145213,"LastImportedOn":1743764145213,"LastImportedBy":"moussa.el.kakouchi@sap.com"},"LifecycleInfo":{},"Documentation":{"Name":{"ArtifactValue":{"Id":"6813eb4feb443cbf826f36c6c811fb5c","action":"NONE"}},"Definition":{"ArtifactValue":{"Id":"6666cd76f96936469e7be39d750cc7d9","action":"NONE"}},"Summary":{"ArtifactValue":{"Id":"342a2b1130cd327fa0f1881aba6b50c8","action":"NONE"}},"NumberOfNotes":0,"Notes":[]},"DocumentationArtifacts":{"UID-29636313-e0c8-4334-bdb1-99d5f58b7be2":"","UID-e838c3c9-96eb-4865-9e94-eec117c8f741":"","960649485cd5378e94d05c2816d8b52a":"UID-d388b74d-6dc0-4f61-8559-62063ef1fcf4","6666cd76f96936469e7be39d750cc7d9":"","UID-dd150daf-92f6-4a30-a16f-15a7c0f62d70":"","1a629cc86c2936578481d99a5d560663":"\u003cp\u003eThis mapping guideline provides instructions for translating SAP IDOC ORDRSP.ORDERS05 into UN/EDIFACT D.01B ORDRSP format. It details the specific fields and data elements that need to be mapped and transformed from the SAP IDOC structure to the corresponding UN/EDIFACT structure, ensuring accurate and seamless exchange of order response data between systems. The guideline includes mapping rules, data element definitions, and any necessary transformations or conversions to facilitate the integration and communication between SAP and UN/EDIFACT-based systems.\u003c/p\u003e","UID-0b72fab9-61eb-40b9-ad43-469f5670e226":"","UID-d26785a5-0853-4854-acd4-3548cee3c4b8":"","UID-be752b9e-f6f9-4663-9bc1-a85381e0114b":"","UID-732ec05a-199c-4476-9fb7-86fd962be80a":"","UID-443e7ec7-2573-4a19-89f3-53116adbc4de":"","UID-216bb769-8967-4c0c-bef6-3ec9d161eaf5":"","UID-4ff9d868-1ca6-4f41-8317-e489fa08b889":"","UID-04564222-6cd6-492b-8876-820f29df3974":"","342a2b1130cd327fa0f1881aba6b50c8":"UID-2714e495-4e76-45a2-980b-b59376f03a31","UID-e9162583-3689-4a4a-9896-0f961105dc05":"","UID-b89cd66b-a197-42ef-9ac0-83e15fd63187":"","b0e60775e927344bad7673771a574c8b":"UID-216bb769-8967-4c0c-bef6-3ec9d161eaf5","6813eb4feb443cbf826f36c6c811fb5c":"01.b) [Trading Partner Name] - SAP IDOC ORDRSP.ORDERS05 -to- UN/EDIFACT D.01B ORDRSP","UID-b7649056-679a-4c2a-a2ec-9fa117ac0736":"","UID-514456d0-3a83-43cb-93b0-43fbf35bbc75":"","UID-d4ff5e31-dcf6-40c5-96bf-a3459af54075":"","UID-81b05569-27bc-444c-9021-4c4d87b6b4ab":"UID-d388b74d-6dc0-4f61-8559-62063ef1fcf4","UID-4102fe7c-651f-4bfc-8e99-4ea41f4291ed":"\u003cdiv class\u003d\u0027sapMText\u0027\u003e\u003cdiv class\u003d\u0027sapMText\u0027\u003e\u003cp\u003eThis mapping guideline provides instructions for translating SAP IDOC ORDRSP.ORDERS05 into UN/EDIFACT D.01B ORDRSP format. It details the specific fields and data elements that need to be mapped and transformed from the SAP IDOC structure to the corresponding UN/EDIFACT structure, ensuring accurate and seamless exchange of order response data between systems. The guideline includes mapping rules, data element definitions, and any necessary transformations or conversions to facilitate the integration and communication between SAP and UN/EDIFACT-based systems.\u003c/p\u003e\u003c/div\u003e\u003c/div\u003e","e0ccd42e2cb03371ab744fdfcf78ba52":"UID-5512fb0e-1029-47e9-a6af-b16df4caa030","UID-17c26b0a-5d1c-40ee-9210-872782fefb1c":"UID-d388b74d-6dc0-4f61-8559-62063ef1fcf4","UID-4ce11219-0867-4c05-914c-17ecf89d79fe":"","UID-c9baf138-3f75-49e2-91ca-6484ab92d331":"","09713cfbac713aae8bfd5878c90b1f7d":"\u003cdiv class\u003d\u0027sapMText\u0027\u003e\u003cp\u003eThis mapping guideline provides instructions for translating SAP IDOC ORDRSP.ORDERS05 into UN/EDIFACT D.01B ORDRSP format. It details the specific fields and data elements that need to be mapped and transformed from the SAP IDOC structure to the corresponding UN/EDIFACT structure, ensuring accurate and seamless exchange of order response data between systems. The guideline includes mapping rules, data element definitions, and any necessary transformations or conversions to facilitate the integration and communication between SAP and UN/EDIFACT-based systems.\u003c/p\u003e\u003c/div\u003e","UID-962773e8-8adb-46ec-9af0-54dd0d71906b":"UID-2714e495-4e76-45a2-980b-b59376f03a31","UID-d388b74d-6dc0-4f61-8559-62063ef1fcf4":"UID-5512fb0e-1029-47e9-a6af-b16df4caa030","UID-38f571d7-3cb8-4292-aa07-101afe08e7c8":"","b3c3d1daa75f3c5a8e2095d8e918f148":"Mapping 01.b) [Company Name] - SAP IDOC ORDRSP.ORDERS05 for UN/EDIFACT Customer EDI - Source to 01.b) [Trading Partner Name] - UN/EDIFACT D.01B ORDRSP - Target","UID-b643e957-61a5-41af-8770-a2eb715fc41e":"UID-2714e495-4e76-45a2-980b-b59376f03a31","UID-383a0098-d77d-4714-b69d-6815bc082cc7":"","UID-40001ad9-1454-4225-9ba0-73dde5e73e00":"","UID-faf4eff2-4820-4e17-86e0-330f988be7c0":"UID-17c26b0a-5d1c-40ee-9210-872782fefb1c","UID-a76ab10c-2003-418a-93ef-334efa425210":"","UID-968bed29-0d04-40dc-80d7-e208ce1d827a":"","UID-0f7ce169-2e79-45f6-965e-f7451de78963":"UID-2714e495-4e76-45a2-980b-b59376f03a31","UID-1b01efab-a671-4031-b9c9-37b9765a26a9":"","UID-416694c0-82c3-4a80-97ff-13f5985d7bfa":"","UID-132e30c6-ec14-4208-bb7e-e29b7dea4a06":"","UID-6d1b1300-8190-4ec2-9df4-90fad64c4c78":"","UID-42ab5431-13cf-4ebc-afad-407278c14d6e":"","UID-2abcc800-42bd-4be2-b5e4-323bc4aee8b2":"","UID-5512fb0e-1029-47e9-a6af-b16df4caa030":"UID-216bb769-8967-4c0c-bef6-3ec9d161eaf5","UID-2714e495-4e76-45a2-980b-b59376f03a31":"UID-faf4eff2-4820-4e17-86e0-330f988be7c0"}}