{"ArtifactMetadata":{"SchemaVersion":"1.0","ArtifactType":"MagVersionInfo"},"value":{"ObjectGUID":"0f926e21db7f429b82d18a2aa1a01a40","MAGGUID":"21112a6de9fe4c19a47f69a6280858d5","ImportCorrelationObjectId":"0f926e21db7f429b82d18a2aa1a01a40","ImportCorrelationGroupId":"21112a6de9fe4c19a47f69a6280858d5","VersionId":"1.0","Name":"01.b) [Trading Partner Name] - SAP IDOC ORDRSP.ORDERS05 -to- UN/EDIFACT D.96A ORDRSP","Status":"Active","SourceMig":{"ObjectGUID":"4b392d47501546b18308883d5393c662","MIGGUID":"6868c2d805634f24aebba47f02797094","ImportCorrelationObjectId":"4b392d47501546b18308883d5393c662","ImportCorrelationGroupId":"6868c2d805634f24aebba47f02797094","VersionId":"2.0","Name":"01.b) [Company Name] - SAP IDOC ORDRSP.ORDERS05 for Customer EDI - Source","Status":"Active","HasEnvelope":false,"MessageTemplate":{"TypeSystemId":"SAP_IDoc","TypeSystemDisplayId":"SAP S/4HANA On Premise IDoc","VersionId":"1809_FPS02","VersionDisplayId":"1809 FPS02","Revision":11,"Id":"ORDRSP.ORDERS05","DisplayId":"ORDRSP.ORDERS05","Name":"Purchase order / order confirmation","IsCustomMessage":false},"AdministrativeData":{"CreatedBy":"tamaki.ogura@sap.com","CreatedOn":1732106639149,"ModifiedBy":"moussa.el.kakouchi@sap.com","ModifiedOn":1743496475742}},"TargetMig":{"ObjectGUID":"e818afed2a0448c3aa66008ee3af0055","MIGGUID":"75c23f6b9881400ea7d14256196ae08c","ImportCorrelationObjectId":"e818afed2a0448c3aa66008ee3af0055","ImportCorrelationGroupId":"75c23f6b9881400ea7d14256196ae08c","VersionId":"1.0","Name":"01.b) [Trading Partner Name] - UN/EDIFACT D.96A ORDRSP - Target","Status":"Active","HasEnvelope":false,"MessageTemplate":{"TypeSystemId":"UNEDIFACT","TypeSystemDisplayId":"UN/EDIFACT","VersionId":"D.96A S3","VersionDisplayId":"D.96A S3","Revision":2,"Id":"ORDRSP","DisplayId":"ORDRSP","Name":"Purchase order response message","IsCustomMessage":false},"AdministrativeData":{"CreatedBy":"qi.liu05@sap.com","CreatedOn":1723104746443,"ModifiedBy":"noah.rauch@sap.com","ModifiedOn":1743603219177}},"AdministrativeData":{"CreatedBy":"qi.liu05@sap.com","CreatedOn":1723557735268,"ModifiedBy":"noah.rauch@sap.com","ModifiedOn":1743603232152}}}