{"ArtifactMetadata":{"SchemaVersion":"1.0","ArtifactType":"MagVersionInfo"},"value":{"ObjectGUID":"5f0d5c5c03544e3bafeb74737804a407","MAGGUID":"7f85fd47b7be4c87904c44ec5a048414","ImportCorrelationObjectId":"5f0d5c5c03544e3bafeb74737804a407","ImportCorrelationGroupId":"7f85fd47b7be4c87904c44ec5a048414","VersionId":"1.0","Name":"01.a) [Trading Partner Name] - UN/EDIFACT D.96A ORDERS -to- SAP IDOC ORDERS.ORDERS05","Status":"Active","SourceMig":{"ObjectGUID":"5258fea94a184083a7c79a16c1b2aae1","MIGGUID":"270e96f920554f279e98b78750d60e1e","ImportCorrelationObjectId":"5258fea94a184083a7c79a16c1b2aae1","ImportCorrelationGroupId":"270e96f920554f279e98b78750d60e1e","VersionId":"1.0","Name":"01.a) [Trading Partner Name]  - UN/EDIFACT D.96A ORDERS - Source","Status":"Active","HasEnvelope":false,"MessageTemplate":{"TypeSystemId":"UNEDIFACT","TypeSystemDisplayId":"UN/EDIFACT","VersionId":"D.96A S3","VersionDisplayId":"D.96A S3","Revision":2,"Id":"ORDERS","DisplayId":"ORDERS","Name":"Purchase order message","IsCustomMessage":false},"AdministrativeData":{"CreatedBy":"tamaki.ogura@sap.com","CreatedOn":1722356623391,"ModifiedBy":"noah.rauch@sap.com","ModifiedOn":1743603178888}},"TargetMig":{"ObjectGUID":"077086468b3c4a55a3cbdae283f72f79","MIGGUID":"a080d58a66c643b5af1b08333d839516","ImportCorrelationObjectId":"077086468b3c4a55a3cbdae283f72f79","ImportCorrelationGroupId":"7eace892ab9342109bf675d8c3c78d3f","VersionId":"2.0","Name":"01.a) [Company Name] - SAP IDOC ORDERS.ORDERS05 for Customer EDI - Target","Status":"Active","HasEnvelope":false,"MessageTemplate":{"TypeSystemId":"SAP_IDoc","TypeSystemDisplayId":"SAP S/4HANA On Premise IDoc","VersionId":"1809_FPS02","VersionDisplayId":"1809 FPS02","Revision":11,"Id":"ORDERS.ORDERS05","DisplayId":"ORDERS.ORDERS05","Name":"Purchase order / order","IsCustomMessage":false},"AdministrativeData":{"CreatedBy":"tamaki.ogura@sap.com","CreatedOn":1732036631011,"ModifiedBy":"moussa.el.kakouchi@sap.com","ModifiedOn":1743436932009}},"AdministrativeData":{"CreatedBy":"tamaki.ogura@sap.com","CreatedOn":1722356561113,"ModifiedBy":"noah.rauch@sap.com","ModifiedOn":1743603184924}}}