{"ArtifactMetadata":{"SchemaVersion":"1.0","ArtifactType":"MagVersionInfo"},"value":{"ObjectGUID":"d118bd2f8cd04b5bbe2fc4d9116c31e5","MAGGUID":"1cfbf48dbc49473d8d326c21b151bf5a","ImportCorrelationObjectId":"d118bd2f8cd04b5bbe2fc4d9116c31e5","ImportCorrelationGroupId":"1cfbf48dbc49473d8d326c21b151bf5a","VersionId":"1.0","Name":"03.) [Trading Partner Name] - SAP IDOC INVOIC.INVOIC02 -to- UN/EDIFACT D.96A INVOIC","Status":"Active","SourceMig":{"ObjectGUID":"8d707f3591ab49cb8ca4232d4c229208","MIGGUID":"5449ec81ca7543a19f95cd85651e8b65","ImportCorrelationObjectId":"8d707f3591ab49cb8ca4232d4c229208","ImportCorrelationGroupId":"5449ec81ca7543a19f95cd85651e8b65","VersionId":"2.0","Name":"03.) [Company Name] - SAP IDOC INVOIC.INVOIC02 for Customer EDI - Source","Status":"Active","HasEnvelope":false,"MessageTemplate":{"TypeSystemId":"SAP_IDoc","TypeSystemDisplayId":"SAP S/4HANA On Premise IDoc","VersionId":"1809_FPS02","VersionDisplayId":"1809 FPS02","Revision":11,"Id":"INVOIC.INVOIC02","DisplayId":"INVOIC.INVOIC02","Name":"Invoice/Billing Document","IsCustomMessage":false},"AdministrativeData":{"CreatedBy":"vishakha.deshmukh@sap.com","CreatedOn":1731517113753,"ModifiedBy":"moussa.el.kakouchi@sap.com","ModifiedOn":1743496751045}},"TargetMig":{"ObjectGUID":"d98924a99dc84afea21f8aa22188c050","MIGGUID":"2f23de2ab73f444ba28a49f234760e39","ImportCorrelationObjectId":"d98924a99dc84afea21f8aa22188c050","ImportCorrelationGroupId":"2f23de2ab73f444ba28a49f234760e39","VersionId":"1.0","Name":"03.) [Trading Partner Name] - UN/EDIFACT D.96A INVOIC - Target","Status":"Active","HasEnvelope":false,"MessageTemplate":{"TypeSystemId":"UNEDIFACT","TypeSystemDisplayId":"UN/EDIFACT","VersionId":"D.96A S3","VersionDisplayId":"D.96A S3","Revision":2,"Id":"INVOIC","DisplayId":"INVOIC","Name":"Invoice message","IsCustomMessage":false},"AdministrativeData":{"CreatedBy":"jan.feyen@sap.com","CreatedOn":1722509318910,"ModifiedBy":"noah.rauch@sap.com","ModifiedOn":1743603304067}},"AdministrativeData":{"CreatedBy":"vishakha.deshmukh@sap.com","CreatedOn":1722605531035,"ModifiedBy":"noah.rauch@sap.com","ModifiedOn":1743603314030}}}