{"Name":"[Company Name]","ShortName":"[Company Name]","WebURL":"","LogoId":"","EmailAddress":"","PhoneNumber":"+ ","Profile":{"Address":{"CityName":"","CountryCode":"","CountrySubdivisionCode":"","HouseNumber":"","POBox":"","POBoxPostalCode":"","StreetName":"","StreetPostalCode":""},"PartnerType":"TRADING_PARTNER","ContactPersonList":[{"ID":"d07d8ccb-0f89-40b8-9a83-7d86887f8b76","Alias":"Company - B2B Contact","FamilyName":"Last Name","GivenName":"First Name","IsPrimaryContact":false,"Role":"Manufacturer","Address":{"CountryCode":""},"IsNewVersion":true,"ContactChannels":[{"CommunicationNumber":"Company@Company.com","InternationalCallingCode":"","IsPreferred":false,"TypeCode":"Email"},{"CommunicationNumber":"","InternationalCallingCode":"","IsPreferred":true,"TypeCode":"Telephone"}],"DocumentSchemaVersion":"1.0","artifactProperties":{},"relations":[],"ArtifactRelations":{},"artifactStatus":"Draft"}],"ContactChannel":[],"BusinessContext":{"BusinessProcess":{"BusinessProcessCodeList":["00036","00034"]},"BusinessProcessRole":{"BusinessProcessRoleCodeList":["SE"]},"IndustryClassification":{"IndustryClassificationCodeList":["I_CP"]},"ProductClassification":{"ProductClassificationCodeList":["52000000"]},"GeoPolitical":{"CountryInfoList":[{"CountryCode":"NL","CountrySubdivisionCode":""}]}},"NumberRangeAssignments":[]},"DocumentSchemaVersion":"1.0","administrativeData":{"createdAt":1713791116247,"createdBy":"jingwen.li01@sap.com","modifiedAt":1726043886229,"modifiedBy":"vishakha.deshmukh@sap.com"},"searchableAttributes":{"TENANT":["e30aab0a-9c29-40d4-a156-5e6dc245c28f"]},"artifactProperties":{"webURL":"","shortName":"[Company Name]","logoID":""},"relations":[],"ArtifactRelations":{},"artifactStatus":"Draft","id":"myCompany","uniqueId":"ed513843c7b84e168745c9b83f3c7b68","artifactType":"COMPANY","displayName":"[Company Name]","semanticVersion":"1.0"}