{"IsVanScenario":false,"FunctionalAck":{},"BusinessTransactions":[{"Id":"f3e3977388b84d1d9b50b3b28db1c057","PatternReference":{"Id":"REQUEST_RESPONSE","Version":"1.0","Name":"Two Way Request Reply"},"Sequence":1,"TransactionProperties":{"Properties":{"communicationPartnerId":"","Initiator":"myCompany","Label_ReactorName":"[Trading Partner Name]","Reactor":"18be672c721d4f1f845f6436ec301fba","Name":"01.) Purchase Order Request/Response","Label_InitiatorName":"[Company Name]"}},"BusinessTransactionActivities":[{"Id":"fc798126e5a042b1ae3cc312038d5d3b","BusinessTransactionActivityReference":{"Id":"REQUEST-FLOW","Version":"1.0","Name":"Request Processing"},"Sequence":1,"BusinessTransactionActivityProperties":{"Properties":{}},"ActivityParameters":[],"ChoreographyProperties":{"Properties":{"SENDER_SYSTEM":{"Properties":{"TypeSystem":"SAP_IDoc","SystemInstanceId":"9e446f07ceb64f33bae5e11b66be71ac","IdAsSender":"3759275e777b42259821d57e7af91c9c","IdAsReceiverAlias":"TP_IDOC_SOA_ID","Id":"myCompany","IdAsReceiver":"fa8111ecc0b94db3a6635481d7130c6f","TypeSystemVersion":"755"}},"SENDER_ADAPTER":{"Properties":{"CCTForSenderFunctionalACKAlias":"","CommunicationChannelTemplateId":"465a5f3f773047c19f8648d929b384a8","CommunicationChannelTemplateAlias":"B2B-Simulation.Sender"}},"SENDER_INTERCHANGE":{"Properties":{"Validation":"false","ImportCorrelationObjectId":"89ade1ccd480482c8e839541da6b8804","TypeSystem":"SAP_IDoc","Label_MIGIdName":"01.a) [Company Name] - SAP IDOC ORDERS.ORDERS05 for Customer EDI - Source","ContactPersonId":"","ObjectGUID":"89ade1ccd480482c8e839541da6b8804","HasEnvelope":"false","MIGGUID":"e606c5023e8446b098b989e655cf0da5","Label_MIGStatus":"Draft","CreateAcknowledgement":"","FunctionalAck":"","ImportCorrelationGroupId":"e606c5023e8446b098b989e655cf0da5","MIGLink":"","MessageType":"ORDERS.ORDERS05","TypeSystemVersion":"755","MIGVersionId":"3.0"}},"MAPPING":{"Properties":{"MAGVersionId":"2.0","ImportCorrelationObjectId":"de5efbb361fe47b2bb123bcf8b448818","Label_MAGName":"01.a) [Trading Partner Name] - SAP IDOC ORDERS.ORDERS05 -to- SAP SOAP OrderRequest","MAGGUID":"c8bfe8fe000e4ad2aaf740c0079aff78","ImportCorrelationGroupId":"c8bfe8fe000e4ad2aaf740c0079aff78","MAGLink":"","ObjectGUID":"de5efbb361fe47b2bb123bcf8b448818","Label_MAGStatus":"Draft"}},"RECEIVER_INTERCHANGE":{"Properties":{"Validation":"false","ImportCorrelationObjectId":"81c82790a2dc47cf9eefccebe8b0b155","TypeSystem":"SAP_S4HANA_Cloud_SOA","Label_MIGIdName":"01.a) [Trading Partner Name] - SAP SOAP 1905 OrderRequest - Target","ContactPersonId":"","NumberRangeAlias":"","ObjectGUID":"81c82790a2dc47cf9eefccebe8b0b155","HasEnvelope":"false","MIGGUID":"debc419208344650b10d48e574b3e446","Label_MIGStatus":"Draft","FunctionalAck":"","ImportCorrelationGroupId":"debc419208344650b10d48e574b3e446","MIGLink":"","MessageType":"OrderRequest","TypeSystemVersion":"1905","MIGVersionId":"2.0","RACKRequired":""}},"RECEIVER_ADAPTER":{"Properties":{"CommunicationChannelTemplateId":"88ae6603360f4761a203354f716fb736","CommunicationChannelTemplateAlias":"B2B-Simulation.Receiver"}},"RECEIVER_SYSTEM":{"Properties":{"TypeSystem":"SAP_S4HANA_Cloud_SOA","SystemInstanceId":"4d79cc68ef0540dc9dd1dec9ea0c5160","IdAsReceiverAlias":"TP_SOA_ID","IdAsSender":"f49e65fa67284c908b2c4e2d7a76d943","SystemInstanceAlias":"[B2B Integration Factory]-System","Id":"18be672c721d4f1f845f6436ec301fba","IdAsReceiver":"2ce879308f9b4d03ae5e4c90ea0ab91a","TypeSystemVersion":"1905"}}}}},{"Id":"a858d84dc8f640929dfbf8fc03eed62c","BusinessTransactionActivityReference":{"Id":"RESPONSE-FLOW","Version":"1.0","Name":"Response Processing"},"Sequence":1,"BusinessTransactionActivityProperties":{"Properties":{}},"ActivityParameters":[],"ChoreographyProperties":{"Properties":{"SENDER_SYSTEM":{"Properties":{"TypeSystem":"SAP_S4HANA_Cloud_SOA","SystemInstanceId":"4d79cc68ef0540dc9dd1dec9ea0c5160","IdAsSender":"2ce879308f9b4d03ae5e4c90ea0ab91a","IdAsSenderAlias":"TP_SOA_ID","SystemInstanceAlias":"[B2B Integration Factory]-System","IdAsReceiver":"f49e65fa67284c908b2c4e2d7a76d943","Id":"18be672c721d4f1f845f6436ec301fba","TypeSystemVersion":"1905"}},"SENDER_ADAPTER":{"Properties":{"CCTForSenderFunctionalACKAlias":"","CommunicationChannelTemplateId":"e5e5781b2cb244639801cb9f0ec585ad","CommunicationChannelTemplateAlias":"B2B-Simulation.Sender"}},"SENDER_INTERCHANGE":{"Properties":{"Validation":"false","ImportCorrelationObjectId":"40339256ae384d17a00509c30e5af985","TypeSystem":"SAP_S4HANA_Cloud_SOA","Label_MIGIdName":"01.b) [Trading Partner Name] - SAP SOAP 1905 OrderConfirmationRequest - Source","ContactPersonId":"","ObjectGUID":"40339256ae384d17a00509c30e5af985","HasEnvelope":"false","MIGGUID":"f221ced5bcf64604a8d440d54d32af94","Label_MIGStatus":"Draft","CreateAcknowledgement":"","FunctionalAck":"","ImportCorrelationGroupId":"f221ced5bcf64604a8d440d54d32af94","MIGLink":"","MessageType":"OrderConfRequest","TypeSystemVersion":"1809_FPS02","MIGVersionId":"2.0"}},"MAPPING":{"Properties":{"MAGVersionId":"1.0","ImportCorrelationObjectId":"9c65f7a870924819b9c47aff40d91dd0","Label_MAGName":"01.b) [Trading Partner Name] - SAP SOAP 1905 OrderConfirmationRequest - to - SAP IDOC ORDRSP.ORDERS05","MAGGUID":"55343369eb384872b3c38c75d0565c2a","ImportCorrelationGroupId":"55343369eb384872b3c38c75d0565c2a","MAGLink":"","ObjectGUID":"9c65f7a870924819b9c47aff40d91dd0","Label_MAGStatus":"Draft"}},"RECEIVER_INTERCHANGE":{"Properties":{"Validation":"false","ImportCorrelationObjectId":"28aab241e09d4247b65dd122926130a5","TypeSystem":"SAP_IDoc","Label_MIGIdName":"01.b) [Company Name] - SAP IDOC ORDRSP.ORDERS05 for Customer EDI - Source","ContactPersonId":"","ObjectGUID":"28aab241e09d4247b65dd122926130a5","HasEnvelope":"false","MIGGUID":"6868c2d805634f24aebba47f02797094","NumberRange":"ICN_UNEDIFACT_TP","Label_MIGStatus":"Active","FunctionalAck":"","ImportCorrelationGroupId":"6868c2d805634f24aebba47f02797094","MIGLink":"","MessageType":"ORDRSP.ORDERS05","TypeSystemVersion":"755","MIGVersionId":"1.0","RACKRequired":""}},"RECEIVER_ADAPTER":{"Properties":{"CommunicationChannelTemplateId":"8e69240364144c06a5d42fa746694f70","CommunicationChannelTemplateAlias":"B2B-Simulation.Receiver"}},"RECEIVER_SYSTEM":{"Properties":{"TypeSystem":"SAP_IDoc","SystemInstanceId":"9e446f07ceb64f33bae5e11b66be71ac","IdAsSender":"fa8111ecc0b94db3a6635481d7130c6f","IdAsSenderAlias":"TP_IDOC_SOA_ID","Id":"myCompany","IdAsReceiver":"3759275e777b42259821d57e7af91c9c","TypeSystemVersion":"755"}}}}}]},{"Id":"548075dd4c114ca282e5ccbe8de041b3","PatternReference":{"Id":"NOTIFICATION","Version":"1.0","Name":"One Way Notification"},"Sequence":2,"TransactionProperties":{"Properties":{"communicationPartnerId":"","Initiator":"18be672c721d4f1f845f6436ec301fba","Label_ReactorName":"[Company Name]","Reactor":"myCompany","Name":"02.) Delivery Notification - Outbound","Label_InitiatorName":"[Trading Partner Name]"}},"BusinessTransactionActivities":[{"Id":"e90a2f4b6f624ad69db57b6361da90e9","BusinessTransactionActivityReference":{"Id":"REQUEST-FLOW","Version":"1.0","Name":"Request Processing"},"Sequence":1,"BusinessTransactionActivityProperties":{"Properties":{}},"ActivityParameters":[],"ChoreographyProperties":{"Properties":{"SENDER_SYSTEM":{"Properties":{"TypeSystem":"SAP_S4HANA_Cloud_SOA","SystemInstanceId":"4d79cc68ef0540dc9dd1dec9ea0c5160","IdAsSender":"2ce879308f9b4d03ae5e4c90ea0ab91a","IdAsSenderAlias":"TP_SOA_ID","SystemInstanceAlias":"[B2B Integration Factory]-System","IdAsReceiver":"f49e65fa67284c908b2c4e2d7a76d943","Id":"18be672c721d4f1f845f6436ec301fba","TypeSystemVersion":"1905"}},"SENDER_ADAPTER":{"Properties":{"CCTForSenderFunctionalACKAlias":"","CommunicationChannelTemplateId":"e5e5781b2cb244639801cb9f0ec585ad","CommunicationChannelTemplateAlias":"B2B-Simulation.Sender"}},"SENDER_INTERCHANGE":{"Properties":{"Validation":"false","ImportCorrelationObjectId":"bd38ea10f35c417da2449ebd2b0b6494","TypeSystem":"SAP_S4HANA_Cloud_SOA","Label_MIGIdName":"02.) [Trading Partner Name] - SAP SOAP 1905 DeliveryRequest - Source","ContactPersonId":"","ObjectGUID":"bd38ea10f35c417da2449ebd2b0b6494","HasEnvelope":"false","MIGGUID":"7a39df2489fc46fb9a9bd4698b7af577","Label_MIGStatus":"Draft","CreateAcknowledgement":"","FunctionalAck":"","ImportCorrelationGroupId":"7a39df2489fc46fb9a9bd4698b7af577","MIGLink":"","MessageType":"DeliveryRequest","TypeSystemVersion":"1809_FPS02","MIGVersionId":"1.0"}},"MAPPING":{"Properties":{"MAGVersionId":"2.0","ImportCorrelationObjectId":"a74e86b0c82c4134b7c50767770b6883","Label_MAGName":"02.) [Trading Partner Name] - SAP SOAP DeliveryRequest -to- SAP IDOC DESADV.DELVRY07","MAGGUID":"ff7bf8282ce6473e8ddcd3a5742c92d0","ImportCorrelationGroupId":"ff7bf8282ce6473e8ddcd3a5742c92d0","MAGLink":"","ObjectGUID":"a74e86b0c82c4134b7c50767770b6883","Label_MAGStatus":"Draft"}},"RECEIVER_INTERCHANGE":{"Properties":{"Validation":"false","ImportCorrelationObjectId":"31f6954ab33f4f83a4a66501a28b3cff","TypeSystem":"SAP_IDoc","Label_MIGIdName":"02.) [Company Name] - SAP IDOC DESADV.DELVRY07 for Customer EDI - Target","ContactPersonId":"","ObjectGUID":"31f6954ab33f4f83a4a66501a28b3cff","HasEnvelope":"false","MIGGUID":"70453cc75b124de7b29340ff46366d6e","NumberRange":"","Label_MIGStatus":"Draft","FunctionalAck":"","ImportCorrelationGroupId":"70453cc75b124de7b29340ff46366d6e","MIGLink":"","MessageType":"DESADV.DELVRY07","TypeSystemVersion":"755","MIGVersionId":"1.0","RACKRequired":""}},"RECEIVER_ADAPTER":{"Properties":{"CommunicationChannelTemplateId":"8e69240364144c06a5d42fa746694f70","CommunicationChannelTemplateAlias":"B2B-Simulation.Receiver"}},"RECEIVER_SYSTEM":{"Properties":{"TypeSystem":"SAP_IDoc","SystemInstanceId":"9e446f07ceb64f33bae5e11b66be71ac","IdAsSender":"fa8111ecc0b94db3a6635481d7130c6f","IdAsSenderAlias":"TP_IDOC_SOA_ID","Id":"myCompany","IdAsReceiver":"3759275e777b42259821d57e7af91c9c","TypeSystemVersion":"755"}}}}}]},{"Id":"7224181d5f7b4439a1639a5f52c60e0e","PatternReference":{"Id":"NOTIFICATION","Version":"1.0","Name":"One Way Notification"},"Sequence":3,"TransactionProperties":{"Properties":{"communicationPartnerId":"","Initiator":"18be672c721d4f1f845f6436ec301fba","Label_ReactorName":"[Company Name]","Reactor":"myCompany","Name":"03.) Invoice - Outbound","Label_InitiatorName":"[Trading Partner Name]"}},"BusinessTransactionActivities":[{"Id":"88e4717bcc64432f8f71872fa2535e9d","BusinessTransactionActivityReference":{"Id":"REQUEST-FLOW","Version":"1.0","Name":"Request Processing"},"Sequence":1,"BusinessTransactionActivityProperties":{"Properties":{}},"ActivityParameters":[],"ChoreographyProperties":{"Properties":{"SENDER_SYSTEM":{"Properties":{"TypeSystem":"SAP_S4HANA_Cloud_SOA","SystemInstanceId":"4d79cc68ef0540dc9dd1dec9ea0c5160","IdAsSender":"2ce879308f9b4d03ae5e4c90ea0ab91a","IdAsSenderAlias":"TP_SOA_ID","SystemInstanceAlias":"[B2B Integration Factory]-System","IdAsReceiver":"f49e65fa67284c908b2c4e2d7a76d943","Id":"18be672c721d4f1f845f6436ec301fba","TypeSystemVersion":"1905"}},"SENDER_ADAPTER":{"Properties":{"CCTForSenderFunctionalACKAlias":"","CommunicationChannelTemplateId":"e5e5781b2cb244639801cb9f0ec585ad","CommunicationChannelTemplateAlias":"B2B-Simulation.Sender"}},"SENDER_INTERCHANGE":{"Properties":{"Validation":"false","ImportCorrelationObjectId":"6b91bd5bf24d4f6bbad78beef98e2a16","TypeSystem":"SAP_S4HANA_Cloud_SOA","Label_MIGIdName":"03.) [Trading Partner Name] - SAP SOAP 1905 InvoiceRequest - Source","ContactPersonId":"","ObjectGUID":"6b91bd5bf24d4f6bbad78beef98e2a16","HasEnvelope":"false","MIGGUID":"58a65943e5134045a560199a9fd136c8","Label_MIGStatus":"Draft","CreateAcknowledgement":"","FunctionalAck":"","ImportCorrelationGroupId":"58a65943e5134045a560199a9fd136c8","MIGLink":"","MessageType":"InvoiceRequest","TypeSystemVersion":"1905","MIGVersionId":"1.0"}},"MAPPING":{"Properties":{"MAGVersionId":"1.0","ImportCorrelationObjectId":"78caf38f8dc94570a174dc50c754537c","Label_MAGName":"03.) [Trading Partner Name] - SAP SOAP 1905 InvoiceRequest - to - SAP IDOC INVOIC.INVOIC02 for Customer EDI","MAGGUID":"4cc26232b1434d51ad16186fae00b5e8","ImportCorrelationGroupId":"4cc26232b1434d51ad16186fae00b5e8","MAGLink":"","ObjectGUID":"78caf38f8dc94570a174dc50c754537c","Label_MAGStatus":"Draft"}},"RECEIVER_INTERCHANGE":{"Properties":{"Validation":"false","ImportCorrelationObjectId":"c4252ba3e3b7402489acf7ecedd309d3","TypeSystem":"SAP_IDoc","Label_MIGIdName":"03.) [Company Name] - SAP IDOC INVOIC.INVOIC02 for Customer EDI - Target","ContactPersonId":"","ObjectGUID":"c4252ba3e3b7402489acf7ecedd309d3","HasEnvelope":"false","MIGGUID":"38130fbd97b94fa7a1e5b4d4ddd4ec25","NumberRange":"ICN_UNEDIFACT_TP","Label_MIGStatus":"Draft","FunctionalAck":"","ImportCorrelationGroupId":"38130fbd97b94fa7a1e5b4d4ddd4ec25","MIGLink":"","MessageType":"INVOIC.INVOIC02","TypeSystemVersion":"755","MIGVersionId":"1.0","RACKRequired":""}},"RECEIVER_ADAPTER":{"Properties":{"CommunicationChannelTemplateId":"8e69240364144c06a5d42fa746694f70","CommunicationChannelTemplateAlias":"B2B-Simulation.Receiver"}},"RECEIVER_SYSTEM":{"Properties":{"TypeSystem":"SAP_IDoc","SystemInstanceId":"9e446f07ceb64f33bae5e11b66be71ac","IdAsSender":"fa8111ecc0b94db3a6635481d7130c6f","IdAsSenderAlias":"TP_IDOC_SOA_ID","Id":"myCompany","IdAsReceiver":"3759275e777b42259821d57e7af91c9c","TypeSystemVersion":"755"}}}}}]}],"DocumentSchemaVersion":"1.0","administrativeData":{"createdAt":1732011883646,"createdBy":"tamaki.ogura@sap.com","modifiedAt":1732564895291,"modifiedBy":"jan.feyen@sap.com"},"ParentId":"4ee83ceed6bc4a3382237e5b2c8f4ff8","ParentArtifactType":"TRADING_PARTNER_AGREEMENT_V2","searchableAttributes":{"CUSTOM_SEARCH_ATTRIBUTE":[],"TENANT":["e30aab0a-9c29-40d4-a156-5e6dc245c28f"]},"artifactProperties":{"TransactionsNumber":"3"},"relations":[],"ArtifactRelations":{},"artifactStatus":"Draft","id":"2b8a4148c004493fa0218d28d4768e0f","uniqueId":"2b8a4148c004493fa0218d28d4768e0f","artifactType":"B2B_SCENARIO","displayName":"B2B Scenario","semanticVersion":"2.0"}