{"IsVanScenario":false,"FunctionalAck":{},"BusinessTransactions":[{"Id":"f3e3977388b84d1d9b50b3b28db1c057","PatternReference":{"Id":"REQUEST_RESPONSE","Version":"1.0","Name":"Two Way Request Reply"},"Sequence":1,"TransactionProperties":{"Properties":{"Name":"01.) Purchase Order Request/Response","Initiator":"myCompany","Label_InitiatorName":"[Company Name]"}},"BusinessTransactionActivities":[{"Id":"fc798126e5a042b1ae3cc312038d5d3b","BusinessTransactionActivityReference":{"Id":"REQUEST-FLOW","Version":"1.0","Name":"Request Processing"},"Sequence":1,"BusinessTransactionActivityProperties":{"Properties":{}},"ActivityParameters":[],"ChoreographyProperties":{"Properties":{"SENDER_SYSTEM":{"Properties":{"SystemInstanceId":"","IdAsSender":"","IdAsReceiverAlias":"","Id":"myCompany"}},"SENDER_ADAPTER":{"Properties":{"CCTForSenderFunctionalACKId":"","CommunicationChannelTemplateId":""}},"SENDER_INTERCHANGE":{"Properties":{"Validation":"false","ImportCorrelationObjectId":"","TypeSystem":"","Label_MIGIdName":"","ObjectGUID":"","MIGGUID":"","Label_MIGStatus":"","CreateAcknowledgement":"","FunctionalAck":"","ImportCorrelationGroupId":"","MIGLink":"","MessageType":"","TypeSystemVersion":"","MIGVersionId":""}},"MAPPING":{"Properties":{"MAGVersionId":"","ImportCorrelationObjectId":"","Label_MAGName":"","MAGGUID":"","ImportCorrelationGroupId":"","MAGLink":"","ObjectGUID":"","Label_MAGStatus":""}},"RECEIVER_INTERCHANGE":{"Properties":{"Validation":"false","ImportCorrelationObjectId":"","TypeSystem":"","Label_MIGIdName":"","NumberRangeAlias":"","ObjectGUID":"","MIGGUID":"","Label_MIGStatus":"","FunctionalAck":"","ImportCorrelationGroupId":"","MIGLink":"","MessageType":"","TypeSystemVersion":"","MIGVersionId":"","RACKRequired":""}},"RECEIVER_ADAPTER":{"Properties":{"CommunicationChannelTemplateAlias":""}},"RECEIVER_SYSTEM":{"Properties":{"IdAsReceiverAlias":"","IdAsSender":"","SystemInstanceAlias":""}}}}},{"Id":"a858d84dc8f640929dfbf8fc03eed62c","BusinessTransactionActivityReference":{"Id":"RESPONSE-FLOW","Version":"1.0","Name":"Response Processing"},"Sequence":1,"BusinessTransactionActivityProperties":{"Properties":{}},"ActivityParameters":[],"ChoreographyProperties":{"Properties":{"SENDER_SYSTEM":{"Properties":{"IdAsSenderAlias":"","SystemInstanceAlias":"","IdAsReceiver":""}},"SENDER_ADAPTER":{"Properties":{"CommunicationChannelTemplateAlias":""}},"SENDER_INTERCHANGE":{"Properties":{"Validation":"false","ImportCorrelationObjectId":"","TypeSystem":"","Label_MIGIdName":"","ObjectGUID":"","MIGGUID":"","Label_MIGStatus":"","CreateAcknowledgement":"","FunctionalAck":"","ImportCorrelationGroupId":"","MIGLink":"","MessageType":"","TypeSystemVersion":"","MIGVersionId":""}},"MAPPING":{"Properties":{"MAGVersionId":"","ImportCorrelationObjectId":"","Label_MAGName":"","MAGGUID":"","ImportCorrelationGroupId":"","MAGLink":"","ObjectGUID":"","Label_MAGStatus":""}},"RECEIVER_INTERCHANGE":{"Properties":{"Validation":"false","ImportCorrelationObjectId":"","TypeSystem":"","Label_MIGIdName":"","ObjectGUID":"","MIGGUID":"","NumberRange":"","Label_MIGStatus":"","FunctionalAck":"","ImportCorrelationGroupId":"","MIGLink":"","MessageType":"","TypeSystemVersion":"","MIGVersionId":"","RACKRequired":""}},"RECEIVER_ADAPTER":{"Properties":{"CommunicationChannelTemplateId":"","ACKCommunicationChannelTemplateId":""}},"RECEIVER_SYSTEM":{"Properties":{"SystemInstanceId":"","IdAsSenderAlias":"","Id":"myCompany","IdAsReceiver":""}}}}}]},{"Id":"548075dd4c114ca282e5ccbe8de041b3","PatternReference":{"Id":"NOTIFICATION","Version":"1.0","Name":"One Way Notification"},"Sequence":2,"TransactionProperties":{"Properties":{"Name":"02.) Delivery Notification - Outbound","Reactor":"myCompany","Label_ReactorName":"[Company Name]"}},"BusinessTransactionActivities":[{"Id":"e90a2f4b6f624ad69db57b6361da90e9","BusinessTransactionActivityReference":{"Id":"REQUEST-FLOW","Version":"1.0","Name":"Request Processing"},"Sequence":1,"BusinessTransactionActivityProperties":{"Properties":{}},"ActivityParameters":[],"ChoreographyProperties":{"Properties":{"SENDER_SYSTEM":{"Properties":{"IdAsSenderAlias":"","SystemInstanceAlias":"","IdAsReceiver":""}},"SENDER_ADAPTER":{"Properties":{"CommunicationChannelTemplateAlias":""}},"SENDER_INTERCHANGE":{"Properties":{"Validation":"false","ImportCorrelationObjectId":"","TypeSystem":"","Label_MIGIdName":"","ObjectGUID":"","MIGGUID":"","Label_MIGStatus":"","CreateAcknowledgement":"","FunctionalAck":"","ImportCorrelationGroupId":"","MIGLink":"","MessageType":"","TypeSystemVersion":"","MIGVersionId":""}},"MAPPING":{"Properties":{"MAGVersionId":"","ImportCorrelationObjectId":"","Label_MAGName":"","MAGGUID":"","ImportCorrelationGroupId":"","MAGLink":"","ObjectGUID":"","Label_MAGStatus":""}},"RECEIVER_INTERCHANGE":{"Properties":{"Validation":"false","ImportCorrelationObjectId":"","TypeSystem":"","Label_MIGIdName":"","ObjectGUID":"","MIGGUID":"","NumberRange":"","Label_MIGStatus":"","FunctionalAck":"","ImportCorrelationGroupId":"","MIGLink":"","MessageType":"","TypeSystemVersion":"","MIGVersionId":"","RACKRequired":""}},"RECEIVER_ADAPTER":{"Properties":{"CommunicationChannelTemplateId":"","ACKCommunicationChannelTemplateId":""}},"RECEIVER_SYSTEM":{"Properties":{"SystemInstanceId":"","IdAsSenderAlias":"","Id":"myCompany","IdAsReceiver":""}}}}}]},{"Id":"7224181d5f7b4439a1639a5f52c60e0e","PatternReference":{"Id":"NOTIFICATION","Version":"1.0","Name":"One Way Notification"},"Sequence":3,"TransactionProperties":{"Properties":{"Name":"03.) Invoice - Outbound","Reactor":"myCompany","Label_ReactorName":"[Company Name]"}},"BusinessTransactionActivities":[{"Id":"88e4717bcc64432f8f71872fa2535e9d","BusinessTransactionActivityReference":{"Id":"REQUEST-FLOW","Version":"1.0","Name":"Request Processing"},"Sequence":1,"BusinessTransactionActivityProperties":{"Properties":{}},"ActivityParameters":[],"ChoreographyProperties":{"Properties":{"SENDER_SYSTEM":{"Properties":{"IdAsSenderAlias":"","SystemInstanceAlias":"","IdAsReceiver":""}},"SENDER_ADAPTER":{"Properties":{"CommunicationChannelTemplateAlias":""}},"SENDER_INTERCHANGE":{"Properties":{"Validation":"false","ImportCorrelationObjectId":"","TypeSystem":"","Label_MIGIdName":"","ObjectGUID":"","MIGGUID":"","Label_MIGStatus":"","CreateAcknowledgement":"","FunctionalAck":"","ImportCorrelationGroupId":"","MIGLink":"","MessageType":"","TypeSystemVersion":"","MIGVersionId":""}},"MAPPING":{"Properties":{"MAGVersionId":"","ImportCorrelationObjectId":"","Label_MAGName":"","MAGGUID":"","ImportCorrelationGroupId":"","MAGLink":"","ObjectGUID":"","Label_MAGStatus":""}},"RECEIVER_INTERCHANGE":{"Properties":{"Validation":"false","ImportCorrelationObjectId":"","TypeSystem":"","Label_MIGIdName":"","ObjectGUID":"","MIGGUID":"","NumberRange":"","Label_MIGStatus":"","FunctionalAck":"","ImportCorrelationGroupId":"","MIGLink":"","MessageType":"","TypeSystemVersion":"","MIGVersionId":"","RACKRequired":""}},"RECEIVER_ADAPTER":{"Properties":{"CommunicationChannelTemplateId":"","ACKCommunicationChannelTemplateId":""}},"RECEIVER_SYSTEM":{"Properties":{"SystemInstanceId":"","IdAsSenderAlias":"","Id":"myCompany","IdAsReceiver":""}}}}}]}],"DocumentSchemaVersion":"1.0","administrativeData":{"createdAt":1732011045468,"createdBy":"tamaki.ogura@sap.com","modifiedAt":1732011739221,"modifiedBy":"tamaki.ogura@sap.com"},"ParentId":"cfb2909e9f914cf8be1b32144a51d354","ParentArtifactType":"AGREEMENT_TEMPLATE_V2","searchableAttributes":{"CUSTOM_SEARCH_ATTRIBUTE":[],"TENANT":["e30aab0a-9c29-40d4-a156-5e6dc245c28f"]},"artifactProperties":{"TransactionsNumber":"3"},"relations":[],"ArtifactRelations":{},"artifactStatus":"Draft","id":"37492d31f96f44d9b77ed3e49c007a27","uniqueId":"37492d31f96f44d9b77ed3e49c007a27","artifactType":"B2B_SCENARIO","displayName":"B2B Scenario","semanticVersion":"2.0"}