{"ArtifactMetadata":{"SchemaVersion":"1.1","ArtifactType":"Codelist"},"Identification":{"CodelistGUID":"2593e4bcef154151add10fbf8bdd1ee3","ImportCorrelationGroupId":"2593e4bcef154151add10fbf8bdd1ee3","ImportCorrelationObjectId":"9d74bfc6eb6d487abac1cdc2af3d401f","Category":"Codelist","Id":"7009_extendedCodelist","TypeSystemId":"Customer_TS_CL","TypeSystemAcronym":"Custom Codelists","VersionId":"1.0","ObjectGUID":"989e1fec87b64a0d9e1cad070b88dcb7","Customer":"fd071028502f5e5e1104606396090e5a","Tenant":"c33393b9b4ad847e98b93a6eb9b9e5f3","IsCustomObject":true},"Status":"Deprecated","VertexGUID":"ee72a0b93ed93f23a39ae8f997e1d4d4","AdministrativeData":{"CreatedBy":"gunther.stuhec@sap.com","CreatedOn":1722010948136,"ModifiedBy":"moussa.el.kakouchi@sap.com","ModifiedOn":1743762909362,"LastImportedOn":1743762909362,"LastImportedBy":"moussa.el.kakouchi@sap.com"},"Documentation":{"Name":{"ArtifactValue":{"VertexGUID":"0e6908884b763a12958bf3438a47fc5e","Id":"143f5f6420863fcdb6c384102356e6af","LanguageCode":"en-us","action":"CREATED"}},"Definition":{"ArtifactValue":{"VertexGUID":"6aa512d489ae3667beffeb407bccf1f7","Id":"1334fe29d04f31d39b4619d38e11fce0","LanguageCode":"en-us","action":"CREATED"}},"NumberOfNotes":0,"Notes":[]},"Properties":{"ExternalCategory":{"BaseArtifactValue":{"VertexGUID":"04828c743e66394895044697bb7957b5","Id":"Codelist","action":"NONE"},"PropertyName":"ExternalCategory"}},"NumberOfCodeValues":2,"Codes":[{"VertexGUID":"c587afbc7f203d2a89c12a11118d4462","Id":"IN","Documentation":{"Name":{"ArtifactValue":{"VertexGUID":"49f33621522932118349d063eb1dc95f","Id":"9abd5a457fa83ffcbd08e478819916e8","LanguageCode":"en-us","action":"CREATED"}},"Definition":{"ArtifactValue":{"VertexGUID":"e3008564817f32e7a560239e94273a88","Id":"6666cd76f96936469e7be39d750cc7d9","LanguageCode":"en-us","action":"CREATED"}},"NumberOfNotes":0,"Notes":[]}},{"VertexGUID":"c8eefa843e403466b950c7f87adf1fbc","Id":"CU","Documentation":{"Name":{"ArtifactValue":{"VertexGUID":"6907f5f7dc913908b6e8846efff6cbf0","Id":"9184deb71dad3ba9b20b11cb838edc89","LanguageCode":"en-us","action":"CREATED"}},"Definition":{"ArtifactValue":{"VertexGUID":"b91a4bfc2a9c3b798ad4310cb04df999","Id":"6666cd76f96936469e7be39d750cc7d9","LanguageCode":"en-us","action":"CREATED"}},"NumberOfNotes":0,"Notes":[]}}],"DocumentationArtifacts":{"9184deb71dad3ba9b20b11cb838edc89":"CU","6666cd76f96936469e7be39d750cc7d9":"","1334fe29d04f31d39b4619d38e11fce0":"Extended code List for Item description identification","143f5f6420863fcdb6c384102356e6af":"7009_extendedCodelist","9abd5a457fa83ffcbd08e478819916e8":"IN"},"LifecycleInfo":{}}