{"IsGroupIdentifier":false,"AssociatedIdentifiers":{"Properties":{}},"Alias":"TP_D.96A_IDOC_ID","TypeSystemId":"SAP_IDoc","IdentifierId":"TP_D.96A_IDOC_ID","SchemeName":"N/A","SchemeCode":"N/A","DocumentSchemaVersion":"1.0","administrativeData":{"createdAt":1723650367996,"createdBy":"vishakha.deshmukh@sap.com","modifiedAt":1723650367996,"modifiedBy":"vishakha.deshmukh@sap.com"},"ParentId":"18be672c721d4f1f845f6436ec301fba","ParentArtifactType":"TRADING_PARTNER","searchableAttributes":{"Alias":["TP_D.96A_IDOC_ID"],"TENANT":["e30aab0a-9c29-40d4-a156-5e6dc245c28f"]},"artifactProperties":{},"relations":[],"ArtifactRelations":{},"artifactStatus":"Draft","id":"749b44f09b8849d0a11d0f38cb1723fd","uniqueId":"749b44f09b8849d0a11d0f38cb1723fd","artifactType":"IDENTIFIER","displayName":"TP_D.96A_IDOC_ID","semanticVersion":"1.0"}