{"IsGroupIdentifier":false,"AssociatedIdentifiers":{"Properties":{}},"Alias":"Company_UNEDIFACT_ID","TypeSystemId":"UNEDIFACT","IdentifierId":"Company_UNEDIFACT_ID","SchemeName":"Mutually defined","SchemeCode":"ZZ","DocumentSchemaVersion":"1.0","administrativeData":{"createdAt":1721304567630,"createdBy":"moussa.el.kakouchi@sap.com","modifiedAt":1726832930787,"modifiedBy":"vishakha.deshmukh@sap.com"},"ParentId":"myCompany","ParentArtifactType":"COMPANY","searchableAttributes":{"Alias":["Company_UNEDIFACT_ID"],"TENANT":["e30aab0a-9c29-40d4-a156-5e6dc245c28f"]},"artifactProperties":{},"relations":[],"ArtifactRelations":{},"artifactStatus":"Draft","id":"c66f21511f3844269f41c3803a6ff135","uniqueId":"c66f21511f3844269f41c3803a6ff135","artifactType":"IDENTIFIER","displayName":"Company_UNEDIFACT_ID","semanticVersion":"1.0"}