{"TradingPartnerDetails":{"IdForTradingPartner":{"Properties":{"Id":"18be672c721d4f1f845f6436ec301fba"}},"IdForSystemInstance":{"Properties":{"Id":"4d79cc68ef0540dc9dd1dec9ea0c5160"}},"IdForSenderIdentifier":{"Properties":{"Id":"ca9e956406604b519498353921414e84"}},"IdForReceiverIdentifier":{"Properties":{"Id":"17d4af5fba0e4c4a90f13b3e196a3493"}},"IdForContactPerson":{"Properties":{"Id":""}}},"AgreementLifeCycleStatus":{"Activated":true,"UpdateStatus":"NONE","ActivatedAt":0},"TransactionOption":{"Option":"Copy","TransactionIds":["e69b5f271d6f416abf599775ca84d016","ee65497b9e654709a9f9b7d9d1f33541","9c6fb264bb6142f4aa470eb50c93295f"]},"RefreshRequired":false,"SourceTemplateName":"[B2B Integration Factory] - Order to Cash B2B Scenario for UN/EDIFACT - Template","ConcreteTransactionDetails":{"e69b5f271d6f416abf599775ca84d016":{"BusinessTransactionLifeCycleStatus":{"Activated":true,"UpdateStatus":"NONE","ActivatedAt":1727074733666,"ActivatedBy":"tamaki.ogura@sap.com"},"ComputedPids":["SAP_TPM_f79732e18db22bbe54289d6abeb2f841","SAP_TPM_70c9c466fc795274e544c1bd012195c1"],"HashKeyPids":["SAP_TPM_f79732e18db22bbe54289d6abeb2f841","SAP_TPM_70c9c466fc795274e544c1bd012195c1"]},"ee65497b9e654709a9f9b7d9d1f33541":{"BusinessTransactionLifeCycleStatus":{"Activated":true,"UpdateStatus":"NONE","ActivatedAt":1727074733666,"ActivatedBy":"tamaki.ogura@sap.com"},"ComputedPids":["SAP_TPM_0d802081d3e3454ffb9bb8db20c16688"],"HashKeyPids":["SAP_TPM_0d802081d3e3454ffb9bb8db20c16688"]},"9c6fb264bb6142f4aa470eb50c93295f":{"BusinessTransactionLifeCycleStatus":{"Activated":true,"UpdateStatus":"NONE","ActivatedAt":1727074733666,"ActivatedBy":"tamaki.ogura@sap.com"},"ComputedPids":["SAP_TPM_0558fb47cf822d345d46870160144f2d"],"HashKeyPids":["SAP_TPM_0558fb47cf822d345d46870160144f2d"]}},"Name":"[B2B Integration Factory] - Order to Cash B2B Scenario - UN/EDIFACT D.93A","Description":"","Version":"1.0","OwnedBy":"Self","OwnerId":"myCompany","Shared":false,"TransactionsNumber":3,"CompanyData":{"Id":"myCompany","Name":"[Company Name]","Role":"INITIATOR","SystemInstance":{"Properties":{"Id":"9e446f07ceb64f33bae5e11b66be71ac","Label_Alias":"S/4 HANA System"}},"TypeSystem":{"Properties":{"Id":"SAP_IDoc"}},"TypeSystemVersion":"755","IdAsSender":{"Properties":{"Id":"02b003f2ccd24519b7bc27ac79e37de3","Label_Alias":"Company_IDOC_ID"}},"IdAsReceiver":{"Properties":{"Id":"c66f21511f3844269f41c3803a6ff135","Label_Alias":"Company_UNEDIFACT_ID"}},"ContactPerson":{"Properties":{"Id":""}}},"TradingPartnerData":{"Role":"REACTOR","AliasForSystemInstance":{"Properties":{"Alias":"[B2B Integration Factory]-System"}},"TypeSystem":{"Properties":{"Id":"UNEDIFACT"}},"TypeSystemVersion":"D.93A S3","AliasForIdentifierInOwnTS":{"Properties":{"Alias":"TP_UN-EDIFACT_ID"}},"AliasForIdentifierInCompanyTS":{"Properties":{"Alias":"TP_D.93A_IDOC_ID"}},"AliasForContactPersonRole":{"Properties":{"Alias":""}}},"CommunicationPartnerData":{"IdForTradingPartner":{"Properties":{}},"IdForSystemInstance":{"Properties":{}}},"B2BScenarioDetailsId":"840f900d703e40f19cccade2bc162fde","DocumentSchemaVersion":"1.0","administrativeData":{"createdAt":1723046676081,"createdBy":"vishakha.deshmukh@sap.com","modifiedAt":1727074733804,"modifiedBy":"tamaki.ogura@sap.com"},"ParentId":"33e1ad1132f8459fb07f5f4fdad30951","ParentArtifactType":"AGREEMENT_TEMPLATE_V2","searchableAttributes":{"ModelVersion":["2.0"],"TENANT":["e30aab0a-9c29-40d4-a156-5e6dc245c28f"],"PD_KEY_HASH":["SAP_TPM_0d802081d3e3454ffb9bb8db20c16688","SAP_TPM_0558fb47cf822d345d46870160144f2d","SAP_TPM_70c9c466fc795274e544c1bd012195c1","SAP_TPM_f79732e18db22bbe54289d6abeb2f841"],"activatedAt":["1727074733666"],"activatedBy":["tamaki.ogura@sap.com"]},"artifactProperties":{},"relations":[],"ArtifactRelations":{},"artifactStatus":"Draft","id":"32f52e52a62746e98c3d72c3964e2896","uniqueId":"32f52e52a62746e98c3d72c3964e2896","artifactType":"TRADING_PARTNER_AGREEMENT_V2","displayName":"[B2B Integration Factory] - Order to Cash B2B Scenario - UN/EDIFACT D.93A","semanticVersion":"2.0"}