{"IsVanScenario":false,"FunctionalAck":{},"BusinessTransactions":[{"Id":"148dfac41858401e9be200faff9b3912","PatternReference":{"Id":"REQUEST_RESPONSE","Version":"1.0","Name":"Two Way Request Reply"},"Sequence":1,"TransactionProperties":{"Properties":{"Name":"01.) Sales Order Request/Response","Reactor":"myCompany","Label_ReactorName":"[Company Name]","Initiator":"18be672c721d4f1f845f6436ec301fba","communicationPartnerId":""}},"BusinessTransactionActivities":[{"Id":"5b314134be144f64b06c47529d120e52","BusinessTransactionActivityReference":{"Id":"REQUEST-FLOW","Version":"1.0","Name":"Request Processing"},"Sequence":1,"BusinessTransactionActivityProperties":{"Properties":{}},"ActivityParameters":[],"ChoreographyProperties":{"Properties":{"SENDER_SYSTEM":{"Properties":{"TypeSystem":"TRADACOMS","SystemInstanceId":"4d79cc68ef0540dc9dd1dec9ea0c5160","IdAsSender":"618d2687be9f4e4a90ab0a2784a04d13","IdAsSenderAlias":"TP_TRADACOMS_ID","SystemInstanceAlias":"[B2B Integration Factory]-System","IdAsReceiver":"51727d927da8412793cdaf18c427a800","Id":"18be672c721d4f1f845f6436ec301fba","TypeSystemVersion":"All"}},"SENDER_ADAPTER":{"Properties":{"CCTForSenderFunctionalACKAlias":"","CommunicationChannelTemplateId":"e5e5781b2cb244639801cb9f0ec585ad","CommunicationChannelTemplateAlias":"B2B-Simulation.Sender"}},"SENDER_INTERCHANGE":{"Properties":{"Validation":"false","ImportCorrelationObjectId":"e15b4a79ae904108b962f2904618a4ed","TypeSystem":"TRADACOMS","Label_MIGIdName":"01.a) [Trading Partner Name] - TRADACOMS 9 ORDHDR - Source","ContactPersonId":"","ObjectGUID":"e15b4a79ae904108b962f2904618a4ed","HasEnvelope":"true","MIGGUID":"faa54266682b46c18d997e0d2cf7137e","Label_MIGStatus":"Draft","CreateAcknowledgement":"","FunctionalAck":"","ImportCorrelationGroupId":"faa54266682b46c18d997e0d2cf7137e","MIGLink":"","MessageType":"ORDHDR_FILE","TypeSystemVersion":"9","MIGVersionId":"1.0"}},"MAPPING":{"Properties":{"MAGVersionId":"1.0","ImportCorrelationObjectId":"d814fd7d20ad4330b427b5003296c4d2","Label_MAGName":"01.a) [Trading Partner Name] - TRADACOMS 9 ORDHDR -to- SAP IDOC ORDERS.ORDERS05","MAGGUID":"c55d6d1d9efd450e9b5b6326881c4dcd","ImportCorrelationGroupId":"c55d6d1d9efd450e9b5b6326881c4dcd","MAGLink":"","ObjectGUID":"d814fd7d20ad4330b427b5003296c4d2","Label_MAGStatus":"Draft"}},"RECEIVER_INTERCHANGE":{"Properties":{"Validation":"false","ImportCorrelationObjectId":"fe03c33414cf43ae824aa77862f8f345","TypeSystem":"SAP_IDoc","Label_MIGIdName":"01.a) [Company Name] - SAP IDOC ORDERS.ORDERS05 for Customer EDI - Target","ContactPersonId":"","ObjectGUID":"d5419c57f50e48c5b50330d98f956631","HasEnvelope":"false","MIGGUID":"a080d58a66c643b5af1b08333d839516","NumberRange":"","Label_MIGStatus":"Draft","FunctionalAck":"","ImportCorrelationGroupId":"7eace892ab9342109bf675d8c3c78d3f","MIGLink":"","MessageType":"ORDERS.ORDERS05","TypeSystemVersion":"755","MIGVersionId":"1.0","RACKRequired":""}},"RECEIVER_ADAPTER":{"Properties":{"CommunicationChannelTemplateId":"8e69240364144c06a5d42fa746694f70","CommunicationChannelTemplateAlias":"B2B-Simulation.Receiver"}},"RECEIVER_SYSTEM":{"Properties":{"TypeSystem":"SAP_IDoc","SystemInstanceId":"9e446f07ceb64f33bae5e11b66be71ac","IdAsSender":"39b74d2db27f448ba6abe41a3b7769d0","IdAsSenderAlias":"TP_IDOC_ID","Id":"myCompany","IdAsReceiver":"02b003f2ccd24519b7bc27ac79e37de3","TypeSystemVersion":"755"}}}}},{"Id":"24782bf14c72428385207f125efcb454","BusinessTransactionActivityReference":{"Id":"RESPONSE-FLOW","Version":"1.0","Name":"Response Processing"},"Sequence":1,"BusinessTransactionActivityProperties":{"Properties":{}},"ActivityParameters":[],"ChoreographyProperties":{"Properties":{"SENDER_SYSTEM":{"Properties":{"TypeSystem":"SAP_IDoc","SystemInstanceId":"9e446f07ceb64f33bae5e11b66be71ac","IdAsSender":"02b003f2ccd24519b7bc27ac79e37de3","IdAsReceiverAlias":"TP_IDOC_ID","Id":"myCompany","IdAsReceiver":"39b74d2db27f448ba6abe41a3b7769d0","TypeSystemVersion":"755"}},"SENDER_ADAPTER":{"Properties":{"CCTForSenderFunctionalACKAlias":"","CommunicationChannelTemplateId":"465a5f3f773047c19f8648d929b384a8","CommunicationChannelTemplateAlias":"B2B-Simulation.Sender"}},"SENDER_INTERCHANGE":{"Properties":{"Validation":"false","ImportCorrelationObjectId":"28aab241e09d4247b65dd122926130a5","TypeSystem":"SAP_IDoc","Label_MIGIdName":"01.b) [Company Name] - SAP IDOC ORDRSP.ORDERS05 for Customer EDI - Source","ContactPersonId":"","ObjectGUID":"28aab241e09d4247b65dd122926130a5","HasEnvelope":"false","MIGGUID":"6868c2d805634f24aebba47f02797094","Label_MIGStatus":"Draft","CreateAcknowledgement":"","FunctionalAck":"","ImportCorrelationGroupId":"6868c2d805634f24aebba47f02797094","MIGLink":"","MessageType":"ORDRSP.ORDERS05","TypeSystemVersion":"755","MIGVersionId":"1.0"}},"MAPPING":{"Properties":{"MAGVersionId":"1.0","ImportCorrelationObjectId":"933d5ec94d17406b8219b2b377765781","Label_MAGName":"01.b) [Trading Partner Name] - SAP IDOC ORDRSP.ORDERS05 -to- TRADACOMS 4 ACKHDR","MAGGUID":"50dcbd18789f42e4be202f4164870c68","ImportCorrelationGroupId":"50dcbd18789f42e4be202f4164870c68","MAGLink":"","ObjectGUID":"933d5ec94d17406b8219b2b377765781","Label_MAGStatus":"Draft"}},"RECEIVER_INTERCHANGE":{"Properties":{"Validation":"false","ImportCorrelationObjectId":"fb5b8dc7ce034ed79783d7633a6dfc1d","TypeSystem":"TRADACOMS","Label_MIGIdName":"01.b) [Trading Partner Name] - TRADACOMS 4 ACKHDR - Target","ContactPersonId":"","NumberRangeAlias":"","ObjectGUID":"fb5b8dc7ce034ed79783d7633a6dfc1d","HasEnvelope":"false","MIGGUID":"f3bfa0b2fbe24df9b1baca3decb42561","Label_MIGStatus":"Draft","FunctionalAck":"","ImportCorrelationGroupId":"f3bfa0b2fbe24df9b1baca3decb42561","MIGLink":"","MessageType":"ACKHDR_FILE","TypeSystemVersion":"4","MIGVersionId":"1.0","RACKRequired":""}},"RECEIVER_ADAPTER":{"Properties":{"CommunicationChannelTemplateId":"88ae6603360f4761a203354f716fb736","CommunicationChannelTemplateAlias":"B2B-Simulation.Receiver"}},"RECEIVER_SYSTEM":{"Properties":{"TypeSystem":"TRADACOMS","SystemInstanceId":"4d79cc68ef0540dc9dd1dec9ea0c5160","IdAsReceiverAlias":"TP_TRADACOMS_ID","IdAsSender":"51727d927da8412793cdaf18c427a800","SystemInstanceAlias":"[B2B Integration Factory]-System","Id":"18be672c721d4f1f845f6436ec301fba","IdAsReceiver":"618d2687be9f4e4a90ab0a2784a04d13","TypeSystemVersion":"All"}}}}}]},{"Id":"6dda572bba0b4235a3c195b86a9da359","PatternReference":{"Id":"NOTIFICATION","Version":"1.0","Name":"One Way Notification"},"Sequence":2,"TransactionProperties":{"Properties":{"Name":"03.) Invoice - Outbound","Initiator":"myCompany","Label_InitiatorName":"[Company Name]","Reactor":"18be672c721d4f1f845f6436ec301fba","communicationPartnerId":"","Label_ReactorName":"[Trading Partner Name]"}},"BusinessTransactionActivities":[{"Id":"ef12481de0fe4f45b8ecd36d9e8f2841","BusinessTransactionActivityReference":{"Id":"REQUEST-FLOW","Version":"1.0","Name":"Request Processing"},"Sequence":1,"BusinessTransactionActivityProperties":{"Properties":{}},"ActivityParameters":[],"ChoreographyProperties":{"Properties":{"SENDER_SYSTEM":{"Properties":{"TypeSystem":"SAP_IDoc","SystemInstanceId":"9e446f07ceb64f33bae5e11b66be71ac","IdAsSender":"02b003f2ccd24519b7bc27ac79e37de3","IdAsReceiverAlias":"TP_IDOC_ID","Id":"myCompany","IdAsReceiver":"39b74d2db27f448ba6abe41a3b7769d0","TypeSystemVersion":"755"}},"SENDER_ADAPTER":{"Properties":{"CommunicationChannelTemplateId":"465a5f3f773047c19f8648d929b384a8"}},"SENDER_INTERCHANGE":{"Properties":{"Validation":"false","ImportCorrelationObjectId":"073c07275d6f4e95a2225474a0ecee24","TypeSystem":"SAP_IDoc","Label_MIGIdName":"03.) [Company Name] - SAP IDOC INVOIC.INVOIC02 for Customer EDI - Source","ContactPersonId":"","ObjectGUID":"073c07275d6f4e95a2225474a0ecee24","HasEnvelope":"false","MIGGUID":"5449ec81ca7543a19f95cd85651e8b65","Label_MIGStatus":"Draft","CreateAcknowledgement":"","FunctionalAck":"","ImportCorrelationGroupId":"5449ec81ca7543a19f95cd85651e8b65","MIGLink":"","MessageType":"INVOIC.INVOIC02","TypeSystemVersion":"755","MIGVersionId":"1.0"}},"MAPPING":{"Properties":{"MAGVersionId":"1.0","ImportCorrelationObjectId":"1607ce56106e43c2bb74c12a89a040c2","Label_MAGName":"03.) [Trading Partner Name] - SAP IDOC INVOIC.INVOIC02 -to- Tradacoms 9 INVFIL","MAGGUID":"f67accc03b1b467e800ac2095ddd4722","ImportCorrelationGroupId":"f67accc03b1b467e800ac2095ddd4722","MAGLink":"","ObjectGUID":"1607ce56106e43c2bb74c12a89a040c2","Label_MAGStatus":"Draft"}},"RECEIVER_INTERCHANGE":{"Properties":{"Validation":"false","ImportCorrelationObjectId":"d5100085cbe34921aa2d29c8801f6b49","TypeSystem":"TRADACOMS","Label_MIGIdName":"03.) [Trading Partner Name] - Tradacoms 9 INVFIL - Target","ContactPersonId":"","NumberRangeAlias":"","ObjectGUID":"d5100085cbe34921aa2d29c8801f6b49","HasEnvelope":"false","MIGGUID":"4c4e1f3e1377447398e4f5e4536e8ae7","Label_MIGStatus":"Draft","FunctionalAck":"","ImportCorrelationGroupId":"4c4e1f3e1377447398e4f5e4536e8ae7","MIGLink":"","MessageType":"INVFIL_FILE","TypeSystemVersion":"9","MIGVersionId":"1.0","RACKRequired":""}},"RECEIVER_ADAPTER":{"Properties":{"CommunicationChannelTemplateId":"88ae6603360f4761a203354f716fb736","CommunicationChannelTemplateAlias":"B2B-Simulation.Receiver"}},"RECEIVER_SYSTEM":{"Properties":{"TypeSystem":"TRADACOMS","SystemInstanceId":"4d79cc68ef0540dc9dd1dec9ea0c5160","IdAsReceiverAlias":"TP_TRADACOMS_ID","IdAsSender":"51727d927da8412793cdaf18c427a800","SystemInstanceAlias":"[B2B Integration Factory]-System","Id":"18be672c721d4f1f845f6436ec301fba","IdAsReceiver":"618d2687be9f4e4a90ab0a2784a04d13","TypeSystemVersion":"All"}}}}}]}],"DocumentSchemaVersion":"1.0","administrativeData":{"createdAt":1724847596863,"createdBy":"tamaki.ogura@sap.com","modifiedAt":1726216075978,"modifiedBy":"vishakha.deshmukh@sap.com"},"ParentId":"146344c462de476691593a18903e7937","ParentArtifactType":"TRADING_PARTNER_AGREEMENT_V2","searchableAttributes":{"CUSTOM_SEARCH_ATTRIBUTE":[],"TENANT":["e30aab0a-9c29-40d4-a156-5e6dc245c28f"]},"artifactProperties":{"TransactionsNumber":"2"},"relations":[],"ArtifactRelations":{},"artifactStatus":"Draft","id":"0b83768b501441cb8db292fd53a23d5d","uniqueId":"0b83768b501441cb8db292fd53a23d5d","artifactType":"B2B_SCENARIO","displayName":"B2B Scenario","semanticVersion":"2.0"}