{"IsVanScenario":true,"FunctionalAck":{},"BusinessTransactions":[{"Id":"148dfac41858401e9be200faff9b3912","PatternReference":{"Id":"REQUEST_RESPONSE","Version":"1.0","Name":"Two Way Request Reply"},"Sequence":1,"TransactionProperties":{"Properties":{"Name":"01.) Sales Order Request/Response","Reactor":"myCompany","Label_ReactorName":"[Company Name]"}},"BusinessTransactionActivities":[{"Id":"5b314134be144f64b06c47529d120e52","BusinessTransactionActivityReference":{"Id":"REQUEST-FLOW","Version":"1.0","Name":"Request Processing"},"Sequence":1,"BusinessTransactionActivityProperties":{"Properties":{}},"ActivityParameters":[],"ChoreographyProperties":{"Properties":{"SENDER_SYSTEM":{"Properties":{"IdAsSenderAlias":"TP_TRADACOM_ID","SystemInstanceAlias":"[B2B Integration Factory]-System","IdAsReceiver":"51727d927da8412793cdaf18c427a800"}},"SENDER_ADAPTER":{"Properties":{"CommunicationChannelTemplateAlias":"B2B Simulation.Sender"}},"SENDER_INTERCHANGE":{"Properties":{"Validation":"false","ImportCorrelationObjectId":"e15b4a79ae904108b962f2904618a4ed","TypeSystem":"TRADACOMS","Label_MIGIdName":"01.a) [Trading Partner Name] - TRADACOMS 9 ORDHDR - Source","ObjectGUID":"e15b4a79ae904108b962f2904618a4ed","HasEnvelope":"false","MIGGUID":"faa54266682b46c18d997e0d2cf7137e","Label_MIGStatus":"Draft","CreateAcknowledgement":"","FunctionalAck":"","ImportCorrelationGroupId":"faa54266682b46c18d997e0d2cf7137e","MIGLink":"","MessageType":"ORDHDR_FILE","TypeSystemVersion":"9","MIGVersionId":"1.0"}},"MAPPING":{"Properties":{"MAGVersionId":"1.0","ImportCorrelationObjectId":"d814fd7d20ad4330b427b5003296c4d2","Label_MAGName":"01.a) [Trading Partner Name] - TRADACOMS 9 ORDHDR -to- SAP IDOC ORDERS.ORDERS05","MAGGUID":"c55d6d1d9efd450e9b5b6326881c4dcd","ImportCorrelationGroupId":"c55d6d1d9efd450e9b5b6326881c4dcd","MAGLink":"","ObjectGUID":"d814fd7d20ad4330b427b5003296c4d2","Label_MAGStatus":"Draft"}},"RECEIVER_INTERCHANGE":{"Properties":{"Validation":"false","ImportCorrelationObjectId":"fe03c33414cf43ae824aa77862f8f345","TypeSystem":"SAP_IDoc","Label_MIGIdName":"01.a) [Company Name] - SAP IDOC ORDERS.ORDERS05 for Customer EDI - Target","ObjectGUID":"d5419c57f50e48c5b50330d98f956631","HasEnvelope":"false","MIGGUID":"a080d58a66c643b5af1b08333d839516","NumberRange":"","Label_MIGStatus":"Draft","FunctionalAck":"","ImportCorrelationGroupId":"7eace892ab9342109bf675d8c3c78d3f","MIGLink":"","MessageType":"ORDERS.ORDERS05","TypeSystemVersion":"755","MIGVersionId":"1.0","RACKRequired":""}},"RECEIVER_ADAPTER":{"Properties":{"CommunicationChannelTemplateId":"8e69240364144c06a5d42fa746694f70","ACKCommunicationChannelTemplateId":""}},"RECEIVER_SYSTEM":{"Properties":{"SystemInstanceId":"9e446f07ceb64f33bae5e11b66be71ac","IdAsSenderAlias":"TP_IDOC_ID","Id":"myCompany","IdAsReceiver":"02b003f2ccd24519b7bc27ac79e37de3"}}}}},{"Id":"24782bf14c72428385207f125efcb454","BusinessTransactionActivityReference":{"Id":"RESPONSE-FLOW","Version":"1.0","Name":"Response Processing"},"Sequence":1,"BusinessTransactionActivityProperties":{"Properties":{}},"ActivityParameters":[],"ChoreographyProperties":{"Properties":{"SENDER_SYSTEM":{"Properties":{"SystemInstanceId":"9e446f07ceb64f33bae5e11b66be71ac","IdAsSender":"02b003f2ccd24519b7bc27ac79e37de3","IdAsReceiverAlias":"TP_IDOC_ID","Id":"myCompany"}},"SENDER_ADAPTER":{"Properties":{"CommunicationChannelTemplateId":"465a5f3f773047c19f8648d929b384a8"}},"SENDER_INTERCHANGE":{"Properties":{"Validation":"false","ImportCorrelationObjectId":"e15b4a79ae904108b962f2904618a4ed","TypeSystem":"SAP_IDoc","Label_MIGIdName":"01.a) [Trading Partner Name] - TRADACOMS 9 ORDHDR - Source","ObjectGUID":"e15b4a79ae904108b962f2904618a4ed","HasEnvelope":"false","MIGGUID":"faa54266682b46c18d997e0d2cf7137e","Label_MIGStatus":"Draft","CreateAcknowledgement":"","FunctionalAck":"","ImportCorrelationGroupId":"faa54266682b46c18d997e0d2cf7137e","MIGLink":"","MessageType":"ORDHDR_FILE_9","TypeSystemVersion":"755","MIGVersionId":"1.0"}},"MAPPING":{"Properties":{"MAGVersionId":"1.0","ImportCorrelationObjectId":"d814fd7d20ad4330b427b5003296c4d2","Label_MAGName":"01.a) [Trading Partner Name] - TRADACOMS 9 ORDHDR -to- SAP IDOC ORDERS.ORDERS05","MAGGUID":"c55d6d1d9efd450e9b5b6326881c4dcd","ImportCorrelationGroupId":"c55d6d1d9efd450e9b5b6326881c4dcd","MAGLink":"","ObjectGUID":"d814fd7d20ad4330b427b5003296c4d2","Label_MAGStatus":"Draft"}},"RECEIVER_INTERCHANGE":{"Properties":{"Validation":"false","ImportCorrelationObjectId":"fe03c33414cf43ae824aa77862f8f345","TypeSystem":"TRADACOMS","Label_MIGIdName":"01.a) [Company Name] - SAP IDOC ORDERS.ORDERS05 for Customer EDI - Target","NumberRangeAlias":"","ObjectGUID":"d5419c57f50e48c5b50330d98f956631","HasEnvelope":"false","MIGGUID":"a080d58a66c643b5af1b08333d839516","Label_MIGStatus":"Draft","FunctionalAck":"","ImportCorrelationGroupId":"7eace892ab9342109bf675d8c3c78d3f","MIGLink":"","MessageType":"ORDERS.ORDERS05","TypeSystemVersion":"All","MIGVersionId":"1.0","RACKRequired":""}},"RECEIVER_ADAPTER":{"Properties":{"CommunicationChannelTemplateAlias":"B2B-Simulation.Receiver | B2B-Simulation.Receiver"}},"RECEIVER_SYSTEM":{"Properties":{"IdAsReceiverAlias":"TP_TRADACOM_ID","IdAsSender":"51727d927da8412793cdaf18c427a800","SystemInstanceAlias":"[B2B Integration Factory]-System"}}}}}]},{"Id":"6dda572bba0b4235a3c195b86a9da359","PatternReference":{"Id":"NOTIFICATION","Version":"1.0","Name":"One Way Notification"},"Sequence":2,"TransactionProperties":{"Properties":{"Name":"03.) Invoice - Outbound","Initiator":"myCompany","Label_InitiatorName":"[Company Name]"}},"BusinessTransactionActivities":[{"Id":"ef12481de0fe4f45b8ecd36d9e8f2841","BusinessTransactionActivityReference":{"Id":"REQUEST-FLOW","Version":"1.0","Name":"Request Processing"},"Sequence":1,"BusinessTransactionActivityProperties":{"Properties":{}},"ActivityParameters":[],"ChoreographyProperties":{"Properties":{"SENDER_SYSTEM":{"Properties":{"SystemInstanceId":"9e446f07ceb64f33bae5e11b66be71ac","IdAsSender":"02b003f2ccd24519b7bc27ac79e37de3","IdAsReceiverAlias":"TP_IDOC_ID","Id":"myCompany"}},"SENDER_ADAPTER":{"Properties":{"CommunicationChannelTemplateId":"465a5f3f773047c19f8648d929b384a8"}},"SENDER_INTERCHANGE":{"Properties":{"Validation":"false","ImportCorrelationObjectId":"073c07275d6f4e95a2225474a0ecee24","TypeSystem":"SAP_IDoc","Label_MIGIdName":"03.) [Company Name] - SAP IDOC INVOIC.INVOIC02 for Customer EDI - Source","ObjectGUID":"073c07275d6f4e95a2225474a0ecee24","MIGGUID":"5449ec81ca7543a19f95cd85651e8b65","Label_MIGStatus":"Draft","CreateAcknowledgement":"","FunctionalAck":"","ImportCorrelationGroupId":"5449ec81ca7543a19f95cd85651e8b65","MIGLink":"","MessageType":"INVOIC.INVOIC02","TypeSystemVersion":"1809_FPS02","MIGVersionId":"1.0"}},"MAPPING":{"Properties":{"MAGVersionId":"1.0","ImportCorrelationObjectId":"1607ce56106e43c2bb74c12a89a040c2","Label_MAGName":"04.) [Trading Partner Name] - SAP IDOC INVOIC.INVOIC02 -to- Tradacoms 9 INVFIL","MAGGUID":"f67accc03b1b467e800ac2095ddd4722","ImportCorrelationGroupId":"f67accc03b1b467e800ac2095ddd4722","MAGLink":"","ObjectGUID":"1607ce56106e43c2bb74c12a89a040c2","Label_MAGStatus":"Draft"}},"RECEIVER_INTERCHANGE":{"Properties":{"Validation":"false","ImportCorrelationObjectId":"d5100085cbe34921aa2d29c8801f6b49","TypeSystem":"TRADACOMS","Label_MIGIdName":"04.) [Trading Partner Name] - Tradacoms 9 INVFIL - Target","NumberRangeAlias":"","ObjectGUID":"d5100085cbe34921aa2d29c8801f6b49","MIGGUID":"4c4e1f3e1377447398e4f5e4536e8ae7","Label_MIGStatus":"Draft","FunctionalAck":"","ImportCorrelationGroupId":"4c4e1f3e1377447398e4f5e4536e8ae7","MIGLink":"","MessageType":"INVFIL_FILE","TypeSystemVersion":"9","MIGVersionId":"1.0","RACKRequired":""}},"RECEIVER_ADAPTER":{"Properties":{"CommunicationChannelTemplateAlias":"B2B-Simulation.Receiver"}},"RECEIVER_SYSTEM":{"Properties":{"IdAsReceiverAlias":"TP_TRADACOM_ID","IdAsSender":"51727d927da8412793cdaf18c427a800","SystemInstanceAlias":"[B2B Integration Factory]-System"}}}}}]}],"DocumentSchemaVersion":"1.0","administrativeData":{"createdAt":1723128130909,"createdBy":"vishakha.deshmukh@sap.com","modifiedAt":1723132197304,"modifiedBy":"vishakha.deshmukh@sap.com"},"ParentId":"08be39fd898147e3943f743db8e7e46c","ParentArtifactType":"AGREEMENT_TEMPLATE_V2","searchableAttributes":{"CUSTOM_SEARCH_ATTRIBUTE":[],"TENANT":["e30aab0a-9c29-40d4-a156-5e6dc245c28f"]},"artifactProperties":{"TransactionsNumber":"2"},"relations":[],"ArtifactRelations":{},"artifactStatus":"Draft","id":"ace14c64a8014aaba3e43a0f238d9857","uniqueId":"ace14c64a8014aaba3e43a0f238d9857","artifactType":"B2B_SCENARIO","displayName":"B2B Scenario","semanticVersion":"2.0"}