{"ArtifactMetadata":{"SchemaVersion":"1.3","ArtifactType":"MagDetail"},"Identification":{"ObjectGuid":"d814fd7d20ad4330b427b5003296c4d2","MAGGUID":"c55d6d1d9efd450e9b5b6326881c4dcd","ImportCorrelationGroupId":"c55d6d1d9efd450e9b5b6326881c4dcd","ImportCorrelationObjectId":"d814fd7d20ad4330b427b5003296c4d2","MAGVersion":"1.0","Customer":"fd071028502f5e5e1104606396090e5a"},"SourceBusinessContext":[{"contextType":"IndustryClassification","codeListId":"Industry","contextValues":[{"key":"I_CP","name":"Consumer Products"}]},{"contextType":"BusinessProcessRole","codeListId":"RoleCodelist","contextValues":[{"key":"SE","name":"Seller"}]},{"contextType":"BusinessProcess","codeListId":"CommonBusinessProcessCodelist","contextValues":[{"key":"00036","name":"Create Order"}]}],"TargetBusinessContext":[{"contextType":"IndustryClassification","codeListId":"Industry","contextValues":[{"key":"I_CP","name":"Consumer Products"}]},{"contextType":"BusinessProcessRole","codeListId":"RoleCodelist","contextValues":[{"key":"BY","name":"Buyer"}]},{"contextType":"BusinessProcess","codeListId":"CommonBusinessProcessCodelist","contextValues":[{"key":"00036","name":"Create Order"}]}],"Status":"Draft","SourceMig":{"ObjectGUID":"e15b4a79ae904108b962f2904618a4ed","TypeSystemId":"TRADACOMS"},"TargetMig":{"ObjectGUID":"d5419c57f50e48c5b50330d98f956631","TypeSystemId":"SAP_IDoc"},"DomainMappingElementsWithTransformation":[{"DomainMappingElement":{"SourceDomainSet":[{"DomainGuid":"dcbde78c694b3863b25c20627afa30ec","Position":1}],"TargetDomainSet":[{"DomainGuid":"9d3993da980b384db030c3942e1823eb","AlternativeDomainGuid":"f4eae359ff7d42fa90eeacdd010d92bd","Position":1}],"Documentation":{"NumberOfNotes":0,"Notes":[]}},"Transformation":{"Function":{"FunctionGuid":"00000000000000000000000000000001","FunctionParameters":[{"PositionInParameterList":1,"Direction":"IN","Type":"NODE_LIST","Name":"D_SIDN2"},{"PositionInParameterList":2,"Direction":"OUT","Type":"NODE_LIST","Name":"nodes_out_1"}],"FunctionImplementations":[{"SourceCode":"\u003cxsl:sequence select\u003d\"$nodes_in/*\"/\u003e","FunctionImplementationLanguage":{"Name":"XSLT","Version":"2.0"}}],"isReference":false},"ParameterAssignments":[{"PositionInParameterList":1,"PositionInParameter":1,"PositionInDomainSet":1},{"PositionInParameterList":2,"PositionInParameter":1,"PositionInDomainSet":1}]},"Confidential":false},{"DomainMappingElement":{"SourceDomainSet":[{"DomainGuid":"5f75a3e65c183a9eb54843fc99591d6b","Position":1}],"TargetDomainSet":[{"DomainGuid":"e2d1c3c76984316895aff3a485a6a92f","AlternativeDomainGuid":"128ff5733cad4145b24c2d7c7a31861c","Position":1}],"Documentation":{"NumberOfNotes":0,"Notes":[]}},"Transformation":{"Function":{"FunctionGuid":"00000000000000000000000000000001","FunctionParameters":[{"PositionInParameterList":1,"Direction":"IN","Type":"NODE_LIST","Name":"D_CPRO2"},{"PositionInParameterList":2,"Direction":"OUT","Type":"NODE_LIST","Name":"nodes_out_1"}],"FunctionImplementations":[{"SourceCode":"\u003cxsl:sequence select\u003d\"$nodes_in/*\"/\u003e","FunctionImplementationLanguage":{"Name":"XSLT","Version":"2.0"}}],"isReference":false},"ParameterAssignments":[{"PositionInParameterList":1,"PositionInParameter":1,"PositionInDomainSet":1},{"PositionInParameterList":2,"PositionInParameter":1,"PositionInDomainSet":1}]},"Confidential":false},{"DomainMappingElement":{"SourceDomainSet":[{"DomainGuid":"5534cb5ed837384888249127f605aded","Position":1}],"TargetDomainSet":[{"DomainGuid":"8e6835c02194329ba3e31eddf62b4171","Position":1}],"Documentation":{}},"Confidential":false},{"DomainMappingElement":{"SourceDomainSet":[{"DomainGuid":"1ddaf03072953b2d8113eed0d1932151","Position":1}],"TargetDomainSet":[{"DomainGuid":"63a5c929b2d337d99e8f6f76e84b8e8c","AlternativeDomainGuid":"c86eb428b6c24ffc8c9b5735bcf80ebb","Position":1}],"Documentation":{}},"Transformation":{"Function":{"FunctionGuid":"00000000000000000000000000000001","FunctionParameters":[{"PositionInParameterList":1,"Direction":"IN","Type":"NODE_LIST","Name":"D_CLOC2"},{"PositionInParameterList":2,"Direction":"OUT","Type":"NODE_LIST","Name":"nodes_out_1"}],"FunctionImplementations":[{"SourceCode":"\u003cxsl:sequence select\u003d\"$nodes_in/*\"/\u003e","FunctionImplementationLanguage":{"Name":"XSLT","Version":"2.0"}}],"isReference":false},"ParameterAssignments":[{"PositionInParameterList":1,"PositionInParameter":1,"PositionInDomainSet":1},{"PositionInParameterList":2,"PositionInParameter":1,"PositionInDomainSet":1}]},"Confidential":false},{"DomainMappingElement":{"SourceDomainSet":[{"DomainGuid":"122f2822a9f73eda8b5cc343f6ca797d","Position":1}],"TargetDomainSet":[{"DomainGuid":"2221db432f04391b8993dbe0f312b90f","Position":1}],"Documentation":{}},"Confidential":false},{"DomainMappingElement":{"SourceDomainSet":[{"DomainGuid":"7ee763b32ebc3e778928360011bc7b3c","Position":1}],"TargetDomainSet":[{"DomainGuid":"59e90fe1fd94310eac84827e9d262c83","Position":1}],"Documentation":{}},"Transformation":{"Function":{"FunctionGuid":"1b3c5658d46c4de6b7d32d32740688a6","FunctionParameters":[{"PositionInParameterList":1,"Direction":"IN","Type":"NODE_LIST","Name":"D_OUCT1"},{"PositionInParameterList":2,"Direction":"OUT","Type":"NODE_LIST","Name":"nodes_out_1"}],"FunctionImplementations":[{"SourceCode":"\u003cxsl:sequence select\u003d\"format-number($nodes_in/* div 10000, \u00270.0000\u0027)\"/\u003e","FunctionImplementationLanguage":{"Name":"XSLT","Version":"2.0"}}],"isReference":false},"ParameterAssignments":[{"PositionInParameterList":1,"PositionInParameter":1,"PositionInDomainSet":1},{"PositionInParameterList":2,"PositionInParameter":1,"PositionInDomainSet":1}]},"Confidential":false},{"DomainMappingElement":{"SourceDomainSet":[{"DomainGuid":"657ad8d9ff823f54b30d532b43d048cc","Position":1}],"TargetDomainSet":[{"DomainGuid":"0727acba3eeb3bb6ae8e6c5ee1efee2e","AlternativeDomainGuid":"f4971e9d583541bfb7462ea226fcfe62","Position":1}],"Documentation":{}},"Confidential":false},{"DomainMappingElement":{"SourceDomainSet":[{"DomainGuid":"786ca27cea683cea9ac8c927117103cd","Position":1}],"TargetDomainSet":[{"DomainGuid":"e2fd90146b173a73a16cb984b4ab0815","Position":1}],"Documentation":{}},"Transformation":{"Function":{"FunctionGuid":"00000000000000000000000000000001","FunctionParameters":[{"PositionInParameterList":1,"Direction":"IN","Type":"NODE_LIST","Name":"D_SEQA"},{"PositionInParameterList":2,"Direction":"OUT","Type":"NODE_LIST","Name":"nodes_out_1"}],"FunctionImplementations":[{"SourceCode":"\u003cxsl:sequence select\u003d\"$nodes_in/*\"/\u003e","FunctionImplementationLanguage":{"Name":"XSLT","Version":"2.0"}}],"isReference":false},"ParameterAssignments":[{"PositionInParameterList":1,"PositionInParameter":1,"PositionInDomainSet":1},{"PositionInParameterList":2,"PositionInParameter":1,"PositionInDomainSet":1}]},"Confidential":false},{"DomainMappingElement":{"SourceDomainSet":[{"DomainGuid":"5ce45e2b206f3243a579261fb53b8537","Position":1}],"TargetDomainSet":[{"DomainGuid":"77bf5578356431938c41e610057df83f","Position":1}],"Documentation":{}},"Transformation":{"Function":{"FunctionGuid":"00000000000000000000000000000001","FunctionParameters":[{"PositionInParameterList":1,"Direction":"IN","Type":"NODE_LIST","Name":"D_OQTY1"},{"PositionInParameterList":2,"Direction":"OUT","Type":"NODE_LIST","Name":"nodes_out_1"}],"FunctionImplementations":[{"SourceCode":"\u003cxsl:sequence select\u003d\"$nodes_in/*\"/\u003e","FunctionImplementationLanguage":{"Name":"XSLT","Version":"2.0"}}],"isReference":false},"ParameterAssignments":[{"PositionInParameterList":1,"PositionInParameter":1,"PositionInDomainSet":1},{"PositionInParameterList":2,"PositionInParameter":1,"PositionInDomainSet":1}]},"Confidential":false},{"DomainMappingElement":{"SourceDomainSet":[{"DomainGuid":"090a857a11cd3aa0b2fd452fbd75bdb6","Position":1}],"TargetDomainSet":[{"DomainGuid":"a21f445988ab319cb65fefe7c7d8ed2e","Position":1}],"Documentation":{}},"Confidential":false},{"DomainMappingElement":{"SourceDomainSet":[{"DomainGuid":"702057f510e933149f28268b60e890b0","Position":1}],"TargetDomainSet":[{"DomainGuid":"b0c722627fea3dbba469281e305948f3","AlternativeDomainGuid":"34f2d47840eb44e995abe3fad3bcf768","Position":1}],"Documentation":{}},"Transformation":{"Function":{"FunctionGuid":"10010000000000000000000000000001","FunctionParameters":[{"PositionInParameterList":1,"Direction":"IN","Type":"NODE_LIST","Name":"source_date_time_value"},{"PositionInParameterList":2,"Direction":"IN","Type":"NODE_LIST","Name":"source_date_time_format"},{"PositionInParameterList":3,"Direction":"IN","Type":"STRING","Name":"target_date_time_format"},{"PositionInParameterList":4,"Direction":"OUT","Type":"NODE_LIST","Name":"target_date_time_value"}],"FunctionImplementations":[{"SourceCode":"\u003cxsl:sequence select\u003d\"ica_fn:transform-dateTime($nodes_in/nodes_in_1,$nodes_in/source_date_time_format,$nodes_in/target_date_time_format)\"/\u003e","FunctionImplementationLanguage":{"Name":"XSLT","Version":"2.0"}}],"isReference":false},"ParameterAssignments":[{"PositionInParameterList":1,"PositionInParameter":1,"PositionInDomainSet":1},{"PositionInParameterList":2,"PositionInParameter":1,"Value":"YYMMDD"},{"PositionInParameterList":3,"PositionInParameter":1,"Value":"CCYYMMDD"},{"PositionInParameterList":4,"PositionInParameter":1,"PositionInDomainSet":1}]},"Confidential":false},{"DomainMappingElement":{"SourceDomainSet":[{"DomainGuid":"181e7d75bde63ce7a1f2f9507c246371","Position":1}],"TargetDomainSet":[{"DomainGuid":"3226bca37c2f3e3f9b5f8915d495d5a8","AlternativeDomainGuid":"b72ad5df09c943368a9a6c8cdbad8c0e","Position":1}],"Documentation":{}},"Transformation":{"Function":{"FunctionGuid":"10010000000000000000000000000001","FunctionParameters":[{"PositionInParameterList":1,"Direction":"IN","Type":"NODE_LIST","Name":"source_date_time_value"},{"PositionInParameterList":2,"Direction":"IN","Type":"NODE_LIST","Name":"source_date_time_format"},{"PositionInParameterList":3,"Direction":"IN","Type":"STRING","Name":"target_date_time_format"},{"PositionInParameterList":4,"Direction":"OUT","Type":"NODE_LIST","Name":"target_date_time_value"}],"FunctionImplementations":[{"SourceCode":"\u003cxsl:sequence select\u003d\"ica_fn:transform-dateTime($nodes_in/nodes_in_1,$nodes_in/source_date_time_format,$nodes_in/target_date_time_format)\"/\u003e","FunctionImplementationLanguage":{"Name":"XSLT","Version":"2.0"}}],"isReference":false},"ParameterAssignments":[{"PositionInParameterList":1,"PositionInParameter":1,"PositionInDomainSet":1},{"PositionInParameterList":2,"PositionInParameter":1,"Value":"YYMMDD"},{"PositionInParameterList":3,"PositionInParameter":1,"Value":"CCYYMMDD"},{"PositionInParameterList":4,"PositionInParameter":1,"PositionInDomainSet":1}]},"Confidential":false},{"DomainMappingElement":{"SourceDomainSet":[{"DomainGuid":"b0b93b3ba51c30d78ef86f2d6fee02c4","Position":1}],"TargetDomainSet":[{"DomainGuid":"d68c0c5cd58f397db7e272d832ccffe6","AlternativeDomainGuid":"0a92024649344d9b9ca01f305857d0d4","Position":1}],"Documentation":{}},"Confidential":false},{"DomainMappingElement":{"SourceDomainSet":[{"DomainGuid":"f60dffcd65753dc8b1614b390d6ff6e1","Position":1}],"TargetDomainSet":[{"DomainGuid":"a624f0de68423d6d8f54a4cfe35688b9","AlternativeDomainGuid":"518edc64a150432fb34877568973c247","Position":1}],"Documentation":{}},"Transformation":{"Function":{"FunctionGuid":"00000000000000000000000000000001","FunctionParameters":[{"PositionInParameterList":1,"Direction":"IN","Type":"NODE_LIST","Name":"D_ORNO1"},{"PositionInParameterList":2,"Direction":"OUT","Type":"NODE_LIST","Name":"nodes_out_1"}],"FunctionImplementations":[{"SourceCode":"\u003cxsl:sequence select\u003d\"$nodes_in/*\"/\u003e","FunctionImplementationLanguage":{"Name":"XSLT","Version":"2.0"}}],"isReference":false},"ParameterAssignments":[{"PositionInParameterList":1,"PositionInParameter":1,"PositionInDomainSet":1},{"PositionInParameterList":2,"PositionInParameter":1,"PositionInDomainSet":1}]},"Confidential":false},{"DomainMappingElement":{"SourceDomainSet":[{"DomainGuid":"122f2822a9f73eda8b5cc343f6ca797d","Position":1}],"TargetDomainSet":[{"DomainGuid":"cd4fcaf221453cd6ae9fd465e95fdf16","Position":1}],"Documentation":{}},"Confidential":false},{"DomainMappingElement":{"SourceDomainSet":[{"DomainGuid":"757107d19dc3343fa3317f7946e2ae27","Position":1}],"TargetDomainSet":[{"DomainGuid":"4fdf0e9377bc39f2b7a00934d709d236","AlternativeDomainGuid":"43b564c8cab04845b0febbe1438c1b50","Position":1}],"Documentation":{}},"Confidential":false},{"DomainMappingElement":{"SourceDomainSet":[],"TargetDomainSet":[{"DomainGuid":"eab64a3e886f3c5ab0e481c0febff3c7","Position":1}],"Documentation":{}},"Transformation":{"Function":{"FunctionGuid":"00000000000000000000000000000002","FunctionParameters":[{"PositionInParameterList":1,"Direction":"IN","Type":"STRING","Name":"value"},{"PositionInParameterList":2,"Direction":"OUT","Type":"NODE_LIST","Name":"nodes_out_1"}],"FunctionImplementations":[{"SourceCode":"\u003cxsl:value-of select\u003d\"$nodes_in/value\"/\u003e","FunctionImplementationLanguage":{"Name":"XSLT","Version":"2.0"}}],"isReference":false},"ParameterAssignments":[{"PositionInParameterList":1,"PositionInParameter":1,"Value":"EDI_DC40"},{"PositionInParameterList":2,"PositionInParameter":1,"PositionInDomainSet":1}]},"Confidential":false},{"DomainMappingElement":{"SourceDomainSet":[],"TargetDomainSet":[{"DomainGuid":"14cb6fd4cf213d27a1f5a709b3a0b4b0","Position":1}],"Documentation":{}},"Transformation":{"Function":{"FunctionGuid":"00000000000000000000000000000002","FunctionParameters":[{"PositionInParameterList":1,"Direction":"IN","Type":"STRING","Name":"value"},{"PositionInParameterList":2,"Direction":"OUT","Type":"NODE_LIST","Name":"nodes_out_1"}],"FunctionImplementations":[{"SourceCode":"\u003cxsl:value-of select\u003d\"$nodes_in/value\"/\u003e","FunctionImplementationLanguage":{"Name":"XSLT","Version":"2.0"}}],"isReference":false},"ParameterAssignments":[{"PositionInParameterList":1,"PositionInParameter":1,"Value":"2"},{"PositionInParameterList":2,"PositionInParameter":1,"PositionInDomainSet":1}]},"Confidential":false},{"DomainMappingElement":{"SourceDomainSet":[],"TargetDomainSet":[{"DomainGuid":"5710fa69a1e835cfb6e9e5a22f4a863a","Position":1}],"Documentation":{}},"Transformation":{"Function":{"FunctionGuid":"00000000000000000000000000000002","FunctionParameters":[{"PositionInParameterList":1,"Direction":"IN","Type":"STRING","Name":"value"},{"PositionInParameterList":2,"Direction":"OUT","Type":"NODE_LIST","Name":"nodes_out_1"}],"FunctionImplementations":[{"SourceCode":"\u003cxsl:value-of select\u003d\"$nodes_in/value\"/\u003e","FunctionImplementationLanguage":{"Name":"XSLT","Version":"2.0"}}],"isReference":false},"ParameterAssignments":[{"PositionInParameterList":1,"PositionInParameter":1,"Value":"ORDERS05"},{"PositionInParameterList":2,"PositionInParameter":1,"PositionInDomainSet":1}]},"Confidential":false},{"DomainMappingElement":{"SourceDomainSet":[],"TargetDomainSet":[{"DomainGuid":"e7e687660e0e34d197931727c035cf12","Position":1}],"Documentation":{}},"Transformation":{"Function":{"FunctionGuid":"00000000000000000000000000000002","FunctionParameters":[{"PositionInParameterList":1,"Direction":"IN","Type":"STRING","Name":"value"},{"PositionInParameterList":2,"Direction":"OUT","Type":"NODE_LIST","Name":"nodes_out_1"}],"FunctionImplementations":[{"SourceCode":"\u003cxsl:value-of select\u003d\"$nodes_in/value\"/\u003e","FunctionImplementationLanguage":{"Name":"XSLT","Version":"2.0"}}],"isReference":false},"ParameterAssignments":[{"PositionInParameterList":1,"PositionInParameter":1,"Value":"ORDERS"},{"PositionInParameterList":2,"PositionInParameter":1,"PositionInDomainSet":1}]},"Confidential":false},{"DomainMappingElement":{"SourceDomainSet":[],"TargetDomainSet":[{"DomainGuid":"443b292339a33e4aba1785d424c6d44f","Position":1}],"Documentation":{}},"Transformation":{"Function":{"FunctionGuid":"00000000000000000000000000000002","FunctionParameters":[{"PositionInParameterList":1,"Direction":"IN","Type":"STRING","Name":"value"},{"PositionInParameterList":2,"Direction":"OUT","Type":"NODE_LIST","Name":"nodes_out_1"}],"FunctionImplementations":[{"SourceCode":"\u003cxsl:value-of select\u003d\"$nodes_in/value\"/\u003e","FunctionImplementationLanguage":{"Name":"XSLT","Version":"2.0"}}],"isReference":false},"ParameterAssignments":[{"PositionInParameterList":1,"PositionInParameter":1,"Value":"E"},{"PositionInParameterList":2,"PositionInParameter":1,"PositionInDomainSet":1}]},"Confidential":false},{"DomainMappingElement":{"SourceDomainSet":[],"TargetDomainSet":[{"DomainGuid":"61c766343cb936ec95b339279bbd9636","Position":1}],"Documentation":{}},"Transformation":{"Function":{"FunctionGuid":"00000000000000000000000000000002","FunctionParameters":[{"PositionInParameterList":1,"Direction":"IN","Type":"STRING","Name":"value"},{"PositionInParameterList":2,"Direction":"OUT","Type":"NODE_LIST","Name":"nodes_out_1"}],"FunctionImplementations":[{"SourceCode":"\u003cxsl:value-of select\u003d\"$nodes_in/value\"/\u003e","FunctionImplementationLanguage":{"Name":"XSLT","Version":"2.0"}}],"isReference":false},"ParameterAssignments":[{"PositionInParameterList":1,"PositionInParameter":1,"Value":"#NIL#"},{"PositionInParameterList":2,"PositionInParameter":1,"PositionInDomainSet":1}]},"Confidential":false},{"DomainMappingElement":{"SourceDomainSet":[],"TargetDomainSet":[{"DomainGuid":"d5ce9ec1fbe135babd264c9e58542e25","Position":1}],"Documentation":{}},"Transformation":{"Function":{"FunctionGuid":"00000000000000000000000000000002","FunctionParameters":[{"PositionInParameterList":1,"Direction":"IN","Type":"STRING","Name":"value"},{"PositionInParameterList":2,"Direction":"OUT","Type":"NODE_LIST","Name":"nodes_out_1"}],"FunctionImplementations":[{"SourceCode":"\u003cxsl:value-of select\u003d\"$nodes_in/value\"/\u003e","FunctionImplementationLanguage":{"Name":"XSLT","Version":"2.0"}}],"isReference":false},"ParameterAssignments":[{"PositionInParameterList":1,"PositionInParameter":1,"Value":"B2B"},{"PositionInParameterList":2,"PositionInParameter":1,"PositionInDomainSet":1}]},"Confidential":false},{"DomainMappingElement":{"SourceDomainSet":[],"TargetDomainSet":[{"DomainGuid":"76afbcca97a239a5996a073ec2e52a20","AlternativeDomainGuid":"d471491d012243c9810605944e227ab2","Position":1}],"Documentation":{}},"Transformation":{"Function":{"FunctionGuid":"00000000000000000000000000000002","FunctionParameters":[{"PositionInParameterList":1,"Direction":"IN","Type":"STRING","Name":"value"},{"PositionInParameterList":2,"Direction":"OUT","Type":"NODE_LIST","Name":"nodes_out_1"}],"FunctionImplementations":[{"SourceCode":"\u003cxsl:value-of select\u003d\"$nodes_in/value\"/\u003e","FunctionImplementationLanguage":{"Name":"XSLT","Version":"2.0"}}],"isReference":false},"ParameterAssignments":[{"PositionInParameterList":1,"PositionInParameter":1,"Value":"002"},{"PositionInParameterList":2,"PositionInParameter":1,"PositionInDomainSet":1}]},"Confidential":false},{"DomainMappingElement":{"SourceDomainSet":[],"TargetDomainSet":[{"DomainGuid":"4c14477d1540355a8a951ff5c56d152e","AlternativeDomainGuid":"a89c0cb9f7ef3a6185330a7d8636c6b1","Position":1}],"Documentation":{}},"Transformation":{"Function":{"FunctionGuid":"00000000000000000000000000000002","FunctionParameters":[{"PositionInParameterList":1,"Direction":"IN","Type":"STRING","Name":"value"},{"PositionInParameterList":2,"Direction":"OUT","Type":"NODE_LIST","Name":"nodes_out_1"}],"FunctionImplementations":[{"SourceCode":"\u003cxsl:value-of select\u003d\"$nodes_in/value\"/\u003e","FunctionImplementationLanguage":{"Name":"XSLT","Version":"2.0"}}],"isReference":false},"ParameterAssignments":[{"PositionInParameterList":1,"PositionInParameter":1,"Value":"AG"},{"PositionInParameterList":2,"PositionInParameter":1,"PositionInDomainSet":1}]},"Confidential":false},{"DomainMappingElement":{"SourceDomainSet":[{"DomainGuid":"122f2822a9f73eda8b5cc343f6ca797d","Position":1}],"TargetDomainSet":[{"DomainGuid":"9aa1883c4b3a37eab4f8213c3ba2151f","AlternativeDomainGuid":"77d358bca01a3f1aa820cb63a290d2d8","Position":1}],"Documentation":{}},"Confidential":false},{"DomainMappingElement":{"SourceDomainSet":[],"TargetDomainSet":[{"DomainGuid":"2bbcc9e58d8938eb8cc417f9bce274c2","AlternativeDomainGuid":"e1bc700cfde94e1e9c3caf05f5e490cb","Position":1}],"Documentation":{}},"Transformation":{"Function":{"FunctionGuid":"00000000000000000000000000000002","FunctionParameters":[{"PositionInParameterList":1,"Direction":"IN","Type":"STRING","Name":"value"},{"PositionInParameterList":2,"Direction":"OUT","Type":"NODE_LIST","Name":"nodes_out_1"}],"FunctionImplementations":[{"SourceCode":"\u003cxsl:value-of select\u003d\"$nodes_in/value\"/\u003e","FunctionImplementationLanguage":{"Name":"XSLT","Version":"2.0"}}],"isReference":false},"ParameterAssignments":[{"PositionInParameterList":1,"PositionInParameter":1,"Value":"LF"},{"PositionInParameterList":2,"PositionInParameter":1,"PositionInDomainSet":1}]},"Confidential":false},{"DomainMappingElement":{"SourceDomainSet":[{"DomainGuid":"122f2822a9f73eda8b5cc343f6ca797d","Position":1}],"TargetDomainSet":[{"DomainGuid":"59e5a50a6d5832cf8dbeed0ffcd02fa2","AlternativeDomainGuid":"a4d6771feaf541d69f116320ee02c791","Position":1}],"Documentation":{}},"Confidential":false},{"DomainMappingElement":{"SourceDomainSet":[],"TargetDomainSet":[{"DomainGuid":"bd311331af2e326db1ae75de2daafdfb","AlternativeDomainGuid":"afdc907d84694d04a96707a59ec0c255","Position":1}],"Documentation":{}},"Transformation":{"Function":{"FunctionGuid":"00000000000000000000000000000002","FunctionParameters":[{"PositionInParameterList":1,"Direction":"IN","Type":"STRING","Name":"value"},{"PositionInParameterList":2,"Direction":"OUT","Type":"NODE_LIST","Name":"nodes_out_1"}],"FunctionImplementations":[{"SourceCode":"\u003cxsl:value-of select\u003d\"$nodes_in/value\"/\u003e","FunctionImplementationLanguage":{"Name":"XSLT","Version":"2.0"}}],"isReference":false},"ParameterAssignments":[{"PositionInParameterList":1,"PositionInParameter":1,"Value":"WE"},{"PositionInParameterList":2,"PositionInParameter":1,"PositionInDomainSet":1}]},"Confidential":false},{"DomainMappingElement":{"SourceDomainSet":[],"TargetDomainSet":[{"DomainGuid":"ab335d91fae839a088f9c269b5e8b582","AlternativeDomainGuid":"4efbed7e45ed46e4824190ddf36df7d3","Position":1}],"Documentation":{}},"Transformation":{"Function":{"FunctionGuid":"00000000000000000000000000000002","FunctionParameters":[{"PositionInParameterList":1,"Direction":"IN","Type":"STRING","Name":"value"},{"PositionInParameterList":2,"Direction":"OUT","Type":"NODE_LIST","Name":"nodes_out_1"}],"FunctionImplementations":[{"SourceCode":"\u003cxsl:value-of select\u003d\"$nodes_in/value\"/\u003e","FunctionImplementationLanguage":{"Name":"XSLT","Version":"2.0"}}],"isReference":false},"ParameterAssignments":[{"PositionInParameterList":1,"PositionInParameter":1,"Value":"001"},{"PositionInParameterList":2,"PositionInParameter":1,"PositionInDomainSet":1}]},"Confidential":false},{"DomainMappingElement":{"SourceDomainSet":[],"TargetDomainSet":[{"DomainGuid":"26773f72e35f31e689e981a1b919b69e","AlternativeDomainGuid":"5f3c80ad9cb444d89e384cf7a4c29911","Position":1}],"Documentation":{}},"Transformation":{"Function":{"FunctionGuid":"00000000000000000000000000000002","FunctionParameters":[{"PositionInParameterList":1,"Direction":"IN","Type":"STRING","Name":"value"},{"PositionInParameterList":2,"Direction":"OUT","Type":"NODE_LIST","Name":"nodes_out_1"}],"FunctionImplementations":[{"SourceCode":"\u003cxsl:value-of select\u003d\"$nodes_in/value\"/\u003e","FunctionImplementationLanguage":{"Name":"XSLT","Version":"2.0"}}],"isReference":false},"ParameterAssignments":[{"PositionInParameterList":1,"PositionInParameter":1,"Value":"/"},{"PositionInParameterList":2,"PositionInParameter":1,"PositionInDomainSet":1}]},"Confidential":false},{"DomainMappingElement":{"SourceDomainSet":[],"TargetDomainSet":[{"DomainGuid":"024c9248e68730daa69beabe48408a89","AlternativeDomainGuid":"260507be638f4d6ab48da0c1f4b1e324","Position":1}],"Documentation":{}},"Transformation":{"Function":{"FunctionGuid":"00000000000000000000000000000002","FunctionParameters":[{"PositionInParameterList":1,"Direction":"IN","Type":"STRING","Name":"value"},{"PositionInParameterList":2,"Direction":"OUT","Type":"NODE_LIST","Name":"nodes_out_1"}],"FunctionImplementations":[{"SourceCode":"\u003cxsl:value-of select\u003d\"$nodes_in/value\"/\u003e","FunctionImplementationLanguage":{"Name":"XSLT","Version":"2.0"}}],"isReference":false},"ParameterAssignments":[{"PositionInParameterList":1,"PositionInParameter":1,"Value":"002"},{"PositionInParameterList":2,"PositionInParameter":1,"PositionInDomainSet":1}]},"Confidential":false},{"DomainMappingElement":{"SourceDomainSet":[{"DomainGuid":"090a857a11cd3aa0b2fd452fbd75bdb6","Position":1}],"TargetDomainSet":[{"DomainGuid":"3cb8492ae1393b68be686967d627a6d3","AlternativeDomainGuid":"9b8d084d5b7a49d296783350574f7c3b","Position":1}],"Documentation":{}},"Confidential":false},{"DomainMappingElement":{"SourceDomainSet":[{"DomainGuid":"1d8ee408605c351198eec746cb8f970b","Position":1}],"TargetDomainSet":[{"DomainGuid":"b9c7046e5fb33701822d58cb1b8606c8","AlternativeDomainGuid":"e90a67a22fe04596b87e8ddcddbe9e60","Position":1}],"Documentation":{}},"Transformation":{"Function":{"FunctionGuid":"00000000000000000000000000000001","FunctionParameters":[{"PositionInParameterList":1,"Direction":"IN","Type":"NODE_LIST","Name":"D_CNAM"},{"PositionInParameterList":2,"Direction":"OUT","Type":"NODE_LIST","Name":"nodes_out_1"}],"FunctionImplementations":[{"SourceCode":"\u003cxsl:sequence select\u003d\"$nodes_in/*\"/\u003e","FunctionImplementationLanguage":{"Name":"XSLT","Version":"2.0"}}],"isReference":false},"ParameterAssignments":[{"PositionInParameterList":1,"PositionInParameter":1,"PositionInDomainSet":1},{"PositionInParameterList":2,"PositionInParameter":1,"PositionInDomainSet":1}]},"Confidential":false},{"DomainMappingElement":{"SourceDomainSet":[{"DomainGuid":"124c92da79323497a75173b61e4667ee","Position":1}],"TargetDomainSet":[{"DomainGuid":"e2218891e0ee38d7ab241efee24f680a","AlternativeDomainGuid":"91ba936937ae4bfe972d7fd6b1039f5b","Position":1}],"Documentation":{}},"Transformation":{"Function":{"FunctionGuid":"00000000000000000000000000000001","FunctionParameters":[{"PositionInParameterList":1,"Direction":"IN","Type":"NODE_LIST","Name":"D_CADD1"},{"PositionInParameterList":2,"Direction":"OUT","Type":"NODE_LIST","Name":"nodes_out_1"}],"FunctionImplementations":[{"SourceCode":"\u003cxsl:sequence select\u003d\"$nodes_in/*\"/\u003e","FunctionImplementationLanguage":{"Name":"XSLT","Version":"2.0"}}],"isReference":false},"ParameterAssignments":[{"PositionInParameterList":1,"PositionInParameter":1,"PositionInDomainSet":1},{"PositionInParameterList":2,"PositionInParameter":1,"PositionInDomainSet":1}]},"Confidential":false},{"DomainMappingElement":{"SourceDomainSet":[{"DomainGuid":"0e14265e5f6a391eadd88d2fd4377ea9","Position":1}],"TargetDomainSet":[{"DomainGuid":"80467cb628453ddea243bf2a3e92079e","AlternativeDomainGuid":"312712774c284acd8899bc33cc63b247","Position":1}],"Documentation":{}},"Transformation":{"Function":{"FunctionGuid":"00000000000000000000000000000001","FunctionParameters":[{"PositionInParameterList":1,"Direction":"IN","Type":"NODE_LIST","Name":"D_CADD2"},{"PositionInParameterList":2,"Direction":"OUT","Type":"NODE_LIST","Name":"nodes_out_1"}],"FunctionImplementations":[{"SourceCode":"\u003cxsl:sequence select\u003d\"$nodes_in/*\"/\u003e","FunctionImplementationLanguage":{"Name":"XSLT","Version":"2.0"}}],"isReference":false},"ParameterAssignments":[{"PositionInParameterList":1,"PositionInParameter":1,"PositionInDomainSet":1},{"PositionInParameterList":2,"PositionInParameter":1,"PositionInDomainSet":1}]},"Confidential":false},{"DomainMappingElement":{"SourceDomainSet":[{"DomainGuid":"9c3037406e6b37cb9cf7fa99670433f4","Position":1}],"TargetDomainSet":[{"DomainGuid":"c0713ef7c8b53a1396d0f3ed5ca1e896","AlternativeDomainGuid":"01fd528c8c334674bc8e28db06275560","Position":1}],"Documentation":{}},"Transformation":{"Function":{"FunctionGuid":"00000000000000000000000000000001","FunctionParameters":[{"PositionInParameterList":1,"Direction":"IN","Type":"NODE_LIST","Name":"D_CADD3"},{"PositionInParameterList":2,"Direction":"OUT","Type":"NODE_LIST","Name":"nodes_out_1"}],"FunctionImplementations":[{"SourceCode":"\u003cxsl:sequence select\u003d\"$nodes_in/*\"/\u003e","FunctionImplementationLanguage":{"Name":"XSLT","Version":"2.0"}}],"isReference":false},"ParameterAssignments":[{"PositionInParameterList":1,"PositionInParameter":1,"PositionInDomainSet":1},{"PositionInParameterList":2,"PositionInParameter":1,"PositionInDomainSet":1}]},"Confidential":false},{"DomainMappingElement":{"SourceDomainSet":[{"DomainGuid":"2709d34b283939ce9c9ef62c08abd7f9","Position":1}],"TargetDomainSet":[{"DomainGuid":"f365d08b76cb3a3c9862f03575f0d429","AlternativeDomainGuid":"49ed3576241f40558afdc6725b15664c","Position":1}],"Documentation":{}},"Transformation":{"Function":{"FunctionGuid":"00000000000000000000000000000001","FunctionParameters":[{"PositionInParameterList":1,"Direction":"IN","Type":"NODE_LIST","Name":"D_CADD5"},{"PositionInParameterList":2,"Direction":"OUT","Type":"NODE_LIST","Name":"nodes_out_1"}],"FunctionImplementations":[{"SourceCode":"\u003cxsl:sequence select\u003d\"$nodes_in/*\"/\u003e","FunctionImplementationLanguage":{"Name":"XSLT","Version":"2.0"}}],"isReference":false},"ParameterAssignments":[{"PositionInParameterList":1,"PositionInParameter":1,"PositionInDomainSet":1},{"PositionInParameterList":2,"PositionInParameter":1,"PositionInDomainSet":1}]},"Confidential":false},{"DomainMappingElement":{"SourceDomainSet":[{"DomainGuid":"a7b07e1c5e3332d88a0e11edc2915a6b","Position":1}],"TargetDomainSet":[{"DomainGuid":"5890962e9f0b3abd8cee628d389a8ba1","AlternativeDomainGuid":"eed362cf3c734a76b961c9e11d26bc67","Position":1}],"Documentation":{}},"Transformation":{"Function":{"FunctionGuid":"00000000000000000000000000000001","FunctionParameters":[{"PositionInParameterList":1,"Direction":"IN","Type":"NODE_LIST","Name":"D_CADD4"},{"PositionInParameterList":2,"Direction":"OUT","Type":"NODE_LIST","Name":"nodes_out_1"}],"FunctionImplementations":[{"SourceCode":"\u003cxsl:sequence select\u003d\"$nodes_in/*\"/\u003e","FunctionImplementationLanguage":{"Name":"XSLT","Version":"2.0"}}],"isReference":false},"ParameterAssignments":[{"PositionInParameterList":1,"PositionInParameter":1,"PositionInDomainSet":1},{"PositionInParameterList":2,"PositionInParameter":1,"PositionInDomainSet":1}]},"Confidential":false},{"DomainMappingElement":{"SourceDomainSet":[{"DomainGuid":"1d8ee408605c351198eec746cb8f970b","Position":1}],"TargetDomainSet":[{"DomainGuid":"58c47a57bf403551a4853c2c3635a677","AlternativeDomainGuid":"4c9cb0d6f83c3af2981b458d6f3a4c32","Position":1}],"Documentation":{}},"Transformation":{"Function":{"FunctionGuid":"00000000000000000000000000000001","FunctionParameters":[{"PositionInParameterList":1,"Direction":"IN","Type":"NODE_LIST","Name":"D_CNAM"},{"PositionInParameterList":2,"Direction":"OUT","Type":"NODE_LIST","Name":"nodes_out_1"}],"FunctionImplementations":[{"SourceCode":"\u003cxsl:sequence select\u003d\"$nodes_in/*\"/\u003e","FunctionImplementationLanguage":{"Name":"XSLT","Version":"2.0"}}],"isReference":false},"ParameterAssignments":[{"PositionInParameterList":1,"PositionInParameter":1,"PositionInDomainSet":1},{"PositionInParameterList":2,"PositionInParameter":1,"PositionInDomainSet":1}]},"Confidential":false},{"DomainMappingElement":{"SourceDomainSet":[{"DomainGuid":"124c92da79323497a75173b61e4667ee","Position":1}],"TargetDomainSet":[{"DomainGuid":"f87238a44726330ead45089bc4bf535d","AlternativeDomainGuid":"b00bb9ae83113d69a6c6ba8bdd765650","Position":1}],"Documentation":{}},"Transformation":{"Function":{"FunctionGuid":"00000000000000000000000000000001","FunctionParameters":[{"PositionInParameterList":1,"Direction":"IN","Type":"NODE_LIST","Name":"D_CADD1"},{"PositionInParameterList":2,"Direction":"OUT","Type":"NODE_LIST","Name":"nodes_out_1"}],"FunctionImplementations":[{"SourceCode":"\u003cxsl:sequence select\u003d\"$nodes_in/*\"/\u003e","FunctionImplementationLanguage":{"Name":"XSLT","Version":"2.0"}}],"isReference":false},"ParameterAssignments":[{"PositionInParameterList":1,"PositionInParameter":1,"PositionInDomainSet":1},{"PositionInParameterList":2,"PositionInParameter":1,"PositionInDomainSet":1}]},"Confidential":false},{"DomainMappingElement":{"SourceDomainSet":[{"DomainGuid":"0e14265e5f6a391eadd88d2fd4377ea9","Position":1}],"TargetDomainSet":[{"DomainGuid":"5938bc38e56d3dae86d1fab699724936","AlternativeDomainGuid":"eb3af0bce0253172b7dc781103a3ec98","Position":1}],"Documentation":{}},"Transformation":{"Function":{"FunctionGuid":"00000000000000000000000000000001","FunctionParameters":[{"PositionInParameterList":1,"Direction":"IN","Type":"NODE_LIST","Name":"D_CADD2"},{"PositionInParameterList":2,"Direction":"OUT","Type":"NODE_LIST","Name":"nodes_out_1"}],"FunctionImplementations":[{"SourceCode":"\u003cxsl:sequence select\u003d\"$nodes_in/*\"/\u003e","FunctionImplementationLanguage":{"Name":"XSLT","Version":"2.0"}}],"isReference":false},"ParameterAssignments":[{"PositionInParameterList":1,"PositionInParameter":1,"PositionInDomainSet":1},{"PositionInParameterList":2,"PositionInParameter":1,"PositionInDomainSet":1}]},"Confidential":false},{"DomainMappingElement":{"SourceDomainSet":[{"DomainGuid":"2709d34b283939ce9c9ef62c08abd7f9","Position":1}],"TargetDomainSet":[{"DomainGuid":"e3f0a146b226331dbe090694ef361ed8","AlternativeDomainGuid":"8165ee962c0f31d7aaffd26392273b8a","Position":1}],"Documentation":{}},"Transformation":{"Function":{"FunctionGuid":"00000000000000000000000000000001","FunctionParameters":[{"PositionInParameterList":1,"Direction":"IN","Type":"NODE_LIST","Name":"D_CADD5"},{"PositionInParameterList":2,"Direction":"OUT","Type":"NODE_LIST","Name":"nodes_out_1"}],"FunctionImplementations":[{"SourceCode":"\u003cxsl:sequence select\u003d\"$nodes_in/*\"/\u003e","FunctionImplementationLanguage":{"Name":"XSLT","Version":"2.0"}}],"isReference":false},"ParameterAssignments":[{"PositionInParameterList":1,"PositionInParameter":1,"PositionInDomainSet":1},{"PositionInParameterList":2,"PositionInParameter":1,"PositionInDomainSet":1}]},"Confidential":false},{"DomainMappingElement":{"SourceDomainSet":[{"DomainGuid":"a7b07e1c5e3332d88a0e11edc2915a6b","Position":1}],"TargetDomainSet":[{"DomainGuid":"14405c3a2a5b320b8ceb1261a6289cec","AlternativeDomainGuid":"9b40e19d3928394bad29024b0c13a8a9","Position":1}],"Documentation":{}},"Transformation":{"Function":{"FunctionGuid":"00000000000000000000000000000001","FunctionParameters":[{"PositionInParameterList":1,"Direction":"IN","Type":"NODE_LIST","Name":"D_CADD4"},{"PositionInParameterList":2,"Direction":"OUT","Type":"NODE_LIST","Name":"nodes_out_1"}],"FunctionImplementations":[{"SourceCode":"\u003cxsl:sequence select\u003d\"$nodes_in/*\"/\u003e","FunctionImplementationLanguage":{"Name":"XSLT","Version":"2.0"}}],"isReference":false},"ParameterAssignments":[{"PositionInParameterList":1,"PositionInParameter":1,"PositionInDomainSet":1},{"PositionInParameterList":2,"PositionInParameter":1,"PositionInDomainSet":1}]},"Confidential":false},{"DomainMappingElement":{"SourceDomainSet":[{"DomainGuid":"9c3037406e6b37cb9cf7fa99670433f4","Position":1}],"TargetDomainSet":[{"DomainGuid":"b70cee1abdff3d4a9a559ff9ad4203e5","AlternativeDomainGuid":"a591100388493a75b72732b7d03c1efe","Position":1}],"Documentation":{}},"Transformation":{"Function":{"FunctionGuid":"00000000000000000000000000000001","FunctionParameters":[{"PositionInParameterList":1,"Direction":"IN","Type":"NODE_LIST","Name":"D_CADD3"},{"PositionInParameterList":2,"Direction":"OUT","Type":"NODE_LIST","Name":"nodes_out_1"}],"FunctionImplementations":[{"SourceCode":"\u003cxsl:sequence select\u003d\"$nodes_in/*\"/\u003e","FunctionImplementationLanguage":{"Name":"XSLT","Version":"2.0"}}],"isReference":false},"ParameterAssignments":[{"PositionInParameterList":1,"PositionInParameter":1,"PositionInDomainSet":1},{"PositionInParameterList":2,"PositionInParameter":1,"PositionInDomainSet":1}]},"Confidential":false},{"DomainMappingElement":{"SourceDomainSet":[{"DomainGuid":"82431e75618a370796fcb1b03a14cd47","Position":1}],"TargetDomainSet":[{"DomainGuid":"eb51580a23273928b2d2d7aba514dffd","AlternativeDomainGuid":"3ea756ad04e645a59e251213c951cddf","Position":1}],"Documentation":{}},"Transformation":{"Function":{"FunctionGuid":"10010000000000000000000000000001","FunctionParameters":[{"PositionInParameterList":1,"Direction":"IN","Type":"NODE_LIST","Name":"source_date_time_value"},{"PositionInParameterList":2,"Direction":"IN","Type":"NODE_LIST","Name":"source_date_time_format"},{"PositionInParameterList":3,"Direction":"IN","Type":"STRING","Name":"target_date_time_format"},{"PositionInParameterList":4,"Direction":"OUT","Type":"NODE_LIST","Name":"target_date_time_value"}],"FunctionImplementations":[{"SourceCode":"\u003cxsl:sequence select\u003d\"ica_fn:transform-dateTime($nodes_in/nodes_in_1,$nodes_in/source_date_time_format,$nodes_in/target_date_time_format)\"/\u003e","FunctionImplementationLanguage":{"Name":"XSLT","Version":"2.0"}}],"isReference":false},"ParameterAssignments":[{"PositionInParameterList":1,"PositionInParameter":1,"PositionInDomainSet":1},{"PositionInParameterList":2,"PositionInParameter":1,"Value":"hhmm"},{"PositionInParameterList":3,"PositionInParameter":1,"Value":"hhmm"},{"PositionInParameterList":4,"PositionInParameter":1,"PositionInDomainSet":1}]},"Confidential":false},{"DomainMappingElement":{"SourceDomainSet":[],"TargetDomainSet":[{"DomainGuid":"3ed41317584b3f619958879f12bf5409","AlternativeDomainGuid":"06c2a4ac1f6a4bb7bc33285b6d90f63e","Position":1}],"Documentation":{}},"Transformation":{"Function":{"FunctionGuid":"00000000000000000000000000000002","FunctionParameters":[{"PositionInParameterList":1,"Direction":"IN","Type":"STRING","Name":"value"},{"PositionInParameterList":2,"Direction":"OUT","Type":"NODE_LIST","Name":"nodes_out_1"}],"FunctionImplementations":[{"SourceCode":"\u003cxsl:value-of select\u003d\"$nodes_in/value\"/\u003e","FunctionImplementationLanguage":{"Name":"XSLT","Version":"2.0"}}],"isReference":false},"ParameterAssignments":[{"PositionInParameterList":1,"PositionInParameter":1,"Value":"022"},{"PositionInParameterList":2,"PositionInParameter":1,"PositionInDomainSet":1}]},"Confidential":false},{"DomainMappingElement":{"SourceDomainSet":[{"DomainGuid":"2e129009bb5e3fe2a0abe60fbb080ee7","Position":1}],"TargetDomainSet":[{"DomainGuid":"77ede0a2584b32568e299af2920baada","AlternativeDomainGuid":"c386add0d5804ba6a552bd2d954bdaa9","Position":1}],"Documentation":{}},"Confidential":false},{"DomainMappingElement":{"SourceDomainSet":[{"DomainGuid":"75ef28cbea88312ab77fb5f0beb677de","Position":1}],"TargetDomainSet":[{"DomainGuid":"9708b26fbfee37ac80277723e797d395","AlternativeDomainGuid":"7ed056e9a604418185c5e85efc6908b2","Position":1}],"Documentation":{}},"Transformation":{"Function":{"FunctionGuid":"10010000000000000000000000000001","FunctionParameters":[{"PositionInParameterList":1,"Direction":"IN","Type":"NODE_LIST","Name":"source_date_time_value"},{"PositionInParameterList":2,"Direction":"IN","Type":"NODE_LIST","Name":"source_date_time_format"},{"PositionInParameterList":3,"Direction":"IN","Type":"STRING","Name":"target_date_time_format"},{"PositionInParameterList":4,"Direction":"OUT","Type":"NODE_LIST","Name":"target_date_time_value"}],"FunctionImplementations":[{"SourceCode":"\u003cxsl:sequence select\u003d\"ica_fn:transform-dateTime($nodes_in/nodes_in_1,$nodes_in/source_date_time_format,$nodes_in/target_date_time_format)\"/\u003e","FunctionImplementationLanguage":{"Name":"XSLT","Version":"2.0"}}],"isReference":false},"ParameterAssignments":[{"PositionInParameterList":1,"PositionInParameter":1,"PositionInDomainSet":1},{"PositionInParameterList":2,"PositionInParameter":1,"Value":"YYMMDD"},{"PositionInParameterList":3,"PositionInParameter":1,"Value":"CCYYMMDD"},{"PositionInParameterList":4,"PositionInParameter":1,"PositionInDomainSet":1}]},"Confidential":false},{"DomainMappingElement":{"SourceDomainSet":[{"DomainGuid":"aac57b7d09ff356ca8c2fab06f089108","Position":1}],"TargetDomainSet":[{"DomainGuid":"a6eaff3af78837c28dc84b5bdbe369be","AlternativeDomainGuid":"fc68623d6bc442cda02bc2e9487c7608","Position":1}],"Documentation":{}},"Transformation":{"Function":{"FunctionGuid":"10010000000000000000000000000001","FunctionParameters":[{"PositionInParameterList":1,"Direction":"IN","Type":"NODE_LIST","Name":"source_date_time_value"},{"PositionInParameterList":2,"Direction":"IN","Type":"NODE_LIST","Name":"source_date_time_format"},{"PositionInParameterList":3,"Direction":"IN","Type":"STRING","Name":"target_date_time_format"},{"PositionInParameterList":4,"Direction":"OUT","Type":"NODE_LIST","Name":"target_date_time_value"}],"FunctionImplementations":[{"SourceCode":"\u003cxsl:sequence select\u003d\"ica_fn:transform-dateTime($nodes_in/nodes_in_1,$nodes_in/source_date_time_format,$nodes_in/target_date_time_format)\"/\u003e","FunctionImplementationLanguage":{"Name":"XSLT","Version":"2.0"}}],"isReference":false},"ParameterAssignments":[{"PositionInParameterList":1,"PositionInParameter":1,"PositionInDomainSet":1},{"PositionInParameterList":2,"PositionInParameter":1,"Value":"hhmmss"},{"PositionInParameterList":3,"PositionInParameter":1,"Value":"hhmm"},{"PositionInParameterList":4,"PositionInParameter":1,"PositionInDomainSet":1}]},"Confidential":false},{"DomainMappingElement":{"SourceDomainSet":[{"DomainGuid":"eae62c6a89ff33108151cb98915fcb1c","Position":1}],"TargetDomainSet":[{"DomainGuid":"a906c3f744ad31cea9c20c39ba1f3be2","AlternativeDomainGuid":"a43de60877b44ea392aa1ae265852106","Position":1}],"Documentation":{}},"Confidential":false},{"DomainMappingElement":{"SourceDomainSet":[{"DomainGuid":"5381798f37df3012b9204a885e203d01","Position":1}],"TargetDomainSet":[{"DomainGuid":"4a3d87e5e8c734e49add22aab58f607a","AlternativeDomainGuid":"0447c8a904d1387fbe85168608688ff4","Position":1}],"Documentation":{}},"Transformation":{"Function":{"FunctionGuid":"00000000000000000000000000000001","FunctionParameters":[{"PositionInParameterList":1,"Direction":"IN","Type":"NODE_LIST","Name":"D_UNTO1"},{"PositionInParameterList":2,"Direction":"OUT","Type":"NODE_LIST","Name":"nodes_out_1"}],"FunctionImplementations":[{"SourceCode":"\u003cxsl:sequence select\u003d\"$nodes_in/*\"/\u003e","FunctionImplementationLanguage":{"Name":"XSLT","Version":"2.0"}}],"isReference":false},"ParameterAssignments":[{"PositionInParameterList":1,"PositionInParameter":1,"PositionInDomainSet":1},{"PositionInParameterList":2,"PositionInParameter":1,"PositionInDomainSet":1}]},"Confidential":false},{"DomainMappingElement":{"SourceDomainSet":[{"DomainGuid":"47110268ff2239919fddb3abdbd4e834","Position":1}],"TargetDomainSet":[{"DomainGuid":"2f4e5eee7c3e3933892b926b7577f26f","AlternativeDomainGuid":"f91a5a5e96f14fda8796c0e3a08cc644","Position":1}],"Documentation":{}},"Transformation":{"Function":{"FunctionGuid":"00000000000000000000000000000001","FunctionParameters":[{"PositionInParameterList":1,"Direction":"IN","Type":"NODE_LIST","Name":"D_FROM1"},{"PositionInParameterList":2,"Direction":"OUT","Type":"NODE_LIST","Name":"nodes_out_1"}],"FunctionImplementations":[{"SourceCode":"\u003cxsl:sequence select\u003d\"$nodes_in/*\"/\u003e","FunctionImplementationLanguage":{"Name":"XSLT","Version":"2.0"}}],"isReference":false},"ParameterAssignments":[{"PositionInParameterList":1,"PositionInParameter":1,"PositionInDomainSet":1},{"PositionInParameterList":2,"PositionInParameter":1,"PositionInDomainSet":1}]},"Confidential":false},{"DomainMappingElement":{"SourceDomainSet":[{"DomainGuid":"769dfd973c2535318f907a7d532022e0","Position":1}],"TargetDomainSet":[{"DomainGuid":"84ebb45898aa356fab2d8c5b4f30800d","AlternativeDomainGuid":"2015e245054244c8845930695517703d","Position":1}],"Documentation":{}},"Transformation":{"Function":{"FunctionGuid":"00000000000000000000000000000001","FunctionParameters":[{"PositionInParameterList":1,"Direction":"IN","Type":"NODE_LIST","Name":"D_FROM2"},{"PositionInParameterList":2,"Direction":"OUT","Type":"NODE_LIST","Name":"nodes_out_1"}],"FunctionImplementations":[{"SourceCode":"\u003cxsl:sequence select\u003d\"$nodes_in/*\"/\u003e","FunctionImplementationLanguage":{"Name":"XSLT","Version":"2.0"}}],"isReference":false},"ParameterAssignments":[{"PositionInParameterList":1,"PositionInParameter":1,"PositionInDomainSet":1},{"PositionInParameterList":2,"PositionInParameter":1,"PositionInDomainSet":1}]},"Confidential":false},{"DomainMappingElement":{"SourceDomainSet":[{"DomainGuid":"2f97c01af8e93d33aaacc206c832b9a9","Position":1}],"TargetDomainSet":[{"DomainGuid":"7ebab882899a3b7fa411187b151a5aca","AlternativeDomainGuid":"199c0eb3ca704fb2899a7fef285cf0eb","Position":1}],"Documentation":{}},"Transformation":{"Function":{"FunctionGuid":"00000000000000000000000000000001","FunctionParameters":[{"PositionInParameterList":1,"Direction":"IN","Type":"NODE_LIST","Name":"D_SADD1"},{"PositionInParameterList":2,"Direction":"OUT","Type":"NODE_LIST","Name":"nodes_out_1"}],"FunctionImplementations":[{"SourceCode":"\u003cxsl:sequence select\u003d\"$nodes_in/*\"/\u003e","FunctionImplementationLanguage":{"Name":"XSLT","Version":"2.0"}}],"isReference":false},"ParameterAssignments":[{"PositionInParameterList":1,"PositionInParameter":1,"PositionInDomainSet":1},{"PositionInParameterList":2,"PositionInParameter":1,"PositionInDomainSet":1}]},"Confidential":false},{"DomainMappingElement":{"SourceDomainSet":[{"DomainGuid":"be227fd8cda1345ebbcba82fe63550eb","Position":1}],"TargetDomainSet":[{"DomainGuid":"7e2991324ff43412b5b9a4c3b54ce9a5","AlternativeDomainGuid":"f2159302dac54415ae0725206a65a5e8","Position":1}],"Documentation":{}},"Transformation":{"Function":{"FunctionGuid":"00000000000000000000000000000001","FunctionParameters":[{"PositionInParameterList":1,"Direction":"IN","Type":"NODE_LIST","Name":"D_SADD2"},{"PositionInParameterList":2,"Direction":"OUT","Type":"NODE_LIST","Name":"nodes_out_1"}],"FunctionImplementations":[{"SourceCode":"\u003cxsl:sequence select\u003d\"$nodes_in/*\"/\u003e","FunctionImplementationLanguage":{"Name":"XSLT","Version":"2.0"}}],"isReference":false},"ParameterAssignments":[{"PositionInParameterList":1,"PositionInParameter":1,"PositionInDomainSet":1},{"PositionInParameterList":2,"PositionInParameter":1,"PositionInDomainSet":1}]},"Confidential":false},{"DomainMappingElement":{"SourceDomainSet":[{"DomainGuid":"c7a59e0dffe038968d057bb0f0483221","Position":1}],"TargetDomainSet":[{"DomainGuid":"9bbc01ab437c3b25b23664d9e2b85bcf","AlternativeDomainGuid":"85903ee32aa8457da78aa3952d8b5358","Position":1}],"Documentation":{}},"Transformation":{"Function":{"FunctionGuid":"00000000000000000000000000000001","FunctionParameters":[{"PositionInParameterList":1,"Direction":"IN","Type":"NODE_LIST","Name":"D_SADD5"},{"PositionInParameterList":2,"Direction":"OUT","Type":"NODE_LIST","Name":"nodes_out_1"}],"FunctionImplementations":[{"SourceCode":"\u003cxsl:sequence select\u003d\"$nodes_in/*\"/\u003e","FunctionImplementationLanguage":{"Name":"XSLT","Version":"2.0"}}],"isReference":false},"ParameterAssignments":[{"PositionInParameterList":1,"PositionInParameter":1,"PositionInDomainSet":1},{"PositionInParameterList":2,"PositionInParameter":1,"PositionInDomainSet":1}]},"Confidential":false},{"DomainMappingElement":{"SourceDomainSet":[{"DomainGuid":"9e2700d52f8938d7a259f38c028afd7f","Position":1}],"TargetDomainSet":[{"DomainGuid":"6e2a10be02393002adfc92f7e11f2443","AlternativeDomainGuid":"3cb257c394324e47976ab4cf26ecbf25","Position":1}],"Documentation":{}},"Transformation":{"Function":{"FunctionGuid":"00000000000000000000000000000001","FunctionParameters":[{"PositionInParameterList":1,"Direction":"IN","Type":"NODE_LIST","Name":"D_SADD3"},{"PositionInParameterList":2,"Direction":"OUT","Type":"NODE_LIST","Name":"nodes_out_1"}],"FunctionImplementations":[{"SourceCode":"\u003cxsl:sequence select\u003d\"$nodes_in/*\"/\u003e","FunctionImplementationLanguage":{"Name":"XSLT","Version":"2.0"}}],"isReference":false},"ParameterAssignments":[{"PositionInParameterList":1,"PositionInParameter":1,"PositionInDomainSet":1},{"PositionInParameterList":2,"PositionInParameter":1,"PositionInDomainSet":1}]},"Confidential":false},{"DomainMappingElement":{"SourceDomainSet":[{"DomainGuid":"3c4e86448f813286981e4c8bd9300d08","Position":1}],"TargetDomainSet":[{"DomainGuid":"5b9b3dbb56063421ab8fbe3f0f005bb7","AlternativeDomainGuid":"b5cc6e6b3868410d82a44f01babd8e54","Position":1}],"Documentation":{}},"Transformation":{"Function":{"FunctionGuid":"00000000000000000000000000000001","FunctionParameters":[{"PositionInParameterList":1,"Direction":"IN","Type":"NODE_LIST","Name":"D_SADD4"},{"PositionInParameterList":2,"Direction":"OUT","Type":"NODE_LIST","Name":"nodes_out_1"}],"FunctionImplementations":[{"SourceCode":"\u003cxsl:sequence select\u003d\"$nodes_in/*\"/\u003e","FunctionImplementationLanguage":{"Name":"XSLT","Version":"2.0"}}],"isReference":false},"ParameterAssignments":[{"PositionInParameterList":1,"PositionInParameter":1,"PositionInDomainSet":1},{"PositionInParameterList":2,"PositionInParameter":1,"PositionInDomainSet":1}]},"Confidential":false},{"DomainMappingElement":{"SourceDomainSet":[],"TargetDomainSet":[{"DomainGuid":"c981f7a6a0bf334abb5e53ec135d6194","AlternativeDomainGuid":"fc0a11f6d9cb3c548c59d18faac51ceb","Position":1}],"Documentation":{}},"Transformation":{"Function":{"FunctionGuid":"00000000000000000000000000000002","FunctionParameters":[{"PositionInParameterList":1,"Direction":"IN","Type":"STRING","Name":"value"},{"PositionInParameterList":2,"Direction":"OUT","Type":"NODE_LIST","Name":"nodes_out_1"}],"FunctionImplementations":[{"SourceCode":"\u003cxsl:value-of select\u003d\"$nodes_in/value\"/\u003e","FunctionImplementationLanguage":{"Name":"XSLT","Version":"2.0"}}],"isReference":false},"ParameterAssignments":[{"PositionInParameterList":1,"PositionInParameter":1,"Value":"003"},{"PositionInParameterList":2,"PositionInParameter":1,"PositionInDomainSet":1}]},"Confidential":false},{"DomainMappingElement":{"SourceDomainSet":[{"DomainGuid":"f6971e6b934f3f4680a91d074ecd8ea9","Position":1}],"TargetDomainSet":[{"DomainGuid":"7e68bba781db37cd8841492ecddde01d","AlternativeDomainGuid":"1d5f9370cd3233e6b6abf487561ba041","Position":1}],"Documentation":{}},"Transformation":{"Function":{"FunctionGuid":"00000000000000000000000000000001","FunctionParameters":[{"PositionInParameterList":1,"Direction":"IN","Type":"NODE_LIST","Name":"D_SPRO1"},{"PositionInParameterList":2,"Direction":"OUT","Type":"NODE_LIST","Name":"nodes_out_1"}],"FunctionImplementations":[{"SourceCode":"\u003cxsl:sequence select\u003d\"$nodes_in/*\"/\u003e","FunctionImplementationLanguage":{"Name":"XSLT","Version":"2.0"}}],"isReference":false},"ParameterAssignments":[{"PositionInParameterList":1,"PositionInParameter":1,"PositionInDomainSet":1},{"PositionInParameterList":2,"PositionInParameter":1,"PositionInDomainSet":1}]},"Confidential":false}],"TargetNodeDuplicationRules":[],"TargetNodeStatus":{},"SharedFunctions":[],"SharedVariables":[],"AdministrativeData":{"CreatedBy":"jingwen.li01@sap.com","CreatedOn":1721380661135,"ModifiedBy":"tamaki.ogura@sap.com","ModifiedOn":1724920188102},"Documentation":{"Name":{"ArtifactValue":{"Id":"c3660dfb98253f0897af4f955b6782fe","action":"NONE"}},"Definition":{"ArtifactValue":{"Id":"42e1d9bce1a73cbcbefdb1acedb63da4","action":"NONE"}},"Summary":{"ArtifactValue":{"Id":"6666cd76f96936469e7be39d750cc7d9","action":"NONE"}},"NumberOfNotes":0,"Notes":[]},"DocumentationArtifacts":{"UID-c39e16e5-3968-4b2c-9112-5d46987314d6":"UID-0e82755c-a35f-4ac1-8bf1-9db8b8878866","UID-05ab3220-5a0c-4392-b01c-4aed93b6ee0c":"","UID-53cab552-080a-4b11-8429-49a019d80cd5":"","UID-c5c0bee1-59f6-4a51-a324-6a05b976645a":"UID-91f73dbf-1d8b-4125-a880-94edcd0e418e","UID-14117076-8177-49ec-af71-307cf075a7cc":"UID-4725c599-4baa-43cc-aa1c-94038f836110","6454ade11278337080b9a7bfe21ed5e3":"\u003cdiv class\u003d\u0027sapMText\u0027\u003e\u003cdiv class\u003d\u0027sapMText\u0027\u003e\u003cdiv class\u003d\u0027sapMText\u0027\u003e\u003cdiv class\u003d\u0027sapMText\u0027\u003e\u003cdiv class\u003d\u0027sapMText\u0027\u003e\u003cdiv class\u003d\u0027sapMText\u0027\u003e\u003cp\u003eThis mapping guideline outlines the process of converting Tradacoms 9 ORDHDR messages to SAP IDOC ORDERS.ORDERS05 format. It includes specific instructions for translating data elements, segments, and structures from the Tradacoms standard to the SAP IDOC standard. The guideline provides a comprehensive mapping of the message fields, ensuring a seamless integration between the two systems and smooth processing of order-related transactions. It serves as a valuable resource for organizations seeking to implement interoperability between Tradacoms and SAP systems for order processing.\u003c/p\u003e\u003c/div\u003e\u003c/div\u003e\u003c/div\u003e\u003c/div\u003e\u003c/div\u003e\u003c/div\u003e","UID-3744e36d-64d6-4657-9d76-94250fea4712":"UID-bdad46d2-452c-4a45-a9b3-49ed8cca76cd","UID-0928c6a6-c8cf-4976-92fa-5be075d8e5d8":"UID-d906603d-4c77-4c38-8433-16b8f157c1f9","d6cb49c38884328d88939e4ae43a767c":"01.) [B2B Integration Factory] - Tradacoms 9 ORDHDR -to- SAP IDOC ORDERS.ORDERS05-Copy","UID-ddca6ed1-ab0d-4dba-ac13-54ed56de1c73":"","c3660dfb98253f0897af4f955b6782fe":"01.a) [Trading Partner Name] - TRADACOMS 9 ORDHDR -to- SAP IDOC ORDERS.ORDERS05","UID-4c9e0a68-b2ab-46d0-b2d6-f24ae8e99a18":"UID-125a139f-769d-4912-902f-e55302b8eb7a","UID-d3cc7b14-b39d-4fa3-b600-506c8337eac0":"UID-cb3a8a50-aa7d-4044-a90d-1e1f12d9a015","UID-23a95889-df6f-4e75-a610-23981cd93c5b":"UID-125a139f-769d-4912-902f-e55302b8eb7a","UID-6d91805b-7b22-41f3-86db-e5bb7090f368":"UID-cab7f462-9387-43db-ae2c-34aefb08caa6","UID-39c6f249-d2a3-4d2f-a64a-86e56a54ab93":"UID-cab7f462-9387-43db-ae2c-34aefb08caa6","UID-8c0030aa-32d2-4471-b068-6fe0dd25ab58":"\u003cp\u003e01.) #BASE# - Tradacoms 9 ORDHDR -to- SAP IDOC ORDERS.ORDERS05\u003c/p\u003e","UID-35af250b-c0df-4053-95f3-4bc41b5452d6":"UID-03135171-8134-440f-bb71-d01cc96d23c3","UID-194d7b1b-1f15-450b-b029-3a731e7e0276":"","UID-d899e90a-6b95-4993-a243-254711956dd9":"\u003cdiv class\u003d\u0027sapMText\u0027\u003e\u003cdiv class\u003d\u0027sapMText\u0027\u003e\u003cdiv class\u003d\u0027sapMText\u0027\u003e\u003cp\u003eThis mapping guideline outlines the process of converting Tradacoms 9 ORDHDR messages to SAP IDOC ORDERS.ORDERS05 format. It includes specific instructions for translating data elements, segments, and structures from the Tradacoms standard to the SAP IDOC standard. The guideline provides a comprehensive mapping of the message fields, ensuring a seamless integration between the two systems and smooth processing of order-related transactions. It serves as a valuable resource for organizations seeking to implement interoperability between Tradacoms and SAP systems for order processing.\u003c/p\u003e\u003c/div\u003e\u003c/div\u003e\u003c/div\u003e","UID-6a6293d2-89e8-43fc-814f-837160ae1544":"UID-3b418152-e36f-4bc8-a0c4-4bc9bc470f84","UID-d090fa83-ce26-4530-b5f6-31581cc4d8a0":"UID-4725c599-4baa-43cc-aa1c-94038f836110","UID-3ca7a102-8053-49eb-ac39-62850524dda2":"","ef68a23441f932a28fc65f982bbaeccb":"\u003cdiv class\u003d\u0027sapMText\u0027\u003e\u003cdiv class\u003d\u0027sapMText\u0027\u003e\u003cdiv class\u003d\u0027sapMText\u0027\u003e\u003cdiv class\u003d\u0027sapMText\u0027\u003e\u003cdiv class\u003d\u0027sapMText\u0027\u003e\u003cdiv class\u003d\u0027sapMText\u0027\u003e\u003cdiv class\u003d\u0027sapMText\u0027\u003e\u003cp\u003eThis mapping guideline outlines the process of converting Tradacoms 9 ORDHDR messages to SAP IDOC ORDERS.ORDERS05 format. It includes specific instructions for translating data elements, segments, and structures from the Tradacoms standard to the SAP IDOC standard. The guideline provides a comprehensive mapping of the message fields, ensuring a seamless integration between the two systems and smooth processing of order-related transactions. It serves as a valuable resource for organizations seeking to implement interoperability between Tradacoms and SAP systems for order processing.\u003c/p\u003e\u003c/div\u003e\u003c/div\u003e\u003c/div\u003e\u003c/div\u003e\u003c/div\u003e\u003c/div\u003e\u003c/div\u003e","770db3e4142334c7b03914580eeaceab":"UID-7abf1e4b-9cc9-491a-bb44-b2e8e6fcbca5","UID-af85c739-cc6a-44f0-abb2-1960d856f9b3":"","f152239a917039e2aab101406823ee20":"UID-5c548b0d-e567-4f28-b8dd-19f58e57ecea","UID-2d566b00-313e-4c78-a74e-c88657b706d4":"UID-0928c6a6-c8cf-4976-92fa-5be075d8e5d8","e7f4aacbdd583c1ca0a836e53c2782c1":"01.) [B2B Integration Factory] - Tradacoms 9 ORDHDR -to- SAP IDOC ORDERS.ORDERS05-NEW","UID-3dc5fa85-5a7b-403a-8034-8ca347552198":"01.) #BASE# - Tradacoms 9 ORDHDR -to- SAP IDOC ORDERS.ORDERS05","UID-28355abc-4c27-4a04-8cbc-1c7172937855":"UID-4725c599-4baa-43cc-aa1c-94038f836110","UID-4ce40ac1-4aec-45af-96af-b069efb69801":"UID-125a139f-769d-4912-902f-e55302b8eb7a","UID-8936ab11-b473-43ea-ae70-246aa9ba7882":"01.) #BASE# - Tradacoms 9 ORDHDR -to- SAP IDOC ORDERS.ORDERS05","UID-c908629d-f649-47f0-b82f-bd72e1864f86":"01.a) [Trading Partner Name] - Tradacoms 9 ORDHDR -to- SAP IDOC ORDERS.ORDERS05","UID-fa582a29-ec36-42bb-9b8b-4ccff21efa71":"","UID-de4b70fe-0975-4e27-a943-eca466c183d0":"UID-37ccda37-7315-4a6b-84be-f495a7710456","UID-0c7374fe-e518-4321-a486-eb7deb969e63":"UID-12bbb0a1-80d2-43f8-9eac-82491d17c18d","UID-64a2ef3e-82fa-4331-9d0d-dac32b0997d2":"UID-35af250b-c0df-4053-95f3-4bc41b5452d6","UID-2800839c-f1a6-4a1c-ba60-a13f265d1c0e":"UID-9ff5ac11-2c36-42fc-88cf-9ac7fec31348","5af688117780396cacea08c4ad9aeac7":"UID-0e82755c-a35f-4ac1-8bf1-9db8b8878866","UID-d906603d-4c77-4c38-8433-16b8f157c1f9":"UID-e52b2163-58a8-4a44-bfec-084ecfe9938d","1a52230ea27b3acc9af5ff1447c88f60":"01.) #BASE# - Tradacoms 9 ORDHDR -to- SAP IDOC ORDERS.ORDERS05-Copy","UID-aaa4abf6-6eb0-4b2e-8b63-1bdb9194050a":"\u003cdiv class\u003d\u0027sapMText\u0027\u003e\u003cdiv class\u003d\u0027sapMText\u0027\u003e\u003cp\u003eThis mapping guideline outlines the process of converting Tradacoms 9 ORDHDR messages to SAP IDOC ORDERS.ORDERS05 format. It includes specific instructions for translating data elements, segments, and structures from the Tradacoms standard to the SAP IDOC standard. The guideline provides a comprehensive mapping of the message fields, ensuring a seamless integration between the two systems and smooth processing of order-related transactions. It serves as a valuable resource for organizations seeking to implement interoperability between Tradacoms and SAP systems for order processing.\u003c/p\u003e\u003c/div\u003e\u003c/div\u003e","UID-4941e7e2-022f-47b7-9bb7-c7e72ca4a928":"UID-0e82755c-a35f-4ac1-8bf1-9db8b8878866","01b21309770f3d2990abb0012b2de5a9":"\u003cp\u003eThis mapping guideline outlines the process of converting Tradacoms 9 ORDHDR messages to SAP IDOC ORDERS.ORDERS05 format. It includes specific instructions for translating data elements, segments, and structures from the Tradacoms standard to the SAP IDOC standard. The guideline provides a comprehensive mapping of the message fields, ensuring a seamless integration between the two systems and smooth processing of order-related transactions. It serves as a valuable resource for organizations seeking to implement interoperability between Tradacoms and SAP systems for order processing.\u003c/p\u003e","UID-3b9ffb88-7ab6-4115-8f80-d61bb9982f30":"UID-2e719680-32cb-420b-a970-1a0028df99f9","UID-8d14a543-c221-4fb1-b084-210389322809":"UID-4725c599-4baa-43cc-aa1c-94038f836110","25db955641893bbf8778b8484e2aa515":"01.) #BASE# - Tradacoms 9 ORDHDR -to- SAP IDOC ORDERS.ORDERS05_0507","UID-0fe83b27-de53-475e-b99c-91ff29425bee":"UID-4725c599-4baa-43cc-aa1c-94038f836110","UID-b693235a-d6b7-4f7b-8618-87581cedeeea":"UID-4725c599-4baa-43cc-aa1c-94038f836110","UID-b44fe4ca-6a9b-437a-96af-82f930ba641c":"\u003cdiv class\u003d\u0027sapMText\u0027\u003e\u003cp\u003e01.) #BASE# - Tradacoms 9 ORDHDR -to- SAP IDOC ORDERS.ORDERS05\u003c/p\u003e\u003c/div\u003e","79cb11e46f4d37e8a49c876dbf72b054":"UID-cab7f462-9387-43db-ae2c-34aefb08caa6","UID-4041d014-3c80-4d3d-894e-8aeea7071faf":"UID-386068b0-c1b7-499a-8b15-54d9dbf463fb","UID-6ede0950-83d4-476b-8084-23ad84371f71":"\u003cdiv class\u003d\u0027sapMText\u0027\u003e\u003cdiv class\u003d\u0027sapMText\u0027\u003e\u003cdiv class\u003d\u0027sapMText\u0027\u003e\u003cdiv class\u003d\u0027sapMText\u0027\u003e\u003cp\u003e01.) #BASE# - Tradacoms 9 ORDHDR -to- SAP IDOC ORDERS.ORDERS05\u003c/p\u003e\u003c/div\u003e\u003c/div\u003e\u003c/div\u003e\u003c/div\u003e","3f80c072149d37f69adc6171635b6a5b":"01.) #BASE# - Tradacoms 9 ORDHDR -to- SAP IDOC ORDERS.ORDERS05","UID-6aca6fb9-72cd-40f3-9ebf-32e84bc08454":"UID-3b418152-e36f-4bc8-a0c4-4bc9bc470f84","UID-59f88477-b65a-47a0-91a8-62961ff73558":"UID-d906603d-4c77-4c38-8433-16b8f157c1f9","UID-72e1ed31-ddc8-4ca0-9e8f-30b65e787795":"","UID-81c56e22-6cd1-4f7a-b8ac-c0abc668cd8b":"UID-5cea5f25-ed20-4581-9887-a358c00899c3","UID-10e52509-c4b6-4fef-9a10-25db024b9bbd":"\u003cp\u003e01.) #BASE# - Tradacoms 9 ORDHDR -to- SAP IDOC ORDERS.ORDERS05\u003c/p\u003e","6666cd76f96936469e7be39d750cc7d9":"","UID-2e719680-32cb-420b-a970-1a0028df99f9":"UID-68e979ba-6fd1-4e0e-83f6-680665b1ec7d","UID-60069d76-dc56-414f-aff3-308134891735":"UID-0c7374fe-e518-4321-a486-eb7deb969e63","UID-4725c599-4baa-43cc-aa1c-94038f836110":"UID-668d340d-c1c6-4796-8561-2406adae2f38","UID-01333414-d807-4cf6-897a-b715fc816328":"01.) #BASE# - Tradacoms 9 ORDHDR -to- SAP IDOC ORDERS.ORDERS05","UID-4ccb0323-46f8-4be4-9ebd-81d3cb510f05":"01.) #BASE# - Tradacoms 9 ORDHDR -to- SAP IDOC ORDERS.ORDERS05-Bearbeitung","UID-cf10a3bf-d050-434f-9662-2e646d8e76d9":"UID-5cea5f25-ed20-4581-9887-a358c00899c3","e101410ce581364aa05e6dce0629b348":"UID-60069d76-dc56-414f-aff3-308134891735","UID-5ac9be44-4769-4a41-8ae8-7a447e0c8697":"","UID-799f7867-5e4d-4b66-bd1b-7df8ff17331b":"UID-4945af39-59c8-43d6-bcf2-13f174c6cc01","ae285f198c2a3089b60d8c9be6faf47c":"UID-12bbb0a1-80d2-43f8-9eac-82491d17c18d","24c59b3867813039bc387ea096634de9":"\u003cdiv class\u003d\u0027sapMText\u0027\u003e\u003cdiv class\u003d\u0027sapMText\u0027\u003e\u003cp\u003e01.) #BASE# - Tradacoms 9 ORDHDR -to- SAP IDOC ORDERS.ORDERS05\u003c/p\u003e\u003c/div\u003e\u003c/div\u003e","UID-490a5cb2-101e-44b4-80b8-fa87ec5d285a":"UID-46cd300a-766a-474c-bc32-256dfd39878b","UID-25945ae1-cb47-487c-b943-186ff4f039c7":"","UID-6381f08e-1b4d-4d08-9c1d-34088c5a65a6":"UID-2800839c-f1a6-4a1c-ba60-a13f265d1c0e","UID-12bbb0a1-80d2-43f8-9eac-82491d17c18d":"UID-4945af39-59c8-43d6-bcf2-13f174c6cc01","UID-de5eee72-1303-49a2-a1a2-5a51119ffbf0":"UID-5c548b0d-e567-4f28-b8dd-19f58e57ecea","UID-91f73dbf-1d8b-4125-a880-94edcd0e418e":"UID-04fbf39d-92d6-4f9f-a456-b41484677e9a","UID-04fbf39d-92d6-4f9f-a456-b41484677e9a":"UID-21115026-458b-4811-a85f-fa9a4d37b586","4e7e72472b1d36a895f99e25e848f750":"\u003cdiv class\u003d\u0027sapMText\u0027\u003e\u003cdiv class\u003d\u0027sapMText\u0027\u003e\u003cp\u003eThis mapping guideline outlines the process of converting Tradacoms 9 ORDHDR messages to SAP IDOC ORDERS.ORDERS05 format. It includes specific instructions for translating data elements, segments, and structures from the Tradacoms standard to the SAP IDOC standard. The guideline provides a comprehensive mapping of the message fields, ensuring a seamless integration between the two systems and smooth processing of order-related transactions. It serves as a valuable resource for organizations seeking to implement interoperability between Tradacoms and SAP systems for order processing.\u003c/p\u003e\u003c/div\u003e\u003c/div\u003e","UID-0c1d531c-9961-43c0-b662-cf6cddf2620b":"UID-125a139f-769d-4912-902f-e55302b8eb7a","08a03774d5fb3a33b19a37b9de9b6c3b":"UID-0c7374fe-e518-4321-a486-eb7deb969e63","11ee53713f283ba887fde14c80076396":"\u003cp\u003e01.) #BASE# - Tradacoms 9 ORDHDR -to- SAP IDOC ORDERS.ORDERS05\u003c/p\u003e","UID-e7ff933c-cb82-4a3e-b702-d09512493e04":"","7484a516d87836fc99097d67afe5b8ba":"UID-03135171-8134-440f-bb71-d01cc96d23c3","UID-7ac5bbef-2386-458f-97a9-1b6db7bfebe7":"\u003cdiv class\u003d\u0027sapMText\u0027\u003e\u003cdiv class\u003d\u0027sapMText\u0027\u003e\u003cdiv class\u003d\u0027sapMText\u0027\u003e\u003cdiv class\u003d\u0027sapMText\u0027\u003e\u003cdiv class\u003d\u0027sapMText\u0027\u003e\u003cdiv class\u003d\u0027sapMText\u0027\u003e\u003cp\u003eThis mapping guideline outlines the process of converting Tradacoms 9 ORDHDR messages to SAP IDOC ORDERS.ORDERS05 format. It includes specific instructions for translating data elements, segments, and structures from the Tradacoms standard to the SAP IDOC standard. The guideline provides a comprehensive mapping of the message fields, ensuring a seamless integration between the two systems and smooth processing of order-related transactions. It serves as a valuable resource for organizations seeking to implement interoperability between Tradacoms and SAP systems for order processing.\u003c/p\u003e\u003c/div\u003e\u003c/div\u003e\u003c/div\u003e\u003c/div\u003e\u003c/div\u003e\u003c/div\u003e","UID-04d3c3ed-4289-4c70-b260-9b168cf187a9":"","UID-da0af07c-bf42-402e-8a52-ea26ed66b4a0":"01.) #BASE# - Tradacoms 9 ORDHDR -to- SAP IDOC ORDERS.ORDERS05","UID-68e979ba-6fd1-4e0e-83f6-680665b1ec7d":"UID-6d91805b-7b22-41f3-86db-e5bb7090f368","42e1d9bce1a73cbcbefdb1acedb63da4":"\u003cdiv class\u003d\u0027sapMText\u0027\u003e\u003cdiv class\u003d\u0027sapMText\u0027\u003e\u003cdiv class\u003d\u0027sapMText\u0027\u003e\u003cdiv class\u003d\u0027sapMText\u0027\u003e\u003cdiv class\u003d\u0027sapMText\u0027\u003e\u003cdiv class\u003d\u0027sapMText\u0027\u003e\u003cdiv class\u003d\u0027sapMText\u0027\u003e\u003cdiv class\u003d\u0027sapMText\u0027\u003e\u003cp\u003eThis mapping guideline outlines the process of converting Tradacoms 9 ORDHDR messages to SAP IDOC ORDERS.ORDERS05 format. It includes specific instructions for translating data elements, segments, and structures from the Tradacoms standard to the SAP IDOC standard. The guideline provides a comprehensive mapping of the message fields, ensuring a seamless integration between the two systems and smooth processing of order-related transactions. It serves as a valuable resource for organizations seeking to implement interoperability between Tradacoms and SAP systems for order processing.\u003c/p\u003e\u003c/div\u003e\u003c/div\u003e\u003c/div\u003e\u003c/div\u003e\u003c/div\u003e\u003c/div\u003e\u003c/div\u003e\u003c/div\u003e","UID-ed16b53c-484b-4b93-91dc-d978ec1648f6":"UID-4725c599-4baa-43cc-aa1c-94038f836110","UID-37ccda37-7315-4a6b-84be-f495a7710456":"UID-d203f7c0-aefc-4623-8aa1-44de981f2e23","UID-0e9d3884-8d44-4dfb-b58d-54b7316d6187":"UID-125a139f-769d-4912-902f-e55302b8eb7a","UID-46cd300a-766a-474c-bc32-256dfd39878b":"UID-a569e3ab-4163-405d-ac3b-6f0bbb2cf8e7","UID-cb3a8a50-aa7d-4044-a90d-1e1f12d9a015":"UID-6c3bbb04-5040-4572-8923-3fe580b9e13a","UID-2c459d6e-6468-4626-8473-ef5ada676cc7":"UID-449ffb8a-0c6c-4f54-97e8-828377645b05","UID-5cea5f25-ed20-4581-9887-a358c00899c3":"UID-c7e344ae-5990-46b3-8edf-4cb935de34d6","UID-1ead3047-1903-444d-9ff9-3844f9ca8a77":"UID-60069d76-dc56-414f-aff3-308134891735","9935669de7c13113a1b07ffb59a0690c":"\u003cdiv class\u003d\u0027sapMText\u0027\u003e\u003cdiv class\u003d\u0027sapMText\u0027\u003e\u003cdiv class\u003d\u0027sapMText\u0027\u003e\u003cp\u003eThis mapping guideline outlines the process of converting Tradacoms 9 ORDHDR messages to SAP IDOC ORDERS.ORDERS05 format. It includes specific instructions for translating data elements, segments, and structures from the Tradacoms standard to the SAP IDOC standard. The guideline provides a comprehensive mapping of the message fields, ensuring a seamless integration between the two systems and smooth processing of order-related transactions. It serves as a valuable resource for organizations seeking to implement interoperability between Tradacoms and SAP systems for order processing.\u003c/p\u003e\u003c/div\u003e\u003c/div\u003e\u003c/div\u003e","UID-a895dff1-b485-47d2-9c71-bcf97a2c8840":"","UID-d747e6e8-5536-4766-a974-5338822f0c16":"UID-4725c599-4baa-43cc-aa1c-94038f836110","UID-e52b2163-58a8-4a44-bfec-084ecfe9938d":"UID-2e719680-32cb-420b-a970-1a0028df99f9","82528af0d6dd3e8694643a8b4978901b":"Mapping 01.) #BASE# - Tradacoms 9 ORDHDR - Source to 01.) Versuni - SAP IDOC ORDERS.ORDERS05 for UN/EDIFACT Customer EDI - Target","UID-d5f387bd-8b07-4176-991b-984a2df392f7":"UID-91f73dbf-1d8b-4125-a880-94edcd0e418e","UID-9ed1d969-6ab2-4cda-a53d-06f5155d244b":"UID-64a2ef3e-82fa-4331-9d0d-dac32b0997d2","29ab3c49fe5739de8c6b19d236e317c8":"\u003cdiv class\u003d\u0027sapMText\u0027\u003e\u003cp\u003eThis mapping guideline outlines the process of converting Tradacoms 9 ORDHDR messages to SAP IDOC ORDERS.ORDERS05 format. It includes specific instructions for translating data elements, segments, and structures from the Tradacoms standard to the SAP IDOC standard. The guideline provides a comprehensive mapping of the message fields, ensuring a seamless integration between the two systems and smooth processing of order-related transactions. It serves as a valuable resource for organizations seeking to implement interoperability between Tradacoms and SAP systems for order processing.\u003c/p\u003e\u003c/div\u003e","UID-449ffb8a-0c6c-4f54-97e8-828377645b05":"UID-d3cc7b14-b39d-4fa3-b600-506c8337eac0","UID-dc142ad6-2d1e-4043-8c5f-ee7bd0a931b6":"UID-0e82755c-a35f-4ac1-8bf1-9db8b8878866","UID-a49ad5f0-dffe-4fed-ad5d-05fd9f31a8f9":"UID-46cd300a-766a-474c-bc32-256dfd39878b","UID-3bbb77b7-3c53-4c52-b288-cde5e071c569":"","UID-169354a9-b973-4d06-88b5-07faa10db395":"01.) #BASE# - Tradacoms 9 ORDHDR -to- SAP IDOC ORDERS.ORDERS05","3c7b1237ff103e48b5bd23bfa2bb9d40":"UID-5cea5f25-ed20-4581-9887-a358c00899c3","UID-6bfd27b9-6091-4acc-8083-e0c7307fa937":"UID-d906603d-4c77-4c38-8433-16b8f157c1f9","UID-4945af39-59c8-43d6-bcf2-13f174c6cc01":"UID-4041d014-3c80-4d3d-894e-8aeea7071faf","UID-52d4148c-c6da-477a-8b16-53c2b5bf1ce2":"","774754f392a93e79a82e1db9cd210824":"UID-6c3bbb04-5040-4572-8923-3fe580b9e13a","UID-b40f9ea5-dd02-4898-99a3-dbcaee310338":"UID-6a6293d2-89e8-43fc-814f-837160ae1544","UID-49a84c54-0dfa-4707-bb69-3421838fd07e":"UID-386068b0-c1b7-499a-8b15-54d9dbf463fb","UID-803f2f9c-7517-4dcc-a24a-2b4cc7738c37":"UID-4725c599-4baa-43cc-aa1c-94038f836110","a995edd3eed93d0ab5a6db0ffc00d4dd":"UID-125a139f-769d-4912-902f-e55302b8eb7a","UID-50a98a57-9c74-401b-83bc-a3d99d38d1c5":"UID-125a139f-769d-4912-902f-e55302b8eb7a","UID-25c49b13-f086-4d33-907d-dea3ec5425fb":"UID-125a139f-769d-4912-902f-e55302b8eb7a","UID-0a680bea-20cc-4658-934e-9229a3393999":"","UID-2b238b2e-643e-4230-a9ea-2fde653c1fcd":"UID-d3cc7b14-b39d-4fa3-b600-506c8337eac0","UID-3b418152-e36f-4bc8-a0c4-4bc9bc470f84":"UID-449ffb8a-0c6c-4f54-97e8-828377645b05","UID-5326b4c5-ee3f-413c-9445-90c65f551ddd":"","UID-bdad46d2-452c-4a45-a9b3-49ed8cca76cd":"UID-125a139f-769d-4912-902f-e55302b8eb7a","UID-20a6ab72-b2b3-4bb4-8148-c39cc898a69e":"\u003cp\u003eE1EDK03[012] mapping has been changed from FIL to ORD segment\u003c/p\u003e","UID-01421315-9d34-4b96-a4cc-56bd7bf04ad6":"","UID-a234132f-656b-4b23-ae28-2624a698f9f8":"UID-4725c599-4baa-43cc-aa1c-94038f836110","UID-d0da2062-3ced-4f1e-8b4d-a725fd9e7263":"","52c0bf864264309cb7ae51f157f05a5b":"UID-c7e344ae-5990-46b3-8edf-4cb935de34d6","UID-8092e797-b5af-4af4-96d0-560aff816bc7":"UID-4725c599-4baa-43cc-aa1c-94038f836110","UID-8ac86fe6-0649-4334-bfaa-a9df8c86f997":"UID-6381f08e-1b4d-4d08-9c1d-34088c5a65a6","UID-d35906e4-a8bb-4130-b8bd-61797ed7cf6c":"UID-de4b70fe-0975-4e27-a943-eca466c183d0","UID-0da16b1d-0005-4d44-8d1b-bdb8b098ce27":"01.) #BASE# - Tradacoms 9 ORDHDR -to- SAP IDOC ORDERS.ORDERS05","UID-9ff5ac11-2c36-42fc-88cf-9ac7fec31348":"UID-bdad46d2-452c-4a45-a9b3-49ed8cca76cd","UID-5b2a9563-3783-4275-bd2b-e25c13e2f660":"","UID-d101fd6d-30da-4282-b8ce-39bac8036466":"UID-490a5cb2-101e-44b4-80b8-fa87ec5d285a","UID-72cd3260-d01e-486d-a54f-5f59b6546681":"UID-668d340d-c1c6-4796-8561-2406adae2f38","UID-d5ed560a-1c71-4924-8670-102bbe51b259":"UID-b40f9ea5-dd02-4898-99a3-dbcaee310338","UID-21115026-458b-4811-a85f-fa9a4d37b586":"UID-490a5cb2-101e-44b4-80b8-fa87ec5d285a","62ed8f186c35388a93b5cb3e96e67395":"\u003cdiv class\u003d\u0027sapMText\u0027\u003e\u003cdiv class\u003d\u0027sapMText\u0027\u003e\u003cdiv class\u003d\u0027sapMText\u0027\u003e\u003cp\u003e01.) #BASE# - Tradacoms 9 ORDHDR -to- SAP IDOC ORDERS.ORDERS05\u003c/p\u003e\u003c/div\u003e\u003c/div\u003e\u003c/div\u003e","UID-943c719e-64db-4124-864e-dc8cdc75eb3d":"UID-4725c599-4baa-43cc-aa1c-94038f836110","b2cad23b551f377a9c9a7ff0db099617":"UID-4945af39-59c8-43d6-bcf2-13f174c6cc01","9d20e8d277493458aaf3b07c1674eab3":"UID-04fbf39d-92d6-4f9f-a456-b41484677e9a","UID-f01ff443-22db-445e-8077-6cbe0901137f":"UID-5cea5f25-ed20-4581-9887-a358c00899c3","UID-4d634e08-ec75-42df-a029-3c88864dfef3":"","UID-4d651aa2-eef5-491b-8cf2-ec53acfeb50a":"UID-0928c6a6-c8cf-4976-92fa-5be075d8e5d8","UID-125a139f-769d-4912-902f-e55302b8eb7a":"UID-3dc5fa85-5a7b-403a-8034-8ca347552198","UID-97ea3b75-2a92-4a54-acc2-f1b69d9e6c0d":"UID-03135171-8134-440f-bb71-d01cc96d23c3","ffa2ecf1b5cf37a89888c5baabaa5819":"UID-4725c599-4baa-43cc-aa1c-94038f836110","UID-1fa13f42-cb00-419d-9e8c-891d97395d9f":"\u003cdiv class\u003d\u0027sapMText\u0027\u003e\u003cdiv class\u003d\u0027sapMText\u0027\u003e\u003cp\u003eThis mapping guideline outlines the process of converting Tradacoms 9 ORDHDR messages to SAP IDOC ORDERS.ORDERS05 format. It includes specific instructions for translating data elements, segments, and structures from the Tradacoms standard to the SAP IDOC standard. The guideline provides a comprehensive mapping of the message fields, ensuring a seamless integration between the two systems and smooth processing of order-related transactions. It serves as a valuable resource for organizations seeking to implement interoperability between Tradacoms and SAP systems for order processing.\u003c/p\u003e\u003c/div\u003e\u003c/div\u003e","UID-57d4b9fe-ac46-4783-bf94-4c24894532dd":"UID-4725c599-4baa-43cc-aa1c-94038f836110","UID-ee188938-f755-45f1-995c-f5ee4c5e1ae6":"","b853764d37db32058fc0c2aedefc4fd7":"01.) #BASE# - Tradacoms 9 ORDHDR -to- SAP IDOC ORDERS.ORDERS05-Bearbeitung","UID-45484185-a0db-4797-8448-4023ca24f9a8":"UID-e3e5a42e-56b5-43b0-9231-7eed1deb4c73","UID-dfaf6fbd-4f66-4370-bf3e-a21e0ac9aa3a":"UID-46cd300a-766a-474c-bc32-256dfd39878b","UID-740b2e0c-0faa-4b3b-a149-87c7931e4305":"UID-cb3a8a50-aa7d-4044-a90d-1e1f12d9a015","UID-785a0231-58a5-4315-bae3-beb6bd285371":"01.) #BASE# - Tradacoms 9 ORDHDR -to- SAP IDOC ORDERS.ORDERS05","UID-cab7f462-9387-43db-ae2c-34aefb08caa6":"UID-1ead3047-1903-444d-9ff9-3844f9ca8a77","UID-4eef6b7b-eb80-458c-9e89-4c2347ceaadf":"UID-4725c599-4baa-43cc-aa1c-94038f836110","UID-5c548b0d-e567-4f28-b8dd-19f58e57ecea":"UID-de4b70fe-0975-4e27-a943-eca466c183d0","UID-7abf1e4b-9cc9-491a-bb44-b2e8e6fcbca5":"UID-0e82755c-a35f-4ac1-8bf1-9db8b8878866","UID-d203f7c0-aefc-4623-8aa1-44de981f2e23":"UID-b40f9ea5-dd02-4898-99a3-dbcaee310338","UID-386068b0-c1b7-499a-8b15-54d9dbf463fb":"UID-81c56e22-6cd1-4f7a-b8ac-c0abc668cd8b","UID-28224403-e69e-4c3a-938c-9acc426082a4":"","UID-bb971886-6431-46d0-9fb9-5a5fbf7a7cdc":"\u003cdiv class\u003d\u0027sapMText\u0027\u003e\u003cdiv class\u003d\u0027sapMText\u0027\u003e\u003cdiv class\u003d\u0027sapMText\u0027\u003e\u003cdiv class\u003d\u0027sapMText\u0027\u003e\u003cdiv class\u003d\u0027sapMText\u0027\u003e\u003cp\u003eThis mapping guideline outlines the process of converting Tradacoms 9 ORDHDR messages to SAP IDOC ORDERS.ORDERS05 format. It includes specific instructions for translating data elements, segments, and structures from the Tradacoms standard to the SAP IDOC standard. The guideline provides a comprehensive mapping of the message fields, ensuring a seamless integration between the two systems and smooth processing of order-related transactions. It serves as a valuable resource for organizations seeking to implement interoperability between Tradacoms and SAP systems for order processing.\u003c/p\u003e\u003c/div\u003e\u003c/div\u003e\u003c/div\u003e\u003c/div\u003e\u003c/div\u003e","UID-a569e3ab-4163-405d-ac3b-6f0bbb2cf8e7":"UID-e3e5a42e-56b5-43b0-9231-7eed1deb4c73","UID-c7e344ae-5990-46b3-8edf-4cb935de34d6":"UID-7abf1e4b-9cc9-491a-bb44-b2e8e6fcbca5","UID-03135171-8134-440f-bb71-d01cc96d23c3":"UID-de5eee72-1303-49a2-a1a2-5a51119ffbf0","UID-aa206cda-bae8-4260-a19d-f775eefec52a":"\u003cdiv class\u003d\u0027sapMText\u0027\u003e\u003cdiv class\u003d\u0027sapMText\u0027\u003e\u003cp\u003eThis mapping guideline outlines the process of converting Tradacoms 9 ORDHDR messages to SAP IDOC ORDERS.ORDERS05 format. It includes specific instructions for translating data elements, segments, and structures from the Tradacoms standard to the SAP IDOC standard. The guideline provides a comprehensive mapping of the message fields, ensuring a seamless integration between the two systems and smooth processing of order-related transactions. It serves as a valuable resource for organizations seeking to implement interoperability between Tradacoms and SAP systems for order processing.\u003c/p\u003e\u003c/div\u003e\u003c/div\u003e","ddc7903a414a3b109c83eb9b9259fdba":"UID-21115026-458b-4811-a85f-fa9a4d37b586","86f0df0036d8328a9acbb0c944baa207":"01.a) [Trading Partner Name] - Tradacoms 9 ORDHDR -to- SAP IDOC ORDERS.ORDERS05","UID-16bc8518-03f6-47c6-a046-798799821ca4":"","UID-2c003156-012c-4a5c-b4a3-46150b7c1d68":"UID-68e979ba-6fd1-4e0e-83f6-680665b1ec7d","UID-668d340d-c1c6-4796-8561-2406adae2f38":"UID-64a2ef3e-82fa-4331-9d0d-dac32b0997d2","UID-1611daec-1dba-46c0-a1d2-1dc133015043":"UID-4725c599-4baa-43cc-aa1c-94038f836110","9f75c5126a3d3e3a96ca102243d62956":"\u003cdiv class\u003d\u0027sapMText\u0027\u003e\u003cdiv class\u003d\u0027sapMText\u0027\u003e\u003cdiv class\u003d\u0027sapMText\u0027\u003e\u003cdiv class\u003d\u0027sapMText\u0027\u003e\u003cdiv class\u003d\u0027sapMText\u0027\u003e\u003cp\u003eThis mapping guideline outlines the process of converting Tradacoms 9 ORDHDR messages to SAP IDOC ORDERS.ORDERS05 format. It includes specific instructions for translating data elements, segments, and structures from the Tradacoms standard to the SAP IDOC standard. The guideline provides a comprehensive mapping of the message fields, ensuring a seamless integration between the two systems and smooth processing of order-related transactions. It serves as a valuable resource for organizations seeking to implement interoperability between Tradacoms and SAP systems for order processing.\u003c/p\u003e\u003c/div\u003e\u003c/div\u003e\u003c/div\u003e\u003c/div\u003e\u003c/div\u003e","UID-0e82755c-a35f-4ac1-8bf1-9db8b8878866":"UID-6381f08e-1b4d-4d08-9c1d-34088c5a65a6","UID-e3e5a42e-56b5-43b0-9231-7eed1deb4c73":"UID-4d651aa2-eef5-491b-8cf2-ec53acfeb50a","7dc4977862773bba98f223c78d230a9d":"UID-668d340d-c1c6-4796-8561-2406adae2f38","UID-6c3bbb04-5040-4572-8923-3fe580b9e13a":"UID-d5f387bd-8b07-4176-991b-984a2df392f7","UID-276096f7-dd4a-46d9-ab93-f01d84d11607":"UID-d5f387bd-8b07-4176-991b-984a2df392f7","UID-68ed8b18-30d7-47fd-994b-c2fe1f1850d1":"UID-bdad46d2-452c-4a45-a9b3-49ed8cca76cd","e56e27b5846a3083a7369163046e84d8":"\u003cdiv class\u003d\u0027sapMText\u0027\u003e\u003cdiv class\u003d\u0027sapMText\u0027\u003e\u003cdiv class\u003d\u0027sapMText\u0027\u003e\u003cdiv class\u003d\u0027sapMText\u0027\u003e\u003cp\u003eThis mapping guideline outlines the process of converting Tradacoms 9 ORDHDR messages to SAP IDOC ORDERS.ORDERS05 format. It includes specific instructions for translating data elements, segments, and structures from the Tradacoms standard to the SAP IDOC standard. The guideline provides a comprehensive mapping of the message fields, ensuring a seamless integration between the two systems and smooth processing of order-related transactions. It serves as a valuable resource for organizations seeking to implement interoperability between Tradacoms and SAP systems for order processing.\u003c/p\u003e\u003c/div\u003e\u003c/div\u003e\u003c/div\u003e\u003c/div\u003e","UID-ca4ea846-5393-4e63-a5d6-221a654e7ea6":""}}