{"IsVanScenario":false,"FunctionalAck":{},"BusinessTransactions":[{"Id":"e69b5f271d6f416abf599775ca84d016","PatternReference":{"Id":"REQUEST_RESPONSE","Version":"1.0","Name":"Two Way Request Reply"},"Sequence":1,"TransactionProperties":{"Properties":{"communicationPartnerId":"","Initiator":"18be672c721d4f1f845f6436ec301fba","Label_ReactorName":"[Company Name]","CommunicationPartnerId":"","Reactor":"myCompany","Name":"01.) Sales Order Request/Response","Label_InitiatorName":"[Trading Partner Name]"}},"BusinessTransactionActivities":[{"Id":"3a47551018ea45c8b6f95622c7331ac3","BusinessTransactionActivityReference":{"Id":"REQUEST-FLOW","Version":"1.0","Name":"Request Processing"},"Sequence":1,"BusinessTransactionActivityProperties":{"Properties":{}},"ActivityParameters":[],"ChoreographyProperties":{"Properties":{"SENDER_SYSTEM":{"Properties":{"TypeSystem":"UNEDIFACT","SystemInstanceId":"4d79cc68ef0540dc9dd1dec9ea0c5160","SyntaxValidation":"true","IdAsSender":"ca9e956406604b519498353921414e84","IdAsReceiverAlias":"Company_UNEDIFACT_ID","IdAsSenderAlias":"TP_UN-EDIFACT_ID","SystemInstanceAlias":"[B2B Integration Factory]-System","IdAsReceiver":"c66f21511f3844269f41c3803a6ff135","Id":"18be672c721d4f1f845f6436ec301fba","TypeSystemVersion":"D.96A S3","RECEIVER_SYSTEM":"c66f21511f3844269f41c3803a6ff135"}},"SENDER_ADAPTER":{"Properties":{"CCTForSenderFunctionalACKAlias":"","CCTForSenderFunctionalACKId":"","CommunicationChannelTemplateId":"e5e5781b2cb244639801cb9f0ec585ad","CommunicationChannelTemplateAlias":"B2B-Simulation.Sender","Id":"18be672c721d4f1f845f6436ec301fba"}},"SENDER_INTERCHANGE":{"Properties":{"Validation":"false","ImportCorrelationObjectId":"5258fea94a184083a7c79a16c1b2aae1","TypeSystem":"UNEDIFACT","Label_MIGIdName":"01.a) [Trading Partner Name]  - UN/EDIFACT D.96A ORDERS - Source","ContactPersonId":"","ObjectGUID":"5258fea94a184083a7c79a16c1b2aae1","HasEnvelope":"false","custom_properties":"[{\"source\":\"curr\",\"idAttribute\":\"335ed49f5cd046748980a3f20ef8fef2\",\"type\":\"Xpath\",\"value\":\"//D_1004\",\"name\":\"Purchase Order\",\"order\":\"\"}]","MIGGUID":"270e96f920554f279e98b78750d60e1e","Label_MIGStatus":"Active","SyntaxValidation":"true","EdifactTargetDecimalCharacter":"dot","CreateAcknowledgement":"","FunctionalAck":"","ImportCorrelationGroupId":"270e96f920554f279e98b78750d60e1e","MIGLink":"","Id":"18be672c721d4f1f845f6436ec301fba","MessageType":"ORDERS","TypeSystemVersion":"D.96A S3","MIGVersionId":"1.0"}},"MAPPING":{"Properties":{"MAGVersionId":"1.0","ImportCorrelationObjectId":"5f0d5c5c03544e3bafeb74737804a407","Label_MAGName":"01.a) [Trading Partner Name] - UN/EDIFACT D.96A ORDERS -to- SAP IDOC ORDERS.ORDERS05","MAGGUID":"7f85fd47b7be4c87904c44ec5a048414","ImportCorrelationGroupId":"7f85fd47b7be4c87904c44ec5a048414","MAGLink":"","ObjectGUID":"5f0d5c5c03544e3bafeb74737804a407","Id":"18be672c721d4f1f845f6436ec301fba","Label_MAGStatus":"Active"}},"RECEIVER_INTERCHANGE":{"Properties":{"Validation":"false","ImportCorrelationObjectId":"077086468b3c4a55a3cbdae283f72f79","TypeSystem":"SAP_IDoc","Label_MIGIdName":"01.a) [Company Name] - SAP IDOC ORDERS.ORDERS05 for Customer EDI - Target","ContactPersonId":"","ObjectGUID":"077086468b3c4a55a3cbdae283f72f79","HasEnvelope":"false","custom_properties":"[]","MIGGUID":"a080d58a66c643b5af1b08333d839516","NumberRange":"ICN_DEFAULT","Label_MIGStatus":"Active","FunctionalAck":"","ImportCorrelationGroupId":"7eace892ab9342109bf675d8c3c78d3f","MIGLink":"","Id":"myCompany","MessageType":"ORDERS.ORDERS05","TypeSystemVersion":"755","MIGVersionId":"2.0","RACKRequired":""}},"RECEIVER_ADAPTER":{"Properties":{"CommunicationChannelTemplateId":"8e69240364144c06a5d42fa746694f70","CommunicationChannelTemplateAlias":"B2B-Simulation.Receiver","Id":"myCompany"}},"RECEIVER_SYSTEM":{"Properties":{"TypeSystem":"SAP_IDoc","SystemInstanceId":"9e446f07ceb64f33bae5e11b66be71ac","IdAsSender":"749b44f09b8849d0a11d0f38cb1723fd","IdAsReceiverAlias":"Company_IDOC_ID","IdAsSenderAlias":"TP_D.96A_IDOC_ID","SystemInstanceAlias":"S/4 HANA System","Id":"myCompany","IdAsReceiver":"02b003f2ccd24519b7bc27ac79e37de3","TypeSystemVersion":"755","RECEIVER_SYSTEM":"02b003f2ccd24519b7bc27ac79e37de3"}}}}},{"Id":"63658023f2c04658b088237951ae36f4","BusinessTransactionActivityReference":{"Id":"RESPONSE-FLOW","Version":"1.0","Name":"Response Processing"},"Sequence":1,"BusinessTransactionActivityProperties":{"Properties":{}},"ActivityParameters":[],"ChoreographyProperties":{"Properties":{"SENDER_SYSTEM":{"Properties":{"TypeSystem":"SAP_IDoc","SystemInstanceId":"9e446f07ceb64f33bae5e11b66be71ac","IdAsSender":"02b003f2ccd24519b7bc27ac79e37de3","IdAsReceiverAlias":"TP_D.96A_IDOC_ID","IdAsSenderAlias":"Company_IDOC_ID","SystemInstanceAlias":"S/4 HANA System","Id":"myCompany","IdAsReceiver":"749b44f09b8849d0a11d0f38cb1723fd","TypeSystemVersion":"755","RECEIVER_SYSTEM":"749b44f09b8849d0a11d0f38cb1723fd"}},"SENDER_ADAPTER":{"Properties":{"CommunicationChannelTemplateId":"465a5f3f773047c19f8648d929b384a8","Id":"myCompany"}},"SENDER_INTERCHANGE":{"Properties":{"Validation":"false","ImportCorrelationObjectId":"28aab241e09d4247b65dd122926130a5","TypeSystem":"SAP_IDoc","Label_MIGIdName":"01.b) [Company Name] - SAP IDOC ORDRSP.ORDERS05 for Customer EDI - Source","ContactPersonId":"","ObjectGUID":"28aab241e09d4247b65dd122926130a5","HasEnvelope":"false","custom_properties":"[]","MIGGUID":"6868c2d805634f24aebba47f02797094","Label_MIGStatus":"Deprecated","CreateAcknowledgement":"","FunctionalAck":"","ImportCorrelationGroupId":"6868c2d805634f24aebba47f02797094","MIGLink":"","Id":"myCompany","MessageType":"ORDRSP.ORDERS05","TypeSystemVersion":"755","MIGVersionId":"1.0"}},"MAPPING":{"Properties":{"MAGVersionId":"1.0","ImportCorrelationObjectId":"0f926e21db7f429b82d18a2aa1a01a40","Label_MAGName":"01.b) [Trading Partner Name] - SAP IDOC ORDRSP.ORDERS05 -to- UN/EDIFACT D.96A ORDRSP","MAGGUID":"21112a6de9fe4c19a47f69a6280858d5","ImportCorrelationGroupId":"21112a6de9fe4c19a47f69a6280858d5","MAGLink":"","ObjectGUID":"0f926e21db7f429b82d18a2aa1a01a40","Id":"18be672c721d4f1f845f6436ec301fba","Label_MAGStatus":"Active"}},"RECEIVER_INTERCHANGE":{"Properties":{"Validation":"false","ImportCorrelationObjectId":"e818afed2a0448c3aa66008ee3af0055","TypeSystem":"UNEDIFACT","Label_MIGIdName":"01.b) [Trading Partner Name] - UN/EDIFACT D.96A ORDRSP - Target","ContactPersonId":"","NumberRangeAlias":"","ObjectGUID":"e818afed2a0448c3aa66008ee3af0055","HasEnvelope":"false","custom_properties":"[]","MIGGUID":"75c23f6b9881400ea7d14256196ae08c","Label_MIGStatus":"Active","FunctionalAck":"","ImportCorrelationGroupId":"75c23f6b9881400ea7d14256196ae08c","MIGLink":"","Id":"18be672c721d4f1f845f6436ec301fba","MessageType":"ORDRSP","TypeSystemVersion":"D.96A S3","MIGVersionId":"1.0","RACKRequired":""}},"RECEIVER_ADAPTER":{"Properties":{"CommunicationChannelTemplateId":"88ae6603360f4761a203354f716fb736","CommunicationChannelTemplateAlias":"B2B-Simulation.Receiver","Id":"18be672c721d4f1f845f6436ec301fba"}},"RECEIVER_SYSTEM":{"Properties":{"TypeSystem":"UNEDIFACT","SystemInstanceId":"4d79cc68ef0540dc9dd1dec9ea0c5160","IdAsReceiverAlias":"TP_UN-EDIFACT_ID","IdAsSender":"c66f21511f3844269f41c3803a6ff135","IdAsSenderAlias":"Company_UNEDIFACT_ID","SystemInstanceAlias":"[B2B Integration Factory]-System","Id":"18be672c721d4f1f845f6436ec301fba","IdAsReceiver":"ca9e956406604b519498353921414e84","TypeSystemVersion":"D.96A S3","RECEIVER_SYSTEM":"ca9e956406604b519498353921414e84"}}}}}]},{"Id":"ee65497b9e654709a9f9b7d9d1f33541","PatternReference":{"Id":"NOTIFICATION","Version":"1.0","Name":"One Way Notification"},"Sequence":2,"TransactionProperties":{"Properties":{"communicationPartnerId":"","Initiator":"myCompany","Label_ReactorName":"[Trading Partner Name]","CommunicationPartnerId":"","Reactor":"18be672c721d4f1f845f6436ec301fba","Name":"02.) Delivery Notification - Outbound","Label_InitiatorName":"[Company Name]"}},"BusinessTransactionActivities":[{"Id":"3e15037e9f054f97b366a1135a1dca5c","BusinessTransactionActivityReference":{"Id":"REQUEST-FLOW","Version":"1.0","Name":"Request Processing"},"Sequence":1,"BusinessTransactionActivityProperties":{"Properties":{}},"ActivityParameters":[],"ChoreographyProperties":{"Properties":{"SENDER_SYSTEM":{"Properties":{"TypeSystem":"SAP_IDoc","SystemInstanceId":"9e446f07ceb64f33bae5e11b66be71ac","IdAsSender":"02b003f2ccd24519b7bc27ac79e37de3","IdAsReceiverAlias":"TP_D.96A_IDOC_ID","IdAsSenderAlias":"Company_IDOC_ID","SystemInstanceAlias":"S/4 HANA System","Id":"myCompany","IdAsReceiver":"749b44f09b8849d0a11d0f38cb1723fd","TypeSystemVersion":"755","RECEIVER_SYSTEM":"749b44f09b8849d0a11d0f38cb1723fd"}},"SENDER_ADAPTER":{"Properties":{"CommunicationChannelTemplateId":"465a5f3f773047c19f8648d929b384a8","Id":"myCompany"}},"SENDER_INTERCHANGE":{"Properties":{"Validation":"false","ImportCorrelationObjectId":"189aa09e242f42babc4e35619552c088","TypeSystem":"SAP_IDoc","Label_MIGIdName":"02.) [Company Name] - SAP IDOC DESADV.DELVRY07 for Customer EDI - Source","ContactPersonId":"","ObjectGUID":"189aa09e242f42babc4e35619552c088","HasEnvelope":"false","MIGGUID":"e279c992eb374814ab47e6475a1613fd","Label_MIGStatus":"Active","CreateAcknowledgement":"","FunctionalAck":"","ImportCorrelationGroupId":"e279c992eb374814ab47e6475a1613fd","MIGLink":"","Id":"myCompany","MessageType":"DESADV.DELVRY07","TypeSystemVersion":"755","MIGVersionId":"2.0"}},"MAPPING":{"Properties":{"MAGVersionId":"1.0","ImportCorrelationObjectId":"cd25cc50bf874fdb9bc594b6d427dbab","Label_MAGName":"02.) [Trading Partner Name] - SAP IDOC DESADV.DELVRY07 -to- UN/EDIFACT D.96A DESADV","MAGGUID":"421c60b99b9b420db89d993efe0b07a4","ImportCorrelationGroupId":"421c60b99b9b420db89d993efe0b07a4","MAGLink":"","ObjectGUID":"cd25cc50bf874fdb9bc594b6d427dbab","Id":"18be672c721d4f1f845f6436ec301fba","Label_MAGStatus":"Active"}},"RECEIVER_INTERCHANGE":{"Properties":{"Validation":"true","ImportCorrelationObjectId":"a7c1cf77a138419f87d6f780f21712fd","TypeSystem":"UNEDIFACT","Label_MIGIdName":"02.) [Trading Partner Name] - UN/EDIFACT D.96A DESADV - Target","ContactPersonId":"","NumberRangeAlias":"","ObjectGUID":"a7c1cf77a138419f87d6f780f21712fd","HasEnvelope":"false","MIGGUID":"f7274a6576234611b59d28d5092347ac","Label_MIGStatus":"Active","FunctionalAck":"","ImportCorrelationGroupId":"f7274a6576234611b59d28d5092347ac","MIGLink":"","Id":"18be672c721d4f1f845f6436ec301fba","MessageType":"DESADV","TypeSystemVersion":"D.96A S3","MIGVersionId":"1.0","RACKRequired":""}},"RECEIVER_ADAPTER":{"Properties":{"CommunicationChannelTemplateId":"88ae6603360f4761a203354f716fb736","CommunicationChannelTemplateAlias":"B2B-Simulation.Receiver","Id":"18be672c721d4f1f845f6436ec301fba"}},"RECEIVER_SYSTEM":{"Properties":{"TypeSystem":"UNEDIFACT","SystemInstanceId":"4d79cc68ef0540dc9dd1dec9ea0c5160","IdAsReceiverAlias":"TP_UN-EDIFACT_ID","IdAsSender":"c66f21511f3844269f41c3803a6ff135","IdAsSenderAlias":"Company_UNEDIFACT_ID","SystemInstanceAlias":"[B2B Integration Factory]-System","Id":"18be672c721d4f1f845f6436ec301fba","IdAsReceiver":"ca9e956406604b519498353921414e84","TypeSystemVersion":"D.96A S3","RECEIVER_SYSTEM":"ca9e956406604b519498353921414e84"}}}}}]},{"Id":"9c6fb264bb6142f4aa470eb50c93295f","PatternReference":{"Id":"NOTIFICATION","Version":"1.0","Name":"One Way Notification"},"Sequence":3,"TransactionProperties":{"Properties":{"communicationPartnerId":"","Initiator":"myCompany","Label_ReactorName":"[Trading Partner Name]","CommunicationPartnerId":"","Reactor":"18be672c721d4f1f845f6436ec301fba","Name":"03.) Invoice - Outbound","Label_InitiatorName":"[Company Name]"}},"BusinessTransactionActivities":[{"Id":"a8573d8e827245ba8e093648cf4d87a4","BusinessTransactionActivityReference":{"Id":"REQUEST-FLOW","Version":"1.0","Name":"Request Processing"},"Sequence":1,"BusinessTransactionActivityProperties":{"Properties":{}},"ActivityParameters":[],"ChoreographyProperties":{"Properties":{"SENDER_SYSTEM":{"Properties":{"TypeSystem":"SAP_IDoc","SystemInstanceId":"9e446f07ceb64f33bae5e11b66be71ac","IdAsSender":"02b003f2ccd24519b7bc27ac79e37de3","IdAsReceiverAlias":"TP_D.96A_IDOC_ID","IdAsSenderAlias":"Company_IDOC_ID","SystemInstanceAlias":"S/4 HANA System","Id":"myCompany","IdAsReceiver":"749b44f09b8849d0a11d0f38cb1723fd","TypeSystemVersion":"755","RECEIVER_SYSTEM":"749b44f09b8849d0a11d0f38cb1723fd"}},"SENDER_ADAPTER":{"Properties":{"CommunicationChannelTemplateId":"465a5f3f773047c19f8648d929b384a8","Id":"myCompany"}},"SENDER_INTERCHANGE":{"Properties":{"Validation":"false","ImportCorrelationObjectId":"8d707f3591ab49cb8ca4232d4c229208","TypeSystem":"SAP_IDoc","Label_MIGIdName":"03.) [Company Name] - SAP IDOC INVOIC.INVOIC02 for Customer EDI - Source","ContactPersonId":"","ObjectGUID":"8d707f3591ab49cb8ca4232d4c229208","HasEnvelope":"false","custom_properties":"[]","MIGGUID":"5449ec81ca7543a19f95cd85651e8b65","Label_MIGStatus":"Active","CreateAcknowledgement":"","FunctionalAck":"","ImportCorrelationGroupId":"5449ec81ca7543a19f95cd85651e8b65","MIGLink":"","Id":"myCompany","MessageType":"INVOIC.INVOIC02","TypeSystemVersion":"755","MIGVersionId":"2.0"}},"MAPPING":{"Properties":{"MAGVersionId":"1.0","ImportCorrelationObjectId":"d118bd2f8cd04b5bbe2fc4d9116c31e5","Label_MAGName":"03.) [Trading Partner Name] - SAP IDOC INVOIC.INVOIC02 -to- UN/EDIFACT D.96A INVOIC","MAGGUID":"1cfbf48dbc49473d8d326c21b151bf5a","ImportCorrelationGroupId":"1cfbf48dbc49473d8d326c21b151bf5a","MAGLink":"","ObjectGUID":"d118bd2f8cd04b5bbe2fc4d9116c31e5","Id":"18be672c721d4f1f845f6436ec301fba","Label_MAGStatus":"Active"}},"RECEIVER_INTERCHANGE":{"Properties":{"Validation":"false","ImportCorrelationObjectId":"d98924a99dc84afea21f8aa22188c050","TypeSystem":"UNEDIFACT","Label_MIGIdName":"03.) [Trading Partner Name] - UN/EDIFACT D.96A INVOIC - Target","ContactPersonId":"","NumberRangeAlias":"","ObjectGUID":"d98924a99dc84afea21f8aa22188c050","HasEnvelope":"false","custom_properties":"[{\"source\":\"reverse\",\"idAttribute\":\"3ab13907f6ad4153a3a9143b8b202037\",\"type\":\"Xpath\",\"value\":\"//D_1004\",\"name\":\"Invoice Number\",\"order\":\"\"}]","MIGGUID":"2f23de2ab73f444ba28a49f234760e39","Label_MIGStatus":"Active","FunctionalAck":"","ImportCorrelationGroupId":"2f23de2ab73f444ba28a49f234760e39","MIGLink":"","Id":"18be672c721d4f1f845f6436ec301fba","MessageType":"INVOIC","TypeSystemVersion":"D.96A S3","MIGVersionId":"1.0","RACKRequired":""}},"RECEIVER_ADAPTER":{"Properties":{"CommunicationChannelTemplateId":"88ae6603360f4761a203354f716fb736","CommunicationChannelTemplateAlias":"B2B-Simulation.Receiver","Id":"18be672c721d4f1f845f6436ec301fba"}},"RECEIVER_SYSTEM":{"Properties":{"TypeSystem":"UNEDIFACT","SystemInstanceId":"4d79cc68ef0540dc9dd1dec9ea0c5160","IdAsReceiverAlias":"TP_UN-EDIFACT_ID","IdAsSender":"c66f21511f3844269f41c3803a6ff135","IdAsSenderAlias":"Company_UNEDIFACT_ID","SystemInstanceAlias":"[B2B Integration Factory]-System","Id":"18be672c721d4f1f845f6436ec301fba","IdAsReceiver":"ca9e956406604b519498353921414e84","TypeSystemVersion":"D.96A S3","RECEIVER_SYSTEM":"ca9e956406604b519498353921414e84"}}}}}]}],"DocumentSchemaVersion":"1.0","administrativeData":{"createdAt":1723047709842,"createdBy":"vishakha.deshmukh@sap.com","modifiedAt":1743706399283,"modifiedBy":"moussa.el.kakouchi@sap.com"},"ParentId":"d98f7bb8d4c848ea8a81eb44722f5bd9","ParentArtifactType":"TRADING_PARTNER_AGREEMENT_V2","searchableAttributes":{"CUSTOM_SEARCH_ATTRIBUTE":["3ab13907f6ad4153a3a9143b8b202037","335ed49f5cd046748980a3f20ef8fef2"],"TENANT":["e30aab0a-9c29-40d4-a156-5e6dc245c28f"]},"artifactProperties":{"TransactionsNumber":"3"},"relations":[],"ArtifactRelations":{},"artifactStatus":"Draft","id":"61da58408cc44967a6bc04c033ce7917","uniqueId":"61da58408cc44967a6bc04c033ce7917","artifactType":"B2B_SCENARIO","displayName":"B2B Scenario","semanticVersion":"2.0"}