{"ArtifactMetadata":{"SchemaVersion":"1.4","ArtifactType":"MagDetail"},"Identification":{"ObjectGuid":"17b42861469942edb9266480e83920c4","MAGGUID":"0b6cf3737e374c359749e89ddd0d9792","ImportCorrelationGroupId":"0b6cf3737e374c359749e89ddd0d9792","ImportCorrelationObjectId":"17b42861469942edb9266480e83920c4","MAGVersion":"1.0","Customer":"fd071028502f5e5e1104606396090e5a"},"SourceBusinessContext":[{"contextType":"Geopolitical","codeListId":"ISO_3166-1","contextValues":[{"key":"DE","name":"Germany"}]},{"contextType":"ProductClassification","codeListId":"UNSPSC_Public","contextValues":[{"key":"52160000","name":"Consumer electronics"}]},{"contextType":"IndustryClassification","codeListId":"Industry","contextValues":[{"key":"I_CP","name":"Consumer Products"}]}],"TargetBusinessContext":[{"contextType":"Geopolitical","codeListId":"ISO_3166-1","contextValues":[{"key":"DE","name":"Germany"}]},{"contextType":"ProductClassification","codeListId":"UNSPSC_Public","contextValues":[{"key":"52160000","name":"Consumer electronics"}]},{"contextType":"IndustryClassification","codeListId":"Industry","contextValues":[{"key":"I_CP","name":"Consumer Products"}]}],"Status":"Draft","SourceMig":{"ObjectGUID":"ca27a68794b5412bb69309e564432028","TypeSystemId":"Customer_TS"},"TargetMig":{"ObjectGUID":"b80145a126994dc5ac40e07e18c0f7b8","TypeSystemId":"SAP_IDoc"},"DomainMappingElementsWithTransformation":[{"DomainMappingElement":{"SourceDomainSet":[],"TargetDomainSet":[{"DomainGuid":"74e6ecf83e013847ac85688b0a37863a","AlternativeDomainGuid":"c463710a30413c9289bb203282e4e738","Position":1}],"Documentation":{"NumberOfNotes":0,"Notes":[]}},"Transformation":{"Function":{"FunctionGuid":"00000000000000000000000000000002","FunctionParameters":[{"PositionInParameterList":1,"Direction":"IN","Type":"STRING","Name":"value"},{"PositionInParameterList":2,"Direction":"OUT","Type":"NODE_LIST","Name":"nodes_out_1"}],"FunctionImplementations":[{"SourceCode":"\u003cxsl:value-of select\u003d\"$nodes_in/value\"/\u003e","FunctionImplementationLanguage":{"Name":"XSLT","Version":"2.0"}}],"isReference":false},"ParameterAssignments":[{"PositionInParameterList":1,"PositionInParameter":1,"Value":"CHG"},{"PositionInParameterList":2,"PositionInParameter":1,"PositionInDomainSet":1}]},"Confidential":false},{"DomainMappingElement":{"SourceDomainSet":[],"TargetDomainSet":[{"DomainGuid":"45c6291dc9bf3f41bf16d03b93d5c866","AlternativeDomainGuid":"45c6291dc9bf3f41bf16d03b93d5c866","Position":1}],"Documentation":{"NumberOfNotes":0,"Notes":[]}},"Transformation":{"Function":{"FunctionGuid":"00000000000000000000000000000002","FunctionParameters":[{"PositionInParameterList":1,"Direction":"IN","Type":"STRING","Name":"value"},{"PositionInParameterList":2,"Direction":"OUT","Type":"NODE_LIST","Name":"nodes_out_1"}],"FunctionImplementations":[{"SourceCode":"\u003cxsl:value-of select\u003d\"$nodes_in/value\"/\u003e","FunctionImplementationLanguage":{"Name":"XSLT","Version":"2.0"}}],"isReference":false},"ParameterAssignments":[{"PositionInParameterList":1,"PositionInParameter":1,"Value":"J"},{"PositionInParameterList":2,"PositionInParameter":1,"PositionInDomainSet":1}]},"Confidential":false},{"DomainMappingElement":{"SourceDomainSet":[{"DomainGuid":"2e26e8cd2f773938bbd2ac8e114c0eab","Position":1}],"TargetDomainSet":[{"DomainGuid":"596bd64cd99c3e0b964a22917f6560c7","Position":1}],"Documentation":{}},"Confidential":false},{"DomainMappingElement":{"SourceDomainSet":[],"TargetDomainSet":[{"DomainGuid":"df8480c8ee8932bba7e8f2c7e93ff772","Position":1}],"Documentation":{}},"Transformation":{"Function":{"FunctionGuid":"00000000000000000000000000000002","FunctionParameters":[{"PositionInParameterList":1,"Direction":"IN","Type":"STRING","Name":"value"},{"PositionInParameterList":2,"Direction":"OUT","Type":"NODE_LIST","Name":"nodes_out_1"}],"FunctionImplementations":[{"SourceCode":"\u003cxsl:value-of select\u003d\"$nodes_in/value\"/\u003e","FunctionImplementationLanguage":{"Name":"XSLT","Version":"2.0"}}],"isReference":false},"ParameterAssignments":[{"PositionInParameterList":1,"PositionInParameter":1,"Value":"EDI_DC40"},{"PositionInParameterList":2,"PositionInParameter":1,"PositionInDomainSet":1}]},"Confidential":false},{"DomainMappingElement":{"SourceDomainSet":[],"TargetDomainSet":[{"DomainGuid":"7b9e6fac1f153632b9be843fdadf79c5","Position":1}],"Documentation":{}},"Transformation":{"Function":{"FunctionGuid":"00000000000000000000000000000002","FunctionParameters":[{"PositionInParameterList":1,"Direction":"IN","Type":"STRING","Name":"value"},{"PositionInParameterList":2,"Direction":"OUT","Type":"NODE_LIST","Name":"nodes_out_1"}],"FunctionImplementations":[{"SourceCode":"\u003cxsl:value-of select\u003d\"$nodes_in/value\"/\u003e","FunctionImplementationLanguage":{"Name":"XSLT","Version":"2.0"}}],"isReference":false},"ParameterAssignments":[{"PositionInParameterList":1,"PositionInParameter":1,"Value":"2"},{"PositionInParameterList":2,"PositionInParameter":1,"PositionInDomainSet":1}]},"Confidential":false},{"DomainMappingElement":{"SourceDomainSet":[],"TargetDomainSet":[{"DomainGuid":"05b52092145139039ec5a99b4bb5bd44","Position":1}],"Documentation":{}},"Transformation":{"Function":{"FunctionGuid":"00000000000000000000000000000002","FunctionParameters":[{"PositionInParameterList":1,"Direction":"IN","Type":"STRING","Name":"value"},{"PositionInParameterList":2,"Direction":"OUT","Type":"NODE_LIST","Name":"nodes_out_1"}],"FunctionImplementations":[{"SourceCode":"\u003cxsl:value-of select\u003d\"$nodes_in/value\"/\u003e","FunctionImplementationLanguage":{"Name":"XSLT","Version":"2.0"}}],"isReference":false},"ParameterAssignments":[{"PositionInParameterList":1,"PositionInParameter":1,"Value":"DELVRY07"},{"PositionInParameterList":2,"PositionInParameter":1,"PositionInDomainSet":1}]},"Confidential":false},{"DomainMappingElement":{"SourceDomainSet":[],"TargetDomainSet":[{"DomainGuid":"20d5f571d0fb3494b55ba2453f2ba298","Position":1}],"Documentation":{}},"Transformation":{"Function":{"FunctionGuid":"00000000000000000000000000000002","FunctionParameters":[{"PositionInParameterList":1,"Direction":"IN","Type":"STRING","Name":"value"},{"PositionInParameterList":2,"Direction":"OUT","Type":"NODE_LIST","Name":"nodes_out_1"}],"FunctionImplementations":[{"SourceCode":"\u003cxsl:value-of select\u003d\"$nodes_in/value\"/\u003e","FunctionImplementationLanguage":{"Name":"XSLT","Version":"2.0"}}],"isReference":false},"ParameterAssignments":[{"PositionInParameterList":1,"PositionInParameter":1,"Value":"WHSCON"},{"PositionInParameterList":2,"PositionInParameter":1,"PositionInDomainSet":1}]},"Confidential":false},{"DomainMappingElement":{"SourceDomainSet":[{"DomainGuid":"9be50caf23413ac5b17942eff05a2ec7","Position":1}],"TargetDomainSet":[{"DomainGuid":"cf21900a3915315eb415c58a2f26f6f8","Position":1}],"Documentation":{}},"Confidential":false},{"DomainMappingElement":{"SourceDomainSet":[],"TargetDomainSet":[{"DomainGuid":"5fd65da57c2834fa8f4bd3a1088a75d2","AlternativeDomainGuid":"c223b84a682439a39e69c6f451090948","Position":1}],"Documentation":{}},"Transformation":{"Function":{"FunctionGuid":"00000000000000000000000000000002","FunctionParameters":[{"PositionInParameterList":1,"Direction":"IN","Type":"STRING","Name":"value"},{"PositionInParameterList":2,"Direction":"OUT","Type":"NODE_LIST","Name":"nodes_out_1"}],"FunctionImplementations":[{"SourceCode":"\u003cxsl:value-of select\u003d\"$nodes_in/value\"/\u003e","FunctionImplementationLanguage":{"Name":"XSLT","Version":"2.0"}}],"isReference":false},"ParameterAssignments":[{"PositionInParameterList":1,"PositionInParameter":1,"Value":"900"},{"PositionInParameterList":2,"PositionInParameter":1,"PositionInDomainSet":1}]},"Confidential":false},{"DomainMappingElement":{"SourceDomainSet":[{"DomainGuid":"9be50caf23413ac5b17942eff05a2ec7","Position":1}],"TargetDomainSet":[{"DomainGuid":"83610d17bc6d3ddc9978386ead5c6973","AlternativeDomainGuid":"c55eb79fbd323095a58de69ef174e9cf","Position":1}],"Documentation":{}},"Confidential":false},{"DomainMappingElement":{"SourceDomainSet":[{"DomainGuid":"9723a5b23f8d3b148cff0b739075a08c","Position":1}],"TargetDomainSet":[{"DomainGuid":"fec600a708793aa890846bfe83463306","Position":1}],"Documentation":{}},"Confidential":false},{"DomainMappingElement":{"SourceDomainSet":[{"DomainGuid":"1a34bac75ed0328f9764870964aa9602","AlternativeDomainGuid":"d67d7fbbc6c035d58ce09964ec3256ac","Position":1}],"TargetDomainSet":[{"DomainGuid":"69efa4adf44132469cddb129ba793183","AlternativeDomainGuid":"f847a28caf4c3eeea1d3710e1e6595da","Position":1}],"Documentation":{}},"Transformation":{"Function":{"FunctionGuid":"10010000000000000000000000000001","FunctionParameters":[{"PositionInParameterList":1,"Direction":"IN","Type":"NODE_LIST","Name":"source_date_time_value"},{"PositionInParameterList":2,"Direction":"IN","Type":"NODE_LIST","Name":"source_date_time_format"},{"PositionInParameterList":3,"Direction":"IN","Type":"STRING","Name":"target_date_time_format"},{"PositionInParameterList":4,"Direction":"OUT","Type":"NODE_LIST","Name":"target_date_time_value"}],"FunctionImplementations":[{"SourceCode":"\u003cxsl:sequence select\u003d\"ica_fn:transform-dateTime($nodes_in/nodes_in_1,$nodes_in/source_date_time_format,$nodes_in/target_date_time_format)\"/\u003e","FunctionImplementationLanguage":{"Name":"XSLT","Version":"2.0"}}],"isReference":false},"ParameterAssignments":[{"PositionInParameterList":1,"PositionInParameter":1,"PositionInDomainSet":1},{"PositionInParameterList":2,"PositionInParameter":1,"Value":"CCYY\u0027-\u0027MM\u0027-\u0027DD[Z|(+|-)hh\u0027:\u0027mm]"},{"PositionInParameterList":3,"PositionInParameter":1,"Value":"CCYYMMDD"},{"PositionInParameterList":4,"PositionInParameter":1,"PositionInDomainSet":1}]},"Confidential":false},{"DomainMappingElement":{"SourceDomainSet":[{"DomainGuid":"cfe61c2e34cf3dccb3ba6745131a6df7","AlternativeDomainGuid":"7d9a43ff47a434ceb6d16cb26238c345","Position":1}],"TargetDomainSet":[{"DomainGuid":"6f1c30e7898f339899194ff543407aea","AlternativeDomainGuid":"89e9cbe21d20329e8217780556d47e1a","Position":1}],"Documentation":{}},"Transformation":{"Function":{"FunctionGuid":"10010000000000000000000000000001","FunctionParameters":[{"PositionInParameterList":1,"Direction":"IN","Type":"NODE_LIST","Name":"source_date_time_value"},{"PositionInParameterList":2,"Direction":"IN","Type":"NODE_LIST","Name":"source_date_time_format"},{"PositionInParameterList":3,"Direction":"IN","Type":"STRING","Name":"target_date_time_format"},{"PositionInParameterList":4,"Direction":"OUT","Type":"NODE_LIST","Name":"target_date_time_value"}],"FunctionImplementations":[{"SourceCode":"\u003cxsl:sequence select\u003d\"ica_fn:transform-dateTime($nodes_in/nodes_in_1,$nodes_in/source_date_time_format,$nodes_in/target_date_time_format)\"/\u003e","FunctionImplementationLanguage":{"Name":"XSLT","Version":"2.0"}}],"isReference":false},"ParameterAssignments":[{"PositionInParameterList":1,"PositionInParameter":1,"PositionInDomainSet":1},{"PositionInParameterList":2,"PositionInParameter":1,"Value":"hh\u0027:\u0027mm\u0027:\u0027ss[\u0027.\u0027ff*][Z|(+|-)hh\u0027:\u0027mm]"},{"PositionInParameterList":3,"PositionInParameter":1,"Value":"hhmmss"},{"PositionInParameterList":4,"PositionInParameter":1,"PositionInDomainSet":1}]},"Confidential":false},{"DomainMappingElement":{"SourceDomainSet":[{"DomainGuid":"e790cbc8aabe31839351ce7d82afc5aa","AlternativeDomainGuid":"e6e62a3888b23354a33b96f7b0105b1d","Position":1}],"TargetDomainSet":[{"DomainGuid":"35d6178915843abd9ef8338a27a3fca7","AlternativeDomainGuid":"f97475ddeb2332c3b907c6504154211a","Position":1}],"Documentation":{}},"Confidential":false},{"DomainMappingElement":{"SourceDomainSet":[{"DomainGuid":"bb39d40978443fe7be8f97d1ba90135d","AlternativeDomainGuid":"01956e68f8af3cb390dd6524491df1d6","Position":1}],"TargetDomainSet":[{"DomainGuid":"7d475c6f0b8a373681e368172a9a2252","AlternativeDomainGuid":"ac80f9e08a6d3215831e5cf3fd71581c","Position":1}],"Documentation":{}},"Confidential":false},{"DomainMappingElement":{"SourceDomainSet":[],"TargetDomainSet":[{"DomainGuid":"b3c3591661b53eada9a9fefde406d3b8","Position":1}],"Documentation":{}},"Transformation":{"Function":{"FunctionGuid":"00000000000000000000000000000002","FunctionParameters":[{"PositionInParameterList":1,"Direction":"IN","Type":"STRING","Name":"value"},{"PositionInParameterList":2,"Direction":"OUT","Type":"NODE_LIST","Name":"nodes_out_1"}],"FunctionImplementations":[{"SourceCode":"\u003cxsl:value-of select\u003d\"$nodes_in/value\"/\u003e","FunctionImplementationLanguage":{"Name":"XSLT","Version":"2.0"}}],"isReference":false},"ParameterAssignments":[{"PositionInParameterList":1,"PositionInParameter":1,"Value":"ONECPI"},{"PositionInParameterList":2,"PositionInParameter":1,"PositionInDomainSet":1}]},"Confidential":false},{"DomainMappingElement":{"SourceDomainSet":[],"TargetDomainSet":[{"DomainGuid":"55ff5fe3f3623137827fd912700e0e5c","Position":1}],"Documentation":{}},"Transformation":{"Function":{"FunctionGuid":"00000000000000000000000000000002","FunctionParameters":[{"PositionInParameterList":1,"Direction":"IN","Type":"STRING","Name":"value"},{"PositionInParameterList":2,"Direction":"OUT","Type":"NODE_LIST","Name":"nodes_out_1"}],"FunctionImplementations":[{"SourceCode":"\u003cxsl:value-of select\u003d\"$nodes_in/value\"/\u003e","FunctionImplementationLanguage":{"Name":"XSLT","Version":"2.0"}}],"isReference":false},"ParameterAssignments":[{"PositionInParameterList":1,"PositionInParameter":1,"Value":"LS"},{"PositionInParameterList":2,"PositionInParameter":1,"PositionInDomainSet":1}]},"Confidential":false},{"DomainMappingElement":{"SourceDomainSet":[],"TargetDomainSet":[{"DomainGuid":"28fc5c38fd7c3d59b18d572ea5038321","Position":1}],"Documentation":{}},"Transformation":{"Function":{"FunctionGuid":"00000000000000000000000000000002","FunctionParameters":[{"PositionInParameterList":1,"Direction":"IN","Type":"STRING","Name":"value"},{"PositionInParameterList":2,"Direction":"OUT","Type":"NODE_LIST","Name":"nodes_out_1"}],"FunctionImplementations":[{"SourceCode":"\u003cxsl:value-of select\u003d\"$nodes_in/value\"/\u003e","FunctionImplementationLanguage":{"Name":"XSLT","Version":"2.0"}}],"isReference":false},"ParameterAssignments":[{"PositionInParameterList":1,"PositionInParameter":1,"Value":"LS"},{"PositionInParameterList":2,"PositionInParameter":1,"PositionInDomainSet":1}]},"Confidential":false},{"DomainMappingElement":{"SourceDomainSet":[{"DomainGuid":"bc5fb41e2b1631ea84058ffce67d06ca","Position":1}],"TargetDomainSet":[{"DomainGuid":"a6992c1e266932dd8aa87a81cc238f50","Position":1}],"Documentation":{}},"Transformation":{"Function":{"FunctionGuid":"00000000000000000000000000000001","FunctionParameters":[{"PositionInParameterList":1,"Direction":"IN","Type":"NODE_LIST","Name":"InstanceIdentifier"},{"PositionInParameterList":2,"Direction":"OUT","Type":"NODE_LIST","Name":"nodes_out_1"}],"FunctionImplementations":[{"SourceCode":"\u003cxsl:sequence select\u003d\"$nodes_in/*\"/\u003e","FunctionImplementationLanguage":{"Name":"XSLT","Version":"2.0"}}],"isReference":false},"ParameterAssignments":[{"PositionInParameterList":1,"PositionInParameter":1,"PositionInDomainSet":1},{"PositionInParameterList":2,"PositionInParameter":1,"PositionInDomainSet":1}]},"Confidential":false},{"DomainMappingElement":{"SourceDomainSet":[{"DomainGuid":"a690c4e936e0351c92d9bb1418c9d256","AlternativeDomainGuid":"277bd14b09d945ccb8f8e1aad50531ec","Position":1}],"TargetDomainSet":[{"DomainGuid":"8767317a86d93ea089b35f7a072905da","AlternativeDomainGuid":"e6cce3814e364d538fc94de00a0e505e","Position":1}],"Documentation":{}},"Confidential":false},{"DomainMappingElement":{"SourceDomainSet":[],"TargetDomainSet":[{"DomainGuid":"f55a13d35de93569a33b1c406981199d","AlternativeDomainGuid":"fa41262520a648949313fd59e46b94fa","Position":1}],"Documentation":{}},"Transformation":{"Function":{"FunctionGuid":"00000000000000000000000000000002","FunctionParameters":[{"PositionInParameterList":1,"Direction":"IN","Type":"STRING","Name":"value"},{"PositionInParameterList":2,"Direction":"OUT","Type":"NODE_LIST","Name":"nodes_out_1"}],"FunctionImplementations":[{"SourceCode":"\u003cxsl:value-of select\u003d\"$nodes_in/value\"/\u003e","FunctionImplementationLanguage":{"Name":"XSLT","Version":"2.0"}}],"isReference":false},"ParameterAssignments":[{"PositionInParameterList":1,"PositionInParameter":1,"Value":"901"},{"PositionInParameterList":2,"PositionInParameter":1,"PositionInDomainSet":1}]},"Confidential":false},{"DomainMappingElement":{"SourceDomainSet":[{"DomainGuid":"49a6f5bc00a635efbc48ae707c531d40","AlternativeDomainGuid":"56ca24c93f4d4d248bfa3e38670ebfb8","Position":1}],"TargetDomainSet":[{"DomainGuid":"11bf329242883ccbb246c3fc4a6f6d73","AlternativeDomainGuid":"fb089334b03f4c4b92ebd23c2e6996a9","Position":1}],"Documentation":{}},"Transformation":{"Function":{"FunctionGuid":"10010000000000000000000000000001","FunctionParameters":[{"PositionInParameterList":1,"Direction":"IN","Type":"NODE_LIST","Name":"source_date_time_value"},{"PositionInParameterList":2,"Direction":"IN","Type":"NODE_LIST","Name":"source_date_time_format"},{"PositionInParameterList":3,"Direction":"IN","Type":"STRING","Name":"target_date_time_format"},{"PositionInParameterList":4,"Direction":"OUT","Type":"NODE_LIST","Name":"target_date_time_value"}],"FunctionImplementations":[{"SourceCode":"\u003cxsl:sequence select\u003d\"ica_fn:transform-dateTime($nodes_in/nodes_in_1,$nodes_in/source_date_time_format,$nodes_in/target_date_time_format)\"/\u003e","FunctionImplementationLanguage":{"Name":"XSLT","Version":"2.0"}}],"isReference":false},"ParameterAssignments":[{"PositionInParameterList":1,"PositionInParameter":1,"PositionInDomainSet":1},{"PositionInParameterList":2,"PositionInParameter":1,"Value":"CCYY\u0027-\u0027MM\u0027-\u0027DD[Z|(+|-)hh\u0027:\u0027mm]"},{"PositionInParameterList":3,"PositionInParameter":1,"Value":"CCYYMMDD"},{"PositionInParameterList":4,"PositionInParameter":1,"PositionInDomainSet":1}]},"Confidential":false},{"DomainMappingElement":{"SourceDomainSet":[{"DomainGuid":"eb8ea4306b7b3ca694b8daac69aa1681","AlternativeDomainGuid":"007b4266fa53475483ad609e7d59371e","Position":1}],"TargetDomainSet":[{"DomainGuid":"fccae54fd9c131ea95abf00285a46120","AlternativeDomainGuid":"ce1ed1373d8b4612a4e9ef88e5f53232","Position":1}],"Documentation":{}},"Transformation":{"Function":{"FunctionGuid":"10010000000000000000000000000001","FunctionParameters":[{"PositionInParameterList":1,"Direction":"IN","Type":"NODE_LIST","Name":"source_date_time_value"},{"PositionInParameterList":2,"Direction":"IN","Type":"NODE_LIST","Name":"source_date_time_format"},{"PositionInParameterList":3,"Direction":"IN","Type":"STRING","Name":"target_date_time_format"},{"PositionInParameterList":4,"Direction":"OUT","Type":"NODE_LIST","Name":"target_date_time_value"}],"FunctionImplementations":[{"SourceCode":"\u003cxsl:sequence select\u003d\"ica_fn:transform-dateTime($nodes_in/nodes_in_1,$nodes_in/source_date_time_format,$nodes_in/target_date_time_format)\"/\u003e","FunctionImplementationLanguage":{"Name":"XSLT","Version":"2.0"}}],"isReference":false},"ParameterAssignments":[{"PositionInParameterList":1,"PositionInParameter":1,"PositionInDomainSet":1},{"PositionInParameterList":2,"PositionInParameter":1,"Value":"hh\u0027:\u0027mm\u0027:\u0027ss[\u0027.\u0027ff*][Z|(+|-)hh\u0027:\u0027mm]"},{"PositionInParameterList":3,"PositionInParameter":1,"Value":"hhmmss"},{"PositionInParameterList":4,"PositionInParameter":1,"PositionInDomainSet":1}]},"Confidential":false}],"TargetNodeDuplicationRules":[],"TargetNodeStatus":{},"SharedFunctions":[],"SharedVariables":[],"AdministrativeData":{"CreatedBy":"vishakha.deshmukh@sap.com","CreatedOn":1731083903337,"ModifiedBy":"vishakha.deshmukh@sap.com","ModifiedOn":1739806882849},"Documentation":{"Name":{"ArtifactValue":{"Id":"4003130935fe31fca2795d2d227204bd","action":"NONE"}},"Definition":{"ArtifactValue":{"Id":"6666cd76f96936469e7be39d750cc7d9","action":"NONE"}},"Summary":{"ArtifactValue":{"Id":"0627d465867035b585cfc59b8e1caaae","action":"NONE"}},"NumberOfNotes":0,"Notes":[]},"DocumentationArtifacts":{"UID-f9403fd0-2cfe-4e14-b214-93eddbb7d8b9":"UID-e940ca3b-9c67-483a-adeb-80a0c5451c80","UID-00a64516-9714-4d20-a95d-4774e45947ad":"UID-5deab7ac-28b2-4a92-8ac1-f12a4aff6502","3c886828c0af34008103bf8f007d1f3c":"UID-7428ee92-9ec5-40a8-a47b-9e5338764bad","b82c7796fb5135149b197abe939c0f29":"[SAP] DA-MASTER - Warehousing Outbound Notification GS1XML to WHSCON.DELVRY07 IDoc-Copy","UID-353fce7d-a956-4e06-9e2b-9871d41f0bba":"UID-e290ea4f-6956-4152-ac9a-da18981e6320","f38034f6b63d3c83b4ec6fa265458a63":"Mapping [SAP] DA-MASTER - Warehousing Outbound Notification GS1XML Source for WHSCON.DELVRY07 IDoc to [SAP] DA-MASTER - WHSCON.DELVRY07 IDoc Target for Warehousing Outbound Notification GS1XML","UID-dbe042f5-86bd-44f3-bf2d-c21f5b7a7886":"UID-5deab7ac-28b2-4a92-8ac1-f12a4aff6502","9688788ee9213f75baaf8373167d3195":"UID-9c34f225-50ef-4b71-b4d2-1746603452ac","UID-0fc5d967-b18a-4043-ad54-62cb4b95568a":"UID-e7b66e59-526d-41b2-b69c-d4104a0d1e9e","UID-c408bf82-ec01-4a83-a238-ea5c730e3001":"UID-d67a9591-889f-487d-9276-f2d7d0734b7d","UID-5deab7ac-28b2-4a92-8ac1-f12a4aff6502":"UID-353fce7d-a956-4e06-9e2b-9871d41f0bba","3e72f133f4363e8aa623fa9ed77ab454":"UID-e940ca3b-9c67-483a-adeb-80a0c5451c80","217d885e6bee3f9f8ca939aa0769495f":"UID-c1b4fa17-9b1a-45c5-99cb-95bcc8d426bc","b5038f3e596732f28291eebad47ff7d9":"UID-1c23cd8e-879f-477a-b338-3c0863af9beb","UID-0b6c905a-07fc-410a-af66-7912ce37938a":"UID-9c34f225-50ef-4b71-b4d2-1746603452ac","UID-d6bf1c60-9947-42b8-a527-b8f0eff3aa0b":"UID-00a64516-9714-4d20-a95d-4774e45947ad","6a6d9aedf7e63f7db95900cfcfb28a00":"UID-e7b66e59-526d-41b2-b69c-d4104a0d1e9e","UID-0799c6d5-baf5-4c9f-b403-9d952436cc88":"UID-00a64516-9714-4d20-a95d-4774e45947ad","UID-4b65e584-dcc6-43ff-a039-49d7800f6688":"UID-7428ee92-9ec5-40a8-a47b-9e5338764bad","UID-de7f0afc-6ab1-402e-ad3e-a2911a4cd170":"UID-e290ea4f-6956-4152-ac9a-da18981e6320","45bb07b3bd8e34b49b30836b92600c95":"UID-e7f96d06-f523-42b6-9b6e-63e0a41e861d","UID-aa726fe6-28d5-435d-895f-70f62e86158b":"UID-00a64516-9714-4d20-a95d-4774e45947ad","c281d3526c9b347687a92afbc8f4ebe3":"UID-df61ca3a-7fe8-446e-a7a7-ca33afbc2c33","UID-a4ae28f9-2489-404f-b45d-a984a7c58d56":"UID-e5eeb7f2-46fc-4dbc-90ca-2756dd4b3383","UID-4e9ebc63-dccb-4591-8833-ec431b4a1714":"","UID-832f2686-ef38-4f29-b94a-7765d9e37110":"UID-c408bf82-ec01-4a83-a238-ea5c730e3001","UID-812565e3-6d04-4dbe-a051-233c06d7f83d":"UID-e290ea4f-6956-4152-ac9a-da18981e6320","aa49fe814ebb3b0781072ddde8c60db6":"UID-13b13f17-a2aa-4b6a-b977-4f389ce7971d","UID-01efdf5e-e5d8-4672-9575-81781f99e9d8":"UID-e290ea4f-6956-4152-ac9a-da18981e6320","UID-4a0cd567-ca92-4854-995e-7cffe361ae48":"","UID-16759f31-e41c-425b-8c0b-73b55630ce97":"UID-00a64516-9714-4d20-a95d-4774e45947ad","UID-e4a3cf94-37bf-42b5-9476-9ef74d26d2df":"UID-387ca44e-e3c9-42aa-98dd-7e743ef664e7","UID-336c22fb-605a-42e2-871d-a580940a5701":"UID-a4ae28f9-2489-404f-b45d-a984a7c58d56","UID-3ed8cbfe-ee31-4f74-802b-d77571041776":"UID-00a64516-9714-4d20-a95d-4774e45947ad","UID-d67a9591-889f-487d-9276-f2d7d0734b7d":"UID-9c34f225-50ef-4b71-b4d2-1746603452ac","8b90e8aa1be83a7eb0c46e2864bf4530":"3PL IWD - 08.) #DEFAULT# - GS1 XML warehousingOutboundNotificationMessage -to- SAP IDoc WHSCON.DELVRY07-Copy","UID-e0b7b3a4-8f72-4146-8140-0c4307ddca6f":"UID-00a64516-9714-4d20-a95d-4774e45947ad","9e2d1719ed653e7289403910570df210":"UID-f9403fd0-2cfe-4e14-b214-93eddbb7d8b9","0627d465867035b585cfc59b8e1caaae":"UID-c408bf82-ec01-4a83-a238-ea5c730e3001","4bd69445d353326e84bf14fffe5ed17c":"UID-74b3c72d-59fb-4617-8c32-86f15eb245f3","UID-74b3c72d-59fb-4617-8c32-86f15eb245f3":"UID-a4ae28f9-2489-404f-b45d-a984a7c58d56","1935e9a614f738c79f93177d3eb8f88b":"UID-e290ea4f-6956-4152-ac9a-da18981e6320","UID-88349e2c-c7e7-4847-9f52-fc48debe28b2":"UID-e290ea4f-6956-4152-ac9a-da18981e6320","6666cd76f96936469e7be39d750cc7d9":"","e8d0bef5da013bbd83a308e4e640ce7a":"UID-ccd71526-1204-464d-a460-36c30f58cf24","UID-4c15a0dc-52a4-4b97-a22c-ca820abf2d06":"","UID-9c34f225-50ef-4b71-b4d2-1746603452ac":"UID-1c23cd8e-879f-477a-b338-3c0863af9beb","e6229583fb40350a84bd05b0498d5c91":"UID-4b65e584-dcc6-43ff-a039-49d7800f6688","UID-7428ee92-9ec5-40a8-a47b-9e5338764bad":"UID-dcbfb329-e8c5-4494-8826-8058bee3f45b","03c9ce263ebc36a39a742bdda9b5220f":"UID-dcbfb329-e8c5-4494-8826-8058bee3f45b","UID-f03eed6b-6a98-4f9e-a353-bcaff47cb392":"UID-c408bf82-ec01-4a83-a238-ea5c730e3001","UID-695fd7ee-c6e8-452e-990e-899f2e714dbf":"","bcc644258b803052adb33b1398a9598e":"UID-00a64516-9714-4d20-a95d-4774e45947ad","0389fe1dd9713c9db623cf0fd48faf3d":"3PL IWD - 08.) DEFAULT - GS1 XML warehousingOutboundNotificationMessage -to- SAP IDoc WHSCON.DELVRY07","UID-df61ca3a-7fe8-446e-a7a7-ca33afbc2c33":"UID-c1b4fa17-9b1a-45c5-99cb-95bcc8d426bc","UID-c1b4fa17-9b1a-45c5-99cb-95bcc8d426bc":"UID-7516aed3-c4cd-47bf-ab82-ce37bae51dc6","UID-86da8a46-9a32-4560-ace4-0c034bf7bec4":"UID-00a64516-9714-4d20-a95d-4774e45947ad","4003130935fe31fca2795d2d227204bd":"3PL IWD - 08.) #DEFAULT# - GS1 XML warehousingOutboundNotificationMessage -to- SAP IDoc WHSCON.DELVRY07","UID-e7b66e59-526d-41b2-b69c-d4104a0d1e9e":"UID-e7f96d06-f523-42b6-9b6e-63e0a41e861d","UID-e940ca3b-9c67-483a-adeb-80a0c5451c80":"UID-4b65e584-dcc6-43ff-a039-49d7800f6688","UID-cd217787-3184-42c2-ad61-74530e49c08b":"UID-e290ea4f-6956-4152-ac9a-da18981e6320","e2264202371a3fccb056fff39cf78bd2":"UID-7516aed3-c4cd-47bf-ab82-ce37bae51dc6","ccd6cac4fb51399e992c635a9314c147":"UID-4a0cd567-ca92-4854-995e-7cffe361ae48","UID-1cf91b13-f98e-4755-a53c-79d53fc2cfc9":"UID-74b3c72d-59fb-4617-8c32-86f15eb245f3","c94b954c9f3b38d7aa01763e1604a711":"UID-5deab7ac-28b2-4a92-8ac1-f12a4aff6502","57cb634ebfb83ce8b5974710f9222c28":"UID-0fc5d967-b18a-4043-ad54-62cb4b95568a","UID-387ca44e-e3c9-42aa-98dd-7e743ef664e7":"UID-1cf91b13-f98e-4755-a53c-79d53fc2cfc9","UID-7516aed3-c4cd-47bf-ab82-ce37bae51dc6":"UID-00a64516-9714-4d20-a95d-4774e45947ad","UID-e290ea4f-6956-4152-ac9a-da18981e6320":"UID-387ca44e-e3c9-42aa-98dd-7e743ef664e7","UID-f0e95c7e-9364-4a31-af5c-dee71d8ac920":"UID-00a64516-9714-4d20-a95d-4774e45947ad","UID-1c23cd8e-879f-477a-b338-3c0863af9beb":"UID-13b13f17-a2aa-4b6a-b977-4f389ce7971d","3b9cf0b7917c350a9c107e1c23281fc7":"08.) #DEFAULT# - GS1 XML warehousingOutboundNotificationMessage -to- SAP IDoc WHSCON.DELVRY07","UID-335c1110-2fb6-4e9e-91a7-960102837752":"UID-c408bf82-ec01-4a83-a238-ea5c730e3001","UID-bb670f12-9c91-4101-abf1-89bfd050d13d":"","UID-13b13f17-a2aa-4b6a-b977-4f389ce7971d":"UID-df61ca3a-7fe8-446e-a7a7-ca33afbc2c33","758633ca935e35fea94d73142c4f4534":"UID-e5eeb7f2-46fc-4dbc-90ca-2756dd4b3383","UID-e5eeb7f2-46fc-4dbc-90ca-2756dd4b3383":"UID-0fc5d967-b18a-4043-ad54-62cb4b95568a","UID-ee229388-2c0f-4d75-a865-41bf942b4e03":"UID-00a64516-9714-4d20-a95d-4774e45947ad","UID-615d706e-9bf7-4616-bc9d-e1b9f6a9598a":"UID-00a64516-9714-4d20-a95d-4774e45947ad","66a97dd4d7be3573814fab5931f68fc1":"UID-d67a9591-889f-487d-9276-f2d7d0734b7d","UID-5fd93722-0d56-409d-b790-7a215a3ddb23":"UID-c408bf82-ec01-4a83-a238-ea5c730e3001","UID-e7f96d06-f523-42b6-9b6e-63e0a41e861d":"UID-ccd71526-1204-464d-a460-36c30f58cf24","56bec5a90fe637e6bf3a726edf2d26d6":"UID-387ca44e-e3c9-42aa-98dd-7e743ef664e7","UID-e5b35ad6-fc7c-4ba0-b469-cdf847f56c3b":"MASTER OutboundDeliveryStatusUpdate GS1XML to WHSCON DELVRY07 IDOC","UID-0f53042d-e3a7-423c-8917-c000e2f23285":"UID-e290ea4f-6956-4152-ac9a-da18981e6320","790c4ae482a238058a3975d50d1312f0":"UID-a4ae28f9-2489-404f-b45d-a984a7c58d56","UID-ccd71526-1204-464d-a460-36c30f58cf24":"UID-f9403fd0-2cfe-4e14-b214-93eddbb7d8b9","e8aeeabaede637a2a09d799f6cb389fc":"MASTER OutboundDeliveryStatusUpdate GS1XML to WHSCON DELVRY07 IDOC-Copy","UID-dcbfb329-e8c5-4494-8826-8058bee3f45b":"UID-4a0cd567-ca92-4854-995e-7cffe361ae48","UID-f7978ab2-76a3-4b3d-af92-85967b6f1bd2":"UID-00a64516-9714-4d20-a95d-4774e45947ad"}}