{"IsGroupIdentifier":false,"AssociatedIdentifiers":{"Properties":{}},"Alias":"TP_UN-EDIFACT_ID","TypeSystemId":"UNEDIFACT","IdentifierId":"TP_UNEDIFACT_ID","SchemeName":"Mutually defined","SchemeCode":"ZZ","DocumentSchemaVersion":"1.0","administrativeData":{"createdAt":1717505116636,"createdBy":"tamaki.ogura@sap.com","modifiedAt":1727074667493,"modifiedBy":"tamaki.ogura@sap.com"},"ParentId":"18be672c721d4f1f845f6436ec301fba","ParentArtifactType":"TRADING_PARTNER","searchableAttributes":{"Alias":["TP_UN-EDIFACT_ID"],"TENANT":["e30aab0a-9c29-40d4-a156-5e6dc245c28f"]},"artifactProperties":{},"relations":[],"ArtifactRelations":{},"artifactStatus":"Draft","id":"ca9e956406604b519498353921414e84","uniqueId":"ca9e956406604b519498353921414e84","artifactType":"IDENTIFIER","displayName":"TP_UNEDIFACT_ID","semanticVersion":"1.0"}