{"Alias":"B2B-Simulation.Sender","Name":"B2B-Simulation.Sender","Description":"B2B-Simulation.Sender","Direction":"Sender","AdapterType":"Process_Direct","SecurityConfigurationMode":"","as2PartnerId":"","ConfigurationProperties":{"allAttributes":{},"allTableAttributes":{}},"CommunicationLifeCycleStatus":{"Activated":false,"UpdateStatus":"NONE","ActivatedAt":0},"DocumentSchemaVersion":"1.0","administrativeData":{"createdAt":1721311452181,"createdBy":"jingwen.li01@sap.com","modifiedAt":1721918032015,"modifiedBy":"vishakha.deshmukh@sap.com"},"ParentId":"4d79cc68ef0540dc9dd1dec9ea0c5160","ParentArtifactType":"SYSTEM_INSTANCE","searchableAttributes":{"Alias":["B2B-Simulation.Sender"],"TENANT":["e30aab0a-9c29-40d4-a156-5e6dc245c28f"]},"artifactProperties":{},"relations":[],"ArtifactRelations":{},"artifactStatus":"Draft","id":"e5e5781b2cb244639801cb9f0ec585ad","uniqueId":"e5e5781b2cb244639801cb9f0ec585ad","artifactType":"COMMUNICATION_CHANNEL_TEMPLATE","displayName":"B2B-Simulation.Sender","semanticVersion":"1.0"}