{"ArtifactMetadata":{"SchemaVersion":"1.1","ArtifactType":"Codelist"},"Identification":{"CodelistGUID":"76b26b67e268443d9994e2b4b191be03","ImportCorrelationGroupId":"76b26b67e268443d9994e2b4b191be03","ImportCorrelationObjectId":"e1d7a06a602a421c895baf91a5770f32","Category":"Codelist","Id":"B2BIFACTORY_PartyType_IDOC","TypeSystemId":"Customer_TS_CL","TypeSystemAcronym":"Custom Codelists","VersionId":"1.0","IsLatestVersion":false,"ObjectGUID":"e1d7a06a602a421c895baf91a5770f32","Customer":"fd071028502f5e5e1104606396090e5a","Tenant":"9748cb43605aee3f9f6296bf59758314","IsCustomObject":true},"Status":"Deprecated","VertexGUID":"dc02149164aa33a78c8e6cbe9d487252","AdministrativeData":{"CreatedBy":"jan.feyen@sap.com","CreatedOn":1732703498247,"ModifiedBy":"noah.rauch@sap.com","ModifiedOn":1742481977556},"Documentation":{"Name":{"ArtifactValue":{"VertexGUID":"f8137312088e374cacab4e4f0c0e8645","Id":"4c14e87e30cd35f7b169e049f6a94b64","LanguageCode":"en-us","action":"CREATED"}},"Definition":{"ArtifactValue":{"VertexGUID":"27e88f81e6c537a38464a5f7cb264859","Id":"6666cd76f96936469e7be39d750cc7d9","LanguageCode":"en-us","action":"CREATED"}},"NumberOfNotes":0,"Notes":[]},"Properties":{"ExternalCategory":{"BaseArtifactValue":{"VertexGUID":"3f9f43769fd134e883d57c3878d6c9e7","Id":"Codelist","action":"NONE"},"PropertyName":"ExternalCategory"}},"NumberOfCodeValues":7,"Codes":[{"VertexGUID":"adefb496277b3d02a69bc81bd5fc4969","Id":"AG","Documentation":{"Name":{"ArtifactValue":{"VertexGUID":"fddb0a77a72a3828abd05f99c8a8b563","Id":"1da47b3c57ca3bdba34f4590df292c89","LanguageCode":"en-us","action":"CREATED"}},"Definition":{"ArtifactValue":{"VertexGUID":"28997965eec7348796c23d4e6b317105","Id":"6666cd76f96936469e7be39d750cc7d9","LanguageCode":"en-us","action":"CREATED"}},"NumberOfNotes":0,"Notes":[]}},{"VertexGUID":"ead7af3a788532a68470e32aa4732dcd","Id":"WE","Documentation":{"Name":{"ArtifactValue":{"VertexGUID":"7ae92e4013f9334f995d7b2c6d5365b5","Id":"f67f6241543334a8a7e2a10004cd2dcd","LanguageCode":"en-us","action":"CREATED"}},"Definition":{"ArtifactValue":{"VertexGUID":"0a96637b80c836a09b3caee8db626b79","Id":"6666cd76f96936469e7be39d750cc7d9","LanguageCode":"en-us","action":"CREATED"}},"NumberOfNotes":0,"Notes":[]}},{"VertexGUID":"f251bd77800e32a29b279b635654e5eb","Id":"OSP","Documentation":{"Name":{"ArtifactValue":{"VertexGUID":"fff3159be37b3bc296435a71ac856875","Id":"7954f4a401dc33679190e40126b41125","LanguageCode":"en-us","action":"CREATED"}},"Definition":{"ArtifactValue":{"VertexGUID":"16e8896559be3a34b69f7b09e948700d","Id":"6666cd76f96936469e7be39d750cc7d9","LanguageCode":"en-us","action":"CREATED"}},"NumberOfNotes":0,"Notes":[]}},{"VertexGUID":"bb3ccbfe727434b6a933cbc9e879985d","Id":"OSO","Documentation":{"Name":{"ArtifactValue":{"VertexGUID":"04fad5cf64d23afcb627ca64a8919d44","Id":"140ad09d541b3906a2576935e45ef098","LanguageCode":"en-us","action":"CREATED"}},"Definition":{"ArtifactValue":{"VertexGUID":"bc7fe2c30a60303bbd476fc026d3c9a0","Id":"6666cd76f96936469e7be39d750cc7d9","LanguageCode":"en-us","action":"CREATED"}},"NumberOfNotes":0,"Notes":[]}},{"VertexGUID":"ebe3ed8ac7bb3563a5a8e1ab20cab0d6","Id":"LF","Documentation":{"Name":{"ArtifactValue":{"VertexGUID":"a2cf3eb5b9103678a491a63369fa6ba9","Id":"28c7d8e15a99378996e23fb67bbe039c","LanguageCode":"en-us","action":"CREATED"}},"Definition":{"ArtifactValue":{"VertexGUID":"656c98765a6437e1ad9199079eda9478","Id":"6666cd76f96936469e7be39d750cc7d9","LanguageCode":"en-us","action":"CREATED"}},"NumberOfNotes":0,"Notes":[]}},{"VertexGUID":"1c7f1f4865a532d88c27d1fadd2c5b7d","Id":"RE","Documentation":{"Name":{"ArtifactValue":{"VertexGUID":"c9a588b2c8693df69e6fb73e90b1fd23","Id":"749b5eb8764238b9ba9ce85225624352","LanguageCode":"en-us","action":"CREATED"}},"Definition":{"ArtifactValue":{"VertexGUID":"2bb5e4ab3fa835e682131afef10d399b","Id":"6666cd76f96936469e7be39d750cc7d9","LanguageCode":"en-us","action":"CREATED"}},"NumberOfNotes":0,"Notes":[]}},{"VertexGUID":"35b6cdf1742b334f995f6fc69fb788a8","Id":"RG","Documentation":{"Name":{"ArtifactValue":{"VertexGUID":"016e06438a5f3428abe3f3f3826b6902","Id":"2f62e6de056e31998b34ff7a7bf4767e","LanguageCode":"en-us","action":"CREATED"}},"Definition":{"ArtifactValue":{"VertexGUID":"f39bc8cc64b13a6fa6d3e165d0f8686b","Id":"6666cd76f96936469e7be39d750cc7d9","LanguageCode":"en-us","action":"CREATED"}},"NumberOfNotes":0,"Notes":[]}}],"DocumentationArtifacts":{"1da47b3c57ca3bdba34f4590df292c89":"Sold-to Party","749b5eb8764238b9ba9ce85225624352":"Bill-to Party","f67f6241543334a8a7e2a10004cd2dcd":"Ship-to Party","6666cd76f96936469e7be39d750cc7d9":"","28c7d8e15a99378996e23fb67bbe039c":"Vendor","2f62e6de056e31998b34ff7a7bf4767e":"Payer","140ad09d541b3906a2576935e45ef098":"Sales Organization","4c14e87e30cd35f7b169e049f6a94b64":" Party Type Custom Codelist IDOC","7954f4a401dc33679190e40126b41125":"Shipping Point"}}