{"ArtifactMetadata":{"SchemaVersion":"1.1","ArtifactType":"Codelist"},"Identification":{"CodelistGUID":"eb1e4a00de9440908f190e6bf162cc90","ImportCorrelationGroupId":"eb1e4a00de9440908f190e6bf162cc90","ImportCorrelationObjectId":"5528ab93f7a34df4a8203858e93008fe","Category":"Codelist","Id":"SOAP_Text_Type_Codelist","TypeSystemId":"Customer_TS_CL","TypeSystemAcronym":"Custom Codelists","VersionId":"1.0","IsLatestVersion":true,"ObjectGUID":"5528ab93f7a34df4a8203858e93008fe","Customer":"fd071028502f5e5e1104606396090e5a","Tenant":"9748cb43605aee3f9f6296bf59758314","IsCustomObject":true},"Status":"Active","VertexGUID":"06ccfb51e4573b05a51e76661e772ad5","AdministrativeData":{"CreatedBy":"gunther.stuhec@sap.com","CreatedOn":1734097215863,"ModifiedBy":"moussa.el.kakouchi@sap.com","ModifiedOn":1743415123887},"Documentation":{"Name":{"ArtifactValue":{"VertexGUID":"4484d38851483f6a831bf11705d3a8f7","Id":"ec1be41bcb7f3ef4881227bf26a3fbb5","LanguageCode":"en-us","action":"CREATED"}},"Definition":{"ArtifactValue":{"VertexGUID":"7a3ad2aea1493a52bbfa77b5ef883956","Id":"6666cd76f96936469e7be39d750cc7d9","LanguageCode":"en-us","action":"CREATED"}},"NumberOfNotes":0,"Notes":[]},"Properties":{"ExternalCategory":{"BaseArtifactValue":{"VertexGUID":"e45a26ad649731c19d2a4a501fb628c4","Id":"Codelist","action":"NONE"},"PropertyName":"ExternalCategory"}},"NumberOfCodeValues":5,"Codes":[{"VertexGUID":"00bffe0104e53888a0baa92d7a4060d9","Id":"Z001","Documentation":{"Name":{"ArtifactValue":{"VertexGUID":"85b48eed2d2e321abc5bba1d38747e80","Id":"c8ebfd2f6e5b3788a2b7cf710498fb9e","LanguageCode":"en-us","action":"CREATED"}},"Definition":{"ArtifactValue":{"VertexGUID":"1e64f8a490d03514875770c61c690760","Id":"6666cd76f96936469e7be39d750cc7d9","LanguageCode":"en-us","action":"CREATED"}},"NumberOfNotes":0,"Notes":[]}},{"VertexGUID":"4b6025e95cf73bffa15450b4daa730c5","Id":"Z002","Documentation":{"Name":{"ArtifactValue":{"VertexGUID":"c75dd07275963a40b8b653d93f6ab38b","Id":"c05523dd39d53d2d88061b3365219e4b","LanguageCode":"en-us","action":"CREATED"}},"Definition":{"ArtifactValue":{"VertexGUID":"7e89aab196b83505b415bcbbeac763d2","Id":"6666cd76f96936469e7be39d750cc7d9","LanguageCode":"en-us","action":"CREATED"}},"NumberOfNotes":0,"Notes":[]}},{"VertexGUID":"51f7277b7e0c368e8c25d08c475b8c3b","Id":"Z003","Documentation":{"Name":{"ArtifactValue":{"VertexGUID":"e54c9e851e8f36418c0f79052b0d396c","Id":"6515f72bbd3c3240b0ceda0c9b7aa756","LanguageCode":"en-us","action":"CREATED"}},"Definition":{"ArtifactValue":{"VertexGUID":"ef058eda041332989c38652871da4ac1","Id":"6666cd76f96936469e7be39d750cc7d9","LanguageCode":"en-us","action":"CREATED"}},"NumberOfNotes":0,"Notes":[]}},{"VertexGUID":"f761553a670832baa294dac27aa2cec4","Id":"Z004","Documentation":{"Name":{"ArtifactValue":{"VertexGUID":"303d4dc4bbc9385196dbc36bdbe6bd62","Id":"f19101cf7a94394ab8f1965165881909","LanguageCode":"en-us","action":"CREATED"}},"Definition":{"ArtifactValue":{"VertexGUID":"20a2035cc800383099c1054f1a6e98ee","Id":"6666cd76f96936469e7be39d750cc7d9","LanguageCode":"en-us","action":"CREATED"}},"NumberOfNotes":0,"Notes":[]}},{"VertexGUID":"c818c12ff92a323cad0705ad0b8ae536","Id":"Z005","Documentation":{"Name":{"ArtifactValue":{"VertexGUID":"43bc5a19ebe733cbb5d392eeacf092e6","Id":"998a90c68bc43009a7973bebc363a722","LanguageCode":"en-us","action":"CREATED"}},"Definition":{"ArtifactValue":{"VertexGUID":"59ab8885bdbc3e09b0b0a551a4886d8f","Id":"6666cd76f96936469e7be39d750cc7d9","LanguageCode":"en-us","action":"CREATED"}},"NumberOfNotes":0,"Notes":[]}}],"DocumentationArtifacts":{"c05523dd39d53d2d88061b3365219e4b":"Note to Customer","6515f72bbd3c3240b0ceda0c9b7aa756":"Internal Note","c8ebfd2f6e5b3788a2b7cf710498fb9e":"General Text","998a90c68bc43009a7973bebc363a722":"Special Instructions","ec1be41bcb7f3ef4881227bf26a3fbb5":"SOAP_TextTypeCodelist","f19101cf7a94394ab8f1965165881909":"Delivery Instructions","6666cd76f96936469e7be39d750cc7d9":""}}