{"ArtifactMetadata":{"SchemaVersion":"1.1","ArtifactType":"MigVersionInfo"},"value":{"ObjectGUID":"073c07275d6f4e95a2225474a0ecee24","MIGGUID":"5449ec81ca7543a19f95cd85651e8b65","ImportCorrelationObjectId":"073c07275d6f4e95a2225474a0ecee24","ImportCorrelationGroupId":"5449ec81ca7543a19f95cd85651e8b65","VersionId":"1.0","Name":"03.) [Company Name] - SAP IDOC INVOIC.INVOIC02 for Customer EDI - Source","Status":"Deprecated","HasEnvelope":false,"MessageTemplate":{"TypeSystemId":"SAP_IDoc","TypeSystemDisplayId":"SAP S/4HANA On Premise IDoc","VersionId":"1809_FPS02","VersionDisplayId":"1809 FPS02","Revision":11,"Id":"INVOIC.INVOIC02","DisplayId":"INVOIC.INVOIC02","Name":"Invoice/Billing Document","IsCustomMessage":false},"AdministrativeData":{"CreatedBy":"tamaki.ogura@sap.com","CreatedOn":1717501541940,"ModifiedBy":"moussa.el.kakouchi@sap.com","ModifiedOn":1743496751236}}}