{"ArtifactMetadata":{"SchemaVersion":"1.1","ArtifactType":"MigVersionInfo"},"value":{"ObjectGUID":"28aab241e09d4247b65dd122926130a5","MIGGUID":"6868c2d805634f24aebba47f02797094","ImportCorrelationObjectId":"28aab241e09d4247b65dd122926130a5","ImportCorrelationGroupId":"6868c2d805634f24aebba47f02797094","VersionId":"1.0","Name":"01.b) [Company Name] - SAP IDOC ORDRSP.ORDERS05 for Customer EDI - Source","Status":"Deprecated","HasEnvelope":false,"MessageTemplate":{"TypeSystemId":"SAP_IDoc","TypeSystemDisplayId":"SAP S/4HANA On Premise IDoc","VersionId":"1809_FPS02","VersionDisplayId":"1809 FPS02","Revision":11,"Id":"ORDRSP.ORDERS05","DisplayId":"ORDRSP.ORDERS05","Name":"Purchase order / order confirmation","IsCustomMessage":false},"AdministrativeData":{"CreatedBy":"qi.liu05@sap.com","CreatedOn":1720684365647,"ModifiedBy":"moussa.el.kakouchi@sap.com","ModifiedOn":1743496475943}}}