{"ArtifactMetadata":{"SchemaVersion":"1.1","ArtifactType":"MigVersionInfo"},"value":{"ObjectGUID":"5258fea94a184083a7c79a16c1b2aae1","MIGGUID":"270e96f920554f279e98b78750d60e1e","ImportCorrelationObjectId":"5258fea94a184083a7c79a16c1b2aae1","ImportCorrelationGroupId":"270e96f920554f279e98b78750d60e1e","VersionId":"1.0","Name":"01.a) [Trading Partner Name]  - UN/EDIFACT D.96A ORDERS - Source","Status":"Active","HasEnvelope":false,"MessageTemplate":{"TypeSystemId":"UNEDIFACT","TypeSystemDisplayId":"UN/EDIFACT","VersionId":"D.96A S3","VersionDisplayId":"D.96A S3","Revision":2,"Id":"ORDERS","DisplayId":"ORDERS","Name":"Purchase order message","IsCustomMessage":false},"AdministrativeData":{"CreatedBy":"tamaki.ogura@sap.com","CreatedOn":1722356623391,"ModifiedBy":"noah.rauch@sap.com","ModifiedOn":1743603178888}}}