{"ArtifactMetadata":{"SchemaVersion":"1.1","ArtifactType":"MigVersionInfo"},"value":{"ObjectGUID":"a7c1cf77a138419f87d6f780f21712fd","MIGGUID":"f7274a6576234611b59d28d5092347ac","ImportCorrelationObjectId":"a7c1cf77a138419f87d6f780f21712fd","ImportCorrelationGroupId":"f7274a6576234611b59d28d5092347ac","VersionId":"1.0","Name":"02.) [Trading Partner Name] - UN/EDIFACT D.96A DESADV - Target","Status":"Active","HasEnvelope":false,"MessageTemplate":{"TypeSystemId":"UNEDIFACT","TypeSystemDisplayId":"UN/EDIFACT","VersionId":"D.96A S3","VersionDisplayId":"D.96A S3","Revision":2,"Id":"DESADV","DisplayId":"DESADV","Name":"Despatch advice message","IsCustomMessage":false},"AdministrativeData":{"CreatedBy":"tamaki.ogura@sap.com","CreatedOn":1737704393451,"ModifiedBy":"noah.rauch@sap.com","ModifiedOn":1743603246767}}}