{"ArtifactMetadata":{"SchemaVersion":"1.1","ArtifactType":"MigVersionInfo"},"value":{"ObjectGUID":"d98924a99dc84afea21f8aa22188c050","MIGGUID":"2f23de2ab73f444ba28a49f234760e39","ImportCorrelationObjectId":"d98924a99dc84afea21f8aa22188c050","ImportCorrelationGroupId":"2f23de2ab73f444ba28a49f234760e39","VersionId":"1.0","Name":"03.) [Trading Partner Name] - UN/EDIFACT D.96A INVOIC - Target","Status":"Active","HasEnvelope":false,"MessageTemplate":{"TypeSystemId":"UNEDIFACT","TypeSystemDisplayId":"UN/EDIFACT","VersionId":"D.96A S3","VersionDisplayId":"D.96A S3","Revision":2,"Id":"INVOIC","DisplayId":"INVOIC","Name":"Invoice message","IsCustomMessage":false},"AdministrativeData":{"CreatedBy":"jan.feyen@sap.com","CreatedOn":1722509318910,"ModifiedBy":"noah.rauch@sap.com","ModifiedOn":1743603304067}}}