{"ArtifactMetadata":{"SchemaVersion":"1.1","ArtifactType":"MigVersionInfo"},"value":{"ObjectGUID":"e818afed2a0448c3aa66008ee3af0055","MIGGUID":"75c23f6b9881400ea7d14256196ae08c","ImportCorrelationObjectId":"e818afed2a0448c3aa66008ee3af0055","ImportCorrelationGroupId":"75c23f6b9881400ea7d14256196ae08c","VersionId":"1.0","Name":"01.b) [Trading Partner Name] - UN/EDIFACT D.96A ORDRSP - Target","Status":"Active","HasEnvelope":false,"MessageTemplate":{"TypeSystemId":"UNEDIFACT","TypeSystemDisplayId":"UN/EDIFACT","VersionId":"D.96A S3","VersionDisplayId":"D.96A S3","Revision":2,"Id":"ORDRSP","DisplayId":"ORDRSP","Name":"Purchase order response message","IsCustomMessage":false},"AdministrativeData":{"CreatedBy":"qi.liu05@sap.com","CreatedOn":1723104746443,"ModifiedBy":"noah.rauch@sap.com","ModifiedOn":1743603219177}}}