{"Name":"S4H","Description":"S4 HANA ERP","DeploymentType":"OnPremise","SAPProduct":"https://cloudintegration.hana.ondemand.com:443/odata/1.0/catalog.svc/Products(\u0027Amazon\u0027)","DocumentSchemaVersion":"1.0","administrativeData":{"createdAt":1713854537610,"createdBy":"jingwen.li01@sap.com","modifiedAt":1713854537610,"modifiedBy":"jingwen.li01@sap.com"},"searchableAttributes":{"TENANT":["e30aab0a-9c29-40d4-a156-5e6dc245c28f"]},"artifactProperties":{},"relations":[],"ArtifactRelations":{},"artifactStatus":"Draft","id":"e60fa10b112d4ef0aa8e9e599922f05e","uniqueId":"b0b8a2b9477448fd985513f7c9c342a6","artifactType":"SYSTEM_TYPE","displayName":"S4H","semanticVersion":"1.0"}