{"Alias":"SOAP Sender","Name":"SOAP Sender","Direction":"Sender","AdapterType":"SOAP 1.x","SecurityConfigurationMode":"","as2PartnerId":"","ConfigurationProperties":{"allAttributes":{},"allTableAttributes":{}},"CommunicationLifeCycleStatus":{"Activated":false,"UpdateStatus":"NONE","ActivatedAt":0},"DocumentSchemaVersion":"1.0","administrativeData":{"createdAt":1748351173186,"createdBy":"isabel.zoller@sap.com","modifiedAt":1748351173186,"modifiedBy":"isabel.zoller@sap.com"},"ParentId":"4d79cc68ef0540dc9dd1dec9ea0c5160","ParentArtifactType":"SYSTEM_INSTANCE","searchableAttributes":{"Alias":["SOAP Sender"],"TENANT":["e30aab0a-9c29-40d4-a156-5e6dc245c28f"]},"artifactProperties":{},"relations":[],"ArtifactRelations":{},"artifactStatus":"Draft","uniqueId":"2ec795972c604e91a02145a995772d24","displayName":"SOAP Sender","semanticVersion":"1.0","id":"2ec795972c604e91a02145a995772d24","artifactType":"COMMUNICATION_CHANNEL_TEMPLATE"}