{"Alias":"IDOC Receiver","Name":"IDOC Receiver","Description":"IDOC Receiver","Direction":"Receiver","AdapterType":"IDOC","SecurityConfigurationMode":"CHANNEL","as2PartnerId":"","ConfigurationProperties":{"allAttributes":{"address":{"key":"","value":"tbd","isPersisted":true},"proxyType":{"key":"","value":"sapcc","isPersisted":true},"locationID":{"key":"","value":"dummy","isPersisted":true},"authentication":{"key":"","value":"Basic","isPersisted":true},"credentialName":{"key":"","value":"PD_User_Basic","isPersisted":true},"credentialNameOld":{"key":"","value":"","isPersisted":true}},"allTableAttributes":{},"name":{"key":"name","value":"","isPersisted":false}},"CommunicationLifeCycleStatus":{"Activated":false,"UpdateStatus":"NONE","ActivatedAt":0},"DocumentSchemaVersion":"1.0","administrativeData":{"createdAt":1713874182593,"createdBy":"jingwen.li01@sap.com","modifiedAt":1753702638171,"modifiedBy":"mert.oezkan@sap.com"},"ParentId":"9e446f07ceb64f33bae5e11b66be71ac","ParentArtifactType":"SYSTEM_INSTANCE","searchableAttributes":{"Alias":["IDOC Receiver"],"TENANT":["e30aab0a-9c29-40d4-a156-5e6dc245c28f"]},"artifactProperties":{},"relations":[],"ArtifactRelations":{},"artifactStatus":"Draft","uniqueId":"ed945c6d267c4e23a2b4b0015fdb2028","displayName":"IDOC Receiver","semanticVersion":"1.0","id":"7edcacd0feff4217b9865131c18bff9b","artifactType":"COMMUNICATION_CHANNEL_TEMPLATE"}