{"ArtifactMetadata":{"SchemaVersion":"1.1","ArtifactType":"MigVersionInfo"},"value":{"ObjectGUID":"077086468b3c4a55a3cbdae283f72f79","MIGGUID":"a080d58a66c643b5af1b08333d839516","ImportCorrelationObjectId":"077086468b3c4a55a3cbdae283f72f79","ImportCorrelationGroupId":"7eace892ab9342109bf675d8c3c78d3f","VersionId":"2.0","Name":"01.a) [Company Name] - SAP IDOC ORDERS.ORDERS05 for Customer EDI - Target","Status":"Draft","HasEnvelope":false,"MessageTemplate":{"TypeSystemId":"SAP_IDoc","TypeSystemDisplayId":"SAP S/4HANA On Premise IDoc","VersionId":"1809_FPS02","VersionDisplayId":"1809 FPS02","Revision":11,"Id":"ORDERS.ORDERS05","DisplayId":"ORDERS.ORDERS05","Name":"Purchase order / order","IsCustomMessage":false},"AdministrativeData":{"CreatedBy":"tamaki.ogura@sap.com","CreatedOn":1732036631011,"ModifiedBy":"tamaki.ogura@sap.com","ModifiedOn":1732036856811}}}