{"ArtifactMetadata":{"SchemaVersion":"1.1","ArtifactType":"MigVersionInfo"},"value":{"ObjectGUID":"189aa09e242f42babc4e35619552c088","MIGGUID":"e279c992eb374814ab47e6475a1613fd","ImportCorrelationObjectId":"189aa09e242f42babc4e35619552c088","ImportCorrelationGroupId":"e279c992eb374814ab47e6475a1613fd","VersionId":"2.0","Name":"02.) [Company Name] - SAP IDOC DESADV.DELVRY07 for Customer EDI - Source","Status":"Active","HasEnvelope":false,"MessageTemplate":{"TypeSystemId":"SAP_IDoc","TypeSystemDisplayId":"SAP S/4HANA On Premise IDoc","VersionId":"1809_FPS02","VersionDisplayId":"1809 FPS02","Revision":11,"Id":"DESADV.DELVRY07","DisplayId":"DESADV.DELVRY07","Name":"Delivery: Shipping notification","IsCustomMessage":false},"AdministrativeData":{"CreatedBy":"tamaki.ogura@sap.com","CreatedOn":1731504361646,"ModifiedBy":"jan.feyen@sap.com","ModifiedOn":1732528665260}}}