{"ArtifactMetadata":{"SchemaVersion":"1.1","ArtifactType":"MigVersionInfo"},"value":{"ObjectGUID":"4b392d47501546b18308883d5393c662","MIGGUID":"6868c2d805634f24aebba47f02797094","ImportCorrelationObjectId":"4b392d47501546b18308883d5393c662","ImportCorrelationGroupId":"6868c2d805634f24aebba47f02797094","VersionId":"2.0","Name":"01.b) [Company Name] - SAP IDOC ORDRSP.ORDERS05 for Customer EDI - Source","Status":"Draft","HasEnvelope":false,"MessageTemplate":{"TypeSystemId":"SAP_IDoc","TypeSystemDisplayId":"SAP S/4HANA On Premise IDoc","VersionId":"1809_FPS02","VersionDisplayId":"1809 FPS02","Revision":11,"Id":"ORDRSP.ORDERS05","DisplayId":"ORDRSP.ORDERS05","Name":"Purchase order / order confirmation","IsCustomMessage":false},"AdministrativeData":{"CreatedBy":"tamaki.ogura@sap.com","CreatedOn":1732106639149,"ModifiedBy":"tamaki.ogura@sap.com","ModifiedOn":1732110076405}}}