{"ArtifactMetadata":{"SchemaVersion":"1.1","ArtifactType":"MigVersionInfo"},"value":{"ObjectGUID":"796f9aaac8c948008b6c4df67b34f057","MIGGUID":"db1a0e9f9cdb45908b9e8e26343dc12a","ImportCorrelationObjectId":"796f9aaac8c948008b6c4df67b34f057","ImportCorrelationGroupId":"db1a0e9f9cdb45908b9e8e26343dc12a","VersionId":"1.0","Name":"01.b) [Trading Partner Name] - SAP SOAP 1905 OrderConfirmationRequest - Target","Status":"Draft","HasEnvelope":false,"MessageTemplate":{"TypeSystemId":"SAP_S4HANA_Cloud_SOA","TypeSystemDisplayId":"SAP S/4HANA Cloud SOAP","VersionId":"1905","VersionDisplayId":"1905","Revision":7,"Id":"OrderConfRequest","DisplayId":"OrderConfRequest","Namespace":"http://sap.com/xi/EDI/Buyer","Name":"OrderConfRequest","IsCustomMessage":false},"AdministrativeData":{"CreatedBy":"moussa.el.kakouchi@sap.com","CreatedOn":1729000570417,"ModifiedBy":"tamaki.ogura@sap.com","ModifiedOn":1732106806108}}}