{"ArtifactMetadata":{"SchemaVersion":"1.1","ArtifactType":"MigVersionInfo"},"value":{"ObjectGUID":"8ed947b8ffda4fb0918db29c34fc1e82","MIGGUID":"84dec0c306d94d8c8ec60923432e5a6f","ImportCorrelationObjectId":"8ed947b8ffda4fb0918db29c34fc1e82","ImportCorrelationGroupId":"84dec0c306d94d8c8ec60923432e5a6f","VersionId":"1.0","Name":"02.) [Trading Partner Name] - SAP SOAP 1905 DeliveryRequest - Target","Status":"Active","HasEnvelope":false,"MessageTemplate":{"TypeSystemId":"SAP_S4HANA_Cloud_SOA","TypeSystemDisplayId":"SAP S/4HANA Cloud SOAP","VersionId":"1905","VersionDisplayId":"1905","Revision":7,"Id":"DeliveryRequest","DisplayId":"DeliveryRequest","Namespace":"http://sap.com/xi/EDI/Buyer","Name":"DeliveryRequest","IsCustomMessage":false},"AdministrativeData":{"CreatedBy":"jan.feyen@sap.com","CreatedOn":1732289777447,"ModifiedBy":"jan.feyen@sap.com","ModifiedOn":1732528826322}}}