{"ArtifactMetadata":{"SchemaVersion":"1.1","ArtifactType":"MigVersionInfo"},"value":{"ObjectGUID":"b6f4bbf3b67541588fe1f5aae0ddc647","MIGGUID":"8257680e1b5e4048b76daa9624545dfd","ImportCorrelationObjectId":"b6f4bbf3b67541588fe1f5aae0ddc647","ImportCorrelationGroupId":"8257680e1b5e4048b76daa9624545dfd","VersionId":"2.0","Name":"01.a) [Trading Partner Name] - SAP SOAP 1905 OrderRequest - Source","Status":"Draft","HasEnvelope":false,"MessageTemplate":{"TypeSystemId":"SAP_S4HANA_Cloud_SOA","TypeSystemDisplayId":"SAP S/4HANA Cloud SOAP","VersionId":"1905","VersionDisplayId":"1905","Revision":7,"Id":"OrderRequest","DisplayId":"OrderRequest","Namespace":"http://sap.com/xi/EDI/Buyer","Name":"OrderRequest","IsCustomMessage":false},"AdministrativeData":{"CreatedBy":"tamaki.ogura@sap.com","CreatedOn":1728559700301,"ModifiedBy":"tamaki.ogura@sap.com","ModifiedOn":1732037792337}}}