{"ArtifactMetadata":{"SchemaVersion":"1.1","ArtifactType":"MigVersionInfo"},"value":{"ObjectGUID":"daf328f9aad7440d81f4ea303c7c6e31","MIGGUID":"da5f9ce5571842209f31c2f731617cf3","ImportCorrelationObjectId":"daf328f9aad7440d81f4ea303c7c6e31","ImportCorrelationGroupId":"da5f9ce5571842209f31c2f731617cf3","VersionId":"2.0","Name":"03.) [Trading Partner Name] - SAP SOAP 2302 InvoiceRequest - Target","Status":"Active","HasEnvelope":false,"MessageTemplate":{"TypeSystemId":"SAP_S4HANA_Cloud_SOA","TypeSystemDisplayId":"SAP S/4HANA Cloud SOAP","VersionId":"2302","VersionDisplayId":"2302","Revision":1,"Id":"InvoiceRequest","DisplayId":"InvoiceRequest","Namespace":"http://sap.com/xi/EDI/Buyer","Name":"Invoice Request","IsCustomMessage":false},"AdministrativeData":{"CreatedBy":"vishakha.deshmukh@sap.com","CreatedOn":1729164240979,"ModifiedBy":"vishakha.deshmukh@sap.com","ModifiedOn":1729167005683}}}