{"ArtifactMetadata":{"SchemaVersion":"1.1","ArtifactType":"MigVersionInfo"},"value":{"ObjectGUID":"31f6954ab33f4f83a4a66501a28b3cff","MIGGUID":"70453cc75b124de7b29340ff46366d6e","ImportCorrelationObjectId":"31f6954ab33f4f83a4a66501a28b3cff","ImportCorrelationGroupId":"70453cc75b124de7b29340ff46366d6e","VersionId":"1.0","Name":"02.) [Company Name] - SAP IDOC DESADV.DELVRY07 for Customer EDI - Target","Status":"Draft","HasEnvelope":false,"MessageTemplate":{"TypeSystemId":"SAP_IDoc","TypeSystemDisplayId":"SAP S/4HANA On Premise IDoc","VersionId":"1809_FPS02","VersionDisplayId":"1809 FPS02","Revision":11,"Id":"DESADV.DELVRY07","DisplayId":"DESADV.DELVRY07","Name":"Delivery: Shipping notification","IsCustomMessage":false},"AdministrativeData":{"CreatedBy":"jan.feyen@sap.com","CreatedOn":1732537789463,"ModifiedBy":"jan.feyen@sap.com","ModifiedOn":1732537817650}}}