{"ArtifactMetadata":{"SchemaVersion":"1.1","ArtifactType":"MigVersionInfo"},"value":{"ObjectGUID":"40339256ae384d17a00509c30e5af985","MIGGUID":"f221ced5bcf64604a8d440d54d32af94","ImportCorrelationObjectId":"40339256ae384d17a00509c30e5af985","ImportCorrelationGroupId":"f221ced5bcf64604a8d440d54d32af94","VersionId":"2.0","Name":"01.b) [Trading Partner Name] - SAP SOAP 1905 OrderConfirmationRequest - Source","Status":"Draft","HasEnvelope":false,"MessageTemplate":{"TypeSystemId":"SAP_S4HANA_Cloud_SOA","TypeSystemDisplayId":"SAP S/4HANA Cloud SOAP","VersionId":"1905","VersionDisplayId":"1905","Revision":7,"Id":"OrderConfRequest","DisplayId":"OrderConfRequest","Namespace":"http://sap.com/xi/EDI/Buyer","Name":"OrderConfRequest","IsCustomMessage":false},"AdministrativeData":{"CreatedBy":"moussa.el.kakouchi@sap.com","CreatedOn":1729080818989,"ModifiedBy":"moussa.el.kakouchi@sap.com","ModifiedOn":1729245462646}}}