{"ArtifactMetadata":{"SchemaVersion":"1.1","ArtifactType":"MigVersionInfo"},"value":{"ObjectGUID":"6b91bd5bf24d4f6bbad78beef98e2a16","MIGGUID":"58a65943e5134045a560199a9fd136c8","ImportCorrelationObjectId":"6b91bd5bf24d4f6bbad78beef98e2a16","ImportCorrelationGroupId":"58a65943e5134045a560199a9fd136c8","VersionId":"1.0","Name":"03.) [Trading Partner Name] - SAP SOAP 1905 InvoiceRequest - Source","Status":"Draft","HasEnvelope":false,"MessageTemplate":{"TypeSystemId":"SAP_S4HANA_Cloud_SOA","TypeSystemDisplayId":"SAP S/4HANA Cloud SOAP","VersionId":"1905","VersionDisplayId":"1905","Revision":7,"Id":"InvoiceRequest","DisplayId":"InvoiceRequest","Namespace":"http://sap.com/xi/EDI/Supplier","Name":"InvoiceRequest","IsCustomMessage":false},"AdministrativeData":{"CreatedBy":"vishakha.deshmukh@sap.com","CreatedOn":1727774748454,"ModifiedBy":"vishakha.deshmukh@sap.com","ModifiedOn":1728715289265}}}