{"ArtifactMetadata":{"SchemaVersion":"1.1","ArtifactType":"MigVersionInfo"},"value":{"ObjectGUID":"81c82790a2dc47cf9eefccebe8b0b155","MIGGUID":"debc419208344650b10d48e574b3e446","ImportCorrelationObjectId":"81c82790a2dc47cf9eefccebe8b0b155","ImportCorrelationGroupId":"debc419208344650b10d48e574b3e446","VersionId":"2.0","Name":"01.a) [Trading Partner Name] - SAP SOAP 1905 OrderRequest - Target","Status":"Draft","HasEnvelope":false,"MessageTemplate":{"TypeSystemId":"SAP_S4HANA_Cloud_SOA","TypeSystemDisplayId":"SAP S/4HANA Cloud SOAP","VersionId":"1905","VersionDisplayId":"1905","Revision":7,"Id":"OrderRequest","DisplayId":"OrderRequest","Namespace":"http://sap.com/xi/EDI/Buyer","Name":"OrderRequest","IsCustomMessage":false},"AdministrativeData":{"CreatedBy":"tamaki.ogura@sap.com","CreatedOn":1732015157926,"ModifiedBy":"tamaki.ogura@sap.com","ModifiedOn":1732034860398}}}