{"ArtifactMetadata":{"SchemaVersion":"1.1","ArtifactType":"MigVersionInfo"},"value":{"ObjectGUID":"89ade1ccd480482c8e839541da6b8804","MIGGUID":"e606c5023e8446b098b989e655cf0da5","ImportCorrelationObjectId":"89ade1ccd480482c8e839541da6b8804","ImportCorrelationGroupId":"e606c5023e8446b098b989e655cf0da5","VersionId":"3.0","Name":"01.a) [Company Name] - SAP IDOC ORDERS.ORDERS05 for Customer EDI - Source","Status":"Draft","HasEnvelope":false,"MessageTemplate":{"TypeSystemId":"SAP_IDoc","TypeSystemDisplayId":"SAP S/4HANA On Premise IDoc","VersionId":"1809_FPS02","VersionDisplayId":"1809 FPS02","Revision":11,"Id":"ORDERS.ORDERS05","DisplayId":"ORDERS.ORDERS05","Name":"Purchase order / order","IsCustomMessage":false},"AdministrativeData":{"CreatedBy":"tamaki.ogura@sap.com","CreatedOn":1732023619391,"ModifiedBy":"tamaki.ogura@sap.com","ModifiedOn":1732035056722}}}