{"ArtifactMetadata":{"SchemaVersion":"1.1","ArtifactType":"MigVersionInfo"},"value":{"ObjectGUID":"bd38ea10f35c417da2449ebd2b0b6494","MIGGUID":"7a39df2489fc46fb9a9bd4698b7af577","ImportCorrelationObjectId":"bd38ea10f35c417da2449ebd2b0b6494","ImportCorrelationGroupId":"7a39df2489fc46fb9a9bd4698b7af577","VersionId":"1.0","Name":"02.) [Trading Partner Name] - SAP SOAP 1905 DeliveryRequest - Source","Status":"Draft","HasEnvelope":false,"MessageTemplate":{"TypeSystemId":"SAP_S4HANA_Cloud_SOA","TypeSystemDisplayId":"SAP S/4HANA Cloud SOAP","VersionId":"1905","VersionDisplayId":"1905","Revision":7,"Id":"DeliveryRequest","DisplayId":"DeliveryRequest","Namespace":"http://sap.com/xi/EDI/Buyer","Name":"DeliveryRequest","IsCustomMessage":false},"AdministrativeData":{"CreatedBy":"jan.feyen@sap.com","CreatedOn":1732530418608,"ModifiedBy":"jan.feyen@sap.com","ModifiedOn":1732530431195}}}