{"ArtifactMetadata":{"SchemaVersion":"1.1","ArtifactType":"MigVersionInfo"},"value":{"ObjectGUID":"c4252ba3e3b7402489acf7ecedd309d3","MIGGUID":"38130fbd97b94fa7a1e5b4d4ddd4ec25","ImportCorrelationObjectId":"c4252ba3e3b7402489acf7ecedd309d3","ImportCorrelationGroupId":"38130fbd97b94fa7a1e5b4d4ddd4ec25","VersionId":"1.0","Name":"03.) [Company Name] - SAP IDOC INVOIC.INVOIC02 for Customer EDI - Target","Status":"Draft","HasEnvelope":false,"MessageTemplate":{"TypeSystemId":"SAP_IDoc","TypeSystemDisplayId":"SAP S/4HANA On Premise IDoc","VersionId":"1809_FPS02","VersionDisplayId":"1809 FPS02","Revision":11,"Id":"INVOIC.INVOIC02","DisplayId":"INVOIC.INVOIC02","Name":"Invoice/Billing Document","IsCustomMessage":false},"AdministrativeData":{"CreatedBy":"vishakha.deshmukh@sap.com","CreatedOn":1727775061097,"ModifiedBy":"vishakha.deshmukh@sap.com","ModifiedOn":1727787821348}}}