{"DecryptionConfigurations":{"ConfigurationType":"DECRYPTION_CONFIG","ConfigurationEntries":{"sb-bade35b3-a6fc-4734-be59-a2c3f8015563!b139807|it-rt-integration-suite-qas-l61btnhz!b117912":{"Alias":"sb-bade35b3-a6fc-4734-be59-a2c3f8015563!b139807|it-rt-integration-suite-qas-l61btnhz!b117912","UserAccount":"sb-bade35b3-a6fc-4734-be59-a2c3f8015563!b139807|it-rt-integration-suite-qas-l61btnhz!b117912","EnableDecryption":true,"PrivateKeyAlias":"sap_cloudintegrationcertificate","ConfigurationType":"DECRYPTION_CONFIG","ParentProfileId":"myCompany","ParentProfileType":"COMPANY","Activated":false,"UpdateStatus":"NONE","ActivatedAt":0,"createdAt":1688555562279,"createdBy":"abhishek.gupta22@sap.com","modifiedAt":1716879290487,"modifiedBy":"ext_amar.kondate@versuni.com"},"sb-16dbe7d1-595d-4aae-8d63-634ea2537f5b!b139807|it-rt-integration-suite-qas-l61btnhz!b117912":{"Alias":"sb-16dbe7d1-595d-4aae-8d63-634ea2537f5b!b139807|it-rt-integration-suite-qas-l61btnhz!b117912","UserAccount":"sb-16dbe7d1-595d-4aae-8d63-634ea2537f5b!b139807|it-rt-integration-suite-qas-l61btnhz!b117912","EnableDecryption":false,"PrivateKeyAlias":"as_sign_encrypt_cert_quality","ConfigurationType":"DECRYPTION_CONFIG","ParentProfileId":"myCompany","ParentProfileType":"COMPANY","Activated":false,"UpdateStatus":"NONE","ActivatedAt":1717057204742,"ActivatedBy":"ext_amar.kondate@versuni.com","createdAt":1702574819432,"createdBy":"ext_amar.kondate@versuni.com","modifiedAt":1717057204762,"modifiedBy":"ext_amar.kondate@versuni.com"},"sb-1c4af370-eaa2-4c6c-bfb3-7d4d16a419c6!b139807|it-rt-integration-suite-qas-l61btnhz!b117912":{"Alias":"sb-1c4af370-eaa2-4c6c-bfb3-7d4d16a419c6!b139807|it-rt-integration-suite-qas-l61btnhz!b117912","UserAccount":"sb-1c4af370-eaa2-4c6c-bfb3-7d4d16a419c6!b139807|it-rt-integration-suite-qas-l61btnhz!b117912","EnableDecryption":false,"PrivateKeyAlias":"as2_sign_encryption_cert_versuni_quality","ConfigurationType":"DECRYPTION_CONFIG","ParentProfileId":"myCompany","ParentProfileType":"COMPANY","Activated":false,"UpdateStatus":"NONE","ActivatedAt":1702995782543,"ActivatedBy":"ext_amar.kondate@versuni.com","createdAt":1702582231641,"createdBy":"ext_amar.kondate@versuni.com","modifiedAt":1702995782566,"modifiedBy":"ext_amar.kondate@versuni.com"},"sb-8182ea82-c827-43e6-b5d6-5e136aac3a88!b252749|it-rt-sap-integration-suite-ds2-ofw56w3m!b182722":{"Alias":"sb-8182ea82-c827-43e6-b5d6-5e136aac3a88!b252749|it-rt-sap-integration-suite-ds2-ofw56w3m!b182722","UserAccount":"sb-8182ea82-c827-43e6-b5d6-5e136aac3a88!b252749|it-rt-sap-integration-suite-ds2-ofw56w3m!b182722","EnableDecryption":false,"PrivateKeyAlias":"as2_sign_encryption_sbx_cert","ConfigurationType":"DECRYPTION_CONFIG","ParentProfileId":"myCompany","ParentProfileType":"COMPANY","Activated":false,"UpdateStatus":"NONE","ActivatedAt":1705926709708,"ActivatedBy":"EXT_Amar.kondate@versuni.com","createdAt":1705926705708,"createdBy":"EXT_Amar.kondate@versuni.com","modifiedAt":1705926709728,"modifiedBy":"EXT_Amar.kondate@versuni.com"},"philips_da":{"Alias":"PHILIPS_DA_56749696","UserAccount":"philips_da","EnableDecryption":true,"PrivateKeyAlias":"as2_sign_encryption_cert","ConfigurationType":"DECRYPTION_CONFIG","ParentProfileId":"myCompany","ParentProfileType":"COMPANY","Activated":false,"UpdateStatus":"NONE","ActivatedAt":1675158200216,"ActivatedBy":"abhishek.gupta22@sap.com","createdAt":1671018310385,"createdBy":"gunther.stuhec@sap.com","modifiedAt":1675158200235,"modifiedBy":"abhishek.gupta22@sap.com"},"gunther.stuhec@sap.com":{"Alias":"gunther.stuhec@sap.com_75563412","UserAccount":"gunther.stuhec@sap.com","EnableDecryption":false,"PrivateKeyAlias":"","ConfigurationType":"DECRYPTION_CONFIG","ParentProfileId":"myCompany","ParentProfileType":"COMPANY","Activated":false,"UpdateStatus":"NONE","ActivatedAt":1674727714984,"ActivatedBy":"gunther.stuhec@sap.com","createdAt":1672829788687,"createdBy":"gunther.stuhec@sap.com","modifiedAt":1674727715002,"modifiedBy":"gunther.stuhec@sap.com"},"sb-ca5a2b7a-6d52-45fe-93c5-ec3561013aec!b124736|it-rt-integration-suite-o5elqsnh!b117912":{"Alias":"CPIDevUser","UserAccount":"sb-ca5a2b7a-6d52-45fe-93c5-ec3561013aec!b124736|it-rt-integration-suite-o5elqsnh!b117912","EnableDecryption":false,"PrivateKeyAlias":"sap_cloudintegrationcertificate","ConfigurationType":"DECRYPTION_CONFIG","ParentProfileId":"myCompany","ParentProfileType":"COMPANY","Activated":false,"UpdateStatus":"NONE","ActivatedAt":1700842452111,"ActivatedBy":"EXT_Mert.Oezkan@versuni.com","createdAt":1672829966552,"createdBy":"gunther.stuhec@sap.com","modifiedAt":1700842452122,"modifiedBy":"EXT_Mert.Oezkan@versuni.com"},"sb-xy5a2b7a-6d52-45fe-93c5-ec3561013aec!b124736|it-rt-integration-suite-o5elqsnh!b117912":{"Alias":"sb-xy5a2b7a-6d52-45fe-93c5-ec3561013aec!b124736|it-rt-integration-suite-o5elqsnh!b117912_97307382","UserAccount":"sb-xy5a2b7a-6d52-45fe-93c5-ec3561013aec!b124736|it-rt-integration-suite-o5elqsnh!b117912","EnableDecryption":false,"PrivateKeyAlias":"","ConfigurationType":"DECRYPTION_CONFIG","ParentProfileId":"myCompany","ParentProfileType":"COMPANY","Activated":false,"UpdateStatus":"NONE","ActivatedAt":1675158251000,"ActivatedBy":"abhishek.gupta22@sap.com","createdAt":0,"modifiedAt":1675158251016,"modifiedBy":"abhishek.gupta22@sap.com"},"sb-d4795a16-4875-43bb-90db-405b2a902c86!b124736|it-rt-integration-suite-o5elqsnh!b117912":{"Alias":"sb-d4795a16-4875-43bb-90db-405b2a902c86!b124736|it-rt-integration-suite-o5elqsnh!b117912","UserAccount":"sb-d4795a16-4875-43bb-90db-405b2a902c86!b124736|it-rt-integration-suite-o5elqsnh!b117912","EnableDecryption":true,"PrivateKeyAlias":"as2_sign_encryption_cert","ConfigurationType":"DECRYPTION_CONFIG","ParentProfileId":"myCompany","ParentProfileType":"COMPANY","Activated":false,"UpdateStatus":"NONE","ActivatedAt":1679912469278,"ActivatedBy":"abhishek.gupta22@sap.com","createdAt":1679910688064,"createdBy":"abhishek.gupta22@sap.com","modifiedAt":1679912469296,"modifiedBy":"abhishek.gupta22@sap.com"}}},"DocumentSchemaVersion":"1.0","administrativeData":{"createdAt":1713872200662,"createdBy":"jingwen.li01@sap.com","modifiedAt":1750970045712,"modifiedBy":"moussa.el.kakouchi@sap.com"},"ParentId":"myCompany","ParentArtifactType":"COMPANY","searchableAttributes":{"TENANT":["e30aab0a-9c29-40d4-a156-5e6dc245c28f"],"Alias":["sb-bade35b3-a6fc-4734-be59-a2c3f8015563!b139807|it-rt-integration-suite-qas-l61btnhz!b117912","sb-16dbe7d1-595d-4aae-8d63-634ea2537f5b!b139807|it-rt-integration-suite-qas-l61btnhz!b117912","sb-1c4af370-eaa2-4c6c-bfb3-7d4d16a419c6!b139807|it-rt-integration-suite-qas-l61btnhz!b117912","sb-8182ea82-c827-43e6-b5d6-5e136aac3a88!b252749|it-rt-sap-integration-suite-ds2-ofw56w3m!b182722","PHILIPS_DA_56749696","gunther.stuhec@sap.com_75563412","CPIDevUser","sb-xy5a2b7a-6d52-45fe-93c5-ec3561013aec!b124736|it-rt-integration-suite-o5elqsnh!b117912_97307382","sb-d4795a16-4875-43bb-90db-405b2a902c86!b124736|it-rt-integration-suite-o5elqsnh!b117912"]},"artifactProperties":{},"relations":[],"ArtifactRelations":{},"artifactStatus":"Draft","uniqueId":"726d03ff89e541e7b19d3fc0c5bf9d87","displayName":"CompanyProfileConfiguration","semanticVersion":"1.0:","id":"myCompany::profileConfiguration","artifactType":"PARTNER_PROFILE_CONFIG"}