{"ArtifactMetadata":{"SchemaVersion":"1.4","ArtifactType":"MagDetail"},"Identification":{"ObjectGuid":"53c09befa7cf4165bd644deeb7249448","MAGGUID":"fabc63d01fd84ea2acecc0238a7eeb59","ImportCorrelationGroupId":"68cf3b26afcb40b39c93c2d034805899","ImportCorrelationObjectId":"90cff86a40184c839953e848a7283525","MAGVersion":"1.0","Customer":"fd071028502f5e5e1104606396090e5a"},"SourceBusinessContext":[{"contextType":"BusinessProcess","codeListId":"CommonBusinessProcessCodelist","contextValues":[{"key":"00179","name":"Receive Acknowledgment of Shipping Schedule Delivery"}]},{"contextType":"BusinessProcessRole","codeListId":"RoleCodelist","contextValues":[{"key":"SE","name":"Seller"}]}],"TargetBusinessContext":[{"contextType":"BusinessProcess","codeListId":"CommonBusinessProcessCodelist","contextValues":[{"key":"00179","name":"Receive Acknowledgment of Shipping Schedule Delivery"}]},{"contextType":"BusinessProcessRole","codeListId":"RoleCodelist","contextValues":[{"key":"BY","name":"Buyer"}]}],"Status":"Active","SourceMig":{"ObjectGUID":"f3203d7e30774a3f8c8bf311122a2d81","TypeSystemId":"Customer_TS_IDOC"},"TargetMig":{"ObjectGUID":"8f6ea547eeb44555823ec95296a7d567","TypeSystemId":"ASC_X12"},"DomainMappingElementsWithTransformation":[{"DomainMappingElement":{"SourceDomainSet":[],"TargetDomainSet":[{"DomainGuid":"caffc54ee86f338e86802df2c38263fc","AlternativeDomainGuid":"caffc54ee86f338e86802df2c38263fc","Position":1}],"Documentation":{"NumberOfNotes":0,"Notes":[]}},"Transformation":{"Function":{"FunctionGuid":"00000000000000000000000000000002","FunctionParameters":[{"PositionInParameterList":1,"Direction":"IN","Type":"STRING","Name":"value"},{"PositionInParameterList":2,"Direction":"OUT","Type":"NODE_LIST","Name":"nodes_out_1"}],"FunctionImplementations":[{"SourceCode":"\u003cxsl:value-of select\u003d\"$nodes_in/value\"/\u003e","FunctionImplementationLanguage":{"Name":"XSLT","Version":"2.0"}}],"isReference":false},"ParameterAssignments":[{"PositionInParameterList":1,"PositionInParameter":1,"Value":"856"},{"PositionInParameterList":2,"PositionInParameter":1,"PositionInDomainSet":1}]},"Confidential":false},{"DomainMappingElement":{"SourceDomainSet":[],"TargetDomainSet":[{"DomainGuid":"1381cec699b4313b92b58e2ce42c8b13","AlternativeDomainGuid":"1381cec699b4313b92b58e2ce42c8b13","Position":1}],"Documentation":{"NumberOfNotes":0,"Notes":[]}},"Transformation":{"Function":{"FunctionGuid":"00000000000000000000000000000002","FunctionParameters":[{"PositionInParameterList":1,"Direction":"IN","Type":"STRING","Name":"value"},{"PositionInParameterList":2,"Direction":"OUT","Type":"NODE_LIST","Name":"nodes_out_1"}],"FunctionImplementations":[{"SourceCode":"\u003cxsl:value-of select\u003d\"$nodes_in/value\"/\u003e","FunctionImplementationLanguage":{"Name":"XSLT","Version":"2.0"}}],"isReference":false},"ParameterAssignments":[{"PositionInParameterList":1,"PositionInParameter":1,"Value":"00"},{"PositionInParameterList":2,"PositionInParameter":1,"PositionInDomainSet":1}]},"Confidential":false},{"DomainMappingElement":{"SourceDomainSet":[],"TargetDomainSet":[{"DomainGuid":"f7df9120ea053546b73d2896b86e6de0","AlternativeDomainGuid":"13c3e4d946423475b29968b44299d987","Position":1}],"Documentation":{"NumberOfNotes":0,"Notes":[]}},"Transformation":{"Function":{"FunctionGuid":"00000000000000000000000000000002","FunctionParameters":[{"PositionInParameterList":1,"Direction":"IN","Type":"STRING","Name":"value"},{"PositionInParameterList":2,"Direction":"OUT","Type":"NODE_LIST","Name":"nodes_out_1"}],"FunctionImplementations":[{"SourceCode":"\u003cxsl:value-of select\u003d\"$nodes_in/value\"/\u003e","FunctionImplementationLanguage":{"Name":"XSLT","Version":"2.0"}}],"isReference":false},"ParameterAssignments":[{"PositionInParameterList":1,"PositionInParameter":1,"Value":"S"},{"PositionInParameterList":2,"PositionInParameter":1,"PositionInDomainSet":1}]},"Confidential":false},{"DomainMappingElement":{"SourceDomainSet":[],"TargetDomainSet":[{"DomainGuid":"8153eb9502ba3c6faf85020aa71a66f6","AlternativeDomainGuid":"61e5b0865fea3477a619301e3eb0d68c","Position":1}],"Documentation":{"NumberOfNotes":0,"Notes":[]}},"Transformation":{"Function":{"FunctionGuid":"00000000000000000000000000000002","FunctionParameters":[{"PositionInParameterList":1,"Direction":"IN","Type":"STRING","Name":"value"},{"PositionInParameterList":2,"Direction":"OUT","Type":"NODE_LIST","Name":"nodes_out_1"}],"FunctionImplementations":[{"SourceCode":"\u003cxsl:value-of select\u003d\"$nodes_in/value\"/\u003e","FunctionImplementationLanguage":{"Name":"XSLT","Version":"2.0"}}],"isReference":false},"ParameterAssignments":[{"PositionInParameterList":1,"PositionInParameter":1,"Value":"BM"},{"PositionInParameterList":2,"PositionInParameter":1,"PositionInDomainSet":1}]},"Confidential":false},{"DomainMappingElement":{"SourceDomainSet":[],"TargetDomainSet":[{"DomainGuid":"9ae838dc177b3119a77b0b5fa7fcafbc","AlternativeDomainGuid":"65acbcd2870a31d586feb766c971d8da","Position":1}],"Documentation":{"NumberOfNotes":0,"Notes":[]}},"Transformation":{"Function":{"FunctionGuid":"00000000000000000000000000000002","FunctionParameters":[{"PositionInParameterList":1,"Direction":"IN","Type":"STRING","Name":"value"},{"PositionInParameterList":2,"Direction":"OUT","Type":"NODE_LIST","Name":"nodes_out_1"}],"FunctionImplementations":[{"SourceCode":"\u003cxsl:value-of select\u003d\"$nodes_in/value\"/\u003e","FunctionImplementationLanguage":{"Name":"XSLT","Version":"2.0"}}],"isReference":false},"ParameterAssignments":[{"PositionInParameterList":1,"PositionInParameter":1,"Value":"017"},{"PositionInParameterList":2,"PositionInParameter":1,"PositionInDomainSet":1}]},"Confidential":false},{"DomainMappingElement":{"SourceDomainSet":[],"TargetDomainSet":[{"DomainGuid":"338416e0d79f3a5e876def92d99c0a82","AlternativeDomainGuid":"0d702054cae94199b0d0697e0abad238","Position":1}],"Documentation":{"NumberOfNotes":0,"Notes":[]}},"Transformation":{"Function":{"FunctionGuid":"00000000000000000000000000000002","FunctionParameters":[{"PositionInParameterList":1,"Direction":"IN","Type":"STRING","Name":"value"},{"PositionInParameterList":2,"Direction":"OUT","Type":"NODE_LIST","Name":"nodes_out_1"}],"FunctionImplementations":[{"SourceCode":"\u003cxsl:value-of select\u003d\"$nodes_in/value\"/\u003e","FunctionImplementationLanguage":{"Name":"XSLT","Version":"2.0"}}],"isReference":false},"ParameterAssignments":[{"PositionInParameterList":1,"PositionInParameter":1,"Value":"011"},{"PositionInParameterList":2,"PositionInParameter":1,"PositionInDomainSet":1}]},"Confidential":false},{"DomainMappingElement":{"SourceDomainSet":[],"TargetDomainSet":[{"DomainGuid":"61026789b47a3f77bcd3303e851d9b27","AlternativeDomainGuid":"f0112ce3def84963b5e6afaf5ffde40b","Position":1}],"Documentation":{"NumberOfNotes":0,"Notes":[]}},"Transformation":{"Function":{"FunctionGuid":"00000000000000000000000000000002","FunctionParameters":[{"PositionInParameterList":1,"Direction":"IN","Type":"STRING","Name":"value"},{"PositionInParameterList":2,"Direction":"OUT","Type":"NODE_LIST","Name":"nodes_out_1"}],"FunctionImplementations":[{"SourceCode":"\u003cxsl:value-of select\u003d\"$nodes_in/value\"/\u003e","FunctionImplementationLanguage":{"Name":"XSLT","Version":"2.0"}}],"isReference":false},"ParameterAssignments":[{"PositionInParameterList":1,"PositionInParameter":1,"Value":"O"},{"PositionInParameterList":2,"PositionInParameter":1,"PositionInDomainSet":1}]},"Confidential":false},{"DomainMappingElement":{"SourceDomainSet":[{"DomainGuid":"1a66ef49c0a0328c9018928d29347df0","Position":1}],"TargetDomainSet":[{"DomainGuid":"e25d95a216b2355b800488593d6d417a","AlternativeDomainGuid":"e25d95a216b2355b800488593d6d417a","Position":1}],"Documentation":{"NumberOfNotes":0,"Notes":[]}},"Transformation":{"Function":{"FunctionGuid":"10010000000000000000000000000001","FunctionParameters":[{"PositionInParameterList":1,"Direction":"IN","Type":"NODE_LIST","Name":"source_date_time_value"},{"PositionInParameterList":2,"Direction":"IN","Type":"NODE_LIST","Name":"source_date_time_format"},{"PositionInParameterList":3,"Direction":"IN","Type":"STRING","Name":"target_date_time_format"},{"PositionInParameterList":4,"Direction":"OUT","Type":"NODE_LIST","Name":"target_date_time_value"}],"FunctionImplementations":[{"SourceCode":"\u003cxsl:sequence select\u003d\"ica_fn:transform-dateTime($nodes_in/nodes_in_1,$nodes_in/source_date_time_format,$nodes_in/target_date_time_format)\"/\u003e","FunctionImplementationLanguage":{"Name":"XSLT","Version":"2.0"}}],"isReference":false},"ParameterAssignments":[{"PositionInParameterList":1,"PositionInParameter":1,"PositionInDomainSet":1},{"PositionInParameterList":2,"PositionInParameter":1,"Value":"hhmmss"},{"PositionInParameterList":3,"PositionInParameter":1,"Value":"hhmm[ss]"},{"PositionInParameterList":4,"PositionInParameter":1,"PositionInDomainSet":1}]},"Confidential":false},{"DomainMappingElement":{"SourceDomainSet":[{"DomainGuid":"596bd64cd99c3e0b964a22917f6560c7","Position":1}],"TargetDomainSet":[{"DomainGuid":"0596a3ccd95b3f4187de48af1cb02086","Position":1}],"Documentation":{"NumberOfNotes":0,"Notes":[]}},"Confidential":false},{"DomainMappingElement":{"SourceDomainSet":[{"DomainGuid":"fec600a708793aa890846bfe83463306","Position":1}],"TargetDomainSet":[{"DomainGuid":"411ab440a9fc3998acf5b8f356306de9","AlternativeDomainGuid":"411ab440a9fc3998acf5b8f356306de9","Position":1}],"Documentation":{}},"Confidential":false},{"DomainMappingElement":{"SourceDomainSet":[{"DomainGuid":"cf21900a3915315eb415c58a2f26f6f8","Position":1}],"TargetDomainSet":[{"DomainGuid":"d544fd2a2a043dd8aa851036fc94f8d2","AlternativeDomainGuid":"d544fd2a2a043dd8aa851036fc94f8d2","Position":1}],"Documentation":{}},"Confidential":false},{"DomainMappingElement":{"SourceDomainSet":[{"DomainGuid":"a6992c1e266932dd8aa87a81cc238f50","Position":1}],"TargetDomainSet":[{"DomainGuid":"be9d255a1c6f3935bbde409b95e1ed6f","AlternativeDomainGuid":"be9d255a1c6f3935bbde409b95e1ed6f","Position":1}],"Documentation":{}},"Transformation":{"Function":{"FunctionGuid":"00000000000000000000000000000001","FunctionParameters":[{"PositionInParameterList":1,"Direction":"IN","Type":"NODE_LIST","Name":"VBELN"},{"PositionInParameterList":2,"Direction":"OUT","Type":"NODE_LIST","Name":"nodes_out_1"}],"FunctionImplementations":[{"SourceCode":"\u003cxsl:sequence select\u003d\"$nodes_in/*\"/\u003e","FunctionImplementationLanguage":{"Name":"XSLT","Version":"2.0"}}],"isReference":false},"ParameterAssignments":[{"PositionInParameterList":1,"PositionInParameter":1,"PositionInDomainSet":1},{"PositionInParameterList":2,"PositionInParameter":1,"PositionInDomainSet":1}]},"Confidential":false},{"DomainMappingElement":{"SourceDomainSet":[],"TargetDomainSet":[{"DomainGuid":"e4277245b6fa3803b1ef72829447aeab","AlternativeDomainGuid":"e4277245b6fa3803b1ef72829447aeab","Position":1}],"Documentation":{}},"Transformation":{"Function":{"FunctionGuid":"00000000000000000000000000000002","FunctionParameters":[{"PositionInParameterList":1,"Direction":"IN","Type":"STRING","Name":"value"},{"PositionInParameterList":2,"Direction":"OUT","Type":"NODE_LIST","Name":"nodes_out_1"}],"FunctionImplementations":[{"SourceCode":"\u003cxsl:value-of select\u003d\"$nodes_in/value\"/\u003e","FunctionImplementationLanguage":{"Name":"XSLT","Version":"2.0"}}],"isReference":false},"ParameterAssignments":[{"PositionInParameterList":1,"PositionInParameter":1,"Value":"0001"},{"PositionInParameterList":2,"PositionInParameter":1,"PositionInDomainSet":1}]},"Confidential":false},{"DomainMappingElement":{"SourceDomainSet":[{"DomainGuid":"cf21900a3915315eb415c58a2f26f6f8","Position":1}],"TargetDomainSet":[{"DomainGuid":"6126569fbb7b33edb019ac860f833a02","AlternativeDomainGuid":"13300cd2cf883f0e9f0be3e3df7aed7c","Position":1}],"Documentation":{}},"Confidential":false},{"DomainMappingElement":{"SourceDomainSet":[],"TargetDomainSet":[{"DomainGuid":"6d787bbd838d3817a1e14811025a256f","AlternativeDomainGuid":"3d04c4281ba0344b91fb0f44493b1553","Position":1}],"Documentation":{}},"Transformation":{"Function":{"FunctionGuid":"00000000000000000000000000000002","FunctionParameters":[{"PositionInParameterList":1,"Direction":"IN","Type":"STRING","Name":"value"},{"PositionInParameterList":2,"Direction":"OUT","Type":"NODE_LIST","Name":"nodes_out_1"}],"FunctionImplementations":[{"SourceCode":"\u003cxsl:value-of select\u003d\"$nodes_in/value\"/\u003e","FunctionImplementationLanguage":{"Name":"XSLT","Version":"2.0"}}],"isReference":false},"ParameterAssignments":[{"PositionInParameterList":1,"PositionInParameter":1,"Value":"1;0;0;1"},{"PositionInParameterList":2,"PositionInParameter":1,"PositionInDomainSet":1}]},"Confidential":false},{"DomainMappingElement":{"SourceDomainSet":[{"DomainGuid":"5fca1c0a2416310bacd4e5b0cc6fdfbc","AlternativeDomainGuid":"ac80f9e08a6d3215831e5cf3fd71581c","Position":1}],"TargetDomainSet":[{"DomainGuid":"d76d5ac3a5703b0cac1d1c18e786b498","AlternativeDomainGuid":"a7aeb9ec4cc548fcb4f1ddd18a5a9a5a","Position":1}],"Documentation":{}},"Confidential":false},{"DomainMappingElement":{"SourceDomainSet":[{"DomainGuid":"28f786be66b838748a6f9c177aa77c09","AlternativeDomainGuid":"f847a28caf4c3eeea1d3710e1e6595da","Position":1}],"TargetDomainSet":[{"DomainGuid":"17dcd13446c9323ca7d1397216c13318","AlternativeDomainGuid":"529d8eb446ec48758b96bea5a1bc626b","Position":1}],"Documentation":{}},"Transformation":{"Function":{"FunctionGuid":"10010000000000000000000000000001","FunctionParameters":[{"PositionInParameterList":1,"Direction":"IN","Type":"NODE_LIST","Name":"source_date_time_value"},{"PositionInParameterList":2,"Direction":"IN","Type":"NODE_LIST","Name":"source_date_time_format"},{"PositionInParameterList":3,"Direction":"IN","Type":"STRING","Name":"target_date_time_format"},{"PositionInParameterList":4,"Direction":"OUT","Type":"NODE_LIST","Name":"target_date_time_value"}],"FunctionImplementations":[{"SourceCode":"\u003cxsl:sequence select\u003d\"ica_fn:transform-dateTime($nodes_in/nodes_in_1,$nodes_in/source_date_time_format,$nodes_in/target_date_time_format)\"/\u003e","FunctionImplementationLanguage":{"Name":"XSLT","Version":"2.0"}}],"isReference":false},"ParameterAssignments":[{"PositionInParameterList":1,"PositionInParameter":1,"PositionInDomainSet":1},{"PositionInParameterList":2,"PositionInParameter":1,"Value":"CCYYMMDD"},{"PositionInParameterList":3,"PositionInParameter":1,"Value":"CCYYMMDD"},{"PositionInParameterList":4,"PositionInParameter":1,"PositionInDomainSet":1}]},"Confidential":false},{"DomainMappingElement":{"SourceDomainSet":[],"TargetDomainSet":[{"DomainGuid":"6dad364042a33bdd9083338a32b8a931","AlternativeDomainGuid":"4e5c0c8c0f254cc3887b3d65850d8ce3","Position":1}],"Documentation":{}},"Transformation":{"Function":{"FunctionGuid":"00000000000000000000000000000002","FunctionParameters":[{"PositionInParameterList":1,"Direction":"IN","Type":"STRING","Name":"value"},{"PositionInParameterList":2,"Direction":"OUT","Type":"NODE_LIST","Name":"nodes_out_1"}],"FunctionImplementations":[{"SourceCode":"\u003cxsl:value-of select\u003d\"$nodes_in/value\"/\u003e","FunctionImplementationLanguage":{"Name":"XSLT","Version":"2.0"}}],"isReference":false},"ParameterAssignments":[{"PositionInParameterList":1,"PositionInParameter":1,"Value":"1;0;0;2"},{"PositionInParameterList":2,"PositionInParameter":1,"PositionInDomainSet":1}]},"Confidential":false},{"DomainMappingElement":{"SourceDomainSet":[],"TargetDomainSet":[{"DomainGuid":"3a9d4a4d784e32a9b97d2b860360f6ec","Position":1}],"Documentation":{}},"Transformation":{"Function":{"FunctionGuid":"00000000000000000000000000000002","FunctionParameters":[{"PositionInParameterList":1,"Direction":"IN","Type":"STRING","Name":"value"},{"PositionInParameterList":2,"Direction":"OUT","Type":"NODE_LIST","Name":"nodes_out_1"}],"FunctionImplementations":[{"SourceCode":"\u003cxsl:value-of select\u003d\"$nodes_in/value\"/\u003e","FunctionImplementationLanguage":{"Name":"XSLT","Version":"2.0"}}],"isReference":false},"ParameterAssignments":[{"PositionInParameterList":1,"PositionInParameter":1,"Value":"111"},{"PositionInParameterList":2,"PositionInParameter":1,"PositionInDomainSet":1}]},"Confidential":false},{"DomainMappingElement":{"SourceDomainSet":[],"TargetDomainSet":[{"DomainGuid":"255ad4d41773310dbbd02be63b09f992","Position":1}],"Documentation":{}},"Transformation":{"Function":{"FunctionGuid":"00000000000000000000000000000002","FunctionParameters":[{"PositionInParameterList":1,"Direction":"IN","Type":"STRING","Name":"value"},{"PositionInParameterList":2,"Direction":"OUT","Type":"NODE_LIST","Name":"nodes_out_1"}],"FunctionImplementations":[{"SourceCode":"\u003cxsl:value-of select\u003d\"$nodes_in/value\"/\u003e","FunctionImplementationLanguage":{"Name":"XSLT","Version":"2.0"}}],"isReference":false},"ParameterAssignments":[{"PositionInParameterList":1,"PositionInParameter":1,"Value":"96"},{"PositionInParameterList":2,"PositionInParameter":1,"PositionInDomainSet":1}]},"Confidential":false},{"DomainMappingElement":{"SourceDomainSet":[],"TargetDomainSet":[{"DomainGuid":"159d9be67fc031fa9dbd5d4357cbbda4","Position":1}],"Documentation":{}},"Transformation":{"Function":{"FunctionGuid":"00000000000000000000000000000002","FunctionParameters":[{"PositionInParameterList":1,"Direction":"IN","Type":"STRING","Name":"value"},{"PositionInParameterList":2,"Direction":"OUT","Type":"NODE_LIST","Name":"nodes_out_1"}],"FunctionImplementations":[{"SourceCode":"\u003cxsl:value-of select\u003d\"$nodes_in/value\"/\u003e","FunctionImplementationLanguage":{"Name":"XSLT","Version":"2.0"}}],"isReference":false},"ParameterAssignments":[{"PositionInParameterList":1,"PositionInParameter":1,"Value":"001"},{"PositionInParameterList":2,"PositionInParameter":1,"PositionInDomainSet":1}]},"Confidential":false},{"DomainMappingElement":{"SourceDomainSet":[{"DomainGuid":"fec600a708793aa890846bfe83463306","Position":1}],"TargetDomainSet":[{"DomainGuid":"cfc8c50ce02e310487db6a9d4585fe11","Position":1}],"Documentation":{}},"Confidential":false},{"DomainMappingElement":{"SourceDomainSet":[{"DomainGuid":"cf21900a3915315eb415c58a2f26f6f8","Position":1}],"TargetDomainSet":[{"DomainGuid":"cb112866c7c63528bed442d4f13f3b57","Position":1}],"Documentation":{}},"Confidential":false},{"DomainMappingElement":{"SourceDomainSet":[{"DomainGuid":"cf21900a3915315eb415c58a2f26f6f8","Position":1}],"TargetDomainSet":[{"DomainGuid":"2a02b22b81ea330bb7fd4ae2e697771b","AlternativeDomainGuid":"52c829d266d441a889bb00818cd8c1ea","Position":1}],"Documentation":{}},"Confidential":false},{"DomainMappingElement":{"SourceDomainSet":[{"DomainGuid":"7596047061333d4eaaa898db0b4f8118","Position":1}],"TargetDomainSet":[{"DomainGuid":"258179e4dabd3bd68f08b210ea2e7de5","AlternativeDomainGuid":"258179e4dabd3bd68f08b210ea2e7de5","Position":1}],"Documentation":{}},"Transformation":{"Function":{"FunctionGuid":"00000000000000000000000000000001","FunctionParameters":[{"PositionInParameterList":1,"Direction":"IN","Type":"NODE_LIST","Name":"DOCNUM"},{"PositionInParameterList":2,"Direction":"OUT","Type":"NODE_LIST","Name":"nodes_out_1"}],"FunctionImplementations":[{"SourceCode":"\u003cxsl:sequence select\u003d\"$nodes_in/*\"/\u003e","FunctionImplementationLanguage":{"Name":"XSLT","Version":"2.0"}}],"isReference":false},"ParameterAssignments":[{"PositionInParameterList":1,"PositionInParameter":1,"PositionInDomainSet":1},{"PositionInParameterList":2,"PositionInParameter":1,"PositionInDomainSet":1}]},"Confidential":false},{"DomainMappingElement":{"SourceDomainSet":[{"DomainGuid":"19ecbee84e043b0a8b895243608ee783","Position":1}],"TargetDomainSet":[{"DomainGuid":"d2e182e251c33dd79493148c93df1fe1","AlternativeDomainGuid":"d2e182e251c33dd79493148c93df1fe1","Position":1}],"Documentation":{}},"Transformation":{"Function":{"FunctionGuid":"10010000000000000000000000000001","FunctionParameters":[{"PositionInParameterList":1,"Direction":"IN","Type":"NODE_LIST","Name":"source_date_time_value"},{"PositionInParameterList":2,"Direction":"IN","Type":"NODE_LIST","Name":"source_date_time_format"},{"PositionInParameterList":3,"Direction":"IN","Type":"STRING","Name":"target_date_time_format"},{"PositionInParameterList":4,"Direction":"OUT","Type":"NODE_LIST","Name":"target_date_time_value"}],"FunctionImplementations":[{"SourceCode":"\u003cxsl:sequence select\u003d\"ica_fn:transform-dateTime($nodes_in/nodes_in_1,$nodes_in/source_date_time_format,$nodes_in/target_date_time_format)\"/\u003e","FunctionImplementationLanguage":{"Name":"XSLT","Version":"2.0"}}],"isReference":false},"ParameterAssignments":[{"PositionInParameterList":1,"PositionInParameter":1,"PositionInDomainSet":1},{"PositionInParameterList":2,"PositionInParameter":1,"Value":"CCYYMMDD"},{"PositionInParameterList":3,"PositionInParameter":1,"Value":"CCYYMMDD"},{"PositionInParameterList":4,"PositionInParameter":1,"PositionInDomainSet":1}]},"Confidential":false},{"DomainMappingElement":{"SourceDomainSet":[],"TargetDomainSet":[{"DomainGuid":"9ddcf833a66736c1b8e1d5b47674f88d","AlternativeDomainGuid":"416867ef04724d89b1ef0136a3612d48","Position":1}],"Documentation":{}},"Transformation":{"Function":{"FunctionGuid":"00000000000000000000000000000002","FunctionParameters":[{"PositionInParameterList":1,"Direction":"IN","Type":"STRING","Name":"value"},{"PositionInParameterList":2,"Direction":"OUT","Type":"NODE_LIST","Name":"nodes_out_1"}],"FunctionImplementations":[{"SourceCode":"\u003cxsl:value-of select\u003d\"$nodes_in/value\"/\u003e","FunctionImplementationLanguage":{"Name":"XSLT","Version":"2.0"}}],"isReference":false},"ParameterAssignments":[{"PositionInParameterList":1,"PositionInParameter":1,"Value":"1"},{"PositionInParameterList":2,"PositionInParameter":1,"PositionInDomainSet":1}]},"Confidential":false},{"DomainMappingElement":{"SourceDomainSet":[],"TargetDomainSet":[{"DomainGuid":"519d3cf2780f3bad93f13fd7f16c8b2c","AlternativeDomainGuid":"438ebb5a69b84d29b27bb89369d161e0","Position":1}],"Documentation":{}},"Transformation":{"Function":{"FunctionGuid":"00000000000000000000000000000002","FunctionParameters":[{"PositionInParameterList":1,"Direction":"IN","Type":"STRING","Name":"value"},{"PositionInParameterList":2,"Direction":"OUT","Type":"NODE_LIST","Name":"nodes_out_1"}],"FunctionImplementations":[{"SourceCode":"\u003cxsl:value-of select\u003d\"$nodes_in/value\"/\u003e","FunctionImplementationLanguage":{"Name":"XSLT","Version":"2.0"}}],"isReference":false},"ParameterAssignments":[{"PositionInParameterList":1,"PositionInParameter":1,"Value":"1"},{"PositionInParameterList":2,"PositionInParameter":1,"PositionInDomainSet":1}]},"Confidential":false},{"DomainMappingElement":{"SourceDomainSet":[],"TargetDomainSet":[{"DomainGuid":"7a738e2c25fc31deb0157bf8b52a7a83","AlternativeDomainGuid":"be0b8db91663432a91cd84620ea6cb49","Position":1}],"Documentation":{}},"Transformation":{"Function":{"FunctionGuid":"00000000000000000000000000000002","FunctionParameters":[{"PositionInParameterList":1,"Direction":"IN","Type":"STRING","Name":"value"},{"PositionInParameterList":2,"Direction":"OUT","Type":"NODE_LIST","Name":"nodes_out_1"}],"FunctionImplementations":[{"SourceCode":"\u003cxsl:value-of select\u003d\"$nodes_in/value\"/\u003e","FunctionImplementationLanguage":{"Name":"XSLT","Version":"2.0"}}],"isReference":false},"ParameterAssignments":[{"PositionInParameterList":1,"PositionInParameter":1,"Value":"I"},{"PositionInParameterList":2,"PositionInParameter":1,"PositionInDomainSet":1}]},"Confidential":false},{"DomainMappingElement":{"SourceDomainSet":[{"DomainGuid":"cf21900a3915315eb415c58a2f26f6f8","Position":1}],"TargetDomainSet":[{"DomainGuid":"5a42e352bd59380dafd7a07f359ff275","AlternativeDomainGuid":"04f21f0dc5483a71b697d49e8e75edc7","Position":1}],"Documentation":{}},"Confidential":false},{"DomainMappingElement":{"SourceDomainSet":[],"TargetDomainSet":[{"DomainGuid":"aadf40c2c35d3e369006a6430b01a9d9","AlternativeDomainGuid":"b9f97b3e563234d18e654b77680444a8","Position":1}],"Documentation":{}},"Transformation":{"Function":{"FunctionGuid":"00000000000000000000000000000002","FunctionParameters":[{"PositionInParameterList":1,"Direction":"IN","Type":"STRING","Name":"value"},{"PositionInParameterList":2,"Direction":"OUT","Type":"NODE_LIST","Name":"nodes_out_1"}],"FunctionImplementations":[{"SourceCode":"\u003cxsl:value-of select\u003d\"$nodes_in/value\"/\u003e","FunctionImplementationLanguage":{"Name":"XSLT","Version":"2.0"}}],"isReference":false},"ParameterAssignments":[{"PositionInParameterList":1,"PositionInParameter":1,"Value":"A3"},{"PositionInParameterList":2,"PositionInParameter":1,"PositionInDomainSet":1}]},"Confidential":false},{"DomainMappingElement":{"SourceDomainSet":[{"DomainGuid":"6356a2597c0f3e748db0308968ec10c7","Position":1}],"TargetDomainSet":[{"DomainGuid":"748640bc9e643020b3de494dd700703e","AlternativeDomainGuid":"d4d4082ae37f32edb4dc74b28e9949b3","Position":1}],"Documentation":{}},"Transformation":{"Function":{"FunctionGuid":"00000000000000000000000000000001","FunctionParameters":[{"PositionInParameterList":1,"Direction":"IN","Type":"NODE_LIST","Name":"BTGEW"},{"PositionInParameterList":2,"Direction":"OUT","Type":"NODE_LIST","Name":"nodes_out_1"}],"FunctionImplementations":[{"SourceCode":"\u003cxsl:sequence select\u003d\"$nodes_in/*\"/\u003e","FunctionImplementationLanguage":{"Name":"XSLT","Version":"2.0"}}],"isReference":false},"ParameterAssignments":[{"PositionInParameterList":1,"PositionInParameter":1,"PositionInDomainSet":1},{"PositionInParameterList":2,"PositionInParameter":1,"PositionInDomainSet":1}]},"Confidential":false},{"DomainMappingElement":{"SourceDomainSet":[],"TargetDomainSet":[{"DomainGuid":"97dcb312ab20344cbcdb65f07092cc8b","AlternativeDomainGuid":"870b0552f56333bd82db89d9f71f3000","Position":1}],"Documentation":{}},"Transformation":{"Function":{"FunctionGuid":"00000000000000000000000000000002","FunctionParameters":[{"PositionInParameterList":1,"Direction":"IN","Type":"STRING","Name":"value"},{"PositionInParameterList":2,"Direction":"OUT","Type":"NODE_LIST","Name":"nodes_out_1"}],"FunctionImplementations":[{"SourceCode":"\u003cxsl:value-of select\u003d\"$nodes_in/value\"/\u003e","FunctionImplementationLanguage":{"Name":"XSLT","Version":"2.0"}}],"isReference":false},"ParameterAssignments":[{"PositionInParameterList":1,"PositionInParameter":1,"Value":"01"},{"PositionInParameterList":2,"PositionInParameter":1,"PositionInDomainSet":1}]},"Confidential":false},{"DomainMappingElement":{"SourceDomainSet":[],"TargetDomainSet":[{"DomainGuid":"ce4647c86fac3335950c5c85d15a7c44","AlternativeDomainGuid":"e459f625fe9d38849b54d722243fcb7d","Position":1}],"Documentation":{}},"Transformation":{"Function":{"FunctionGuid":"00000000000000000000000000000002","FunctionParameters":[{"PositionInParameterList":1,"Direction":"IN","Type":"STRING","Name":"value"},{"PositionInParameterList":2,"Direction":"OUT","Type":"NODE_LIST","Name":"nodes_out_1"}],"FunctionImplementations":[{"SourceCode":"\u003cxsl:value-of select\u003d\"$nodes_in/value\"/\u003e","FunctionImplementationLanguage":{"Name":"XSLT","Version":"2.0"}}],"isReference":false},"ParameterAssignments":[{"PositionInParameterList":1,"PositionInParameter":1,"Value":"B"},{"PositionInParameterList":2,"PositionInParameter":1,"PositionInDomainSet":1}]},"Confidential":false},{"DomainMappingElement":{"SourceDomainSet":[],"TargetDomainSet":[{"DomainGuid":"b20046b06bb7357f810b3dd7d833fd70","AlternativeDomainGuid":"27d09188826d459987fd719ca8c49874","Position":1}],"Documentation":{}},"Transformation":{"Function":{"FunctionGuid":"00000000000000000000000000000002","FunctionParameters":[{"PositionInParameterList":1,"Direction":"IN","Type":"STRING","Name":"value"},{"PositionInParameterList":2,"Direction":"OUT","Type":"NODE_LIST","Name":"nodes_out_1"}],"FunctionImplementations":[{"SourceCode":"\u003cxsl:value-of select\u003d\"$nodes_in/value\"/\u003e","FunctionImplementationLanguage":{"Name":"XSLT","Version":"2.0"}}],"isReference":false},"ParameterAssignments":[{"PositionInParameterList":1,"PositionInParameter":1,"Value":"P"},{"PositionInParameterList":2,"PositionInParameter":1,"PositionInDomainSet":1}]},"Confidential":false},{"DomainMappingElement":{"SourceDomainSet":[{"DomainGuid":"b0012ba7ee433d848c43a7bb4dc572a8","AlternativeDomainGuid":"b3043239865e4f03a547bf82e1d499ac","Position":1}],"TargetDomainSet":[{"DomainGuid":"c331f5f7251a3e0eac21c7fd3b86fa94","AlternativeDomainGuid":"d23af804a060333db68406ccb30816e9","Position":1}],"Documentation":{}},"Transformation":{"Function":{"FunctionGuid":"10010000000000000000000000000001","FunctionParameters":[{"PositionInParameterList":1,"Direction":"IN","Type":"NODE_LIST","Name":"source_date_time_value"},{"PositionInParameterList":2,"Direction":"IN","Type":"NODE_LIST","Name":"source_date_time_format"},{"PositionInParameterList":3,"Direction":"IN","Type":"STRING","Name":"target_date_time_format"},{"PositionInParameterList":4,"Direction":"OUT","Type":"NODE_LIST","Name":"target_date_time_value"}],"FunctionImplementations":[{"SourceCode":"\u003cxsl:sequence select\u003d\"ica_fn:transform-dateTime($nodes_in/nodes_in_1,$nodes_in/source_date_time_format,$nodes_in/target_date_time_format)\"/\u003e","FunctionImplementationLanguage":{"Name":"XSLT","Version":"2.0"}}],"isReference":false},"ParameterAssignments":[{"PositionInParameterList":1,"PositionInParameter":1,"PositionInDomainSet":1},{"PositionInParameterList":2,"PositionInParameter":1,"Value":"CCYYMMDD"},{"PositionInParameterList":3,"PositionInParameter":1,"Value":"CCYYMMDD"},{"PositionInParameterList":4,"PositionInParameter":1,"PositionInDomainSet":1}]},"Confidential":false}],"TargetNodeDuplicationRules":[],"TargetNodeStatus":{},"SharedFunctions":[],"SharedVariables":[],"AdministrativeData":{"CreatedBy":"moussa.el.kakouchi@sap.com","CreatedOn":1743420590148,"ModifiedBy":"moussa.el.kakouchi@sap.com","ModifiedOn":1743420590148,"LastImportedOn":1743420590148,"LastImportedBy":"moussa.el.kakouchi@sap.com"},"LifecycleInfo":{},"Documentation":{"Name":{"ArtifactValue":{"Id":"876274d6ff0c3f04aedbb841c69ebe21","action":"NONE"}},"Definition":{"ArtifactValue":{"Id":"6666cd76f96936469e7be39d750cc7d9","action":"NONE"}},"Summary":{"ArtifactValue":{"Id":"afd78e564c6e3720afdc95126f15282e","action":"NONE"}},"NumberOfNotes":0,"Notes":[]},"DocumentationArtifacts":{"UID-1ee670a8-d705-4a7a-8d4f-d640fb813521":"UID-f4a8bd8d-4323-42cc-9463-0b9687545658","afd78e564c6e3720afdc95126f15282e":"UID-7783b2b1-a4b3-4e09-b8fa-8cb7243cbab5","UID-19cbdf4c-30c4-4bc6-b965-b31ab013d479":"UID-f4a8bd8d-4323-42cc-9463-0b9687545658","6666cd76f96936469e7be39d750cc7d9":"","UID-d6765586-0603-4c73-a1d9-e85cef063512":"UID-f4a8bd8d-4323-42cc-9463-0b9687545658","UID-d5e41ad1-b30c-4009-a48c-8de23871049a":"UID-f4a8bd8d-4323-42cc-9463-0b9687545658","UID-9b82a1e9-1169-478d-9e81-2a27adc7dfe2":"UID-f4a8bd8d-4323-42cc-9463-0b9687545658","39b04bf386713a099020b77855dbf15f":"[DEMO] 03.) #BASE# - SAP IDOC DESADV.DELVRY07.ZDELVRY07 -to- ASC X12 005010 856-Copy","f740e49067d93f49a1deb0fba556c266":"03.) #BASE# - SAP IDOC DESADV.DELVRY07.ZDELVRY0 -to- ASC X12 005010 856","b1cd3f0cb3d738ed81684dd80972448c":"02.) [Trading Partner Name] - SAP IDOC DESADV.DELVRY07 -to- ASC X12 005010 856-Copy","876274d6ff0c3f04aedbb841c69ebe21":"02.) [Trading Partner Name] - SAP IDOC DESADV.DELVRY07 -to- ASC X12 004010 856","UID-328a9603-2549-48ea-85c7-8d7d67538de5":"","9cdd30c0fc433cafb2ae40daba7aaf88":"03.) #BASE# - SAP IDOC DESADV.DELVRY07.ZDELVRY07 -to- ASC X12 005010 856","afc652a77148383aa974de62d194fd3b":"[DEMO] 03.) #BASE# - SAP IDOC DESADV.DELVRY07 -to- ASC X12 005010 856-Copy","8b2961cbceea36029ccd4322308aab85":"Mapping Customer EDI - 07.) Versuni - SAP IDOC DESADV.DELVRY07.ZDELVRY07 for ASC X12 - Source to Customer EDI - 07.) #BASE# - ASC X12 005010 856 - Target","ee16e233266e31b0818840187ebfea86":"UID-328a9603-2549-48ea-85c7-8d7d67538de5","e58ec4b0fa3b3dd480fb28db21d7b1c7":"Customer EDI - 03.) #BASE# - SAP IDOC DESADV.DELVRY07.ZDELVRY0 -to- ASC X12 005010 856","UID-be872f55-548d-49b8-b55a-aab81e7ae562":"UID-328a9603-2549-48ea-85c7-8d7d67538de5","UID-bc16e541-13a5-4e48-adb7-7b1f626de4de":"UID-f4a8bd8d-4323-42cc-9463-0b9687545658","UID-8e7be82c-5853-4273-b03f-af2c75600060":"UID-328a9603-2549-48ea-85c7-8d7d67538de5","7f5c1c031e133697a9733aa36a86b4db":"02.) [Trading Partner Name] - SAP IDOC DESADV.DELVRY07 -to- ASC X12 004010 856-Copy","d6e473434b7236ceadaefb4757d79e47":"Customer EDI - 07.) #BASE# - SAP IDOC DESADV.DELVRY07.ZDELVRY0 -to- ASC X12 005010 856","UID-64d9baac-dda3-490e-bf7e-ccecbf72dd01":"","UID-8e9d5157-e200-4799-b241-bb6eda3f4301":"UID-f4a8bd8d-4323-42cc-9463-0b9687545658","UID-d619a29c-bd18-4a17-92da-17e8c8905f42":"UID-f4a8bd8d-4323-42cc-9463-0b9687545658","UID-024468aa-1b9d-48cc-ad19-389afad913ff":"UID-19cbdf4c-30c4-4bc6-b965-b31ab013d479","19f4172ba9993b718467b947a6594edd":"UID-f4a8bd8d-4323-42cc-9463-0b9687545658","UID-7d2bb458-393f-4831-a21d-529fde7c871c":"UID-f4a8bd8d-4323-42cc-9463-0b9687545658","UID-7783b2b1-a4b3-4e09-b8fa-8cb7243cbab5":"UID-024468aa-1b9d-48cc-ad19-389afad913ff","UID-f4a8bd8d-4323-42cc-9463-0b9687545658":"UID-328a9603-2549-48ea-85c7-8d7d67538de5","UID-1a1b6996-a508-4bb6-bcb0-dd9031217872":"UID-f4a8bd8d-4323-42cc-9463-0b9687545658","UID-573f1bc3-a2a7-4988-b65c-cc8e39115eb7":"[DEMO] 02.) - SAP IDOC DESADV.DELVRY07 -to- ASC X12 005010 856","UID-c2d564f7-b279-4295-b22b-d226f32ae58d":"UID-f4a8bd8d-4323-42cc-9463-0b9687545658","UID-562ee164-ab2b-499b-96d8-e6507d2fd338":"UID-7783b2b1-a4b3-4e09-b8fa-8cb7243cbab5"}}