{"Alias":"3PL_B2BSystem","Name":"B2B System","Description":"","SystemType":"513dd39317d245a1b3c09b810fc58267","Purpose":"Dev","Link":"","Setting":true,"TypeSystems":[{"Id":"GS1_XML","Name":"GS1 XML","Versions":[{"Id":"3.4.1","Name":"3.4.1"},{"Id":"3.2","Name":"3.2"}]}],"DocumentSchemaVersion":"1.0","administrativeData":{"createdAt":1730906012257,"createdBy":"jan.feyen@sap.com","modifiedAt":1730906012257,"modifiedBy":"jan.feyen@sap.com"},"ParentId":"ad9c12dad0f9475bb54ea2361cea6d00","ParentArtifactType":"TRADING_PARTNER","searchableAttributes":{"Alias":["3PL_B2BSystem"],"SystemType":["513dd39317d245a1b3c09b810fc58267"],"TENANT":["e30aab0a-9c29-40d4-a156-5e6dc245c28f"]},"artifactProperties":{},"relations":[],"ArtifactRelations":{},"artifactStatus":"Draft","id":"2baf9ac27adf432284938c22406166d5","uniqueId":"a54e8b8b022244418032ec76a553921b","artifactType":"SYSTEM_INSTANCE","displayName":"B2B System","semanticVersion":"1.0"}