{"Alias":"S/4 HANA System","Name":"S/4 HANA System","Description":"","SystemType":"e60fa10b112d4ef0aa8e9e599922f05e","Purpose":"Test","Link":"","Setting":true,"TypeSystems":[{"Id":"ASC_X12","Name":"ASC X12","Versions":[{"Id":"004010","Name":"004010"}]},{"Id":"SAP_S4HANA_OnPremise_SOA","Name":"SAP S/4HANA On Premise SOAP","Versions":[{"Id":"1905","Name":"1905"}]},{"Id":"SAP_IDoc","Name":"SAP S/4HANA On Premise IDoc","Versions":[{"Id":"755","Name":"755"},{"Id":"1809_FPS02","Name":"1809_FPS02"}]},{"Id":"SAP_S4HANA_Cloud_SOA","Name":"SAP S/4HANA Cloud SOAP","Versions":[{"Id":"2302","Name":"2302"}]}],"DocumentSchemaVersion":"1.0","administrativeData":{"createdAt":1713854537877,"createdBy":"jingwen.li01@sap.com","modifiedAt":1738146487322,"modifiedBy":"jan.feyen@sap.com"},"ParentId":"myCompany","ParentArtifactType":"COMPANY","searchableAttributes":{"Alias":["S/4 HANA System"],"SystemType":["e60fa10b112d4ef0aa8e9e599922f05e"],"TENANT":["e30aab0a-9c29-40d4-a156-5e6dc245c28f"]},"artifactProperties":{},"relations":[],"ArtifactRelations":{},"artifactStatus":"Draft","id":"9e446f07ceb64f33bae5e11b66be71ac","uniqueId":"32a87e068ead40e5bb4a6e727b4ac402","artifactType":"SYSTEM_INSTANCE","displayName":"S/4 HANA System","semanticVersion":"1.0"}