{"ArtifactMetadata":{"SchemaVersion":"1.1","ArtifactType":"MigVersionInfo"},"value":{"ObjectGUID":"d5100085cbe34921aa2d29c8801f6b49","MIGGUID":"4c4e1f3e1377447398e4f5e4536e8ae7","ImportCorrelationObjectId":"d5100085cbe34921aa2d29c8801f6b49","ImportCorrelationGroupId":"4c4e1f3e1377447398e4f5e4536e8ae7","VersionId":"1.0","Name":"03.) [Trading Partner Name] - Tradacoms 9 INVFIL - Target","Status":"Draft","HasEnvelope":true,"MessageTemplate":{"TypeSystemId":"TRADACOMS","TypeSystemDisplayId":"TRADACOMS","VersionId":"All","VersionDisplayId":"All","Revision":1,"Id":"INVFIL_FILE_9","DisplayId":"INVFIL_FILE:9","Name":"Invoice File (Version 9)","IsCustomMessage":false},"EnvelopeTemplate":{"IsCustomMessage":false},"AdministrativeData":{"CreatedBy":"jingwen.li01@sap.com","CreatedOn":1716315562093,"ModifiedBy":"vishakha.deshmukh@sap.com","ModifiedOn":1727096670215}}}