{"ArtifactMetadata":{"SchemaVersion":"1.1","ArtifactType":"MigVersionInfo"},"value":{"ObjectGUID":"e15b4a79ae904108b962f2904618a4ed","MIGGUID":"faa54266682b46c18d997e0d2cf7137e","ImportCorrelationObjectId":"e15b4a79ae904108b962f2904618a4ed","ImportCorrelationGroupId":"faa54266682b46c18d997e0d2cf7137e","VersionId":"1.0","Name":"01.a) [Trading Partner Name] - TRADACOMS 9 ORDHDR - Source","Status":"Draft","HasEnvelope":true,"MessageTemplate":{"TypeSystemId":"TRADACOMS","TypeSystemDisplayId":"TRADACOMS","VersionId":"All","VersionDisplayId":"All","Revision":1,"Id":"ORDHDR_FILE_9","DisplayId":"ORDHDR_FILE:9","Name":"Order File (Version 9)","IsCustomMessage":false},"EnvelopeTemplate":{"IsCustomMessage":false},"AdministrativeData":{"CreatedBy":"jingwen.li01@sap.com","CreatedOn":1716314758374,"ModifiedBy":"tamaki.ogura@sap.com","ModifiedOn":1725011919019}}}