{"ArtifactMetadata":{"SchemaVersion":"1.1","ArtifactType":"MigVersionInfo"},"value":{"ObjectGUID":"fb5b8dc7ce034ed79783d7633a6dfc1d","MIGGUID":"f3bfa0b2fbe24df9b1baca3decb42561","ImportCorrelationObjectId":"fb5b8dc7ce034ed79783d7633a6dfc1d","ImportCorrelationGroupId":"f3bfa0b2fbe24df9b1baca3decb42561","VersionId":"1.0","Name":"01.b) [Trading Partner Name] - TRADACOMS 4 ACKHDR - Target","Status":"Draft","HasEnvelope":true,"MessageTemplate":{"TypeSystemId":"TRADACOMS","TypeSystemDisplayId":"TRADACOMS","VersionId":"All","VersionDisplayId":"All","Revision":2,"Id":"ACKHDR_FILE_4","DisplayId":"ACKHDR_FILE:4","Name":"Acknowledgement File (Version 4)","IsCustomMessage":false},"EnvelopeTemplate":{"IsCustomMessage":false},"AdministrativeData":{"CreatedBy":"tamaki.ogura@sap.com","CreatedOn":1724844549804,"ModifiedBy":"tamaki.ogura@sap.com","ModifiedOn":1727174559842}}}