{"ArtifactMetadata":{"SchemaVersion":"1.1","ArtifactType":"Codelist"},"Identification":{"CodelistGUID":"a4e1771d4621447ba4c94543068530ef","ImportCorrelationGroupId":"a4e1771d4621447ba4c94543068530ef","ImportCorrelationObjectId":"79bc80e37e88468394f0f2d01ca097ad","Category":"Codelist","Id":"B2BIFACTORY_EDI_VDTD13","TypeSystemId":"Customer_TS_CL","TypeSystemAcronym":"Custom Codelists","VersionId":"1.0","IsLatestVersion":true,"ObjectGUID":"79bc80e37e88468394f0f2d01ca097ad","Customer":"fd071028502f5e5e1104606396090e5a","Tenant":"9748cb43605aee3f9f6296bf59758314","IsCustomObject":true},"Status":"Draft","VertexGUID":"1a9ab2beca8c3bae95be8ee08cbeecc1","AdministrativeData":{"CreatedBy":"vishakha.deshmukh@sap.com","CreatedOn":1738771380962,"ModifiedBy":"vishakha.deshmukh@sap.com","ModifiedOn":1738771456163},"Documentation":{"Name":{"ArtifactValue":{"VertexGUID":"ced48debdf7533c3a79affdbeaa44e9d","Id":"6c4a947ae15332c388cf529681125b49","LanguageCode":"en-us","action":"CREATED"}},"Definition":{"ArtifactValue":{"VertexGUID":"fb5696eda01e398b8bccfde3c4aff54f","Id":"57289f124af435c1b877007b5efc6c58","LanguageCode":"en-us","action":"CREATED"}},"NumberOfNotes":0,"Notes":[]},"Properties":{"ExternalCategory":{"BaseArtifactValue":{"VertexGUID":"3c4698f42c5530d88ba74392fe2b6f35","Id":"Codelist","action":"NONE"},"PropertyName":"ExternalCategory"}},"NumberOfCodeValues":2,"Codes":[{"VertexGUID":"98f9b8c7c1163a1a87446f00e0973f61","Id":"900","Documentation":{"Name":{"ArtifactValue":{"VertexGUID":"9557c455efc33683b80d98f416baf4c3","Id":"fee4d5c5f5223da29bbb576d54c4385b","LanguageCode":"en-us","action":"CREATED"}},"Definition":{"ArtifactValue":{"VertexGUID":"f44e7e1ca6d9359e8a2ddafa0aaba149","Id":"6666cd76f96936469e7be39d750cc7d9","LanguageCode":"en-us","action":"CREATED"}},"NumberOfNotes":0,"Notes":[]}},{"VertexGUID":"a1b117f744443a0aa8126297633f344f","Id":"901","Documentation":{"Name":{"ArtifactValue":{"VertexGUID":"8d855f42060734998818ef1f98bbada6","Id":"6249ef67fe363e248fcaa647d5f97026","LanguageCode":"en-us","action":"CREATED"}},"Definition":{"ArtifactValue":{"VertexGUID":"30426402740f3bbfb7ba1b4b3302cb5e","Id":"6666cd76f96936469e7be39d750cc7d9","LanguageCode":"en-us","action":"CREATED"}},"NumberOfNotes":0,"Notes":[]}}],"DocumentationArtifacts":{"fee4d5c5f5223da29bbb576d54c4385b":"Delivery Slot Negotiated","57289f124af435c1b877007b5efc6c58":"qualifier: Date (delivery)","6666cd76f96936469e7be39d750cc7d9":"","6249ef67fe363e248fcaa647d5f97026":"Transport Planned","6c4a947ae15332c388cf529681125b49":"B2BIFACTORY_EDI_VDTD13"}}