{"Name":"[B2B Integration Factory] - Purchase to Pay B2B Scenario - SOAP - Template","Description":"This template provides a standardized framework for implementing the Purchase to Pay B2B scenario using SOAP protocols. It helps businesses streamline process integration and improve data interchange efficiency with their partners. New agreements can be copied or directly bound to this template, ensuring consistency, accuracy, and operational excellence.","Version":"1.0","OwnedBy":"Self","OwnerId":"myCompany","Shared":false,"TransactionsNumber":0,"CompanyData":{"Id":"myCompany","Name":"Sika Information Systems","ShortName":"Sika AG","Role":"INITIATOR","SystemInstance":{"Properties":{"Id":"9e446f07ceb64f33bae5e11b66be71ac","Label_Name":"S/4 HANA System","Label_Purpose":"TEST"}},"TypeSystem":{"Properties":{"Id":"SAP_IDoc","Label_Name":"SAP S/4HANA On Premise IDoc"}},"TypeSystemVersion":"755","IdAsSender":{"Properties":{"Id":"3759275e777b42259821d57e7af91c9c","Label_Name":"Company_IDOC_SOA_ID","Label_SchemeCode":"N/A","Label_SchemeName":"N/A","Label_TypeSystemId":"SAP_IDoc","Label_TypeSystemName":"SAP S/4HANA On Premise IDoc","Label_IsGroup":"false"}},"IdAsReceiver":{"Properties":{"Id":"f49e65fa67284c908b2c4e2d7a76d943","Label_Name":"Company_CloudSOAP_ID","Label_SchemeCode":"N/A","Label_SchemeName":"N/A","Label_TypeSystemId":"SAP_S4HANA_Cloud_SOA","Label_TypeSystemName":"SAP S/4HANA Cloud SOAP","Label_IsGroup":"false"}},"ContactPerson":{"Properties":{"Id":"","Label_Name":""}}},"TradingPartnerData":{"Role":"REACTOR","AliasForSystemInstance":{"Properties":{"Alias":"[B2B Integration Factory]-System"}},"TypeSystem":{"Properties":{"Id":"SAP_S4HANA_Cloud_SOA","Label_Name":"SAP S/4HANA Cloud SOAP"}},"TypeSystemVersion":"1905","AliasForIdentifierInOwnTS":{"Properties":{"Alias":"TP_SOA_ID"}},"AliasForIdentifierInCompanyTS":{"Properties":{"Alias":"TP_IDOC_SOA_ID"}},"AliasForContactPersonRole":{"Properties":{"Alias":""}}},"CommunicationPartnerData":{"IdForTradingPartner":{"Properties":{"Label_Name":""}},"IdForSystemInstance":{"Properties":{"Label_SystemInstanceName":"","Label_Purpose":""}}},"B2BScenarioDetailsId":"37492d31f96f44d9b77ed3e49c007a27","DocumentSchemaVersion":"1.0","administrativeData":{"createdAt":1732011045460,"createdBy":"tamaki.ogura@sap.com","modifiedAt":1752675153392,"modifiedBy":"jan.feyen@sap.com"},"ParentId":"e30aab0a-9c29-40d4-a156-5e6dc245c28f","ParentArtifactType":"TENANT","searchableAttributes":{"ModelVersion":["2.0"],"TENANT":["e30aab0a-9c29-40d4-a156-5e6dc245c28f"]},"artifactProperties":{},"relations":[],"ArtifactRelations":{},"artifactStatus":"Draft","uniqueId":"cfb2909e9f914cf8be1b32144a51d354","displayName":"[B2B Integration Factory] - Purchase to Pay B2B Scenario - SOAP - Template","semanticVersion":"2.0","versionInfo":{"versionGroup":"cfb2909e9f914cf8be1b32144a51d354","versionNumber":1,"versionTag":"Draft","versionType":"Unversioned","taktVersion":2506,"versionedAt":1732011045460,"versionedBy":"tamaki.ogura@sap.com"},"id":"cfb2909e9f914cf8be1b32144a51d354","artifactType":"AGREEMENT_TEMPLATE_V2"}