{"IsGroupIdentifier":false,"AssociatedIdentifiers":{"Properties":{}},"Alias":"Company_IDOC_ID","TypeSystemId":"SAP_IDoc","IdentifierId":"Company_IDOC_ID","SchemeName":"N/A","SchemeCode":"N/A","DocumentSchemaVersion":"1.0","administrativeData":{"createdAt":1713862689670,"createdBy":"moussa.el.kakouchi@sap.com","modifiedAt":1721309776022,"modifiedBy":"tamaki.ogura@sap.com"},"ParentId":"myCompany","ParentArtifactType":"COMPANY","searchableAttributes":{"Alias":["Company_IDOC_ID"],"TENANT":["e30aab0a-9c29-40d4-a156-5e6dc245c28f"]},"artifactProperties":{},"relations":[],"ArtifactRelations":{},"artifactStatus":"Draft","id":"02b003f2ccd24519b7bc27ac79e37de3","uniqueId":"705868d727d54de5b1a0d73cfbb0910d","artifactType":"IDENTIFIER","displayName":"Company_IDOC_ID","semanticVersion":"1.0"}