{"IsGroupIdentifier":false,"AssociatedIdentifiers":{"Properties":{}},"Alias":"3PL_GS1XML_Company_ID","TypeSystemId":"GS1_XML","IdentifierId":"987654321","SchemeName":"GS1","SchemeCode":"GS1","DocumentSchemaVersion":"1.0","administrativeData":{"createdAt":1714715028620,"createdBy":"gunther.stuhec@sap.com","modifiedAt":1730912382680,"modifiedBy":"tamaki.ogura@sap.com"},"ParentId":"myCompany","ParentArtifactType":"COMPANY","searchableAttributes":{"Alias":["3PL_GS1XML_Company_ID"],"TENANT":["e30aab0a-9c29-40d4-a156-5e6dc245c28f"]},"artifactProperties":{},"relations":[],"ArtifactRelations":{},"artifactStatus":"Draft","id":"2051ccdb6f224c7f8e680412df9730e5","uniqueId":"620032a2e6c4473f86b5ceaf656c8213","artifactType":"IDENTIFIER","displayName":"987654321","semanticVersion":"1.0"}