{"IsGroupIdentifier":false,"AssociatedIdentifiers":{"Properties":{}},"Alias":"3PL_GS1XML_TradingPartner_ID","TypeSystemId":"GS1_XML","IdentifierId":"123456789","SchemeName":"GS1","SchemeCode":"GS1","DocumentSchemaVersion":"1.0","administrativeData":{"createdAt":1730906011787,"createdBy":"jan.feyen@sap.com","modifiedAt":1730912870102,"modifiedBy":"tamaki.ogura@sap.com"},"ParentId":"ad9c12dad0f9475bb54ea2361cea6d00","ParentArtifactType":"TRADING_PARTNER","searchableAttributes":{"Alias":["3PL_GS1XML_TradingPartner_ID"],"TENANT":["e30aab0a-9c29-40d4-a156-5e6dc245c28f"]},"artifactProperties":{},"relations":[],"ArtifactRelations":{},"artifactStatus":"Draft","id":"28deb0bfde344c87b5299a14444a6383","uniqueId":"2c4dfc08dafa42b39d26c641a943e09f","artifactType":"IDENTIFIER","displayName":"123456789","semanticVersion":"1.0"}