{"IsGroupIdentifier":false,"AssociatedIdentifiers":{"Properties":{}},"Alias":"3PL_IDOC_TradingPartner_ID","TypeSystemId":"SAP_IDoc","IdentifierId":"3PL_IDOC_ID","SchemeName":"N/A","SchemeCode":"N/A","DocumentSchemaVersion":"1.0","administrativeData":{"createdAt":1730906011403,"createdBy":"jan.feyen@sap.com","modifiedAt":1730912885988,"modifiedBy":"tamaki.ogura@sap.com"},"ParentId":"ad9c12dad0f9475bb54ea2361cea6d00","ParentArtifactType":"TRADING_PARTNER","searchableAttributes":{"Alias":["3PL_IDOC_TradingPartner_ID"],"TENANT":["e30aab0a-9c29-40d4-a156-5e6dc245c28f"]},"artifactProperties":{},"relations":[],"ArtifactRelations":{},"artifactStatus":"Draft","id":"93b7cafa70f1435a97fc846a0e57572b","uniqueId":"c1d3fd7d390243979c6ace356e41189a","artifactType":"IDENTIFIER","displayName":"3PL_IDOC_ID","semanticVersion":"1.0"}