{"Name":"[B2B Integration Factory] - Order to Cash B2B Scenario - TRADACOMS - Template","Description":"This agreement enables the seamless \"Order to Cash\" process between B2BCompany and its trading partner using the TRADACOMS standard. It leverages the B2B Integration Factory for efficient order processing, invoicing, and payments, and is compatible with SAP S/4HANA On-Premise IDoc and TRADACOMS systems. Primarily intended for development environments, the agreement uses a standardized template for consistent setup, maintains version control for alignment, and includes unique identifiers for accurate data mapping and exchange. This ensures robust communication and transaction processing, enhancing operational efficiency and accuracy.","Version":"1.0","OwnedBy":"Self","OwnerId":"myCompany","Shared":false,"TransactionsNumber":0,"CompanyData":{"Id":"myCompany","Name":"[Company Name]","Role":"INITIATOR","SystemInstance":{"Properties":{"Id":"9e446f07ceb64f33bae5e11b66be71ac","Label_Name":"S/4 HANA System","Label_Purpose":"TEST"}},"TypeSystem":{"Properties":{"Id":"SAP_IDoc","Label_Name":"SAP S/4HANA On Premise IDoc"}},"TypeSystemVersion":"1809_FPS02","IdAsSender":{"Properties":{"Id":"02b003f2ccd24519b7bc27ac79e37de3","Label_Name":"Company_IDOC_ID","Label_SchemeCode":"N/A","Label_SchemeName":"N/A","Label_TypeSystemId":"SAP_IDoc","Label_TypeSystemName":"SAP S/4HANA On Premise IDoc","Label_IsGroup":"false"}},"IdAsReceiver":{"Properties":{"Id":"51727d927da8412793cdaf18c427a800","Label_Name":"Company_TRADACOMS_ID","Label_SchemeCode":"N/A","Label_SchemeName":"N/A","Label_TypeSystemId":"TRADACOMS","Label_TypeSystemName":"TRADACOMS","Label_IsGroup":"false"}},"ContactPerson":{"Properties":{"Id":"","Label_Name":""}}},"TradingPartnerData":{"Role":"REACTOR","AliasForSystemInstance":{"Properties":{"Alias":"[B2B Integration Factory]-System"}},"TypeSystem":{"Properties":{"Id":"TRADACOMS","Label_Name":"TRADACOMS"}},"TypeSystemVersion":"All","AliasForIdentifierInOwnTS":{"Properties":{"Alias":"TP_TRADACOM_ID"}},"AliasForIdentifierInCompanyTS":{"Properties":{"Alias":"TP_IDOC_ID"}},"AliasForContactPersonRole":{"Properties":{"Alias":""}}},"CommunicationPartnerData":{"IdForTradingPartner":{"Properties":{"Label_Name":""}},"IdForSystemInstance":{"Properties":{"Label_SystemInstanceName":"","Label_Purpose":""}}},"B2BScenarioDetailsId":"ace14c64a8014aaba3e43a0f238d9857","DocumentSchemaVersion":"1.0","administrativeData":{"createdAt":1723128130887,"createdBy":"vishakha.deshmukh@sap.com","modifiedAt":1723132197215,"modifiedBy":"vishakha.deshmukh@sap.com"},"searchableAttributes":{"ModelVersion":["2.0"],"TENANT":["e30aab0a-9c29-40d4-a156-5e6dc245c28f"]},"artifactProperties":{},"relations":[],"ArtifactRelations":{},"artifactStatus":"Draft","id":"08be39fd898147e3943f743db8e7e46c","uniqueId":"08be39fd898147e3943f743db8e7e46c","artifactType":"AGREEMENT_TEMPLATE_V2","displayName":"[B2B Integration Factory] - Order to Cash B2B Scenario - TRADACOMS - Template","semanticVersion":"2.0"}