{"Alias":"S/4 HANA System","Name":"S/4 HANA System","Description":"","SystemType":"e60fa10b112d4ef0aa8e9e599922f05e","Purpose":"Test","Link":"","Setting":true,"TypeSystems":[{"Id":"ASC_X12","Name":"ASC X12","Versions":[{"Id":"004010","Name":"004010"}]},{"Id":"SAP_S4HANA_OnPremise_SOA","Name":"SAP S/4HANA On Premise SOAP","Versions":[{"Id":"1809_FPS02","Name":"1809_FPS02"}]},{"Id":"SAP_IDoc","Name":"SAP S/4HANA On Premise IDoc","Versions":[{"Id":"758","Name":"#758"}]},{"Id":"SAP_S4HANA_Cloud_SOA","Name":"SAP S/4HANA Cloud SOAP","Versions":[]},{"Id":"UNEDIFACT","Name":"UN/EDIFACT","Versions":[{"Id":"D.10A S3","Name":"D.10A S3"}]}],"DocumentSchemaVersion":"1.0","administrativeData":{"createdAt":1713854537877,"createdBy":"jingwen.li01@sap.com","modifiedAt":1762178770761,"modifiedBy":"mert.oezkan@sap.com"},"ParentId":"myCompany","ParentArtifactType":"COMPANY","searchableAttributes":{"Alias":["S/4 HANA System"],"SystemType":["e60fa10b112d4ef0aa8e9e599922f05e"],"TENANT":["e30aab0a-9c29-40d4-a156-5e6dc245c28f"]},"artifactProperties":{},"relations":[],"ArtifactRelations":{},"artifactStatus":"Draft","uniqueId":"32a87e068ead40e5bb4a6e727b4ac402","displayName":"S/4 HANA System","semanticVersion":"1.0","id":"9e446f07ceb64f33bae5e11b66be71ac","artifactType":"SYSTEM_INSTANCE"}