{"IsVanScenario":false,"FunctionalAck":{},"BusinessTransactions":[{"Id":"840be5fcada6414bbcbe2053b5315575","PatternReference":{"Id":"REQUEST_RESPONSE","Version":"1.0","Name":"Two Way Request Reply"},"Sequence":1,"TransactionProperties":{"Properties":{"Name":"01.) Sales Order Request/Response","Reactor":"myCompany","Label_ReactorName":"[Company Name]","Initiator":"18be672c721d4f1f845f6436ec301fba","communicationPartnerId":""}},"BusinessTransactionActivities":[{"Id":"a65886869b6745ccbe95971342fbc868","BusinessTransactionActivityReference":{"Id":"REQUEST-FLOW","Version":"1.0","Name":"Request Processing"},"Sequence":1,"BusinessTransactionActivityProperties":{"Properties":{}},"ActivityParameters":[],"ChoreographyProperties":{"Properties":{"SENDER_SYSTEM":{"Properties":{"TypeSystem":"ASC_X12","SystemInstanceId":"4d79cc68ef0540dc9dd1dec9ea0c5160","SyntaxValidation":"true","IdAsSender":"fc9c0136309642729c558b240e80dd87","IdAsSenderAlias":"TPASCX12","SystemInstanceAlias":"[B2B Integration Factory]-System","IdAsReceiver":"4c87c10cb0e444a286ec265e291c5acc","Id":"18be672c721d4f1f845f6436ec301fba","TypeSystemVersion":"005010"}},"SENDER_ADAPTER":{"Properties":{"CCTForSenderFunctionalACKAlias":"","CCTForSenderFunctionalACKId":"","CommunicationChannelTemplateId":"e5e5781b2cb244639801cb9f0ec585ad","CommunicationChannelTemplateAlias":"B2B-Simulation.Sender"}},"SENDER_INTERCHANGE":{"Properties":{"Validation":"false","ImportCorrelationObjectId":"9816417cfab64e718510c16a723d4921","TypeSystem":"ASC_X12","Label_MIGIdName":"01.) [Trading Partner Name] - ASC X12 004010 850 - Source","ContactPersonId":"","ObjectGUID":"9816417cfab64e718510c16a723d4921","HasEnvelope":"false","MIGGUID":"2b069a5f502e465a9b27c5b3fc3ad0a3","Label_MIGStatus":"Draft","SyntaxValidation":"true","CreateAcknowledgement":"","FunctionalAck":"","ImportCorrelationGroupId":"2b069a5f502e465a9b27c5b3fc3ad0a3","MIGLink":"","MessageType":"850","TypeSystemVersion":"004010","MIGVersionId":"1.0"}},"MAPPING":{"Properties":{"MAGVersionId":"1.0","ImportCorrelationObjectId":"479c94df690c4db08b667d424664ded3","Label_MAGName":"01.) [Trading Partner Name] - ASC X12 004010 850 -to- SAP IDOC ORDERS.ORDERS05","MAGGUID":"d56411333a46422480198cf2ceb5b800","ImportCorrelationGroupId":"d56411333a46422480198cf2ceb5b800","MAGLink":"","ObjectGUID":"479c94df690c4db08b667d424664ded3","Label_MAGStatus":"Draft"}},"RECEIVER_INTERCHANGE":{"Properties":{"Validation":"false","ImportCorrelationObjectId":"fe03c33414cf43ae824aa77862f8f345","TypeSystem":"SAP_IDoc","Label_MIGIdName":"01.a) [Company Name] - SAP IDOC ORDERS.ORDERS05 for Customer EDI - Target","ContactPersonId":"","ObjectGUID":"d5419c57f50e48c5b50330d98f956631","HasEnvelope":"false","MIGGUID":"a080d58a66c643b5af1b08333d839516","NumberRange":"ICN_TRADACOMS","Label_MIGStatus":"Draft","FunctionalAck":"","ImportCorrelationGroupId":"7eace892ab9342109bf675d8c3c78d3f","MIGLink":"","MessageType":"ORDERS.ORDERS05","TypeSystemVersion":"755","MIGVersionId":"1.0","RACKRequired":""}},"RECEIVER_ADAPTER":{"Properties":{"CommunicationChannelTemplateId":"8e69240364144c06a5d42fa746694f70","CommunicationChannelTemplateAlias":"B2B-Simulation.Receiver"}},"RECEIVER_SYSTEM":{"Properties":{"TypeSystem":"SAP_IDoc","SystemInstanceId":"9e446f07ceb64f33bae5e11b66be71ac","IdAsSender":"f073bad6e4f8492d83e9ccb134cd700f","IdAsSenderAlias":"TP_004010_IDOC_ID","Id":"myCompany","IdAsReceiver":"02b003f2ccd24519b7bc27ac79e37de3","TypeSystemVersion":"755"}}}}},{"Id":"1b07eace396d490f8b6540540baf2882","BusinessTransactionActivityReference":{"Id":"RESPONSE-FLOW","Version":"1.0","Name":"Response Processing"},"Sequence":1,"BusinessTransactionActivityProperties":{"Properties":{}},"ActivityParameters":[],"ChoreographyProperties":{"Properties":{"SENDER_SYSTEM":{"Properties":{"TypeSystem":"SAP_IDoc","SystemInstanceId":"9e446f07ceb64f33bae5e11b66be71ac","IdAsSender":"02b003f2ccd24519b7bc27ac79e37de3","IdAsReceiverAlias":"TP_004010_IDOC_ID","Id":"myCompany","IdAsReceiver":"f073bad6e4f8492d83e9ccb134cd700f","TypeSystemVersion":"755"}},"SENDER_ADAPTER":{"Properties":{"CCTForSenderFunctionalACKAlias":"","CommunicationChannelTemplateId":"465a5f3f773047c19f8648d929b384a8","CommunicationChannelTemplateAlias":"B2B-Simulation.Sender"}},"SENDER_INTERCHANGE":{"Properties":{"Validation":"false","ImportCorrelationObjectId":"28aab241e09d4247b65dd122926130a5","TypeSystem":"SAP_IDoc","Label_MIGIdName":"01.b) [Company Name] - SAP IDOC ORDRSP.ORDERS05 for Customer EDI - Source","ContactPersonId":"","ObjectGUID":"28aab241e09d4247b65dd122926130a5","HasEnvelope":"false","MIGGUID":"6868c2d805634f24aebba47f02797094","Label_MIGStatus":"Draft","CreateAcknowledgement":"","FunctionalAck":"","ImportCorrelationGroupId":"6868c2d805634f24aebba47f02797094","MIGLink":"","MessageType":"ORDRSP.ORDERS05","TypeSystemVersion":"755","MIGVersionId":"1.0"}},"MAPPING":{"Properties":{"MAGVersionId":"1.0","ImportCorrelationObjectId":"5cbd6e162fa848ae9d124429ff2e4e71","Label_MAGName":"01.b) [Trading Partner Name] - SAP IDOC ORDRSP.ORDERS05 -to- ASC X12 004010 855","MAGGUID":"97cb3475b1384c51a124c887487089f6","ImportCorrelationGroupId":"97cb3475b1384c51a124c887487089f6","MAGLink":"","ObjectGUID":"5cbd6e162fa848ae9d124429ff2e4e71","Label_MAGStatus":"Draft"}},"RECEIVER_INTERCHANGE":{"Properties":{"Validation":"false","ImportCorrelationObjectId":"2f0b1c3f10704bf8b126a70565db68ae","TypeSystem":"ASC_X12","Label_MIGIdName":"01.b) [Trading Partner Name] - ASC X12 004010 855 - Target","ContactPersonId":"","NumberRangeAlias":"","ObjectGUID":"2f0b1c3f10704bf8b126a70565db68ae","HasEnvelope":"false","MIGGUID":"36915a5cc79f43019f2bcfede41fdad5","Label_MIGStatus":"Draft","FunctionalAck":"","ImportCorrelationGroupId":"36915a5cc79f43019f2bcfede41fdad5","MIGLink":"","MessageType":"855","TypeSystemVersion":"004010","MIGVersionId":"1.0","RACKRequired":""}},"RECEIVER_ADAPTER":{"Properties":{"CommunicationChannelTemplateId":"88ae6603360f4761a203354f716fb736","CommunicationChannelTemplateAlias":"B2B-Simulation.Receiver"}},"RECEIVER_SYSTEM":{"Properties":{"TypeSystem":"ASC_X12","SystemInstanceId":"4d79cc68ef0540dc9dd1dec9ea0c5160","IdAsReceiverAlias":"TPASCX12","IdAsSender":"4c87c10cb0e444a286ec265e291c5acc","SystemInstanceAlias":"[B2B Integration Factory]-System","Id":"18be672c721d4f1f845f6436ec301fba","IdAsReceiver":"fc9c0136309642729c558b240e80dd87","TypeSystemVersion":"005010"}}}}}]},{"Id":"8ef7f98a192c4c80907e1f6e34d15317","PatternReference":{"Id":"NOTIFICATION","Version":"1.0","Name":"One Way Notification"},"Sequence":2,"TransactionProperties":{"Properties":{"Name":"03.) Invoice - Outbound","Initiator":"myCompany","Label_InitiatorName":"[Company Name]","Reactor":"18be672c721d4f1f845f6436ec301fba","communicationPartnerId":"","Label_ReactorName":"[Trading Partner Name]"}},"BusinessTransactionActivities":[{"Id":"e982459790aa470eb55be511ee2a27e0","BusinessTransactionActivityReference":{"Id":"REQUEST-FLOW","Version":"1.0","Name":"Request Processing"},"Sequence":1,"BusinessTransactionActivityProperties":{"Properties":{}},"ActivityParameters":[],"ChoreographyProperties":{"Properties":{"SENDER_SYSTEM":{"Properties":{"TypeSystem":"SAP_IDoc","SystemInstanceId":"9e446f07ceb64f33bae5e11b66be71ac","IdAsSender":"02b003f2ccd24519b7bc27ac79e37de3","IdAsReceiverAlias":"TP_004010_IDOC_ID","Id":"myCompany","IdAsReceiver":"f073bad6e4f8492d83e9ccb134cd700f","TypeSystemVersion":"755"}},"SENDER_ADAPTER":{"Properties":{"CCTForSenderFunctionalACKAlias":"","CommunicationChannelTemplateId":"465a5f3f773047c19f8648d929b384a8","CommunicationChannelTemplateAlias":"B2B-Simulation.Sender"}},"SENDER_INTERCHANGE":{"Properties":{"Validation":"false","ImportCorrelationObjectId":"073c07275d6f4e95a2225474a0ecee24","TypeSystem":"SAP_IDoc","Label_MIGIdName":"03.) [Company Name] - SAP IDOC INVOIC.INVOIC02 for Customer EDI - Source","ContactPersonId":"","ObjectGUID":"073c07275d6f4e95a2225474a0ecee24","HasEnvelope":"false","MIGGUID":"5449ec81ca7543a19f95cd85651e8b65","Label_MIGStatus":"Draft","CreateAcknowledgement":"","FunctionalAck":"","ImportCorrelationGroupId":"5449ec81ca7543a19f95cd85651e8b65","MIGLink":"","MessageType":"INVOIC.INVOIC02","TypeSystemVersion":"755","MIGVersionId":"1.0"}},"MAPPING":{"Properties":{"MAGVersionId":"1.0","ImportCorrelationObjectId":"3fe8f72b87b84f4bbe27e9f1d3e07d8d","Label_MAGName":"03.) [Trading Partner Name] - SAP IDOC INVOIC.INVOIC02 -to- ASC X12 004010 810","MAGGUID":"0193253a2e9e4aaaa43803f2aaaf83e8","ImportCorrelationGroupId":"0193253a2e9e4aaaa43803f2aaaf83e8","MAGLink":"","ObjectGUID":"3fe8f72b87b84f4bbe27e9f1d3e07d8d","Label_MAGStatus":"Draft"}},"RECEIVER_INTERCHANGE":{"Properties":{"Validation":"false","ImportCorrelationObjectId":"dfd747a888404d70b74ee46c7caedd72","TypeSystem":"ASC_X12","Label_MIGIdName":"03.) [Trading Partner Name] - ASC X12 004010 810 - Target","ContactPersonId":"","NumberRangeAlias":"","ObjectGUID":"dfd747a888404d70b74ee46c7caedd72","HasEnvelope":"false","MIGGUID":"12435b893f0343729cb02173ef401c0d","Label_MIGStatus":"Draft","FunctionalAck":"","ImportCorrelationGroupId":"12435b893f0343729cb02173ef401c0d","MIGLink":"","MessageType":"810","TypeSystemVersion":"004010","MIGVersionId":"1.0","RACKRequired":""}},"RECEIVER_ADAPTER":{"Properties":{"CommunicationChannelTemplateId":"88ae6603360f4761a203354f716fb736","CommunicationChannelTemplateAlias":"B2B-Simulation.Receiver"}},"RECEIVER_SYSTEM":{"Properties":{"TypeSystem":"ASC_X12","SystemInstanceId":"4d79cc68ef0540dc9dd1dec9ea0c5160","IdAsReceiverAlias":"TPASCX12","IdAsSender":"4c87c10cb0e444a286ec265e291c5acc","SystemInstanceAlias":"[B2B Integration Factory]-System","Id":"18be672c721d4f1f845f6436ec301fba","IdAsReceiver":"fc9c0136309642729c558b240e80dd87","TypeSystemVersion":"005010"}}}}}]}],"DocumentSchemaVersion":"1.0","administrativeData":{"createdAt":1722849042302,"createdBy":"tamaki.ogura@sap.com","modifiedAt":1726059114049,"modifiedBy":"mert.oezkan@sap.com"},"ParentId":"e6f11e69b11e483ab74954619413e85b","ParentArtifactType":"TRADING_PARTNER_AGREEMENT_V2","searchableAttributes":{"CUSTOM_SEARCH_ATTRIBUTE":[],"TENANT":["e30aab0a-9c29-40d4-a156-5e6dc245c28f"]},"artifactProperties":{"TransactionsNumber":"2"},"relations":[],"ArtifactRelations":{},"artifactStatus":"Draft","id":"4c8353029bf44fd985efe42cfd9bd966","uniqueId":"4c8353029bf44fd985efe42cfd9bd966","artifactType":"B2B_SCENARIO","displayName":"B2B Scenario","semanticVersion":"2.0"}