{"Alias":"SOAP Receiver","Name":"SOAP Receiver","Direction":"Receiver","AdapterType":"SOAP_1.x","SecurityConfigurationMode":"","as2PartnerId":"","ConfigurationProperties":{"allAttributes":{"address":{"key":"","value":"tbd","isPersisted":true},"proxyType":{"key":"","value":"default","isPersisted":true},"locationID":{"key":"","isPersisted":false},"authentication":{"key":"","value":"Client Certificate","isPersisted":true},"credentialName":{"key":"","value":"","isPersisted":true}},"allTableAttributes":{},"name":{"key":"name","value":"","isPersisted":false}},"CommunicationLifeCycleStatus":{"Activated":false,"UpdateStatus":"NONE","ActivatedAt":0},"DocumentSchemaVersion":"1.0","administrativeData":{"createdAt":1748351233731,"createdBy":"isabel.zoller@sap.com","modifiedAt":1748351233731,"modifiedBy":"isabel.zoller@sap.com"},"ParentId":"4d79cc68ef0540dc9dd1dec9ea0c5160","ParentArtifactType":"SYSTEM_INSTANCE","searchableAttributes":{"Alias":["SOAP Receiver"],"TENANT":["e30aab0a-9c29-40d4-a156-5e6dc245c28f"]},"artifactProperties":{},"relations":[],"ArtifactRelations":{},"artifactStatus":"Draft","uniqueId":"588a5be67b4644728c2ca3ddb8618082","displayName":"SOAP Receiver","semanticVersion":"1.0","id":"588a5be67b4644728c2ca3ddb8618082","artifactType":"COMMUNICATION_CHANNEL_TEMPLATE"}