{"IsVanScenario":false,"FunctionalAck":{},"BusinessTransactions":[{"Id":"e69b5f271d6f416abf599775ca84d016","PatternReference":{"Id":"REQUEST_RESPONSE","Version":"1.0","Name":"Two Way Request Reply"},"Sequence":1,"TransactionProperties":{"Properties":{"Name":"01.) Sales Order Request/Response","Reactor":"myCompany","Label_ReactorName":"[Company Name]","Initiator":"18be672c721d4f1f845f6436ec301fba","communicationPartnerId":""}},"BusinessTransactionActivities":[{"Id":"3a47551018ea45c8b6f95622c7331ac3","BusinessTransactionActivityReference":{"Id":"REQUEST-FLOW","Version":"1.0","Name":"Request Processing"},"Sequence":1,"BusinessTransactionActivityProperties":{"Properties":{}},"ActivityParameters":[],"ChoreographyProperties":{"Properties":{"SENDER_SYSTEM":{"Properties":{"TypeSystem":"UNEDIFACT","SystemInstanceId":"4d79cc68ef0540dc9dd1dec9ea0c5160","SyntaxValidation":"true","IdAsSender":"ca9e956406604b519498353921414e84","IdAsSenderAlias":"TP_UN-EDIFACT_ID","SystemInstanceAlias":"[B2B Integration Factory]-System","IdAsReceiver":"c66f21511f3844269f41c3803a6ff135","Id":"18be672c721d4f1f845f6436ec301fba","TypeSystemVersion":"D.93A S3"}},"SENDER_ADAPTER":{"Properties":{"CCTForSenderFunctionalACKAlias":"","CCTForSenderFunctionalACKId":"","CommunicationChannelTemplateId":"e5e5781b2cb244639801cb9f0ec585ad","CommunicationChannelTemplateAlias":"B2B-Simulation.Sender"}},"SENDER_INTERCHANGE":{"Properties":{"Validation":"false","ImportCorrelationObjectId":"93a1e8ba31a34f9da2d40e5dff25597f","TypeSystem":"UNEDIFACT","Label_MIGIdName":"01.a) [Trading Partner Name]  - UN/EDIFACT D.93A ORDERS - Source","ContactPersonId":"","ObjectGUID":"93a1e8ba31a34f9da2d40e5dff25597f","HasEnvelope":"false","MIGGUID":"384be4c6e93544bbbb0ff503ee22dbab","Label_MIGStatus":"Draft","SyntaxValidation":"true","EdifactTargetDecimalCharacter":"dot","CreateAcknowledgement":"","FunctionalAck":"","ImportCorrelationGroupId":"384be4c6e93544bbbb0ff503ee22dbab","MIGLink":"","MessageType":"ORDERS","TypeSystemVersion":"D.93A S3","MIGVersionId":"1.0"}},"MAPPING":{"Properties":{"MAGVersionId":"1.0","ImportCorrelationObjectId":"a0648bb8e94242ed8436e0bb115bb826","Label_MAGName":"01.a) [Trading Partner Name] - UN/EDIFACT D.93A ORDERS -to- SAP IDOC ORDERS.ORDERS05","MAGGUID":"09f120b3dabc45cf858d343fce94f03e","ImportCorrelationGroupId":"09f120b3dabc45cf858d343fce94f03e","MAGLink":"","ObjectGUID":"a0648bb8e94242ed8436e0bb115bb826","Label_MAGStatus":"Draft"}},"RECEIVER_INTERCHANGE":{"Properties":{"Validation":"false","ImportCorrelationObjectId":"fe03c33414cf43ae824aa77862f8f345","TypeSystem":"SAP_IDoc","Label_MIGIdName":"01.a) [Company Name] - SAP IDOC ORDERS.ORDERS05 for Customer EDI - Target","ContactPersonId":"","ObjectGUID":"d5419c57f50e48c5b50330d98f956631","HasEnvelope":"false","MIGGUID":"a080d58a66c643b5af1b08333d839516","NumberRange":"","Label_MIGStatus":"Draft","FunctionalAck":"","ImportCorrelationGroupId":"7eace892ab9342109bf675d8c3c78d3f","MIGLink":"","MessageType":"ORDERS.ORDERS05","TypeSystemVersion":"755","MIGVersionId":"1.0","RACKRequired":""}},"RECEIVER_ADAPTER":{"Properties":{"CommunicationChannelTemplateId":"8e69240364144c06a5d42fa746694f70","ACKCommunicationChannelTemplateId":""}},"RECEIVER_SYSTEM":{"Properties":{"TypeSystem":"SAP_IDoc","SystemInstanceId":"9e446f07ceb64f33bae5e11b66be71ac","IdAsSender":"17d4af5fba0e4c4a90f13b3e196a3493","IdAsSenderAlias":"TP_D.93A_IDOC_ID","Id":"myCompany","IdAsReceiver":"02b003f2ccd24519b7bc27ac79e37de3","TypeSystemVersion":"755"}}}}},{"Id":"63658023f2c04658b088237951ae36f4","BusinessTransactionActivityReference":{"Id":"RESPONSE-FLOW","Version":"1.0","Name":"Response Processing"},"Sequence":1,"BusinessTransactionActivityProperties":{"Properties":{}},"ActivityParameters":[],"ChoreographyProperties":{"Properties":{"SENDER_SYSTEM":{"Properties":{"TypeSystem":"SAP_IDoc","SystemInstanceId":"9e446f07ceb64f33bae5e11b66be71ac","IdAsSender":"02b003f2ccd24519b7bc27ac79e37de3","IdAsReceiverAlias":"TP_D.93A_IDOC_ID","Id":"myCompany","IdAsReceiver":"17d4af5fba0e4c4a90f13b3e196a3493","TypeSystemVersion":"755"}},"SENDER_ADAPTER":{"Properties":{"CommunicationChannelTemplateId":"465a5f3f773047c19f8648d929b384a8"}},"SENDER_INTERCHANGE":{"Properties":{"Validation":"false","ImportCorrelationObjectId":"28aab241e09d4247b65dd122926130a5","TypeSystem":"SAP_IDoc","Label_MIGIdName":"01.b) [Company Name] - SAP IDOC ORDRSP.ORDERS05 for Customer EDI - Source","ContactPersonId":"","ObjectGUID":"28aab241e09d4247b65dd122926130a5","HasEnvelope":"false","MIGGUID":"6868c2d805634f24aebba47f02797094","Label_MIGStatus":"Draft","CreateAcknowledgement":"","FunctionalAck":"","ImportCorrelationGroupId":"6868c2d805634f24aebba47f02797094","MIGLink":"","MessageType":"ORDRSP.ORDERS05","TypeSystemVersion":"755","MIGVersionId":"1.0"}},"MAPPING":{"Properties":{"MAGVersionId":"1.0","ImportCorrelationObjectId":"7e9efdef668941cf9fb3a6f619d399e9","Label_MAGName":"01.b) [Trading Partner Name] - SAP IDOC ORDRSP.ORDERS05 -to- UN/EDIFACT D.93A ORDRSP","MAGGUID":"8b9e8e9ec11e44349aeef6818847534c","ImportCorrelationGroupId":"8b9e8e9ec11e44349aeef6818847534c","MAGLink":"","ObjectGUID":"7e9efdef668941cf9fb3a6f619d399e9","Label_MAGStatus":"Draft"}},"RECEIVER_INTERCHANGE":{"Properties":{"Validation":"false","ImportCorrelationObjectId":"6e414c4729924cfe9e7f6dde9fd2b18d","TypeSystem":"UNEDIFACT","Label_MIGIdName":"01.b) [Trading Partner Name] - UN/EDIFACT D.93A ORDRSP - Target","ContactPersonId":"","NumberRangeAlias":"","ObjectGUID":"6e414c4729924cfe9e7f6dde9fd2b18d","HasEnvelope":"false","MIGGUID":"7c52b7b2d05d4537b196779d5c999894","Label_MIGStatus":"Draft","FunctionalAck":"","ImportCorrelationGroupId":"7c52b7b2d05d4537b196779d5c999894","MIGLink":"","MessageType":"ORDRSP","TypeSystemVersion":"D.93A S3","MIGVersionId":"1.0","RACKRequired":""}},"RECEIVER_ADAPTER":{"Properties":{"CommunicationChannelTemplateId":"88ae6603360f4761a203354f716fb736","CommunicationChannelTemplateAlias":"B2B-Simulation.Receiver"}},"RECEIVER_SYSTEM":{"Properties":{"TypeSystem":"UNEDIFACT","SystemInstanceId":"4d79cc68ef0540dc9dd1dec9ea0c5160","IdAsReceiverAlias":"TP_UN-EDIFACT_ID","IdAsSender":"c66f21511f3844269f41c3803a6ff135","SystemInstanceAlias":"[B2B Integration Factory]-System","Id":"18be672c721d4f1f845f6436ec301fba","IdAsReceiver":"ca9e956406604b519498353921414e84","TypeSystemVersion":"D.93A S3"}}}}}]},{"Id":"ee65497b9e654709a9f9b7d9d1f33541","PatternReference":{"Id":"NOTIFICATION","Version":"1.0","Name":"One Way Notification"},"Sequence":2,"TransactionProperties":{"Properties":{"Name":"02.) Delivery Notification - Outbound","Initiator":"myCompany","Label_InitiatorName":"[Company Name]","Reactor":"18be672c721d4f1f845f6436ec301fba","communicationPartnerId":"","Label_ReactorName":"[Trading Partner Name]"}},"BusinessTransactionActivities":[{"Id":"3e15037e9f054f97b366a1135a1dca5c","BusinessTransactionActivityReference":{"Id":"REQUEST-FLOW","Version":"1.0","Name":"Request Processing"},"Sequence":1,"BusinessTransactionActivityProperties":{"Properties":{}},"ActivityParameters":[],"ChoreographyProperties":{"Properties":{"SENDER_SYSTEM":{"Properties":{"TypeSystem":"SAP_IDoc","SystemInstanceId":"9e446f07ceb64f33bae5e11b66be71ac","IdAsSender":"02b003f2ccd24519b7bc27ac79e37de3","IdAsReceiverAlias":"TP_D.93A_IDOC_ID","Id":"myCompany","IdAsReceiver":"17d4af5fba0e4c4a90f13b3e196a3493","TypeSystemVersion":"755"}},"SENDER_ADAPTER":{"Properties":{"CommunicationChannelTemplateId":"465a5f3f773047c19f8648d929b384a8"}},"SENDER_INTERCHANGE":{"Properties":{"Validation":"false","ImportCorrelationObjectId":"c6b1ddb47ea247f58d408ce902ba6831","TypeSystem":"SAP_IDoc","Label_MIGIdName":"02.) [Company Name] - SAP IDOC DESADV.DELVRY07 for Customer EDI - Source","ContactPersonId":"","ObjectGUID":"c6b1ddb47ea247f58d408ce902ba6831","HasEnvelope":"false","MIGGUID":"e279c992eb374814ab47e6475a1613fd","Label_MIGStatus":"Draft","CreateAcknowledgement":"","FunctionalAck":"","ImportCorrelationGroupId":"e279c992eb374814ab47e6475a1613fd","MIGLink":"","MessageType":"DESADV.DELVRY07","TypeSystemVersion":"755","MIGVersionId":"1.0"}},"MAPPING":{"Properties":{"MAGVersionId":"1.0","ImportCorrelationObjectId":"e5c9f2199cfb40d88a1ce651bc6d5cc2","Label_MAGName":"02.) [Trading Partner Name] - SAP IDOC DESADV.DELVRY07 -to- UN/EDIFACT D.10B DESADV","MAGGUID":"7feae92117ce4abd9c4fcc529c9ecb6a","ImportCorrelationGroupId":"7feae92117ce4abd9c4fcc529c9ecb6a","MAGLink":"","ObjectGUID":"e5c9f2199cfb40d88a1ce651bc6d5cc2","Label_MAGStatus":"Draft"}},"RECEIVER_INTERCHANGE":{"Properties":{"Validation":"false","ImportCorrelationObjectId":"9ecac1c6cfa64a468323ff5f5111b074","TypeSystem":"UNEDIFACT","Label_MIGIdName":"02.) [Trading Partner Name] - UN/EDIFACT D.10B DESADV - Target","ContactPersonId":"","NumberRangeAlias":"","ObjectGUID":"9ecac1c6cfa64a468323ff5f5111b074","HasEnvelope":"false","MIGGUID":"5b67ab32923e41a6bc13eb3838038a0c","Label_MIGStatus":"Draft","FunctionalAck":"","ImportCorrelationGroupId":"5b67ab32923e41a6bc13eb3838038a0c","MIGLink":"","MessageType":"DESADV","TypeSystemVersion":"D.93A S3","MIGVersionId":"1.0","RACKRequired":""}},"RECEIVER_ADAPTER":{"Properties":{"CommunicationChannelTemplateId":"88ae6603360f4761a203354f716fb736","CommunicationChannelTemplateAlias":"B2B-Simulation.Receiver"}},"RECEIVER_SYSTEM":{"Properties":{"TypeSystem":"UNEDIFACT","SystemInstanceId":"4d79cc68ef0540dc9dd1dec9ea0c5160","IdAsReceiverAlias":"TP_UN-EDIFACT_ID","IdAsSender":"c66f21511f3844269f41c3803a6ff135","SystemInstanceAlias":"[B2B Integration Factory]-System","Id":"18be672c721d4f1f845f6436ec301fba","IdAsReceiver":"ca9e956406604b519498353921414e84","TypeSystemVersion":"D.93A S3"}}}}}]},{"Id":"9c6fb264bb6142f4aa470eb50c93295f","PatternReference":{"Id":"NOTIFICATION","Version":"1.0","Name":"One Way Notification"},"Sequence":3,"TransactionProperties":{"Properties":{"Name":"03.) Invoice - Outbound","Initiator":"myCompany","Label_InitiatorName":"[Company Name]","Reactor":"18be672c721d4f1f845f6436ec301fba","communicationPartnerId":"","Label_ReactorName":"[Trading Partner Name]"}},"BusinessTransactionActivities":[{"Id":"a8573d8e827245ba8e093648cf4d87a4","BusinessTransactionActivityReference":{"Id":"REQUEST-FLOW","Version":"1.0","Name":"Request Processing"},"Sequence":1,"BusinessTransactionActivityProperties":{"Properties":{}},"ActivityParameters":[],"ChoreographyProperties":{"Properties":{"SENDER_SYSTEM":{"Properties":{"TypeSystem":"SAP_IDoc","SystemInstanceId":"9e446f07ceb64f33bae5e11b66be71ac","IdAsSender":"02b003f2ccd24519b7bc27ac79e37de3","IdAsReceiverAlias":"TP_D.93A_IDOC_ID","Id":"myCompany","IdAsReceiver":"17d4af5fba0e4c4a90f13b3e196a3493","TypeSystemVersion":"755"}},"SENDER_ADAPTER":{"Properties":{"CommunicationChannelTemplateId":"465a5f3f773047c19f8648d929b384a8"}},"SENDER_INTERCHANGE":{"Properties":{"Validation":"false","ImportCorrelationObjectId":"073c07275d6f4e95a2225474a0ecee24","TypeSystem":"SAP_IDoc","Label_MIGIdName":"03.) [Company Name] - SAP IDOC INVOIC.INVOIC02 for Customer EDI - Source","ContactPersonId":"","ObjectGUID":"073c07275d6f4e95a2225474a0ecee24","HasEnvelope":"false","MIGGUID":"5449ec81ca7543a19f95cd85651e8b65","Label_MIGStatus":"Draft","CreateAcknowledgement":"","FunctionalAck":"","ImportCorrelationGroupId":"5449ec81ca7543a19f95cd85651e8b65","MIGLink":"","MessageType":"INVOIC.INVOIC02","TypeSystemVersion":"755","MIGVersionId":"1.0"}},"MAPPING":{"Properties":{"MAGVersionId":"1.0","ImportCorrelationObjectId":"2fb04221385143c89c25d09a2941e19c","Label_MAGName":"03.) [Trading Partner Name] - SAP IDOC INVOIC.INVOIC02 -to- UN/EDIFACT D.93A INVOIC","MAGGUID":"ce833d89a7374a499e3d456b153c547f","ImportCorrelationGroupId":"ce833d89a7374a499e3d456b153c547f","MAGLink":"","ObjectGUID":"2fb04221385143c89c25d09a2941e19c","Label_MAGStatus":"Draft"}},"RECEIVER_INTERCHANGE":{"Properties":{"Validation":"false","ImportCorrelationObjectId":"4d03f405af7042d1b412195374b52750","TypeSystem":"UNEDIFACT","Label_MIGIdName":"03.) [Trading Partner Name] - UN/EDIFACT D.93A INVOIC - Target","ContactPersonId":"","NumberRangeAlias":"","ObjectGUID":"4d03f405af7042d1b412195374b52750","HasEnvelope":"false","MIGGUID":"f96b8074a90e42f1b4b196b90c911337","Label_MIGStatus":"Draft","FunctionalAck":"","ImportCorrelationGroupId":"f96b8074a90e42f1b4b196b90c911337","MIGLink":"","MessageType":"INVOIC","TypeSystemVersion":"D.93A S3","MIGVersionId":"1.0","RACKRequired":""}},"RECEIVER_ADAPTER":{"Properties":{"CommunicationChannelTemplateId":"88ae6603360f4761a203354f716fb736","CommunicationChannelTemplateAlias":"B2B-Simulation.Receiver"}},"RECEIVER_SYSTEM":{"Properties":{"TypeSystem":"UNEDIFACT","SystemInstanceId":"4d79cc68ef0540dc9dd1dec9ea0c5160","IdAsReceiverAlias":"TP_UN-EDIFACT_ID","IdAsSender":"c66f21511f3844269f41c3803a6ff135","SystemInstanceAlias":"[B2B Integration Factory]-System","Id":"18be672c721d4f1f845f6436ec301fba","IdAsReceiver":"ca9e956406604b519498353921414e84","TypeSystemVersion":"D.93A S3"}}}}}]}],"DocumentSchemaVersion":"1.0","administrativeData":{"createdAt":1723046676088,"createdBy":"vishakha.deshmukh@sap.com","modifiedAt":1727074709520,"modifiedBy":"tamaki.ogura@sap.com"},"ParentId":"32f52e52a62746e98c3d72c3964e2896","ParentArtifactType":"TRADING_PARTNER_AGREEMENT_V2","searchableAttributes":{"CUSTOM_SEARCH_ATTRIBUTE":[],"TENANT":["e30aab0a-9c29-40d4-a156-5e6dc245c28f"]},"artifactProperties":{"TransactionsNumber":"3"},"relations":[],"ArtifactRelations":{},"artifactStatus":"Draft","id":"840f900d703e40f19cccade2bc162fde","uniqueId":"840f900d703e40f19cccade2bc162fde","artifactType":"B2B_SCENARIO","displayName":"B2B Scenario","semanticVersion":"2.0"}