{"IsVanScenario":true,"FunctionalAck":{},"BusinessTransactions":[{"Id":"e69b5f271d6f416abf599775ca84d016","PatternReference":{"Id":"REQUEST_RESPONSE","Version":"1.0","Name":"Two Way Request Reply"},"Sequence":1,"TransactionProperties":{"Properties":{"Name":"01.) Sales Order Request/Response","Reactor":"myCompany","Label_ReactorName":"[Company Name]"}},"BusinessTransactionActivities":[{"Id":"3a47551018ea45c8b6f95622c7331ac3","BusinessTransactionActivityReference":{"Id":"REQUEST-FLOW","Version":"1.0","Name":"Request Processing"},"Sequence":1,"BusinessTransactionActivityProperties":{"Properties":{}},"ActivityParameters":[],"ChoreographyProperties":{"Properties":{"SENDER_SYSTEM":{"Properties":{"IdAsSenderAlias":"TP_UNEDIFACT_ID","SystemInstanceAlias":"UN-EDIFACT_B2B-System","IdAsReceiver":"c66f21511f3844269f41c3803a6ff135"}},"SENDER_ADAPTER":{"Properties":{"CCTForSenderFunctionalACKAlias":"","CommunicationChannelTemplateAlias":"B2B-Simulation.Sender"}},"SENDER_INTERCHANGE":{"Properties":{"Validation":"false","ImportCorrelationObjectId":"59235e4790f049cba9b57addafc857a8","TypeSystem":"UNEDIFACT","Label_MIGIdName":"01.a) [Trading Partner Name]  - UN/EDIFACT D.10B ORDERS - Source","ObjectGUID":"b013923ccb6e47ffb719bece2ef6ad05","MIGGUID":"1c3aa74fb6474e34a0b78b37072e907d","Label_MIGStatus":"Draft","SyntaxValidation":"true","CreateAcknowledgement":"","FunctionalAck":"","ImportCorrelationGroupId":"42c67713f0f14c36a57f657d3c68f762","MIGLink":"","MessageType":"ORDERS","TypeSystemVersion":"D.10B","MIGVersionId":"1.0"}},"MAPPING":{"Properties":{"MAGVersionId":"1.0","ImportCorrelationObjectId":"3ccc3d0da7bc4366b79d9e95afd7c615","Label_MAGName":"01.a) [Trading Partner Name] - UN/EDIFACT D.10B ORDERS -to- SAP IDOC ORDERS.ORDERS05","MAGGUID":"bb0dfba9dec84414a24981d0ace24956","ImportCorrelationGroupId":"12fff5597e824b1c80ef8f38682b5bfe","MAGLink":"","ObjectGUID":"5ce3e07ad8bf49ef8ac9041145f1df67","Label_MAGStatus":"Draft"}},"RECEIVER_INTERCHANGE":{"Properties":{"Validation":"false","ImportCorrelationObjectId":"fe03c33414cf43ae824aa77862f8f345","TypeSystem":"SAP_IDoc","Label_MIGIdName":"01.a) [Company Name] - SAP IDOC ORDERS.ORDERS05 for Customer EDI - Target","ObjectGUID":"d5419c57f50e48c5b50330d98f956631","MIGGUID":"a080d58a66c643b5af1b08333d839516","NumberRange":"","Label_MIGStatus":"Draft","FunctionalAck":"","ImportCorrelationGroupId":"7eace892ab9342109bf675d8c3c78d3f","MIGLink":"","MessageType":"ORDERS.ORDERS05","TypeSystemVersion":"755","MIGVersionId":"1.0","RACKRequired":""}},"RECEIVER_ADAPTER":{"Properties":{"CommunicationChannelTemplateId":"8e69240364144c06a5d42fa746694f70","ACKCommunicationChannelTemplateId":""}},"RECEIVER_SYSTEM":{"Properties":{"SystemInstanceId":"9e446f07ceb64f33bae5e11b66be71ac","IdAsSenderAlias":"TP_IDOC_ID","Id":"myCompany","IdAsReceiver":"02b003f2ccd24519b7bc27ac79e37de3"}}}}},{"Id":"63658023f2c04658b088237951ae36f4","BusinessTransactionActivityReference":{"Id":"RESPONSE-FLOW","Version":"1.0","Name":"Response Processing"},"Sequence":1,"BusinessTransactionActivityProperties":{"Properties":{}},"ActivityParameters":[],"ChoreographyProperties":{"Properties":{"SENDER_SYSTEM":{"Properties":{"SystemInstanceId":"9e446f07ceb64f33bae5e11b66be71ac","IdAsSender":"02b003f2ccd24519b7bc27ac79e37de3","IdAsReceiverAlias":"TP_IDOC_ID","Id":"myCompany"}},"SENDER_ADAPTER":{"Properties":{"CommunicationChannelTemplateId":"465a5f3f773047c19f8648d929b384a8"}},"SENDER_INTERCHANGE":{"Properties":{"Validation":"false","ImportCorrelationObjectId":"28aab241e09d4247b65dd122926130a5","TypeSystem":"SAP_IDoc","Label_MIGIdName":"01.b) [Company Name] - SAP IDOC ORDRSP.ORDERS05 for UN/EDIFACT Customer EDI - Source","ObjectGUID":"28aab241e09d4247b65dd122926130a5","MIGGUID":"6868c2d805634f24aebba47f02797094","Label_MIGStatus":"Draft","CreateAcknowledgement":"","FunctionalAck":"","ImportCorrelationGroupId":"6868c2d805634f24aebba47f02797094","MIGLink":"","MessageType":"ORDRSP.ORDERS05","TypeSystemVersion":"755","MIGVersionId":"1.0"}},"MAPPING":{"Properties":{"MAGVersionId":"1.0","ImportCorrelationObjectId":"f140b18f7fc1495b95344394f6e16909","Label_MAGName":"01.b) [Trading Partner Name] - SAP IDOC ORDRSP.ORDERS05 -to- UN/EDIFACT D.10B ORDRSP","MAGGUID":"f97b9fac739243a3a3f0ee69b899327c","ImportCorrelationGroupId":"f97b9fac739243a3a3f0ee69b899327c","MAGLink":"","ObjectGUID":"f140b18f7fc1495b95344394f6e16909","Label_MAGStatus":"Draft"}},"RECEIVER_INTERCHANGE":{"Properties":{"Validation":"false","ImportCorrelationObjectId":"25dd221305ce4e0ba97469dcaa471af7","TypeSystem":"UNEDIFACT","Label_MIGIdName":"01.b) [Trading Partner Name] - UN/EDIFACT D.10B ORDRSP - Target","NumberRangeAlias":"","ObjectGUID":"25dd221305ce4e0ba97469dcaa471af7","MIGGUID":"c71eb08278564c14b1a2b145686d7202","Label_MIGStatus":"Draft","FunctionalAck":"","ImportCorrelationGroupId":"c71eb08278564c14b1a2b145686d7202","MIGLink":"","MessageType":"ORDRSP","TypeSystemVersion":"D.10B","MIGVersionId":"1.0","RACKRequired":""}},"RECEIVER_ADAPTER":{"Properties":{"CommunicationChannelTemplateAlias":"B2B-Simulation.Receiver"}},"RECEIVER_SYSTEM":{"Properties":{"IdAsReceiverAlias":"TP_UNEDIFACT_ID","IdAsSender":"c66f21511f3844269f41c3803a6ff135","SystemInstanceAlias":"UN-EDIFACT_B2B-System"}}}}}]},{"Id":"ee65497b9e654709a9f9b7d9d1f33541","PatternReference":{"Id":"NOTIFICATION","Version":"1.0","Name":"One Way Notification"},"Sequence":2,"TransactionProperties":{"Properties":{"Name":"02.) Delivery Notification - Outbound","Initiator":"myCompany","Label_InitiatorName":"[Company Name]"}},"BusinessTransactionActivities":[{"Id":"3e15037e9f054f97b366a1135a1dca5c","BusinessTransactionActivityReference":{"Id":"REQUEST-FLOW","Version":"1.0","Name":"Request Processing"},"Sequence":1,"BusinessTransactionActivityProperties":{"Properties":{}},"ActivityParameters":[],"ChoreographyProperties":{"Properties":{"SENDER_SYSTEM":{"Properties":{"SystemInstanceId":"9e446f07ceb64f33bae5e11b66be71ac","IdAsSender":"02b003f2ccd24519b7bc27ac79e37de3","IdAsReceiverAlias":"TP_IDOC_ID","Id":"myCompany"}},"SENDER_ADAPTER":{"Properties":{"CommunicationChannelTemplateId":"465a5f3f773047c19f8648d929b384a8"}},"SENDER_INTERCHANGE":{"Properties":{"Validation":"false","ImportCorrelationObjectId":"c6b1ddb47ea247f58d408ce902ba6831","TypeSystem":"SAP_IDoc","Label_MIGIdName":"02.) [Company Name] - SAP IDOC DESADV.DELVRY07 for Customer EDI - Source","ObjectGUID":"c6b1ddb47ea247f58d408ce902ba6831","HasEnvelope":"false","MIGGUID":"e279c992eb374814ab47e6475a1613fd","Label_MIGStatus":"Draft","CreateAcknowledgement":"","FunctionalAck":"","ImportCorrelationGroupId":"e279c992eb374814ab47e6475a1613fd","MIGLink":"","MessageType":"DESADV.DELVRY07","TypeSystemVersion":"755","MIGVersionId":"1.0"}},"MAPPING":{"Properties":{"MAGVersionId":"1.0","ImportCorrelationObjectId":"e5c9f2199cfb40d88a1ce651bc6d5cc2","Label_MAGName":"02.) [Trading Partner Name] - SAP IDOC DESADV.DELVRY07 -to- UN/EDIFACT D.10B DESADV","MAGGUID":"7feae92117ce4abd9c4fcc529c9ecb6a","ImportCorrelationGroupId":"7feae92117ce4abd9c4fcc529c9ecb6a","MAGLink":"","ObjectGUID":"e5c9f2199cfb40d88a1ce651bc6d5cc2","Label_MAGStatus":"Draft"}},"RECEIVER_INTERCHANGE":{"Properties":{"Validation":"false","ImportCorrelationObjectId":"9ecac1c6cfa64a468323ff5f5111b074","TypeSystem":"UNEDIFACT","Label_MIGIdName":"02.) [Trading Partner Name] - UN/EDIFACT D.10B DESADV - Target","NumberRangeAlias":"","ObjectGUID":"9ecac1c6cfa64a468323ff5f5111b074","HasEnvelope":"false","MIGGUID":"5b67ab32923e41a6bc13eb3838038a0c","Label_MIGStatus":"Draft","FunctionalAck":"","ImportCorrelationGroupId":"5b67ab32923e41a6bc13eb3838038a0c","MIGLink":"","MessageType":"DESADV","TypeSystemVersion":"D.10B","MIGVersionId":"1.0","RACKRequired":""}},"RECEIVER_ADAPTER":{"Properties":{"CommunicationChannelTemplateAlias":"B2B-Simulation.Receiver"}},"RECEIVER_SYSTEM":{"Properties":{"IdAsReceiverAlias":"TP_UNEDIFACT_ID","IdAsSender":"c66f21511f3844269f41c3803a6ff135","SystemInstanceAlias":"UN-EDIFACT_B2B-System"}}}}}]},{"Id":"9c6fb264bb6142f4aa470eb50c93295f","PatternReference":{"Id":"NOTIFICATION","Version":"1.0","Name":"One Way Notification"},"Sequence":3,"TransactionProperties":{"Properties":{"Name":"03.) Invoice - Outbound","Initiator":"myCompany","Label_InitiatorName":"[Company Name]"}},"BusinessTransactionActivities":[{"Id":"a8573d8e827245ba8e093648cf4d87a4","BusinessTransactionActivityReference":{"Id":"REQUEST-FLOW","Version":"1.0","Name":"Request Processing"},"Sequence":1,"BusinessTransactionActivityProperties":{"Properties":{}},"ActivityParameters":[],"ChoreographyProperties":{"Properties":{"SENDER_SYSTEM":{"Properties":{"SystemInstanceId":"9e446f07ceb64f33bae5e11b66be71ac","IdAsSender":"02b003f2ccd24519b7bc27ac79e37de3","IdAsReceiverAlias":"TP_IDOC_ID","Id":"myCompany"}},"SENDER_ADAPTER":{"Properties":{"CommunicationChannelTemplateId":"465a5f3f773047c19f8648d929b384a8"}},"SENDER_INTERCHANGE":{"Properties":{"Validation":"false","ImportCorrelationObjectId":"073c07275d6f4e95a2225474a0ecee24","TypeSystem":"SAP_IDoc","Label_MIGIdName":"03.) [Company Name] - SAP IDOC INVOIC.INVOIC02 for Customer EDI - Source","ObjectGUID":"073c07275d6f4e95a2225474a0ecee24","HasEnvelope":"false","MIGGUID":"5449ec81ca7543a19f95cd85651e8b65","Label_MIGStatus":"Draft","CreateAcknowledgement":"","FunctionalAck":"","ImportCorrelationGroupId":"5449ec81ca7543a19f95cd85651e8b65","MIGLink":"","MessageType":"INVOIC.INVOIC02","TypeSystemVersion":"755","MIGVersionId":"1.0"}},"MAPPING":{"Properties":{"MAGVersionId":"1.0","ImportCorrelationObjectId":"39abdceac08941adb8c51b65e44d7ca6","Label_MAGName":"03.) [Trading Partner Name] - SAP IDOC INVOIC.INVOIC02 -to- UN/EDIFACT D.10B INVOIC","MAGGUID":"f4209727a3f049c49ef7810440811a5c","ImportCorrelationGroupId":"f4209727a3f049c49ef7810440811a5c","MAGLink":"","ObjectGUID":"39abdceac08941adb8c51b65e44d7ca6","Label_MAGStatus":"Draft"}},"RECEIVER_INTERCHANGE":{"Properties":{"Validation":"false","ImportCorrelationObjectId":"734b8d9ccdba42768a1580170ee901db","TypeSystem":"UNEDIFACT","Label_MIGIdName":"03.) [Trading Partner Name] - UN/EDIFACT D.10B INVOIC - Target","NumberRangeAlias":"","ObjectGUID":"734b8d9ccdba42768a1580170ee901db","HasEnvelope":"false","MIGGUID":"d64748d3d84649a990f821f5f2fef78f","Label_MIGStatus":"Draft","FunctionalAck":"","ImportCorrelationGroupId":"d64748d3d84649a990f821f5f2fef78f","MIGLink":"","MessageType":"INVOIC","TypeSystemVersion":"D.10B","MIGVersionId":"1.0","RACKRequired":""}},"RECEIVER_ADAPTER":{"Properties":{"CommunicationChannelTemplateAlias":"B2B-Simulation.Receiver"}},"RECEIVER_SYSTEM":{"Properties":{"IdAsReceiverAlias":"TP_UNEDIFACT_ID","IdAsSender":"c66f21511f3844269f41c3803a6ff135","SystemInstanceAlias":"UN-EDIFACT_B2B-System"}}}}}]}],"DocumentSchemaVersion":"1.0","administrativeData":{"createdAt":1723033334879,"createdBy":"vishakha.deshmukh@sap.com","modifiedAt":1723035969340,"modifiedBy":"tamaki.ogura@sap.com"},"ParentId":"33e1ad1132f8459fb07f5f4fdad30951","ParentArtifactType":"AGREEMENT_TEMPLATE_V2","searchableAttributes":{"CUSTOM_SEARCH_ATTRIBUTE":[],"TENANT":["e30aab0a-9c29-40d4-a156-5e6dc245c28f"]},"artifactProperties":{"TransactionsNumber":"3"},"relations":[],"ArtifactRelations":{},"artifactStatus":"Draft","id":"adc396122cf246d08d558cbdf511f922","uniqueId":"adc396122cf246d08d558cbdf511f922","artifactType":"B2B_SCENARIO","displayName":"B2B Scenario","semanticVersion":"2.0"}