{"IsGroupIdentifier":false,"AssociatedIdentifiers":{"Properties":{}},"Alias":"TP_SOAP_ID","TypeSystemId":"SAP_S4HANA_Cloud_SOA","IdentifierId":"TP_SOAP_ID","SchemeName":"N/A","SchemeCode":"N/A","DocumentSchemaVersion":"1.0","administrativeData":{"createdAt":1743589799411,"createdBy":"moussa.el.kakouchi@sap.com","modifiedAt":1743774390822,"modifiedBy":"moussa.el.kakouchi@sap.com"},"ParentId":"18be672c721d4f1f845f6436ec301fba","ParentArtifactType":"TRADING_PARTNER","searchableAttributes":{"Alias":["TP_SOAP_ID"],"TENANT":["0276649a-0a57-4c1b-9235-3fa585ecc5df"]},"artifactProperties":{},"relations":[],"ArtifactRelations":{},"artifactStatus":"Draft","id":"0ca5dc5179c14e77bb5daf03e5f01537","uniqueId":"0ca5dc5179c14e77bb5daf03e5f01537","artifactType":"IDENTIFIER","displayName":"TP_SOAP_ID","semanticVersion":"1.0"}