{"IsGroupIdentifier":false,"AssociatedIdentifiers":{"Properties":{}},"Alias":"Company_IDOC_SOA_ID","TypeSystemId":"SAP_IDoc","IdentifierId":"Company_IDOC_SOA_ID","SchemeName":"N/A","SchemeCode":"N/A","DocumentSchemaVersion":"1.0","administrativeData":{"createdAt":1743589799239,"createdBy":"moussa.el.kakouchi@sap.com","modifiedAt":1743774390636,"modifiedBy":"moussa.el.kakouchi@sap.com"},"ParentId":"myCompany","ParentArtifactType":"COMPANY","searchableAttributes":{"Alias":["Company_IDOC_SOA_ID"],"TENANT":["0276649a-0a57-4c1b-9235-3fa585ecc5df"]},"artifactProperties":{},"relations":[],"ArtifactRelations":{},"artifactStatus":"Draft","id":"3759275e777b42259821d57e7af91c9c","uniqueId":"3759275e777b42259821d57e7af91c9c","artifactType":"IDENTIFIER","displayName":"Company_IDOC_SOA_ID","semanticVersion":"1.0"}