{"IsGroupIdentifier":false,"AssociatedIdentifiers":{"Properties":{}},"Alias":"Company_SOAP_ID","TypeSystemId":"SAP_S4HANA_Cloud_SOA","IdentifierId":"Company_SOAP_ID","SchemeName":"N/A","SchemeCode":"N/A","DocumentSchemaVersion":"1.0","administrativeData":{"createdAt":1743589799158,"createdBy":"moussa.el.kakouchi@sap.com","modifiedAt":1743774390552,"modifiedBy":"moussa.el.kakouchi@sap.com"},"ParentId":"myCompany","ParentArtifactType":"COMPANY","searchableAttributes":{"Alias":["Company_SOAP_ID"],"TENANT":["0276649a-0a57-4c1b-9235-3fa585ecc5df"]},"artifactProperties":{},"relations":[],"ArtifactRelations":{},"artifactStatus":"Draft","id":"f49e65fa67284c908b2c4e2d7a76d943","uniqueId":"f49e65fa67284c908b2c4e2d7a76d943","artifactType":"IDENTIFIER","displayName":"Company_SOAP_ID","semanticVersion":"1.0"}