{"ArtifactMetadata":{"SchemaVersion":"1.4","ArtifactType":"MagDetail"},"Identification":{"ObjectGuid":"ec7e8047ea984c5d975f7a0a4efb9397","MAGGUID":"6a786d7339404c949a7908f22e323d20","ImportCorrelationGroupId":"6a786d7339404c949a7908f22e323d20","ImportCorrelationObjectId":"ec7e8047ea984c5d975f7a0a4efb9397","MAGVersion":"1.0","Customer":"fd071028502f5e5e1104606396090e5a"},"SourceBusinessContext":[{"contextType":"ProductClassification","codeListId":"UNSPSC_Public","contextValues":[{"key":"52160000","name":"Consumer electronics"}]}],"TargetBusinessContext":[{"contextType":"ProductClassification","codeListId":"UNSPSC_Public","contextValues":[{"key":"52160000","name":"Consumer electronics"}]}],"Status":"Draft","SourceMig":{"ObjectGUID":"b4537c39ef4343b0840e916ad27f2d5f","TypeSystemId":"Customer_TS"},"TargetMig":{"ObjectGUID":"7847fa5c8f7d4ad88bb4a7ba8299f9ca","TypeSystemId":"SAP_IDoc"},"DomainMappingElementsWithTransformation":[{"DomainMappingElement":{"SourceDomainSet":[],"TargetDomainSet":[{"DomainGuid":"171d37e6b7cf387eaf5d5dca4c77fb5c","AlternativeDomainGuid":"c223b84a682439a39e69c6f451090948","Position":1}],"Documentation":{"NumberOfNotes":0,"Notes":[]}},"Transformation":{"Function":{"FunctionGuid":"00000000000000000000000000000002","FunctionParameters":[{"PositionInParameterList":1,"Direction":"IN","Type":"STRING","Name":"value"},{"PositionInParameterList":2,"Direction":"OUT","Type":"NODE_LIST","Name":"nodes_out_1"}],"FunctionImplementations":[{"SourceCode":"\u003cxsl:value-of select\u003d\"$nodes_in/value\"/\u003e","FunctionImplementationLanguage":{"Name":"XSLT","Version":"2.0"}}],"isReference":false},"ParameterAssignments":[{"PositionInParameterList":1,"PositionInParameter":1,"Value":"007"},{"PositionInParameterList":2,"PositionInParameter":1,"PositionInDomainSet":1}]},"Confidential":false},{"DomainMappingElement":{"SourceDomainSet":[],"TargetDomainSet":[{"DomainGuid":"3063981c9bae39e5bb98a5dc0d6e6b4d","AlternativeDomainGuid":"7c8bb54521343dfb93db942370003912","Position":1}],"Documentation":{"NumberOfNotes":0,"Notes":[]}},"Transformation":{"Function":{"FunctionGuid":"00000000000000000000000000000002","FunctionParameters":[{"PositionInParameterList":1,"Direction":"IN","Type":"STRING","Name":"value"},{"PositionInParameterList":2,"Direction":"OUT","Type":"NODE_LIST","Name":"nodes_out_1"}],"FunctionImplementations":[{"SourceCode":"\u003cxsl:value-of select\u003d\"$nodes_in/value\"/\u003e","FunctionImplementationLanguage":{"Name":"XSLT","Version":"2.0"}}],"isReference":false},"ParameterAssignments":[{"PositionInParameterList":1,"PositionInParameter":1,"Value":"001"},{"PositionInParameterList":2,"PositionInParameter":1,"PositionInDomainSet":1}]},"Confidential":false},{"DomainMappingElement":{"SourceDomainSet":[{"DomainGuid":"30939da89664357589fa3afc0edcd5e1","Position":1}],"TargetDomainSet":[{"DomainGuid":"596bd64cd99c3e0b964a22917f6560c7","Position":1}],"Documentation":{"NumberOfNotes":0,"Notes":[]}},"Confidential":false},{"DomainMappingElement":{"SourceDomainSet":[{"DomainGuid":"2718b4777d133d7e96d725ee9a8d9ef3","Position":1}],"TargetDomainSet":[{"DomainGuid":"b0012ba7ee433d848c43a7bb4dc572a8","AlternativeDomainGuid":"f847a28caf4c3eeea1d3710e1e6595da","Position":1}],"Documentation":{}},"Transformation":{"Function":{"FunctionGuid":"10010000000000000000000000000001","FunctionParameters":[{"PositionInParameterList":1,"Direction":"IN","Type":"NODE_LIST","Name":"source_date_time_value"},{"PositionInParameterList":2,"Direction":"IN","Type":"NODE_LIST","Name":"source_date_time_format"},{"PositionInParameterList":3,"Direction":"IN","Type":"STRING","Name":"target_date_time_format"},{"PositionInParameterList":4,"Direction":"OUT","Type":"NODE_LIST","Name":"target_date_time_value"}],"FunctionImplementations":[{"SourceCode":"\u003cxsl:sequence select\u003d\"ica_fn:transform-dateTime($nodes_in/nodes_in_1,$nodes_in/source_date_time_format,$nodes_in/target_date_time_format)\"/\u003e","FunctionImplementationLanguage":{"Name":"XSLT","Version":"2.0"}}],"isReference":false},"ParameterAssignments":[{"PositionInParameterList":1,"PositionInParameter":1,"PositionInDomainSet":1},{"PositionInParameterList":2,"PositionInParameter":1,"Value":"CCYY\u0027-\u0027MM\u0027-\u0027DD[Z|(+|-)hh\u0027:\u0027mm]"},{"PositionInParameterList":3,"PositionInParameter":1,"Value":"CCYYMMDD"},{"PositionInParameterList":4,"PositionInParameter":1,"PositionInDomainSet":1}]},"Confidential":false},{"DomainMappingElement":{"SourceDomainSet":[{"DomainGuid":"665f6fd37c143d62b3b26b887a8e145d","Position":1}],"TargetDomainSet":[{"DomainGuid":"ec2b84b7e84332e5becc22f60243b7c2","AlternativeDomainGuid":"89e9cbe21d20329e8217780556d47e1a","Position":1}],"Documentation":{}},"Transformation":{"Function":{"FunctionGuid":"10010000000000000000000000000001","FunctionParameters":[{"PositionInParameterList":1,"Direction":"IN","Type":"NODE_LIST","Name":"source_date_time_value"},{"PositionInParameterList":2,"Direction":"IN","Type":"NODE_LIST","Name":"source_date_time_format"},{"PositionInParameterList":3,"Direction":"IN","Type":"STRING","Name":"target_date_time_format"},{"PositionInParameterList":4,"Direction":"OUT","Type":"NODE_LIST","Name":"target_date_time_value"}],"FunctionImplementations":[{"SourceCode":"\u003cxsl:sequence select\u003d\"ica_fn:transform-dateTime($nodes_in/nodes_in_1,$nodes_in/source_date_time_format,$nodes_in/target_date_time_format)\"/\u003e","FunctionImplementationLanguage":{"Name":"XSLT","Version":"2.0"}}],"isReference":false},"ParameterAssignments":[{"PositionInParameterList":1,"PositionInParameter":1,"PositionInDomainSet":1},{"PositionInParameterList":2,"PositionInParameter":1,"Value":"hh\u0027:\u0027mm\u0027:\u0027ss[\u0027.\u0027ff*][Z|(+|-)hh\u0027:\u0027mm]"},{"PositionInParameterList":3,"PositionInParameter":1,"Value":"hhmmss"},{"PositionInParameterList":4,"PositionInParameter":1,"PositionInDomainSet":1}]},"Confidential":false},{"DomainMappingElement":{"SourceDomainSet":[{"DomainGuid":"6885c4b8e490312d8a0e725647d02a0f","AlternativeDomainGuid":"61506ffc16cf35198f005290e43c83b2","Position":1}],"TargetDomainSet":[{"DomainGuid":"5c20eb8301e736fd9fbb787ab60393ca","AlternativeDomainGuid":"6013289881e53720817ad4e7129b42a0","Position":1}],"Documentation":{}},"Transformation":{"Function":{"FunctionGuid":"00000000000000000000000000000001","FunctionParameters":[{"PositionInParameterList":1,"Direction":"IN","Type":"NODE_LIST","Name":"entityIdentification"},{"PositionInParameterList":2,"Direction":"OUT","Type":"NODE_LIST","Name":"nodes_out_1"}],"FunctionImplementations":[{"SourceCode":"\u003cxsl:sequence select\u003d\"$nodes_in/*\"/\u003e","FunctionImplementationLanguage":{"Name":"XSLT","Version":"2.0"}}],"isReference":false},"ParameterAssignments":[{"PositionInParameterList":1,"PositionInParameter":1,"PositionInDomainSet":1},{"PositionInParameterList":2,"PositionInParameter":1,"PositionInDomainSet":1}]},"Confidential":false},{"DomainMappingElement":{"SourceDomainSet":[{"DomainGuid":"a3ec9058ac1f3195861d2aa18825c91a","AlternativeDomainGuid":"28eb8eef814a3f18a6cda65ffe5f556c","Position":1}],"TargetDomainSet":[{"DomainGuid":"e3d6d26ebba6366ea441f95b0b2f275c","AlternativeDomainGuid":"5e9ec89f301433fe911ace0fd3ea6e61","Position":1}],"Documentation":{}},"Transformation":{"Function":{"FunctionGuid":"00000000000000000000000000000001","FunctionParameters":[{"PositionInParameterList":1,"Direction":"IN","Type":"NODE_LIST","Name":"lineItemNumber"},{"PositionInParameterList":2,"Direction":"OUT","Type":"NODE_LIST","Name":"nodes_out_1"}],"FunctionImplementations":[{"SourceCode":"\u003cxsl:sequence select\u003d\"$nodes_in/*\"/\u003e","FunctionImplementationLanguage":{"Name":"XSLT","Version":"2.0"}}],"isReference":false},"ParameterAssignments":[{"PositionInParameterList":1,"PositionInParameter":1,"PositionInDomainSet":1},{"PositionInParameterList":2,"PositionInParameter":1,"PositionInDomainSet":1}]},"Confidential":false},{"DomainMappingElement":{"SourceDomainSet":[],"TargetDomainSet":[{"DomainGuid":"df8480c8ee8932bba7e8f2c7e93ff772","Position":1}],"Documentation":{}},"Transformation":{"Function":{"FunctionGuid":"00000000000000000000000000000002","FunctionParameters":[{"PositionInParameterList":1,"Direction":"IN","Type":"STRING","Name":"value"},{"PositionInParameterList":2,"Direction":"OUT","Type":"NODE_LIST","Name":"nodes_out_1"}],"FunctionImplementations":[{"SourceCode":"\u003cxsl:value-of select\u003d\"$nodes_in/value\"/\u003e","FunctionImplementationLanguage":{"Name":"XSLT","Version":"2.0"}}],"isReference":false},"ParameterAssignments":[{"PositionInParameterList":1,"PositionInParameter":1,"Value":"EDI_DC40"},{"PositionInParameterList":2,"PositionInParameter":1,"PositionInDomainSet":1}]},"Confidential":false},{"DomainMappingElement":{"SourceDomainSet":[],"TargetDomainSet":[{"DomainGuid":"7b9e6fac1f153632b9be843fdadf79c5","Position":1}],"Documentation":{}},"Transformation":{"Function":{"FunctionGuid":"00000000000000000000000000000002","FunctionParameters":[{"PositionInParameterList":1,"Direction":"IN","Type":"STRING","Name":"value"},{"PositionInParameterList":2,"Direction":"OUT","Type":"NODE_LIST","Name":"nodes_out_1"}],"FunctionImplementations":[{"SourceCode":"\u003cxsl:value-of select\u003d\"$nodes_in/value\"/\u003e","FunctionImplementationLanguage":{"Name":"XSLT","Version":"2.0"}}],"isReference":false},"ParameterAssignments":[{"PositionInParameterList":1,"PositionInParameter":1,"Value":"2"},{"PositionInParameterList":2,"PositionInParameter":1,"PositionInDomainSet":1}]},"Confidential":false},{"DomainMappingElement":{"SourceDomainSet":[],"TargetDomainSet":[{"DomainGuid":"05b52092145139039ec5a99b4bb5bd44","Position":1}],"Documentation":{}},"Transformation":{"Function":{"FunctionGuid":"00000000000000000000000000000002","FunctionParameters":[{"PositionInParameterList":1,"Direction":"IN","Type":"STRING","Name":"value"},{"PositionInParameterList":2,"Direction":"OUT","Type":"NODE_LIST","Name":"nodes_out_1"}],"FunctionImplementations":[{"SourceCode":"\u003cxsl:value-of select\u003d\"$nodes_in/value\"/\u003e","FunctionImplementationLanguage":{"Name":"XSLT","Version":"2.0"}}],"isReference":false},"ParameterAssignments":[{"PositionInParameterList":1,"PositionInParameter":1,"Value":"DELVRY07"},{"PositionInParameterList":2,"PositionInParameter":1,"PositionInDomainSet":1}]},"Confidential":false},{"DomainMappingElement":{"SourceDomainSet":[],"TargetDomainSet":[{"DomainGuid":"20d5f571d0fb3494b55ba2453f2ba298","Position":1}],"Documentation":{}},"Transformation":{"Function":{"FunctionGuid":"00000000000000000000000000000002","FunctionParameters":[{"PositionInParameterList":1,"Direction":"IN","Type":"STRING","Name":"value"},{"PositionInParameterList":2,"Direction":"OUT","Type":"NODE_LIST","Name":"nodes_out_1"}],"FunctionImplementations":[{"SourceCode":"\u003cxsl:value-of select\u003d\"$nodes_in/value\"/\u003e","FunctionImplementationLanguage":{"Name":"XSLT","Version":"2.0"}}],"isReference":false},"ParameterAssignments":[{"PositionInParameterList":1,"PositionInParameter":1,"Value":"DESADV"},{"PositionInParameterList":2,"PositionInParameter":1,"PositionInDomainSet":1}]},"Confidential":false},{"DomainMappingElement":{"SourceDomainSet":[],"TargetDomainSet":[{"DomainGuid":"a6c6d37326e132aeaedd1191d6891d4f","Position":1}],"Documentation":{}},"Transformation":{"Function":{"FunctionGuid":"00000000000000000000000000000002","FunctionParameters":[{"PositionInParameterList":1,"Direction":"IN","Type":"STRING","Name":"value"},{"PositionInParameterList":2,"Direction":"OUT","Type":"NODE_LIST","Name":"nodes_out_1"}],"FunctionImplementations":[{"SourceCode":"\u003cxsl:value-of select\u003d\"$nodes_in/value\"/\u003e","FunctionImplementationLanguage":{"Name":"XSLT","Version":"2.0"}}],"isReference":false},"ParameterAssignments":[{"PositionInParameterList":1,"PositionInParameter":1,"Value":"E"},{"PositionInParameterList":2,"PositionInParameter":1,"PositionInDomainSet":1}]},"Confidential":false},{"DomainMappingElement":{"SourceDomainSet":[],"TargetDomainSet":[{"DomainGuid":"b3c3591661b53eada9a9fefde406d3b8","Position":1}],"Documentation":{}},"Transformation":{"Function":{"FunctionGuid":"00000000000000000000000000000002","FunctionParameters":[{"PositionInParameterList":1,"Direction":"IN","Type":"STRING","Name":"value"},{"PositionInParameterList":2,"Direction":"OUT","Type":"NODE_LIST","Name":"nodes_out_1"}],"FunctionImplementations":[{"SourceCode":"\u003cxsl:value-of select\u003d\"$nodes_in/value\"/\u003e","FunctionImplementationLanguage":{"Name":"XSLT","Version":"2.0"}}],"isReference":false},"ParameterAssignments":[{"PositionInParameterList":1,"PositionInParameter":1,"Value":"ONECPI"},{"PositionInParameterList":2,"PositionInParameter":1,"PositionInDomainSet":1}]},"Confidential":false},{"DomainMappingElement":{"SourceDomainSet":[{"DomainGuid":"33bf8611764535cb8294b66371375ff0","Position":1}],"TargetDomainSet":[{"DomainGuid":"1de55ca5362437c9869f3fd066961b1c","Position":1}],"Documentation":{}},"Transformation":{"Function":{"FunctionGuid":"00000000000000000000000000000001","FunctionParameters":[{"PositionInParameterList":1,"Direction":"IN","Type":"NODE_LIST","Name":"entityIdentification"},{"PositionInParameterList":2,"Direction":"OUT","Type":"NODE_LIST","Name":"nodes_out_1"}],"FunctionImplementations":[{"SourceCode":"\u003cxsl:sequence select\u003d\"$nodes_in/*\"/\u003e","FunctionImplementationLanguage":{"Name":"XSLT","Version":"2.0"}}],"isReference":false},"ParameterAssignments":[{"PositionInParameterList":1,"PositionInParameter":1,"PositionInDomainSet":1},{"PositionInParameterList":2,"PositionInParameter":1,"PositionInDomainSet":1}]},"Confidential":false},{"DomainMappingElement":{"SourceDomainSet":[],"TargetDomainSet":[{"DomainGuid":"f564a8ffc77330b885a7d18004a7d32d","AlternativeDomainGuid":"d68146fe733f4fa595f4e5d7ca70105b","Position":1}],"Documentation":{}},"Transformation":{"Function":{"FunctionGuid":"00000000000000000000000000000002","FunctionParameters":[{"PositionInParameterList":1,"Direction":"IN","Type":"STRING","Name":"value"},{"PositionInParameterList":2,"Direction":"OUT","Type":"NODE_LIST","Name":"nodes_out_1"}],"FunctionImplementations":[{"SourceCode":"\u003cxsl:value-of select\u003d\"$nodes_in/value\"/\u003e","FunctionImplementationLanguage":{"Name":"XSLT","Version":"2.0"}}],"isReference":false},"ParameterAssignments":[{"PositionInParameterList":1,"PositionInParameter":1,"Value":"015"},{"PositionInParameterList":2,"PositionInParameter":1,"PositionInDomainSet":1}]},"Confidential":false},{"DomainMappingElement":{"SourceDomainSet":[{"DomainGuid":"1dfa406998b13e939ec40154f7b6be9f","Position":1}],"TargetDomainSet":[{"DomainGuid":"5326f21e666a31a7818557bf27750461","AlternativeDomainGuid":"1668a0d6d9cf4016b76bff1ad3af34ac","Position":1}],"Documentation":{}},"Transformation":{"Function":{"FunctionGuid":"10010000000000000000000000000001","FunctionParameters":[{"PositionInParameterList":1,"Direction":"IN","Type":"NODE_LIST","Name":"source_date_time_value"},{"PositionInParameterList":2,"Direction":"IN","Type":"NODE_LIST","Name":"source_date_time_format"},{"PositionInParameterList":3,"Direction":"IN","Type":"STRING","Name":"target_date_time_format"},{"PositionInParameterList":4,"Direction":"OUT","Type":"NODE_LIST","Name":"target_date_time_value"}],"FunctionImplementations":[{"SourceCode":"\u003cxsl:sequence select\u003d\"ica_fn:transform-dateTime($nodes_in/nodes_in_1,$nodes_in/source_date_time_format,$nodes_in/target_date_time_format)\"/\u003e","FunctionImplementationLanguage":{"Name":"XSLT","Version":"2.0"}}],"isReference":false},"ParameterAssignments":[{"PositionInParameterList":1,"PositionInParameter":1,"PositionInDomainSet":1},{"PositionInParameterList":2,"PositionInParameter":1,"Value":"CCYY\u0027-\u0027MM\u0027-\u0027DD\u0027T\u0027hh\u0027:\u0027mm\u0027:\u0027ss[\u0027.\u0027ff*][Z|(+|-)hh\u0027:\u0027mm]"},{"PositionInParameterList":3,"PositionInParameter":1,"Value":"CCYYMMDD"},{"PositionInParameterList":4,"PositionInParameter":1,"PositionInDomainSet":1}]},"Confidential":false},{"DomainMappingElement":{"SourceDomainSet":[{"DomainGuid":"1dfa406998b13e939ec40154f7b6be9f","Position":1}],"TargetDomainSet":[{"DomainGuid":"4a8ffae5fc5d3411a528a78960f8767c","AlternativeDomainGuid":"48bf4d4169744ccb83fa4dd301704541","Position":1}],"Documentation":{}},"Transformation":{"Function":{"FunctionGuid":"10010000000000000000000000000001","FunctionParameters":[{"PositionInParameterList":1,"Direction":"IN","Type":"NODE_LIST","Name":"source_date_time_value"},{"PositionInParameterList":2,"Direction":"IN","Type":"NODE_LIST","Name":"source_date_time_format"},{"PositionInParameterList":3,"Direction":"IN","Type":"STRING","Name":"target_date_time_format"},{"PositionInParameterList":4,"Direction":"OUT","Type":"NODE_LIST","Name":"target_date_time_value"}],"FunctionImplementations":[{"SourceCode":"\u003cxsl:sequence select\u003d\"ica_fn:transform-dateTime($nodes_in/nodes_in_1,$nodes_in/source_date_time_format,$nodes_in/target_date_time_format)\"/\u003e","FunctionImplementationLanguage":{"Name":"XSLT","Version":"2.0"}}],"isReference":false},"ParameterAssignments":[{"PositionInParameterList":1,"PositionInParameter":1,"PositionInDomainSet":1},{"PositionInParameterList":2,"PositionInParameter":1,"Value":"CCYY\u0027-\u0027MM\u0027-\u0027DD\u0027T\u0027hh\u0027:\u0027mm\u0027:\u0027ss[\u0027.\u0027ff*][Z|(+|-)hh\u0027:\u0027mm]"},{"PositionInParameterList":3,"PositionInParameter":1,"Value":"hhmmss"},{"PositionInParameterList":4,"PositionInParameter":1,"PositionInDomainSet":1}]},"Confidential":false},{"DomainMappingElement":{"SourceDomainSet":[{"DomainGuid":"f453bce362d23368a613eded6ba39904","Position":1}],"TargetDomainSet":[{"DomainGuid":"6429a05bc9413eb8be89c6480fca37b8","Position":1}],"Documentation":{}},"Confidential":false},{"DomainMappingElement":{"SourceDomainSet":[],"TargetDomainSet":[{"DomainGuid":"55ff5fe3f3623137827fd912700e0e5c","Position":1}],"Documentation":{}},"Transformation":{"Function":{"FunctionGuid":"00000000000000000000000000000002","FunctionParameters":[{"PositionInParameterList":1,"Direction":"IN","Type":"STRING","Name":"value"},{"PositionInParameterList":2,"Direction":"OUT","Type":"NODE_LIST","Name":"nodes_out_1"}],"FunctionImplementations":[{"SourceCode":"\u003cxsl:value-of select\u003d\"$nodes_in/value\"/\u003e","FunctionImplementationLanguage":{"Name":"XSLT","Version":"2.0"}}],"isReference":false},"ParameterAssignments":[{"PositionInParameterList":1,"PositionInParameter":1,"Value":"LS"},{"PositionInParameterList":2,"PositionInParameter":1,"PositionInDomainSet":1}]},"Confidential":false},{"DomainMappingElement":{"SourceDomainSet":[],"TargetDomainSet":[{"DomainGuid":"28fc5c38fd7c3d59b18d572ea5038321","Position":1}],"Documentation":{}},"Transformation":{"Function":{"FunctionGuid":"00000000000000000000000000000002","FunctionParameters":[{"PositionInParameterList":1,"Direction":"IN","Type":"STRING","Name":"value"},{"PositionInParameterList":2,"Direction":"OUT","Type":"NODE_LIST","Name":"nodes_out_1"}],"FunctionImplementations":[{"SourceCode":"\u003cxsl:value-of select\u003d\"$nodes_in/value\"/\u003e","FunctionImplementationLanguage":{"Name":"XSLT","Version":"2.0"}}],"isReference":false},"ParameterAssignments":[{"PositionInParameterList":1,"PositionInParameter":1,"Value":"LS"},{"PositionInParameterList":2,"PositionInParameter":1,"PositionInDomainSet":1}]},"Confidential":false},{"DomainMappingElement":{"SourceDomainSet":[{"DomainGuid":"84c0223395cd3f4094aa9eb7d5473112","Position":1}],"TargetDomainSet":[{"DomainGuid":"400d601e6a6332bc96872816c85ac67e","Position":1}],"Documentation":{}},"Transformation":{"Function":{"FunctionGuid":"00000000000000000000000000000001","FunctionParameters":[{"PositionInParameterList":1,"Direction":"IN","Type":"NODE_LIST","Name":"lineItemNumber"},{"PositionInParameterList":2,"Direction":"OUT","Type":"NODE_LIST","Name":"nodes_out_1"}],"FunctionImplementations":[{"SourceCode":"\u003cxsl:sequence select\u003d\"$nodes_in/*\"/\u003e","FunctionImplementationLanguage":{"Name":"XSLT","Version":"2.0"}}],"isReference":false},"ParameterAssignments":[{"PositionInParameterList":1,"PositionInParameter":1,"PositionInDomainSet":1},{"PositionInParameterList":2,"PositionInParameter":1,"PositionInDomainSet":1}]},"Confidential":false},{"DomainMappingElement":{"SourceDomainSet":[{"DomainGuid":"0fd502d06b3b352cb5be9e26e7a26b67","Position":1}],"TargetDomainSet":[{"DomainGuid":"76a13bc8795c3097939e4bc059a23d3c","Position":1}],"Documentation":{}},"Transformation":{"Function":{"FunctionGuid":"00000000000000000000000000000001","FunctionParameters":[{"PositionInParameterList":1,"Direction":"IN","Type":"NODE_LIST","Name":"_CONTENT_"},{"PositionInParameterList":2,"Direction":"OUT","Type":"NODE_LIST","Name":"nodes_out_1"}],"FunctionImplementations":[{"SourceCode":"\u003cxsl:sequence select\u003d\"$nodes_in/*\"/\u003e","FunctionImplementationLanguage":{"Name":"XSLT","Version":"2.0"}}],"isReference":false},"ParameterAssignments":[{"PositionInParameterList":1,"PositionInParameter":1,"PositionInDomainSet":1},{"PositionInParameterList":2,"PositionInParameter":1,"PositionInDomainSet":1}]},"Confidential":false},{"DomainMappingElement":{"SourceDomainSet":[{"DomainGuid":"dbb5edce1af332a6af265a4e0d0e8d2e","Position":1}],"TargetDomainSet":[{"DomainGuid":"d3a9416b047136d19f5c0bddabff4e8a","Position":1}],"Documentation":{}},"Transformation":{"Function":{"FunctionGuid":"00000000000000000000000000000001","FunctionParameters":[{"PositionInParameterList":1,"Direction":"IN","Type":"NODE_LIST","Name":"measurementUnitCode"},{"PositionInParameterList":2,"Direction":"OUT","Type":"NODE_LIST","Name":"nodes_out_1"}],"FunctionImplementations":[{"SourceCode":"\u003cxsl:sequence select\u003d\"$nodes_in/*\"/\u003e","FunctionImplementationLanguage":{"Name":"XSLT","Version":"2.0"}}],"isReference":false},"ParameterAssignments":[{"PositionInParameterList":1,"PositionInParameter":1,"PositionInDomainSet":1},{"PositionInParameterList":2,"PositionInParameter":1,"PositionInDomainSet":1}]},"Confidential":false},{"DomainMappingElement":{"SourceDomainSet":[{"DomainGuid":"9851c5ba6adb31bfb4183fb30eec052d","Position":1}],"TargetDomainSet":[{"DomainGuid":"1fb6188386f732d0ad448c06762bcb71","Position":1}],"Documentation":{}},"Transformation":{"Function":{"FunctionGuid":"00000000000000000000000000000001","FunctionParameters":[{"PositionInParameterList":1,"Direction":"IN","Type":"NODE_LIST","Name":"_CONTENT_"},{"PositionInParameterList":2,"Direction":"OUT","Type":"NODE_LIST","Name":"nodes_out_1"}],"FunctionImplementations":[{"SourceCode":"\u003cxsl:sequence select\u003d\"$nodes_in/*\"/\u003e","FunctionImplementationLanguage":{"Name":"XSLT","Version":"2.0"}}],"isReference":false},"ParameterAssignments":[{"PositionInParameterList":1,"PositionInParameter":1,"PositionInDomainSet":1},{"PositionInParameterList":2,"PositionInParameter":1,"PositionInDomainSet":1}]},"Confidential":false}],"TargetNodeDuplicationRules":[],"TargetNodeStatus":{},"SharedFunctions":[],"SharedVariables":[],"AdministrativeData":{"CreatedBy":"tamaki.ogura@sap.com","CreatedOn":1731056996126,"ModifiedBy":"tamaki.ogura@sap.com","ModifiedOn":1734175334508},"Documentation":{"Name":{"ArtifactValue":{"Id":"d3fc790aeb6935ba85886ae635ab1ae5","action":"NONE"}},"Definition":{"ArtifactValue":{"Id":"6666cd76f96936469e7be39d750cc7d9","action":"NONE"}},"Summary":{"ArtifactValue":{"Id":"b62d5c6bd48c3849a6ea83260d7f5afc","action":"NONE"}},"NumberOfNotes":0,"Notes":[]},"DocumentationArtifacts":{"8387056a9b123ac48a9bb281774b8959":"3PL IWD - 11.) #DEFAULT# - GS1 XML warehousingInboundNotificationMessage -to- SAP IDoc DESADV.DELVRY07.ZDELVRY07-Copy","UID-def113d5-a7bc-455c-a6c2-f905498a8659":"UID-bb18d299-d3bd-4db8-b7af-daf345241226","UID-77619eb9-e09c-484c-9bb2-23ed410a00d0":"UID-def113d5-a7bc-455c-a6c2-f905498a8659","UID-34946c96-8dca-4d56-b60d-6307d51a6c02":"UID-800db1dc-ecbf-4ad7-8d0d-244fc54d60c0","UID-5bfeeffa-b07a-42c7-8494-b860f3df36c0":"UID-e6cdd920-85c8-4392-b844-ba86a163096a","f187c0b19cfe368c9bfe27956749198d":"UID-48f94fea-43e6-4de8-b2b1-b68d1a155800","UID-56b44422-acee-44da-88df-5674110f5afd":"","UID-92bf33f5-0ce5-48cc-a191-cde08e208906":"UID-18df30c5-590a-4710-a854-77e7f0e67f69","UID-521e2d59-ae0e-487d-a623-7843b61a0278":"","UID-882d1575-70de-4ea4-beca-9ed128885da5":"UID-90d0813c-021e-43ef-aca8-1ecf809b0784","UID-e3ecf6d2-3686-45d5-ac52-e1212660abc4":"UID-9b6cb319-308e-4c9f-9e41-7b368ddd4911","UID-5697cead-f8b2-4127-b5e1-0963c4fc610e":"UID-8a9d28c4-e619-4421-bae9-69f9d35da643","UID-6b3e0e6b-7b32-4c62-bd35-037fc76fd638":"UID-48f94fea-43e6-4de8-b2b1-b68d1a155800","UID-e608faaa-9006-489d-8a10-0149cb7d649b":"UID-c2949a79-c5d0-4204-a85b-6f60d2f34d45","UID-3d31cfe6-33e4-4d13-ad14-0ad1822eb811":"UID-bb18d299-d3bd-4db8-b7af-daf345241226","UID-88685ebe-22d8-4c73-95f4-b14ffac9d38e":"UID-800db1dc-ecbf-4ad7-8d0d-244fc54d60c0","UID-abf9b8c8-f392-43bf-a368-caf15f32ed1a":"UID-77619eb9-e09c-484c-9bb2-23ed410a00d0","UID-8ff3a556-64fd-4b3b-9588-a37b87efc638":"UID-5188863c-3499-433d-8bf9-8f96fd228c6d","UID-90d0813c-021e-43ef-aca8-1ecf809b0784":"UID-a069b9e0-7579-4350-8b49-86a00eecb791","UID-84f8c021-b7fe-47ea-a9b4-abb5466d501f":"UID-34946c96-8dca-4d56-b60d-6307d51a6c02","UID-495e130e-f95f-4c68-8172-be1a71ba32a2":"UID-53397843-f919-42fd-92bc-6e5b2c64132b","UID-6906bfb2-a906-4b29-947a-8bce72344ac1":"UID-77619eb9-e09c-484c-9bb2-23ed410a00d0","UID-18df30c5-590a-4710-a854-77e7f0e67f69":"UID-c9baf407-fe4b-48c7-a18e-543055f82678","UID-fed4e61a-af63-403c-9b1b-442a5b4d766c":"UID-77619eb9-e09c-484c-9bb2-23ed410a00d0","b62d5c6bd48c3849a6ea83260d7f5afc":"UID-6906bfb2-a906-4b29-947a-8bce72344ac1","d3fc790aeb6935ba85886ae635ab1ae5":"3PL IWD - 11.) #DEFAULT# - GS1 XML warehousingInboundNotificationMessage -to- SAP IDoc DESADV.DELVRY07.ZDELVRY07","UID-8fd728ed-e6e0-40b3-b6da-8091303353ab":"UID-52a8fb21-d37e-49a6-85c0-2eb9cf4f922e","UID-89155845-1a6e-4352-a5de-07f8ab035c33":"UID-882d1575-70de-4ea4-beca-9ed128885da5","a847f258e4cc3cf3a4abb755e469303b":"MASS MASTER InboundDeliveryCreate 3.4.1 GS1XML Source to DESADV DELVRY07 ZDELVRY07 IDOC Target","UID-8e6b0dcc-ab71-4c7b-942b-862160d7f6b5":"UID-6906bfb2-a906-4b29-947a-8bce72344ac1","352a3bcfc7ce3ef197ee7bda314881fa":"11.) #DEFAULT# - GS1 XML warehousingInboundNotificationMessage -to- SAP IDoc DESADV.DELVRY07.ZDELVRY07","1c15e806bca136dd8cc23232d4a3c15c":"3PL IWD - 11.) DEFAULT - GS1 XML warehousingInboundNotificationMessage -to- SAP IDoc DESADV.DELVRY07.ZDELVRY07","UID-53397843-f919-42fd-92bc-6e5b2c64132b":"UID-8fd728ed-e6e0-40b3-b6da-8091303353ab","UID-fc2ba071-06fe-4556-b8da-8077436e43b8":"UID-f073c032-491f-45eb-b78a-cf9faffe9e7b","UID-a9f8be2a-fb9d-41a6-91bc-68cfdda897fa":"","UID-aeb3136e-f9da-4f3e-8ea3-552a8278f029":"","UID-63ce1cb3-8bf1-4e35-b478-aced604ca124":"UID-34946c96-8dca-4d56-b60d-6307d51a6c02","UID-2035576b-e536-4622-9a98-31f3f1ed81f4":"UID-9b6cb319-308e-4c9f-9e41-7b368ddd4911","UID-d4b33e6a-fdd2-4754-b293-2f921a4a1a67":"UID-be41652f-fc5a-4898-b91e-1aa0aef93495","UID-e928d41a-1921-4604-b748-b6e5a1ef4bb1":"UID-636d072e-16d9-4483-acfe-258891bd4813","6666cd76f96936469e7be39d750cc7d9":"","e688608fb2243fdd9e5af15d8c8cf138":"Mapping InboundDeliveryCreate 3.4.1 GS1XML Source to DESADV DELVRY07 ZDELVRY07 IDOC InboundDeliveryCreate Target","UID-1e40d4ba-ca8e-4091-b836-6ee005bc9cc1":"UID-1914a069-a229-4b5f-992e-7b76c47b7d5f","UID-42afd3e0-2373-4354-ba11-c075b13c6108":"UID-f073c032-491f-45eb-b78a-cf9faffe9e7b","UID-c2949a79-c5d0-4204-a85b-6f60d2f34d45":"UID-63ce1cb3-8bf1-4e35-b478-aced604ca124","0d3307e62b5832738ca9b1dad6bbaf81":"UID-77619eb9-e09c-484c-9bb2-23ed410a00d0","03b96262f11131c6a77f94f5e85950f2":"InboundDeliveryCreate 3.4.1 GS1XML Source to DESADV DELVRY07 ZDELVRY07 IDOC Target","UID-a069b9e0-7579-4350-8b49-86a00eecb791":"UID-8a9d28c4-e619-4421-bae9-69f9d35da643","UID-52a8fb21-d37e-49a6-85c0-2eb9cf4f922e":"UID-5bfeeffa-b07a-42c7-8494-b860f3df36c0","18a120b311833f78b52f682111348951":"UID-a069b9e0-7579-4350-8b49-86a00eecb791","UID-1914a069-a229-4b5f-992e-7b76c47b7d5f":"UID-d4b33e6a-fdd2-4754-b293-2f921a4a1a67","UID-f073c032-491f-45eb-b78a-cf9faffe9e7b":"UID-79cbe75f-6c94-4f5b-9fbe-ed8a81604826","UID-be41652f-fc5a-4898-b91e-1aa0aef93495":"UID-211b4f6c-4e34-4fdd-be91-1c5aba1e917f","4c6aac7409e93517824e273c4d4c79c7":"UID-def113d5-a7bc-455c-a6c2-f905498a8659","UID-9b6cb319-308e-4c9f-9e41-7b368ddd4911":"","UID-64ffd946-307c-441e-aea0-bf2d625163ae":"UID-18df30c5-590a-4710-a854-77e7f0e67f69","UID-d5e1fcc3-f41e-451e-bcae-a9eb57abe08c":"UID-211b4f6c-4e34-4fdd-be91-1c5aba1e917f","de67e5c840ea381ca3d6afc492423652":"UID-8fd728ed-e6e0-40b3-b6da-8091303353ab","UID-bb18d299-d3bd-4db8-b7af-daf345241226":"UID-53397843-f919-42fd-92bc-6e5b2c64132b","3c576052ed7e381a996bd48970212edc":"UID-9b6cb319-308e-4c9f-9e41-7b368ddd4911","76334140dc823588aed8825c9a265cdb":"UID-5188863c-3499-433d-8bf9-8f96fd228c6d","UID-8a9d28c4-e619-4421-bae9-69f9d35da643":"UID-8ff3a556-64fd-4b3b-9588-a37b87efc638","UID-826723ab-175a-489d-852f-61c45b28d2a8":"UID-48f94fea-43e6-4de8-b2b1-b68d1a155800","UID-5188863c-3499-433d-8bf9-8f96fd228c6d":"UID-2035576b-e536-4622-9a98-31f3f1ed81f4","UID-075bf383-272f-441b-a5c0-199121159528":"UID-48f94fea-43e6-4de8-b2b1-b68d1a155800","UID-636d072e-16d9-4483-acfe-258891bd4813":"UID-826723ab-175a-489d-852f-61c45b28d2a8","UID-79cbe75f-6c94-4f5b-9fbe-ed8a81604826":"UID-1914a069-a229-4b5f-992e-7b76c47b7d5f","UID-e6cdd920-85c8-4392-b844-ba86a163096a":"UID-42afd3e0-2373-4354-ba11-c075b13c6108","5934ba3b23353abba250c913b97ce50c":"MASS MASTER InboundDeliveryCreate GS1XML to DESADV DELVRY07 ZDELVRY07 IDOC-Copy","UID-02bb55ec-3db8-40aa-a109-1b588f24c92d":"UID-48f94fea-43e6-4de8-b2b1-b68d1a155800","UID-442c2069-7777-45c5-ba23-52c2787e94ed":"UID-79cbe75f-6c94-4f5b-9fbe-ed8a81604826","UID-48f94fea-43e6-4de8-b2b1-b68d1a155800":"UID-882d1575-70de-4ea4-beca-9ed128885da5","UID-800db1dc-ecbf-4ad7-8d0d-244fc54d60c0":"UID-92bf33f5-0ce5-48cc-a191-cde08e208906","UID-084bd207-dc2d-4035-a92d-f9c5127a9648":"UID-6906bfb2-a906-4b29-947a-8bce72344ac1","UID-211b4f6c-4e34-4fdd-be91-1c5aba1e917f":"UID-c2949a79-c5d0-4204-a85b-6f60d2f34d45","UID-25261bbc-7ee8-48ea-a4a0-013939e6d17c":"UID-77619eb9-e09c-484c-9bb2-23ed410a00d0","UID-4a02df8e-42e6-4055-899f-c9e33d7d4c4a":"UID-6906bfb2-a906-4b29-947a-8bce72344ac1","UID-0f024b2d-3a4b-4c7f-bf87-43373cd264d7":"UID-9b6cb319-308e-4c9f-9e41-7b368ddd4911","UID-85e4c48f-b868-4d7f-a8c6-d06be0f3d101":"MASS MASTER InboundDeliveryCreate GS1XML to DESADV DELVRY07 ZDELVRY07 IDOC","UID-c9baf407-fe4b-48c7-a18e-543055f82678":"UID-636d072e-16d9-4483-acfe-258891bd4813"}}