{"Name":"[B2B Integration Factory]- Order to Cash B2B Scenario for ASC X12 - Template","Description":"The Order to Cash (O2C) B2B scenario encompasses the complete end-to-end business process, starting from customer order placement to the receipt of payment, within an Business-to-Business (B2B) context. The ASC X12 standard serves as the Electronic Data Interchange (EDI) framework for facilitating seamless and structured data exchange between trading partners","Version":"1.0","OwnedBy":"Self","OwnerId":"myCompany","Shared":false,"TransactionsNumber":0,"CompanyData":{"Id":"myCompany","Name":"[Company Name]","Role":"INITIATOR","SystemInstance":{"Properties":{"Id":"9e446f07ceb64f33bae5e11b66be71ac","Label_Name":"S/4 HANA System","Label_Purpose":"TEST"}},"TypeSystem":{"Properties":{"Id":"SAP_IDoc","Label_Name":"SAP S/4HANA On Premise IDoc"}},"TypeSystemVersion":"755","IdAsSender":{"Properties":{"Id":"02b003f2ccd24519b7bc27ac79e37de3","Label_Name":"Company_IDOC_ID","Label_SchemeCode":"N/A","Label_SchemeName":"N/A","Label_TypeSystemId":"SAP_IDoc","Label_TypeSystemName":"SAP S/4HANA On Premise IDoc","Label_IsGroup":"false"}},"IdAsReceiver":{"Properties":{"Id":"4c87c10cb0e444a286ec265e291c5acc","Label_Name":"012345678","Label_SchemeCode":"01","Label_SchemeName":"Duns (Dun \u0026 Bradstreet)","Label_TypeSystemId":"ASC_X12","Label_TypeSystemName":"ASC X12","Label_IsGroup":"false"}},"ContactPerson":{"Properties":{"Id":"","Label_Name":""}}},"TradingPartnerData":{"Role":"REACTOR","AliasForSystemInstance":{"Properties":{"Alias":"B2B Integration Factory]-System"}},"TypeSystem":{"Properties":{"Id":"ASC_X12","Label_Name":"ASC X12"}},"TypeSystemVersion":"004010","AliasForIdentifierInOwnTS":{"Properties":{"Alias":"TP_ASCX12_ID"}},"AliasForIdentifierInCompanyTS":{"Properties":{"Alias":"TP_004010_IDOC_ID"}},"AliasForContactPersonRole":{"Properties":{"Alias":""}}},"CommunicationPartnerData":{"IdForTradingPartner":{"Properties":{"Label_Name":""}},"IdForSystemInstance":{"Properties":{"Label_SystemInstanceName":"","Label_Purpose":""}}},"B2BScenarioDetailsId":"10db1ee515d84e40b208fbd0a7564026","DocumentSchemaVersion":"1.0","administrativeData":{"createdAt":1743420652979,"createdBy":"moussa.el.kakouchi@sap.com","modifiedAt":1743427473701,"modifiedBy":"moussa.el.kakouchi@sap.com"},"ParentId":"0276649a-0a57-4c1b-9235-3fa585ecc5df","ParentArtifactType":"TENANT","searchableAttributes":{"ModelVersion":["2.0"],"TENANT":["0276649a-0a57-4c1b-9235-3fa585ecc5df"]},"artifactProperties":{},"relations":[],"ArtifactRelations":{},"artifactStatus":"Draft","id":"821de991aadb4837ac6235b7242eab4d","uniqueId":"821de991aadb4837ac6235b7242eab4d","artifactType":"AGREEMENT_TEMPLATE_V2","displayName":"[B2B Integration Factory]- Order to Cash B2B Scenario for ASC X12 - Template","semanticVersion":"2.0"}