{"SignatureValidationConfigurations":{"ConfigurationType":"SIGNATURE_VALIDATION_CONFIG","ConfigurationEntries":{"test":{"VerificationOption":"NotRequired","Alias":"test","AS2PartnerId":"test","PublicKeyAliasForVerification":"","verifyMIC":false,"ConfigurationType":"SIGNATURE_VALIDATION_CONFIG","ParentProfileId":"18be672c721d4f1f845f6436ec301fba","ParentProfileType":"TRADING_PARTNER","Activated":true,"UpdateStatus":"NONE","ActivatedAt":1748262856147,"ActivatedBy":"isabel.zoller@sap.com","createdAt":1723104807686,"createdBy":"mert.oezkan@sap.com","modifiedAt":1748262856274,"modifiedBy":"isabel.zoller@sap.com"},"TRADING_PARTNER_AS2_ID":{"VerificationOption":"NotRequired","Alias":"TRADING_PARTNER_AS2_ID","AS2PartnerId":"TRADING_PARTNER_AS2_ID","PublicKeyAliasForVerification":"","verifyMIC":false,"ConfigurationType":"SIGNATURE_VALIDATION_CONFIG","ParentProfileId":"18be672c721d4f1f845f6436ec301fba","ParentProfileType":"TRADING_PARTNER","Activated":true,"UpdateStatus":"NONE","ActivatedAt":1755192233242,"ActivatedBy":"vishakha.deshmukh@sap.com","createdAt":1755192225416,"createdBy":"vishakha.deshmukh@sap.com","modifiedAt":1755192233261,"modifiedBy":"vishakha.deshmukh@sap.com"}}},"DocumentSchemaVersion":"1.0","administrativeData":{"createdAt":1713873191496,"createdBy":"jingwen.li01@sap.com","modifiedAt":1755192233278,"modifiedBy":"vishakha.deshmukh@sap.com"},"ParentId":"18be672c721d4f1f845f6436ec301fba","ParentArtifactType":"TRADING_PARTNER","searchableAttributes":{"TENANT":["e30aab0a-9c29-40d4-a156-5e6dc245c28f"],"Alias":["test","TRADING_PARTNER_AS2_ID"]},"artifactProperties":{},"relations":[],"ArtifactRelations":{},"artifactStatus":"Draft","uniqueId":"8cd019a5773944ada41f9a94007b4586","displayName":"PartnerProfileConfiguration","semanticVersion":"1.0:","id":"18be672c721d4f1f845f6436ec301fba::profileConfiguration","artifactType":"PARTNER_PROFILE_CONFIG"}