{"ArtifactMetadata":{"SchemaVersion":"1.0","ArtifactType":"MagVersionInfo"},"value":{"ObjectGUID":"0111fbdbfc5c4773ac63f4300d8fee9c","MAGGUID":"5b36c3c5c86b4c03856e4cda5967a7f1","ImportCorrelationObjectId":"0111fbdbfc5c4773ac63f4300d8fee9c","ImportCorrelationGroupId":"5b36c3c5c86b4c03856e4cda5967a7f1","VersionId":"3.0","Name":"01.b) [Company Name] - SAP IDOC ORDRSP.ORDERS05 for SAP SOAP - to - SAP SOAP 1905 OrderConfirmationRequest","Status":"Active","SourceMig":{"ObjectGUID":"89e6b646e7784c209e7b1dfe60601c1d","MIGGUID":"0136ca4aad53400abe722829b62f2868","ImportCorrelationObjectId":"89e6b646e7784c209e7b1dfe60601c1d","ImportCorrelationGroupId":"0136ca4aad53400abe722829b62f2868","VersionId":"1.0","Name":"01.b) [Company Name] - SAP IDOC ORDRSP.ORDERS05 for SAP SOAP - Source","Status":"Active","HasEnvelope":false,"MessageTemplate":{"TypeSystemId":"SAP_IDoc","TypeSystemDisplayId":"SAP S/4HANA On Premise IDoc","VersionId":"1809_FPS02","VersionDisplayId":"1809 FPS02","Revision":11,"Id":"ORDRSP.ORDERS05","DisplayId":"ORDRSP.ORDERS05","Name":"Purchase order / order confirmation","IsCustomMessage":false},"AdministrativeData":{"CreatedBy":"moussa.el.kakouchi@sap.com","CreatedOn":1743589300148,"ModifiedBy":"moussa.el.kakouchi@sap.com","ModifiedOn":1743589336904}},"TargetMig":{"ObjectGUID":"9e6baa3f4abe465ebb5ebc2c5f3f4519","MIGGUID":"db1a0e9f9cdb45908b9e8e26343dc12a","ImportCorrelationObjectId":"9e6baa3f4abe465ebb5ebc2c5f3f4519","ImportCorrelationGroupId":"db1a0e9f9cdb45908b9e8e26343dc12a","VersionId":"2.0","Name":"01.b) [Trading Partner Name] - SAP SOAP 1905 OrderConfirmationRequest - Target","Status":"Active","HasEnvelope":false,"MessageTemplate":{"TypeSystemId":"SAP_S4HANA_Cloud_SOA","TypeSystemDisplayId":"SAP S/4HANA Cloud SOAP","VersionId":"1905","VersionDisplayId":"1905","Revision":7,"Id":"OrderConfRequest","DisplayId":"OrderConfRequest","Namespace":"http://sap.com/xi/EDI/Buyer","Name":"OrderConfRequest","IsCustomMessage":false},"AdministrativeData":{"CreatedBy":"qi.liu05@sap.com","CreatedOn":1756115034294,"ModifiedBy":"qi.liu05@sap.com","ModifiedOn":1756820273701}},"AdministrativeData":{"CreatedBy":"qi.liu05@sap.com","CreatedOn":1756115224641,"ModifiedBy":"qi.liu05@sap.com","ModifiedOn":1756820329718}}}