{"ArtifactMetadata":{"SchemaVersion":"1.0","ArtifactType":"MagVersionInfo"},"value":{"ObjectGUID":"1d680fdf60314662b7951f319427f356","MAGGUID":"4cc26232b1434d51ad16186fae00b5e8","ImportCorrelationObjectId":"1d680fdf60314662b7951f319427f356","ImportCorrelationGroupId":"4cc26232b1434d51ad16186fae00b5e8","VersionId":"2.0","Name":"03.) [Trading Partner Name] - SAP SOAP 1905 InvoiceRequest - to - SAP IDOC INVOIC.INVOIC02 for Customer EDI","Status":"Active","SourceMig":{"ObjectGUID":"6b91bd5bf24d4f6bbad78beef98e2a16","MIGGUID":"58a65943e5134045a560199a9fd136c8","ImportCorrelationObjectId":"6b91bd5bf24d4f6bbad78beef98e2a16","ImportCorrelationGroupId":"58a65943e5134045a560199a9fd136c8","VersionId":"1.0","Name":"03.) [Trading Partner Name] - SAP SOAP 1905 InvoiceRequest - Source","Status":"Active","HasEnvelope":false,"MessageTemplate":{"TypeSystemId":"SAP_S4HANA_Cloud_SOA","TypeSystemDisplayId":"SAP S/4HANA Cloud SOAP","VersionId":"1905","VersionDisplayId":"1905","Revision":7,"Id":"InvoiceRequest","DisplayId":"InvoiceRequest","Namespace":"http://sap.com/xi/EDI/Supplier","Name":"InvoiceRequest","IsCustomMessage":false},"AdministrativeData":{"CreatedBy":"vishakha.deshmukh@sap.com","CreatedOn":1727774748454,"ModifiedBy":"moussa.el.kakouchi@sap.com","ModifiedOn":1743602851869}},"TargetMig":{"ObjectGUID":"4bcaa1f3947f4f969f9fcacd9a3eda6e","MIGGUID":"38130fbd97b94fa7a1e5b4d4ddd4ec25","ImportCorrelationObjectId":"4bcaa1f3947f4f969f9fcacd9a3eda6e","ImportCorrelationGroupId":"38130fbd97b94fa7a1e5b4d4ddd4ec25","VersionId":"2.0","Name":"03.) [Company Name] - SAP IDOC INVOIC.INVOIC02 for Customer EDI - Target","Status":"Active","HasEnvelope":false,"MessageTemplate":{"TypeSystemId":"SAP_IDoc","TypeSystemDisplayId":"SAP S/4HANA On Premise IDoc","VersionId":"1809_FPS02","VersionDisplayId":"1809 FPS02","Revision":11,"Id":"INVOIC.INVOIC02","DisplayId":"INVOIC.INVOIC02","Name":"Invoice/Billing Document","IsCustomMessage":false},"AdministrativeData":{"CreatedBy":"qi.liu05@sap.com","CreatedOn":1756822910703,"ModifiedBy":"noah.rauch@sap.com","ModifiedOn":1757615449826}},"AdministrativeData":{"CreatedBy":"qi.liu05@sap.com","CreatedOn":1756822481844,"ModifiedBy":"noah.rauch@sap.com","ModifiedOn":1757615470138}}}