{"ArtifactMetadata":{"SchemaVersion":"1.0","ArtifactType":"MagVersionInfo"},"value":{"ObjectGUID":"528aeef095294793a45c341a99ef7f17","MAGGUID":"c04f0aa600824a31a1da82784724c7e4","ImportCorrelationObjectId":"528aeef095294793a45c341a99ef7f17","ImportCorrelationGroupId":"c04f0aa600824a31a1da82784724c7e4","VersionId":"4.0","Name":"02.) [Trading Partner Name] - SAP SOAP 1905 OrderConfirmationRequest - to - SAP IDOC ORDRSP.ORDERS05 for Customer EDI","Status":"Active","SourceMig":{"ObjectGUID":"40339256ae384d17a00509c30e5af985","MIGGUID":"f221ced5bcf64604a8d440d54d32af94","ImportCorrelationObjectId":"40339256ae384d17a00509c30e5af985","ImportCorrelationGroupId":"f221ced5bcf64604a8d440d54d32af94","VersionId":"2.0","Name":"01.b) [Trading Partner Name] - SAP SOAP 1905 OrderConfirmationRequest - Source","Status":"Active","HasEnvelope":false,"MessageTemplate":{"TypeSystemId":"SAP_S4HANA_Cloud_SOA","TypeSystemDisplayId":"SAP S/4HANA Cloud SOAP","VersionId":"1905","VersionDisplayId":"1905","Revision":7,"Id":"OrderConfRequest","DisplayId":"OrderConfRequest","Namespace":"http://sap.com/xi/EDI/Buyer","Name":"OrderConfRequest","IsCustomMessage":false},"AdministrativeData":{"CreatedBy":"moussa.el.kakouchi@sap.com","CreatedOn":1729080818989,"ModifiedBy":"moussa.el.kakouchi@sap.com","ModifiedOn":1743600340899}},"TargetMig":{"ObjectGUID":"272db48084c240a88c7162b44ce293cd","MIGGUID":"6868c2d805634f24aebba47f02797094","ImportCorrelationObjectId":"272db48084c240a88c7162b44ce293cd","ImportCorrelationGroupId":"6868c2d805634f24aebba47f02797094","VersionId":"4.0","Name":"01.b) [Company Name] - SAP IDOC ORDRSP.ORDERS05 for Customer EDI - Source","Status":"Active","HasEnvelope":false,"MessageTemplate":{"TypeSystemId":"SAP_IDoc","TypeSystemDisplayId":"SAP S/4HANA On Premise IDoc","VersionId":"1809_FPS02","VersionDisplayId":"1809 FPS02","Revision":11,"Id":"ORDRSP.ORDERS05","DisplayId":"ORDRSP.ORDERS05","Name":"Purchase order / order confirmation","IsCustomMessage":false},"AdministrativeData":{"CreatedBy":"vishakha.deshmukh@sap.com","CreatedOn":1756976082821,"ModifiedBy":"noah.rauch@sap.com","ModifiedOn":1757457214409}},"AdministrativeData":{"CreatedBy":"noah.rauch@sap.com","CreatedOn":1757615190873,"ModifiedBy":"noah.rauch@sap.com","ModifiedOn":1757615238884}}}