{"ArtifactMetadata":{"SchemaVersion":"1.0","ArtifactType":"MagVersionInfo"},"value":{"ObjectGUID":"c5acdf5ded6e4f19ae88dbff5411f838","MAGGUID":"ff7bf8282ce6473e8ddcd3a5742c92d0","ImportCorrelationObjectId":"c5acdf5ded6e4f19ae88dbff5411f838","ImportCorrelationGroupId":"ff7bf8282ce6473e8ddcd3a5742c92d0","VersionId":"3.0","Name":"02.) [Trading Partner Name] - SAP SOAP DeliveryRequest -to- SAP IDOC DESADV.DELVRY07","Status":"Active","SourceMig":{"ObjectGUID":"bd38ea10f35c417da2449ebd2b0b6494","MIGGUID":"7a39df2489fc46fb9a9bd4698b7af577","ImportCorrelationObjectId":"bd38ea10f35c417da2449ebd2b0b6494","ImportCorrelationGroupId":"7a39df2489fc46fb9a9bd4698b7af577","VersionId":"1.0","Name":"02.) [Trading Partner Name] - SAP SOAP 1905 DeliveryRequest - Source","Status":"Active","HasEnvelope":false,"MessageTemplate":{"TypeSystemId":"SAP_S4HANA_Cloud_SOA","TypeSystemDisplayId":"SAP S/4HANA Cloud SOAP","VersionId":"1905","VersionDisplayId":"1905","Revision":7,"Id":"DeliveryRequest","DisplayId":"DeliveryRequest","Namespace":"http://sap.com/xi/EDI/Buyer","Name":"DeliveryRequest","IsCustomMessage":false},"AdministrativeData":{"CreatedBy":"jan.feyen@sap.com","CreatedOn":1732530418608,"ModifiedBy":"moussa.el.kakouchi@sap.com","ModifiedOn":1743602703412}},"TargetMig":{"ObjectGUID":"a44f7c99d56d4e3d9396c13dd345a04d","MIGGUID":"70453cc75b124de7b29340ff46366d6e","ImportCorrelationObjectId":"a44f7c99d56d4e3d9396c13dd345a04d","ImportCorrelationGroupId":"70453cc75b124de7b29340ff46366d6e","VersionId":"2.0","Name":"02.) [Company Name] - SAP IDOC DESADV.DELVRY07 for Customer EDI - Target","Status":"Active","HasEnvelope":false,"MessageTemplate":{"TypeSystemId":"SAP_IDoc","TypeSystemDisplayId":"SAP S/4HANA On Premise IDoc","VersionId":"1809_FPS02","VersionDisplayId":"1809 FPS02","Revision":11,"Id":"DESADV.DELVRY07","DisplayId":"DESADV.DELVRY07","Name":"Delivery: Shipping notification","IsCustomMessage":false},"AdministrativeData":{"CreatedBy":"qi.liu05@sap.com","CreatedOn":1756833143725,"ModifiedBy":"noah.rauch@sap.com","ModifiedOn":1757615322963}},"AdministrativeData":{"CreatedBy":"qi.liu05@sap.com","CreatedOn":1756822084845,"ModifiedBy":"noah.rauch@sap.com","ModifiedOn":1757615386905}}}