{"ArtifactMetadata":{"SchemaVersion":"1.0","ArtifactType":"MagVersionInfo"},"value":{"ObjectGUID":"eb57b8a8a85d499dac2470773b94d44e","MAGGUID":"c8bfe8fe000e4ad2aaf740c0079aff78","ImportCorrelationObjectId":"eb57b8a8a85d499dac2470773b94d44e","ImportCorrelationGroupId":"c8bfe8fe000e4ad2aaf740c0079aff78","VersionId":"3.0","Name":"01.a) [Trading Partner Name] - SAP IDOC ORDERS.ORDERS05 -to- SAP SOAP OrderRequest","Status":"Active","SourceMig":{"ObjectGUID":"d52ff6f6dc3a405181b0df3bcb76826e","MIGGUID":"930757bea84541debd62ba80738ad864","ImportCorrelationObjectId":"d52ff6f6dc3a405181b0df3bcb76826e","ImportCorrelationGroupId":"930757bea84541debd62ba80738ad864","VersionId":"1.0","Name":"01.a) [Company Name] - SAP IDOC ORDERS.ORDERS05 for SAP SOAP - Source","Status":"Active","HasEnvelope":false,"MessageTemplate":{"TypeSystemId":"SAP_IDoc","TypeSystemDisplayId":"SAP S/4HANA On Premise IDoc","VersionId":"1809_FPS02","VersionDisplayId":"1809 FPS02","Revision":11,"Id":"ORDERS.ORDERS05","DisplayId":"ORDERS.ORDERS05","Name":"Purchase order / order","IsCustomMessage":false},"AdministrativeData":{"CreatedBy":"moussa.el.kakouchi@sap.com","CreatedOn":1743596965910,"ModifiedBy":"moussa.el.kakouchi@sap.com","ModifiedOn":1743597008848}},"TargetMig":{"ObjectGUID":"6a55ff3acee545dbbd76f150b93aff88","MIGGUID":"debc419208344650b10d48e574b3e446","ImportCorrelationObjectId":"6a55ff3acee545dbbd76f150b93aff88","ImportCorrelationGroupId":"debc419208344650b10d48e574b3e446","VersionId":"5.0","Name":"01.a) [Trading Partner Name] - SAP SOAP 1905 OrderRequest - Target","Status":"Active","HasEnvelope":false,"MessageTemplate":{"TypeSystemId":"SAP_S4HANA_Cloud_SOA","TypeSystemDisplayId":"SAP S/4HANA Cloud SOAP","VersionId":"1905","VersionDisplayId":"1905","Revision":7,"Id":"OrderRequest","DisplayId":"OrderRequest","Namespace":"http://sap.com/xi/EDI/Buyer","Name":"OrderRequest","IsCustomMessage":false},"AdministrativeData":{"CreatedBy":"qi.liu05@sap.com","CreatedOn":1756373760630,"ModifiedBy":"isabel.zoller@sap.com","ModifiedOn":1756903847675}},"AdministrativeData":{"CreatedBy":"qi.liu05@sap.com","CreatedOn":1756373471730,"ModifiedBy":"isabel.zoller@sap.com","ModifiedOn":1756903917386}}}