{"IsGroupIdentifier":false,"AssociatedIdentifiers":{"Properties":{}},"Alias":"TP_SOA_ID","TypeSystemId":"SAP_S4HANA_Cloud_SOA","IdentifierId":"TP_SOA_ID","SchemeName":"N/A","SchemeCode":"N/A","DocumentSchemaVersion":"1.0","administrativeData":{"createdAt":1732107850719,"createdBy":"tamaki.ogura@sap.com","modifiedAt":1732107850719,"modifiedBy":"tamaki.ogura@sap.com"},"ParentId":"18be672c721d4f1f845f6436ec301fba","ParentArtifactType":"TRADING_PARTNER","searchableAttributes":{"Alias":["TP_SOA_ID"],"TENANT":["e30aab0a-9c29-40d4-a156-5e6dc245c28f"]},"artifactProperties":{},"relations":[],"ArtifactRelations":{},"artifactStatus":"Draft","uniqueId":"2ce879308f9b4d03ae5e4c90ea0ab91a","displayName":"TP_SOA_ID","semanticVersion":"1.0","id":"2ce879308f9b4d03ae5e4c90ea0ab91a","artifactType":"IDENTIFIER"}