{"IsGroupIdentifier":false,"AssociatedIdentifiers":{"Properties":{}},"Alias":"Company_IDOC_SOA_ID","TypeSystemId":"SAP_IDoc","IdentifierId":"Company_IDOC_SOA_ID","SchemeName":"N/A","SchemeCode":"N/A","DocumentSchemaVersion":"1.0","administrativeData":{"createdAt":1731503672060,"createdBy":"tamaki.ogura@sap.com","modifiedAt":1743590999992,"modifiedBy":"moussa.el.kakouchi@sap.com"},"ParentId":"myCompany","ParentArtifactType":"COMPANY","searchableAttributes":{"Alias":["Company_IDOC_SOA_ID"],"TENANT":["e30aab0a-9c29-40d4-a156-5e6dc245c28f"]},"artifactProperties":{},"relations":[],"ArtifactRelations":{},"artifactStatus":"Draft","uniqueId":"3759275e777b42259821d57e7af91c9c","displayName":"Company_IDOC_SOA_ID","semanticVersion":"1.0","id":"3759275e777b42259821d57e7af91c9c","artifactType":"IDENTIFIER"}