{"Alias":"[B2B Integration Factory]-System","Name":"[B2B Integration Factory]-System","Description":"","SystemType":"513dd39317d245a1b3c09b810fc58267","Purpose":"Dev","Link":"","Setting":true,"TypeSystems":[{"Id":"UNEDIFACT","Name":"UN/EDIFACT","Versions":[{"Id":"D.10B S3","Name":"D.10B S3"},{"Id":"D.01B S3","Name":"D.01B S3"},{"Id":"D.93A S3","Name":"D.93A S3"},{"Id":"D.96A S3","Name":"D.96A S3"}]},{"Id":"ASC_X12","Name":"ASC X12","Versions":[{"Id":"005010","Name":"005010"},{"Id":"004010","Name":"004010"},{"Id":"007010","Name":"007010"}]},{"Id":"TRADACOMS","Name":"TRADACOMS","Versions":[{"Id":"All","Name":"All"}]}],"DocumentSchemaVersion":"1.0","administrativeData":{"createdAt":1721311208466,"createdBy":"jingwen.li01@sap.com","modifiedAt":1722849471624,"modifiedBy":"tamaki.ogura@sap.com"},"ParentId":"18be672c721d4f1f845f6436ec301fba","ParentArtifactType":"TRADING_PARTNER","searchableAttributes":{"Alias":["[B2B Integration Factory]-System"],"SystemType":["513dd39317d245a1b3c09b810fc58267"],"TENANT":["e30aab0a-9c29-40d4-a156-5e6dc245c28f"]},"artifactProperties":{},"relations":[],"ArtifactRelations":{},"artifactStatus":"Draft","id":"4d79cc68ef0540dc9dd1dec9ea0c5160","uniqueId":"4d79cc68ef0540dc9dd1dec9ea0c5160","artifactType":"SYSTEM_INSTANCE","displayName":"[B2B Integration Factory]-System","semanticVersion":"1.0"}