{"ArtifactMetadata":{"SchemaVersion":"1.4","ArtifactType":"MagDetail"},"Identification":{"ObjectGuid":"3c6e8b9ce3a948ad8c0b57ae986924db","MAGGUID":"d5d1b118cf17435b9e0605b393fe07b3","ImportCorrelationGroupId":"d5d1b118cf17435b9e0605b393fe07b3","ImportCorrelationObjectId":"3c6e8b9ce3a948ad8c0b57ae986924db","MAGVersion":"1.0","Customer":"fd071028502f5e5e1104606396090e5a"},"SourceBusinessContext":[{"contextType":"IndustryClassification","codeListId":"Industry","contextValues":[{"key":"I_CP","name":"Consumer Products"}]},{"contextType":"BusinessProcessRole","codeListId":"RoleCodelist","contextValues":[{"key":"SE","name":"Seller"},{"key":"BY","name":"Buyer"}]},{"contextType":"BusinessProcess","codeListId":"CommonBusinessProcessCodelist","contextValues":[{"key":"00029","name":"Confirm/Verify Payment Orders"}]}],"TargetBusinessContext":[{"contextType":"IndustryClassification","codeListId":"Industry","contextValues":[{"key":"I_CP","name":"Consumer Products"}]},{"contextType":"BusinessProcessRole","codeListId":"RoleCodelist","contextValues":[{"key":"BY","name":"Buyer"},{"key":"SE","name":"Seller"}]},{"contextType":"BusinessProcess","codeListId":"CommonBusinessProcessCodelist","contextValues":[{"key":"00036","name":"Create Order"}]}],"Status":"Draft","SourceMig":{"ObjectGUID":"28aab241e09d4247b65dd122926130a5","TypeSystemId":"SAP_IDoc"},"TargetMig":{"ObjectGUID":"40829e842c6b40aeb89aad5816bde770","TypeSystemId":"ASC_X12"},"DomainMappingElementsWithTransformation":[{"DomainMappingElement":{"SourceDomainSet":[],"TargetDomainSet":[{"DomainGuid":"9329750903f3335eb5eabe02a6bb36ce","AlternativeDomainGuid":"0296e58d091f4e4e82338fe6d57cb9c4","Position":1}],"Documentation":{"NumberOfNotes":0,"Notes":[]}},"Transformation":{"Function":{"FunctionGuid":"00000000000000000000000000000002","FunctionParameters":[{"PositionInParameterList":1,"Direction":"IN","Type":"STRING","Name":"value"},{"PositionInParameterList":2,"Direction":"OUT","Type":"NODE_LIST","Name":"nodes_out_1"}],"FunctionImplementations":[{"SourceCode":"\u003cxsl:value-of select\u003d\"$nodes_in/value\"/\u003e","FunctionImplementationLanguage":{"Name":"XSLT","Version":"2.0"}}],"isReference":false},"ParameterAssignments":[{"PositionInParameterList":1,"PositionInParameter":1,"Value":"IA"},{"PositionInParameterList":2,"PositionInParameter":1,"PositionInDomainSet":1}]},"Confidential":false},{"DomainMappingElement":{"SourceDomainSet":[],"TargetDomainSet":[{"DomainGuid":"17672b54a138343fb144d474e953b503","AlternativeDomainGuid":"5cf6525fb34a3e5cabe787deb7634a37","Position":1}],"Documentation":{"NumberOfNotes":0,"Notes":[]}},"Transformation":{"Function":{"FunctionGuid":"00000000000000000000000000000002","FunctionParameters":[{"PositionInParameterList":1,"Direction":"IN","Type":"STRING","Name":"value"},{"PositionInParameterList":2,"Direction":"OUT","Type":"NODE_LIST","Name":"nodes_out_1"}],"FunctionImplementations":[{"SourceCode":"\u003cxsl:value-of select\u003d\"$nodes_in/value\"/\u003e","FunctionImplementationLanguage":{"Name":"XSLT","Version":"2.0"}}],"isReference":false},"ParameterAssignments":[{"PositionInParameterList":1,"PositionInParameter":1,"Value":"002"},{"PositionInParameterList":2,"PositionInParameter":1,"PositionInDomainSet":1}]},"Confidential":false},{"DomainMappingElement":{"SourceDomainSet":[],"TargetDomainSet":[{"DomainGuid":"31b3f0082b0c369b9558e1646d8a581f","AlternativeDomainGuid":"7ee32b9439864242a3e66abf9d4a48ff","Position":1}],"Documentation":{"NumberOfNotes":0,"Notes":[]}},"Transformation":{"Function":{"FunctionGuid":"00000000000000000000000000000002","FunctionParameters":[{"PositionInParameterList":1,"Direction":"IN","Type":"STRING","Name":"value"},{"PositionInParameterList":2,"Direction":"OUT","Type":"NODE_LIST","Name":"nodes_out_1"}],"FunctionImplementations":[{"SourceCode":"\u003cxsl:value-of select\u003d\"$nodes_in/value\"/\u003e","FunctionImplementationLanguage":{"Name":"XSLT","Version":"2.0"}}],"isReference":false},"ParameterAssignments":[{"PositionInParameterList":1,"PositionInParameter":1,"Value":"010"},{"PositionInParameterList":2,"PositionInParameter":1,"PositionInDomainSet":1}]},"Confidential":false},{"DomainMappingElement":{"SourceDomainSet":[],"TargetDomainSet":[{"DomainGuid":"78b17ea6982c3ae1af4119b06cc13394","AlternativeDomainGuid":"25a0834d1a2f414b81822354e0481e08","Position":1}],"Documentation":{"NumberOfNotes":0,"Notes":[]}},"Transformation":{"Function":{"FunctionGuid":"00000000000000000000000000000002","FunctionParameters":[{"PositionInParameterList":1,"Direction":"IN","Type":"STRING","Name":"value"},{"PositionInParameterList":2,"Direction":"OUT","Type":"NODE_LIST","Name":"nodes_out_1"}],"FunctionImplementations":[{"SourceCode":"\u003cxsl:value-of select\u003d\"$nodes_in/value\"/\u003e","FunctionImplementationLanguage":{"Name":"XSLT","Version":"2.0"}}],"isReference":false},"ParameterAssignments":[{"PositionInParameterList":1,"PositionInParameter":1,"Value":"BY"},{"PositionInParameterList":2,"PositionInParameter":1,"PositionInDomainSet":1}]},"Confidential":false},{"DomainMappingElement":{"SourceDomainSet":[],"TargetDomainSet":[{"DomainGuid":"c201be914e4f32f9bad884d55820c7b3","AlternativeDomainGuid":"10fbf4e77ae943838e2ecc38eaf08091","Position":1}],"Documentation":{"NumberOfNotes":0,"Notes":[]}},"Transformation":{"Function":{"FunctionGuid":"00000000000000000000000000000002","FunctionParameters":[{"PositionInParameterList":1,"Direction":"IN","Type":"STRING","Name":"value"},{"PositionInParameterList":2,"Direction":"OUT","Type":"NODE_LIST","Name":"nodes_out_1"}],"FunctionImplementations":[{"SourceCode":"\u003cxsl:value-of select\u003d\"$nodes_in/value\"/\u003e","FunctionImplementationLanguage":{"Name":"XSLT","Version":"2.0"}}],"isReference":false},"ParameterAssignments":[{"PositionInParameterList":1,"PositionInParameter":1,"Value":"SU"},{"PositionInParameterList":2,"PositionInParameter":1,"PositionInDomainSet":1}]},"Confidential":false},{"DomainMappingElement":{"SourceDomainSet":[],"TargetDomainSet":[{"DomainGuid":"a02552c3a028346899f502c61ed36c10","AlternativeDomainGuid":"f5fc11832fdc3076a5d3c7d8bc4f4d7e","Position":1}],"Documentation":{"NumberOfNotes":0,"Notes":[]}},"Transformation":{"Function":{"FunctionGuid":"00000000000000000000000000000002","FunctionParameters":[{"PositionInParameterList":1,"Direction":"IN","Type":"STRING","Name":"value"},{"PositionInParameterList":2,"Direction":"OUT","Type":"NODE_LIST","Name":"nodes_out_1"}],"FunctionImplementations":[{"SourceCode":"\u003cxsl:value-of select\u003d\"$nodes_in/value\"/\u003e","FunctionImplementationLanguage":{"Name":"XSLT","Version":"2.0"}}],"isReference":false},"ParameterAssignments":[{"PositionInParameterList":1,"PositionInParameter":1,"Value":"ST"},{"PositionInParameterList":2,"PositionInParameter":1,"PositionInDomainSet":1}]},"Confidential":false},{"DomainMappingElement":{"SourceDomainSet":[],"TargetDomainSet":[{"DomainGuid":"829ab490b81e33e9b522931187f18735","Position":1}],"Documentation":{"NumberOfNotes":0,"Notes":[]}},"Transformation":{"Function":{"FunctionGuid":"4f8cbdc1f27346b9854c4102189c1602","FunctionParameters":[{"PositionInParameterList":1,"Direction":"OUT","Type":"NODE_LIST","Name":"nodes_out_1"}],"FunctionImplementations":[{"SourceCode":"\u003c!-- The content below is only a placeholder --\u003e\n\u003c!-- and can be replaced --\u003e\n\u003cxsl:sequence select\u003d\"format-date(current-date(),\u0027[Y0001][M01][D01]\u0027)\"/\u003e","FunctionImplementationLanguage":{"Name":"XSLT","Version":"2.0"}}],"isReference":false},"ParameterAssignments":[{"PositionInParameterList":1,"PositionInParameter":1,"PositionInDomainSet":1}]},"Confidential":false},{"DomainMappingElement":{"SourceDomainSet":[],"TargetDomainSet":[{"DomainGuid":"1d3f089c8a683c26801f9f1f9a33039b","Position":1}],"Documentation":{"NumberOfNotes":0,"Notes":[]}},"Transformation":{"Function":{"FunctionGuid":"d2ac3142170c45a1a810dce05a2ffa1e","FunctionParameters":[{"PositionInParameterList":1,"Direction":"OUT","Type":"NODE_LIST","Name":"nodes_out_1"}],"FunctionImplementations":[{"SourceCode":"\u003cxsl:sequence select\u003d\"$nodes_in/IDTNR\"/\u003e","FunctionImplementationLanguage":{"Name":"XSLT","Version":"2.0"}}],"isReference":false},"ParameterAssignments":[{"PositionInParameterList":1,"PositionInParameter":1,"PositionInDomainSet":1}]},"Confidential":false},{"DomainMappingElement":{"SourceDomainSet":[],"TargetDomainSet":[{"DomainGuid":"e9990aae1e8332c5b056010c8544fc09","Position":1}],"Documentation":{"NumberOfNotes":0,"Notes":[]}},"Transformation":{"Function":{"FunctionGuid":"ac5d3582b6ac4824b8e9da99de8aee31","FunctionParameters":[{"PositionInParameterList":1,"Direction":"OUT","Type":"NODE_LIST","Name":"nodes_out_1"}],"FunctionImplementations":[{"SourceCode":"\u003c!-- The content below is only a placeholder --\u003e\n\u003c!-- and can be replaced --\u003e\n\u003cxsl:sequence select\u003d\"count($nodes_in/*)\"/\u003e","FunctionImplementationLanguage":{"Name":"XSLT","Version":"2.0"}}],"isReference":false},"ParameterAssignments":[{"PositionInParameterList":1,"PositionInParameter":1,"PositionInDomainSet":1}]},"Confidential":false},{"DomainMappingElement":{"SourceDomainSet":[],"TargetDomainSet":[{"DomainGuid":"350e9b552966362b86889f4dad72d068","Position":1}],"Documentation":{"NumberOfNotes":0,"Notes":[]}},"Transformation":{"Function":{"FunctionGuid":"0bc00aaf8cb4413ca6b611f59bbea144","FunctionParameters":[{"PositionInParameterList":1,"Direction":"OUT","Type":"NODE_LIST","Name":"nodes_out_1"}],"FunctionImplementations":[{"SourceCode":"\u003c!-- The content below is only a placeholder --\u003e\n\u003c!-- and can be replaced --\u003e\n \u003cxsl:sequence select\u003d\"format-number(count($nodes_in/*),\u00270000\u0027)\"/\u003e","FunctionImplementationLanguage":{"Name":"XSLT","Version":"2.0"}}],"isReference":false},"ParameterAssignments":[{"PositionInParameterList":1,"PositionInParameter":1,"PositionInDomainSet":1}]},"Confidential":false},{"DomainMappingElement":{"SourceDomainSet":[{"DomainGuid":"8e6835c02194329ba3e31eddf62b4171","Position":1}],"TargetDomainSet":[{"DomainGuid":"4c825a355d583d9dbeca0d2e6c53062c","Position":1}],"Documentation":{"NumberOfNotes":0,"Notes":[]}},"Confidential":false},{"DomainMappingElement":{"SourceDomainSet":[{"DomainGuid":"a7dad5b0280e3afda5f8a85b03a98ad6","AlternativeDomainGuid":"a7471084306c35da940901a5e64e60ac","Position":1}],"TargetDomainSet":[{"DomainGuid":"92b78dcfee5338acb7ad3f0bbb81ea63","Position":1}],"Documentation":{"NumberOfNotes":0,"Notes":[]}},"Confidential":false},{"DomainMappingElement":{"SourceDomainSet":[{"DomainGuid":"783cff7c4338354aacd7332aedec6ddf","Position":1}],"TargetDomainSet":[{"DomainGuid":"9bab1925a79734bba1dcda18215df6b5","Position":1}],"Documentation":{"NumberOfNotes":0,"Notes":[]}},"Transformation":{"Function":{"FunctionGuid":"00000000000000000000000000000001","FunctionParameters":[{"PositionInParameterList":1,"Direction":"IN","Type":"NODE_LIST","Name":"CRETIM"},{"PositionInParameterList":2,"Direction":"OUT","Type":"NODE_LIST","Name":"nodes_out_1"}],"FunctionImplementations":[{"SourceCode":"\u003cxsl:sequence select\u003d\"$nodes_in/*\"/\u003e","FunctionImplementationLanguage":{"Name":"XSLT","Version":"2.0"}}],"isReference":false},"ParameterAssignments":[{"PositionInParameterList":1,"PositionInParameter":1,"PositionInDomainSet":1},{"PositionInParameterList":2,"PositionInParameter":1,"PositionInDomainSet":1}]},"Confidential":false},{"DomainMappingElement":{"SourceDomainSet":[{"DomainGuid":"dcb0e1c335473d34986140573fa300b0","Position":1}],"TargetDomainSet":[{"DomainGuid":"8785cd2399273817a81132ce30fb6156","Position":1}],"Documentation":{"NumberOfNotes":0,"Notes":[]}},"Transformation":{"Function":{"FunctionGuid":"00000000000000000000000000000001","FunctionParameters":[{"PositionInParameterList":1,"Direction":"IN","Type":"NODE_LIST","Name":"STDVRS"},{"PositionInParameterList":2,"Direction":"OUT","Type":"NODE_LIST","Name":"nodes_out_1"}],"FunctionImplementations":[{"SourceCode":"\u003cxsl:sequence select\u003d\"$nodes_in/*\"/\u003e","FunctionImplementationLanguage":{"Name":"XSLT","Version":"2.0"}}],"isReference":false},"ParameterAssignments":[{"PositionInParameterList":1,"PositionInParameter":1,"PositionInDomainSet":1},{"PositionInParameterList":2,"PositionInParameter":1,"PositionInDomainSet":1}]},"Confidential":false},{"DomainMappingElement":{"SourceDomainSet":[{"DomainGuid":"cd4fcaf221453cd6ae9fd465e95fdf16","Position":1}],"TargetDomainSet":[{"DomainGuid":"4453431530e83ec08d89c73cf61c5801","Position":1}],"Documentation":{"NumberOfNotes":0,"Notes":[]}},"Confidential":false},{"DomainMappingElement":{"SourceDomainSet":[{"DomainGuid":"a624f0de68423d6d8f54a4cfe35688b9","AlternativeDomainGuid":"8c4ef924f8123ffeaf892f6c6466f485","Position":1}],"TargetDomainSet":[{"DomainGuid":"429318bcc0543c219b784aa9caa56ee4","Position":1}],"Documentation":{"NumberOfNotes":0,"Notes":[]}},"Transformation":{"Function":{"FunctionGuid":"00000000000000000000000000000001","FunctionParameters":[{"PositionInParameterList":1,"Direction":"IN","Type":"NODE_LIST","Name":"BELNR"},{"PositionInParameterList":2,"Direction":"OUT","Type":"NODE_LIST","Name":"nodes_out_1"}],"FunctionImplementations":[{"SourceCode":"\u003cxsl:sequence select\u003d\"$nodes_in/*\"/\u003e","FunctionImplementationLanguage":{"Name":"XSLT","Version":"2.0"}}],"isReference":false},"ParameterAssignments":[{"PositionInParameterList":1,"PositionInParameter":1,"PositionInDomainSet":1},{"PositionInParameterList":2,"PositionInParameter":1,"PositionInDomainSet":1}]},"Confidential":false},{"DomainMappingElement":{"SourceDomainSet":[{"DomainGuid":"9aa1883c4b3a37eab4f8213c3ba2151f","AlternativeDomainGuid":"f9621080a2694951a61d1850aab9da0d","Position":1}],"TargetDomainSet":[{"DomainGuid":"c2fd77817ac13ea6a2b16502ba845ea1","AlternativeDomainGuid":"6f956eed537846f7a49cc65ebc8ba611","Position":1}],"Documentation":{"NumberOfNotes":0,"Notes":[]}},"Confidential":false},{"DomainMappingElement":{"SourceDomainSet":[{"DomainGuid":"beddab3fc27c3607a58b542b1f6cfe0e","AlternativeDomainGuid":"6481f7b13ae0373eab04768a310c51d6","Position":1}],"TargetDomainSet":[{"DomainGuid":"ca1019de9dd23547b9ca7f9d4b14af42","Position":1}],"Documentation":{"NumberOfNotes":0,"Notes":[]}},"Transformation":{"Function":{"FunctionGuid":"00000000000000000000000000000001","FunctionParameters":[{"PositionInParameterList":1,"Direction":"IN","Type":"NODE_LIST","Name":"PRZNT"},{"PositionInParameterList":2,"Direction":"OUT","Type":"NODE_LIST","Name":"nodes_out_1"}],"FunctionImplementations":[{"SourceCode":"\u003cxsl:sequence select\u003d\"$nodes_in/*\"/\u003e","FunctionImplementationLanguage":{"Name":"XSLT","Version":"2.0"}}],"isReference":false},"ParameterAssignments":[{"PositionInParameterList":1,"PositionInParameter":1,"PositionInDomainSet":1},{"PositionInParameterList":2,"PositionInParameter":1,"PositionInDomainSet":1}]},"Confidential":false},{"DomainMappingElement":{"SourceDomainSet":[{"DomainGuid":"7c3d4b466bba3c9d806a6767c42d4964","AlternativeDomainGuid":"3f9ebea9ec80419299629097a6883fd7","Position":2},{"DomainGuid":"3385a208a90c3fc7bc519fe0391d1a1d","AlternativeDomainGuid":"502a0f3dfb2b41d98fe332acc5285299","Position":1}],"TargetDomainSet":[{"DomainGuid":"7824ce21280130428ceae47a66603d3b","Position":1}],"Documentation":{"NumberOfNotes":0,"Notes":[]}},"Transformation":{"Function":{"FunctionGuid":"a985f52ee3e04000a71eb9025582f220","FunctionParameters":[{"PositionInParameterList":1,"Direction":"IN","Type":"NODE_LIST","Name":"TAGE"},{"PositionInParameterList":2,"Direction":"IN","Type":"NODE_LIST","Name":"DATUM"},{"PositionInParameterList":3,"Direction":"OUT","Type":"NODE_LIST","Name":"nodes_out_1"}],"FunctionImplementations":[{"SourceCode":"\u003cxsl:sequence select\u003d\"$nodes_in/*\"/\u003e","FunctionImplementationLanguage":{"Name":"XSLT","Version":"2.0"}}],"isReference":false},"ParameterAssignments":[{"PositionInParameterList":1,"PositionInParameter":1,"PositionInDomainSet":2},{"PositionInParameterList":2,"PositionInParameter":1,"PositionInDomainSet":1},{"PositionInParameterList":3,"PositionInParameter":1,"PositionInDomainSet":1}]},"Confidential":false},{"DomainMappingElement":{"SourceDomainSet":[{"DomainGuid":"da92cfee27383e64b7126c77d808657e","AlternativeDomainGuid":"c2472a3bd5dc3e60935b0a9d896542d7","Position":1}],"TargetDomainSet":[{"DomainGuid":"4d4259e961d43cfea273e0cc5f487010","Position":1}],"Documentation":{"NumberOfNotes":0,"Notes":[]}},"Transformation":{"Function":{"FunctionGuid":"00000000000000000000000000000001","FunctionParameters":[{"PositionInParameterList":1,"Direction":"IN","Type":"NODE_LIST","Name":"TAGE"},{"PositionInParameterList":2,"Direction":"OUT","Type":"NODE_LIST","Name":"nodes_out_1"}],"FunctionImplementations":[{"SourceCode":"\u003cxsl:sequence select\u003d\"$nodes_in/*\"/\u003e","FunctionImplementationLanguage":{"Name":"XSLT","Version":"2.0"}}],"isReference":false},"ParameterAssignments":[{"PositionInParameterList":1,"PositionInParameter":1,"PositionInDomainSet":1},{"PositionInParameterList":2,"PositionInParameter":1,"PositionInDomainSet":1}]},"Confidential":false},{"DomainMappingElement":{"SourceDomainSet":[{"DomainGuid":"3385a208a90c3fc7bc519fe0391d1a1d","AlternativeDomainGuid":"502a0f3dfb2b41d98fe332acc5285299","Position":1}],"TargetDomainSet":[{"DomainGuid":"d5f4c98921f73637a77d3b685477e2b3","Position":1}],"Documentation":{"NumberOfNotes":0,"Notes":[]}},"Transformation":{"Function":{"FunctionGuid":"00000000000000000000000000000001","FunctionParameters":[{"PositionInParameterList":1,"Direction":"IN","Type":"NODE_LIST","Name":"DATUM"},{"PositionInParameterList":2,"Direction":"OUT","Type":"NODE_LIST","Name":"nodes_out_1"}],"FunctionImplementations":[{"SourceCode":"\u003cxsl:sequence select\u003d\"$nodes_in/*\"/\u003e","FunctionImplementationLanguage":{"Name":"XSLT","Version":"2.0"}}],"isReference":false},"ParameterAssignments":[{"PositionInParameterList":1,"PositionInParameter":1,"PositionInDomainSet":1},{"PositionInParameterList":2,"PositionInParameter":1,"PositionInDomainSet":1}]},"Confidential":false},{"DomainMappingElement":{"SourceDomainSet":[{"DomainGuid":"7c3d4b466bba3c9d806a6767c42d4964","AlternativeDomainGuid":"3f9ebea9ec80419299629097a6883fd7","Position":1}],"TargetDomainSet":[{"DomainGuid":"03088f92330f365394c7c55f0e69c215","Position":1}],"Documentation":{"NumberOfNotes":0,"Notes":[]}},"Transformation":{"Function":{"FunctionGuid":"00000000000000000000000000000001","FunctionParameters":[{"PositionInParameterList":1,"Direction":"IN","Type":"NODE_LIST","Name":"TAGE"},{"PositionInParameterList":2,"Direction":"OUT","Type":"NODE_LIST","Name":"nodes_out_1"}],"FunctionImplementations":[{"SourceCode":"\u003cxsl:sequence select\u003d\"$nodes_in/*\"/\u003e","FunctionImplementationLanguage":{"Name":"XSLT","Version":"2.0"}}],"isReference":false},"ParameterAssignments":[{"PositionInParameterList":1,"PositionInParameter":1,"PositionInDomainSet":1},{"PositionInParameterList":2,"PositionInParameter":1,"PositionInDomainSet":1}]},"Confidential":false},{"DomainMappingElement":{"SourceDomainSet":[{"DomainGuid":"0727acba3eeb3bb6ae8e6c5ee1efee2e","AlternativeDomainGuid":"29474c5247503517a824e77b7472e60c","Position":1}],"TargetDomainSet":[{"DomainGuid":"a957b99a04633e54a676ba93822d5c47","AlternativeDomainGuid":"cd339e0604b73534a4b3a5ee847d40b1","Position":1}],"Documentation":{"NumberOfNotes":0,"Notes":[]}},"Confidential":false},{"DomainMappingElement":{"SourceDomainSet":[{"DomainGuid":"b0c722627fea3dbba469281e305948f3","AlternativeDomainGuid":"12527b31f17d30a18650033968f5a1de","Position":1}],"TargetDomainSet":[{"DomainGuid":"95a5380d27fa3ad4b21e141da402a878","AlternativeDomainGuid":"5affd4a64031374598ca0c799335f671","Position":1}],"Documentation":{"NumberOfNotes":0,"Notes":[]}},"Transformation":{"Function":{"FunctionGuid":"00000000000000000000000000000001","FunctionParameters":[{"PositionInParameterList":1,"Direction":"IN","Type":"NODE_LIST","Name":"DATUM"},{"PositionInParameterList":2,"Direction":"OUT","Type":"NODE_LIST","Name":"nodes_out_1"}],"FunctionImplementations":[{"SourceCode":"\u003cxsl:sequence select\u003d\"$nodes_in/*\"/\u003e","FunctionImplementationLanguage":{"Name":"XSLT","Version":"2.0"}}],"isReference":false},"ParameterAssignments":[{"PositionInParameterList":1,"PositionInParameter":1,"PositionInDomainSet":1},{"PositionInParameterList":2,"PositionInParameter":1,"PositionInDomainSet":1}]},"Confidential":false},{"DomainMappingElement":{"SourceDomainSet":[{"DomainGuid":"eb51580a23273928b2d2d7aba514dffd","AlternativeDomainGuid":"6615635d4ad235f0a65dce5fa34c4835","Position":1}],"TargetDomainSet":[{"DomainGuid":"a8cd606a296e33c09007f23adbe40380","AlternativeDomainGuid":"0cafcfa8aae449dfa70a25a8d0777515","Position":1}],"Documentation":{"NumberOfNotes":0,"Notes":[]}},"Transformation":{"Function":{"FunctionGuid":"00000000000000000000000000000001","FunctionParameters":[{"PositionInParameterList":1,"Direction":"IN","Type":"NODE_LIST","Name":"UZEIT"},{"PositionInParameterList":2,"Direction":"OUT","Type":"NODE_LIST","Name":"nodes_out_1"}],"FunctionImplementations":[{"SourceCode":"\u003cxsl:sequence select\u003d\"$nodes_in/*\"/\u003e","FunctionImplementationLanguage":{"Name":"XSLT","Version":"2.0"}}],"isReference":false},"ParameterAssignments":[{"PositionInParameterList":1,"PositionInParameter":1,"PositionInDomainSet":1},{"PositionInParameterList":2,"PositionInParameter":1,"PositionInDomainSet":1}]},"Confidential":false},{"DomainMappingElement":{"SourceDomainSet":[{"DomainGuid":"9aa1883c4b3a37eab4f8213c3ba2151f","AlternativeDomainGuid":"f9621080a2694951a61d1850aab9da0d","Position":1}],"TargetDomainSet":[{"DomainGuid":"cd5494542e433058bb11684ff6afe156","AlternativeDomainGuid":"efb5b9cc6b3a4d2b8040a2b20f82da7a","Position":1}],"Documentation":{"NumberOfNotes":0,"Notes":[]}},"Confidential":false},{"DomainMappingElement":{"SourceDomainSet":[{"DomainGuid":"1ceedcfba0b3304286be01ce80bcc121","AlternativeDomainGuid":"d952559772e94a999423daf9827dcfb0","Position":1}],"TargetDomainSet":[{"DomainGuid":"46265a3d41c8366bbfe2d195b83a23c4","AlternativeDomainGuid":"983f86f04c314f49b488a8dece58cddf","Position":1}],"Documentation":{"NumberOfNotes":0,"Notes":[]}},"Transformation":{"Function":{"FunctionGuid":"599ebc654e9c44148e755fd9824a8549","FunctionParameters":[{"PositionInParameterList":1,"Direction":"IN","Type":"NODE_LIST","Name":"ILNNR"},{"PositionInParameterList":2,"Direction":"OUT","Type":"NODE_LIST","Name":"nodes_out_1"}],"FunctionImplementations":[{"SourceCode":"\u003cxsl:sequence select\u003d\"if ($nodes_in/ILNNR and $nodes_in/ILNNR!\u003d\u0027\u0027)\nthen \u0027UL\u0027\nelse \u002791\u0027\n\"/\u003e","FunctionImplementationLanguage":{"Name":"XSLT","Version":"2.0"}}],"isReference":false},"ParameterAssignments":[{"PositionInParameterList":1,"PositionInParameter":1,"PositionInDomainSet":1},{"PositionInParameterList":2,"PositionInParameter":1,"PositionInDomainSet":1}]},"Confidential":false},{"DomainMappingElement":{"SourceDomainSet":[{"DomainGuid":"4a3d87e5e8c734e49add22aab58f607a","AlternativeDomainGuid":"6ea60e73e6744c5db87fc257f22b91fa","Position":1}],"TargetDomainSet":[{"DomainGuid":"29d53efb7b633dd0813c26e71c3f6fc3","AlternativeDomainGuid":"5f6a37adc9994e0c8c82b3ad5f618c06","Position":1}],"Documentation":{"NumberOfNotes":0,"Notes":[]}},"Transformation":{"Function":{"FunctionGuid":"00000000000000000000000000000001","FunctionParameters":[{"PositionInParameterList":1,"Direction":"IN","Type":"NODE_LIST","Name":"LIFNR"},{"PositionInParameterList":2,"Direction":"OUT","Type":"NODE_LIST","Name":"nodes_out_1"}],"FunctionImplementations":[{"SourceCode":"\u003cxsl:sequence select\u003d\"$nodes_in/*\"/\u003e","FunctionImplementationLanguage":{"Name":"XSLT","Version":"2.0"}}],"isReference":false},"ParameterAssignments":[{"PositionInParameterList":1,"PositionInParameter":1,"PositionInDomainSet":1},{"PositionInParameterList":2,"PositionInParameter":1,"PositionInDomainSet":1}]},"Confidential":false},{"DomainMappingElement":{"SourceDomainSet":[{"DomainGuid":"59e5a50a6d5832cf8dbeed0ffcd02fa2","AlternativeDomainGuid":"55a11690200148da9970b5d4588a1551","Position":1}],"TargetDomainSet":[{"DomainGuid":"dc6f352914703779a7f5e4ac79c06391","AlternativeDomainGuid":"69d9527a6d6c4033842a2ec8b4835edd","Position":1}],"Documentation":{"NumberOfNotes":0,"Notes":[]}},"Confidential":false},{"DomainMappingElement":{"SourceDomainSet":[{"DomainGuid":"6a82871d602239f09d1888d80c6dbcdd","AlternativeDomainGuid":"3e08edecf2ec49c7bee323aaa9294747","Position":1}],"TargetDomainSet":[{"DomainGuid":"8ef02327cb39342a87ff92a8f7494bad","AlternativeDomainGuid":"98a971fe046b489fa10e42f0a2ca2540","Position":1}],"Documentation":{"NumberOfNotes":0,"Notes":[]}},"Transformation":{"Function":{"FunctionGuid":"15372d9ec1654ece877ec57103344f73","FunctionParameters":[{"PositionInParameterList":1,"Direction":"IN","Type":"NODE_LIST","Name":"ILNNR"},{"PositionInParameterList":2,"Direction":"OUT","Type":"NODE_LIST","Name":"nodes_out_1"}],"FunctionImplementations":[{"SourceCode":"\u003cxsl:sequence select\u003d\"if ($nodes_in/ILNNR and $nodes_in/ILNNR!\u003d\u0027\u0027)\nthen \u0027UL\u0027\nelse \u002791\u0027\n\"/\u003e","FunctionImplementationLanguage":{"Name":"XSLT","Version":"2.0"}}],"isReference":false},"ParameterAssignments":[{"PositionInParameterList":1,"PositionInParameter":1,"PositionInDomainSet":1},{"PositionInParameterList":2,"PositionInParameter":1,"PositionInDomainSet":1}]},"Confidential":false},{"DomainMappingElement":{"SourceDomainSet":[{"DomainGuid":"2f4e5eee7c3e3933892b926b7577f26f","AlternativeDomainGuid":"79d67fe67a0043b7ad783a2f0017db74","Position":1}],"TargetDomainSet":[{"DomainGuid":"0f79b08ec6f938d5b4f6e6c4e32d68f1","AlternativeDomainGuid":"a4e1ea0c9715448a85ed9a91ac37444c","Position":1}],"Documentation":{"NumberOfNotes":0,"Notes":[]}},"Transformation":{"Function":{"FunctionGuid":"00000000000000000000000000000001","FunctionParameters":[{"PositionInParameterList":1,"Direction":"IN","Type":"NODE_LIST","Name":"LIFNR"},{"PositionInParameterList":2,"Direction":"OUT","Type":"NODE_LIST","Name":"nodes_out_1"}],"FunctionImplementations":[{"SourceCode":"\u003cxsl:sequence select\u003d\"$nodes_in/*\"/\u003e","FunctionImplementationLanguage":{"Name":"XSLT","Version":"2.0"}}],"isReference":false},"ParameterAssignments":[{"PositionInParameterList":1,"PositionInParameter":1,"PositionInDomainSet":1},{"PositionInParameterList":2,"PositionInParameter":1,"PositionInDomainSet":1}]},"Confidential":false},{"DomainMappingElement":{"SourceDomainSet":[{"DomainGuid":"a906c3f744ad31cea9c20c39ba1f3be2","AlternativeDomainGuid":"465352f871b242f8ad883bf0f11bd80e","Position":1}],"TargetDomainSet":[{"DomainGuid":"ddb202aa9ba73c1d9769c6e1625f7199","AlternativeDomainGuid":"0a0894375b16387faac7af3ddc3d43f6","Position":1}],"Documentation":{"NumberOfNotes":0,"Notes":[]}},"Confidential":false},{"DomainMappingElement":{"SourceDomainSet":[{"DomainGuid":"b9c7046e5fb33701822d58cb1b8606c8","AlternativeDomainGuid":"25fe3b47d5e54a53a4bcd932b6c7b62f","Position":1}],"TargetDomainSet":[{"DomainGuid":"2843ca40e2503bcfa684689f726e9510","AlternativeDomainGuid":"c972e1b3666d36278612a4c7e460b39f","Position":1}],"Documentation":{"NumberOfNotes":0,"Notes":[]}},"Transformation":{"Function":{"FunctionGuid":"00000000000000000000000000000001","FunctionParameters":[{"PositionInParameterList":1,"Direction":"IN","Type":"NODE_LIST","Name":"NAME1"},{"PositionInParameterList":2,"Direction":"OUT","Type":"NODE_LIST","Name":"nodes_out_1"}],"FunctionImplementations":[{"SourceCode":"\u003cxsl:sequence select\u003d\"$nodes_in/*\"/\u003e","FunctionImplementationLanguage":{"Name":"XSLT","Version":"2.0"}}],"isReference":false},"ParameterAssignments":[{"PositionInParameterList":1,"PositionInParameter":1,"PositionInDomainSet":1},{"PositionInParameterList":2,"PositionInParameter":1,"PositionInDomainSet":1}]},"Confidential":false},{"DomainMappingElement":{"SourceDomainSet":[{"DomainGuid":"6b315c85c69c3d799ac14bbb56b54d98","AlternativeDomainGuid":"541e590194f643bda3dc2f9bc3348fa9","Position":1}],"TargetDomainSet":[{"DomainGuid":"97fa3c8631e63085818a49cd214b6566","AlternativeDomainGuid":"7e6431f8d54035e58d7f3d46e1ab420b","Position":1}],"Documentation":{"NumberOfNotes":0,"Notes":[]}},"Transformation":{"Function":{"FunctionGuid":"15372d9ec1654ece877ec57103344f73","FunctionParameters":[{"PositionInParameterList":1,"Direction":"IN","Type":"NODE_LIST","Name":"ILNNR"},{"PositionInParameterList":2,"Direction":"OUT","Type":"NODE_LIST","Name":"nodes_out_1"}],"FunctionImplementations":[{"SourceCode":"\u003cxsl:sequence select\u003d\"if ($nodes_in/ILNNR and $nodes_in/ILNNR!\u003d\u0027\u0027)\nthen \u0027UL\u0027\nelse \u002791\u0027\n\"/\u003e","FunctionImplementationLanguage":{"Name":"XSLT","Version":"2.0"}}],"isReference":false},"ParameterAssignments":[{"PositionInParameterList":1,"PositionInParameter":1,"PositionInDomainSet":1},{"PositionInParameterList":2,"PositionInParameter":1,"PositionInDomainSet":1}]},"Confidential":false},{"DomainMappingElement":{"SourceDomainSet":[{"DomainGuid":"6e4e10220358305ab04273f082f00deb","AlternativeDomainGuid":"907debf7013d485a887806e6b601ce7e","Position":1}],"TargetDomainSet":[{"DomainGuid":"1dba2b0646cb3aa7a927743fa69e1504","AlternativeDomainGuid":"e0c1fec7972a32ed8af408db772f503d","Position":1}],"Documentation":{"NumberOfNotes":0,"Notes":[]}},"Transformation":{"Function":{"FunctionGuid":"00000000000000000000000000000001","FunctionParameters":[{"PositionInParameterList":1,"Direction":"IN","Type":"NODE_LIST","Name":"PARTN"},{"PositionInParameterList":2,"Direction":"OUT","Type":"NODE_LIST","Name":"nodes_out_1"}],"FunctionImplementations":[{"SourceCode":"\u003cxsl:sequence select\u003d\"$nodes_in/*\"/\u003e","FunctionImplementationLanguage":{"Name":"XSLT","Version":"2.0"}}],"isReference":false},"ParameterAssignments":[{"PositionInParameterList":1,"PositionInParameter":1,"PositionInDomainSet":1},{"PositionInParameterList":2,"PositionInParameter":1,"PositionInDomainSet":1}]},"Confidential":false},{"DomainMappingElement":{"SourceDomainSet":[{"DomainGuid":"39232460427f3764b2a70ec98a7acb82","Position":1}],"TargetDomainSet":[{"DomainGuid":"8bff319fb4023444bab3ade9ac71a23b","Position":1}],"Documentation":{"NumberOfNotes":0,"Notes":[]}},"Confidential":false},{"DomainMappingElement":{"SourceDomainSet":[{"DomainGuid":"77bf5578356431938c41e610057df83f","Position":1}],"TargetDomainSet":[{"DomainGuid":"14818c9e1f74329d8432045f86e72f1a","Position":1}],"Documentation":{"NumberOfNotes":0,"Notes":[]}},"Confidential":false},{"DomainMappingElement":{"SourceDomainSet":[{"DomainGuid":"e2fd90146b173a73a16cb984b4ab0815","Position":2},{"DomainGuid":"253848e28c0735b595f08a42abd19648","AlternativeDomainGuid":"ed297845ddb94b0791393201f9492ae0","Position":1}],"TargetDomainSet":[{"DomainGuid":"0bdbc3cc04363fd89dfc7da29284f653","Position":1}],"Documentation":{"NumberOfNotes":0,"Notes":[]}},"Transformation":{"Function":{"FunctionGuid":"b25f86c7f42d4b43a7e1f31bc5685ece","FunctionParameters":[{"PositionInParameterList":1,"Direction":"IN","Type":"NODE_LIST","Name":"POSEX"},{"PositionInParameterList":2,"Direction":"IN","Type":"NODE_LIST","Name":"ZEILE"},{"PositionInParameterList":3,"Direction":"OUT","Type":"NODE_LIST","Name":"nodes_out_1"}],"FunctionImplementations":[{"SourceCode":"\u003c!-- \u003cxsl:sequence select\u003d\"$nodes_in/*\"/\u003e  --\u003e\n\n\u003cxsl:choose\u003e\n  \u003cxsl:when test\u003d\"$nodes_in/POSEX !\u003d \u0027\u0027\"\u003e\n    \u003cxsl:sequence select\u003d\"number($nodes_in/POSEX)\"/\u003e\n  \u003c/xsl:when\u003e \n  \u003cxsl:otherwise\u003e\n    \u003cxsl:sequence select\u003d\"number($nodes_in/ZEILE)\"/\u003e  \n  \u003c/xsl:otherwise\u003e\n\u003c/xsl:choose\u003e\n","FunctionImplementationLanguage":{"Name":"XSLT","Version":"2.0"}}],"isReference":false},"ParameterAssignments":[{"PositionInParameterList":1,"PositionInParameter":1,"PositionInDomainSet":2},{"PositionInParameterList":2,"PositionInParameter":1,"PositionInDomainSet":1},{"PositionInParameterList":3,"PositionInParameter":1,"PositionInDomainSet":1}]},"Confidential":false},{"DomainMappingElement":{"SourceDomainSet":[{"DomainGuid":"5b0ec8d5b1a131ed94dcacd9ff8eac7f","Position":1}],"TargetDomainSet":[{"DomainGuid":"7f61228484453163bc200a10d5055675","Position":1}],"Documentation":{"NumberOfNotes":0,"Notes":[]}},"Confidential":false},{"DomainMappingElement":{"SourceDomainSet":[{"DomainGuid":"e326f306716633d4bf0daef12437bdb0","Position":1}],"TargetDomainSet":[{"DomainGuid":"0fda468d322d3b55bf6c786f589e9969","Position":1}],"Documentation":{"NumberOfNotes":0,"Notes":[]}},"Transformation":{"Function":{"FunctionGuid":"00000000000000000000000000000001","FunctionParameters":[{"PositionInParameterList":1,"Direction":"IN","Type":"NODE_LIST","Name":"PEINH"},{"PositionInParameterList":2,"Direction":"OUT","Type":"NODE_LIST","Name":"nodes_out_1"}],"FunctionImplementations":[{"SourceCode":"\u003cxsl:sequence select\u003d\"$nodes_in/*\"/\u003e","FunctionImplementationLanguage":{"Name":"XSLT","Version":"2.0"}}],"isReference":false},"ParameterAssignments":[{"PositionInParameterList":1,"PositionInParameter":1,"PositionInDomainSet":1},{"PositionInParameterList":2,"PositionInParameter":1,"PositionInDomainSet":1}]},"Confidential":false},{"DomainMappingElement":{"SourceDomainSet":[{"DomainGuid":"5b0ec8d5b1a131ed94dcacd9ff8eac7f","Position":1},{"DomainGuid":"e326f306716633d4bf0daef12437bdb0","Position":2}],"TargetDomainSet":[{"DomainGuid":"9f9a27a6bb3035168441173667fc32a3","Position":1}],"Documentation":{"NumberOfNotes":0,"Notes":[]}},"Transformation":{"Function":{"FunctionGuid":"d4bc61773f5943b49c588ef49598946a","FunctionParameters":[{"PositionInParameterList":1,"Direction":"IN","Type":"NODE_LIST","Name":"MENEE"},{"PositionInParameterList":2,"Direction":"IN","Type":"NODE_LIST","Name":"PEINH"},{"PositionInParameterList":3,"Direction":"OUT","Type":"NODE_LIST","Name":"nodes_out_1"}],"FunctionImplementations":[{"SourceCode":"\u003cxsl:choose\u003e\n    \u003cxsl:when test\u003d\"$nodes_in/PEINH \u003d \u00271000\u0027\"\u003eTP\u003c/xsl:when\u003e\n    \u003cxsl:when test\u003d\"$nodes_in/PEINH \u003d \u00271\u0027 and $nodes_in/MENEE \u003d \u0027EA\u0027\"\u003ePE\u003c/xsl:when\u003e\n    \u003cxsl:otherwise\u003eUM\u003c/xsl:otherwise\u003e\n\u003c/xsl:choose\u003e","FunctionImplementationLanguage":{"Name":"XSLT","Version":"2.0"}}],"isReference":false},"ParameterAssignments":[{"PositionInParameterList":1,"PositionInParameter":1,"PositionInDomainSet":1},{"PositionInParameterList":2,"PositionInParameter":1,"PositionInDomainSet":2},{"PositionInParameterList":3,"PositionInParameter":1,"PositionInDomainSet":1}]},"Confidential":false},{"DomainMappingElement":{"SourceDomainSet":[{"DomainGuid":"7e68bba781db37cd8841492ecddde01d","AlternativeDomainGuid":"343b2074983948b19edead5e1a827296","Position":1}],"TargetDomainSet":[{"DomainGuid":"15b34d31e0a83fd1a2023b648a602e7f","Position":1}],"Documentation":{"NumberOfNotes":0,"Notes":[]}},"Transformation":{"Function":{"FunctionGuid":"00000000000000000000000000000001","FunctionParameters":[{"PositionInParameterList":1,"Direction":"IN","Type":"NODE_LIST","Name":"nodes_in_1"},{"PositionInParameterList":2,"Direction":"OUT","Type":"NODE_LIST","Name":"nodes_out_1"}],"FunctionImplementations":[{"SourceCode":"\u003cxsl:sequence select\u003d\"$nodes_in/*\"/\u003e","FunctionImplementationLanguage":{"Name":"XSLT","Version":"2.0"}}],"isReference":false},"ParameterAssignments":[{"PositionInParameterList":1,"PositionInParameter":1,"PositionInDomainSet":1},{"PositionInParameterList":2,"PositionInParameter":1,"PositionInDomainSet":1}]},"Confidential":false},{"DomainMappingElement":{"SourceDomainSet":[{"DomainGuid":"d111a5b128c13269b646cfb9880935a1","AlternativeDomainGuid":"ecc05f74824e390cb9080bc4d54355f5","Position":2},{"DomainGuid":"d6d37df075853e0fa270535f5e11764a","AlternativeDomainGuid":"5eaca949c9903d1fb7109f47da160f5b","Position":3},{"DomainGuid":"253848e28c0735b595f08a42abd19648","AlternativeDomainGuid":"ed297845ddb94b0791393201f9492ae0","Position":1}],"TargetDomainSet":[{"DomainGuid":"7fa7faf85fb930daa7ce7d809d8c6494","Position":1}],"Documentation":{"NumberOfNotes":0,"Notes":[]}},"Transformation":{"Function":{"FunctionGuid":"d24793965da746bcacbe60f743450ddc","FunctionParameters":[{"PositionInParameterList":1,"Direction":"IN","Type":"NODE_LIST","Name":"BELNR"},{"PositionInParameterList":2,"Direction":"IN","Type":"NODE_LIST","Name":"ZEILE"},{"PositionInParameterList":3,"Direction":"IN","Type":"NODE_LIST","Name":"ZEILE_001"},{"PositionInParameterList":4,"Direction":"OUT","Type":"NODE_LIST","Name":"nodes_out_1"}],"FunctionImplementations":[{"SourceCode":"\u003cxsl:variable name\u003d\"vDoc\" select\u003d\"substring($nodes_in/BELNR,1,2)\"/\u003e\r\n\u003cxsl:choose\u003e\r\n\u003cxsl:when test\u003d\"$vDoc\u003d\u0027WR\u0027 and ($nodes_in/ZEILE_002 !\u003d \u0027\u0027 or $nodes_in/ZEILE_001 !\u003d \u0027\u0027 )\"\u003ePL\u003c/xsl:when\u003e\r\n\u003c/xsl:choose\u003e","FunctionImplementationLanguage":{"Name":"XSLT","Version":"2.0"}}],"isReference":false},"ParameterAssignments":[{"PositionInParameterList":1,"PositionInParameter":1,"PositionInDomainSet":2},{"PositionInParameterList":2,"PositionInParameter":1,"PositionInDomainSet":3},{"PositionInParameterList":3,"PositionInParameter":1,"PositionInDomainSet":1},{"PositionInParameterList":4,"PositionInParameter":1,"PositionInDomainSet":1}]},"Confidential":false},{"DomainMappingElement":{"SourceDomainSet":[{"DomainGuid":"77bf5578356431938c41e610057df83f","Position":1}],"TargetDomainSet":[{"DomainGuid":"f3a6a296e2113c14a6cb5b4ddf11dcde","Position":1}],"Documentation":{"NumberOfNotes":0,"Notes":[]}},"Transformation":{"Function":{"FunctionGuid":"2fd7151eb52c4ac58332a5412c44a3f0","FunctionParameters":[{"PositionInParameterList":1,"Direction":"IN","Type":"NODE_LIST","Name":"MENGE"},{"PositionInParameterList":2,"Direction":"OUT","Type":"NODE_LIST","Name":"nodes_out_1"}],"FunctionImplementations":[{"SourceCode":"\u003cxsl:sequence select\u003d\"sum($nodes_in/MENGE)\"/\u003e","FunctionImplementationLanguage":{"Name":"XSLT","Version":"2.0"}}],"isReference":false},"ParameterAssignments":[{"PositionInParameterList":1,"PositionInParameter":1,"PositionInDomainSet":1},{"PositionInParameterList":2,"PositionInParameter":1,"PositionInDomainSet":1}]},"Confidential":false},{"DomainMappingElement":{"SourceDomainSet":[{"DomainGuid":"8c220d9431443134bc09f659c2dd4dc2","Position":1}],"TargetDomainSet":[{"DomainGuid":"e5d6864f751833db97ce735d7f1eecf3","Position":1}],"Documentation":{"NumberOfNotes":0,"Notes":[]}},"Transformation":{"Function":{"FunctionGuid":"00000000000000000000000000000001","FunctionParameters":[{"PositionInParameterList":1,"Direction":"IN","Type":"NODE_LIST","Name":"DOCNUM"},{"PositionInParameterList":2,"Direction":"OUT","Type":"NODE_LIST","Name":"nodes_out_1"}],"FunctionImplementations":[{"SourceCode":"\u003cxsl:sequence select\u003d\"$nodes_in/*\"/\u003e","FunctionImplementationLanguage":{"Name":"XSLT","Version":"2.0"}}],"isReference":false},"ParameterAssignments":[{"PositionInParameterList":1,"PositionInParameter":1,"PositionInDomainSet":1},{"PositionInParameterList":2,"PositionInParameter":1,"PositionInDomainSet":1}]},"Confidential":false},{"DomainMappingElement":{"SourceDomainSet":[{"DomainGuid":"cd4fcaf221453cd6ae9fd465e95fdf16","Position":1}],"TargetDomainSet":[{"DomainGuid":"73d8034e432733e981679b3ca0bf0ace","Position":1}],"Documentation":{}},"Confidential":false},{"DomainMappingElement":{"SourceDomainSet":[{"DomainGuid":"2221db432f04391b8993dbe0f312b90f","Position":1}],"TargetDomainSet":[{"DomainGuid":"608327318c003d66b546ec294f4bcaca","Position":1}],"Documentation":{}},"Confidential":false},{"DomainMappingElement":{"SourceDomainSet":[{"DomainGuid":"a21f445988ab319cb65fefe7c7d8ed2e","Position":1}],"TargetDomainSet":[{"DomainGuid":"51436c5f376c32d7bf43518d9e0b2044","Position":1}],"Documentation":{}},"Confidential":false},{"DomainMappingElement":{"SourceDomainSet":[{"DomainGuid":"fa544df044a039e29837186ea17919de","AlternativeDomainGuid":"8888f9e88063445b99c889d38dc45c4b","Position":1}],"TargetDomainSet":[{"DomainGuid":"326f11c6c54e38889fa07136c9cb7d65","AlternativeDomainGuid":"d1193608bad7443b8293b3798faf9229","Position":1}],"Documentation":{}},"Confidential":false},{"DomainMappingElement":{"SourceDomainSet":[{"DomainGuid":"148a846720123546b0b54e806cb5908a","AlternativeDomainGuid":"ceeb264c38c643c3b691fd87b568eb5f","Position":1}],"TargetDomainSet":[{"DomainGuid":"b8450abebd9f3f0195c9a5b3eeb5e95b","AlternativeDomainGuid":"2a439be24e0d49628c8cb19554652959","Position":1}],"Documentation":{}},"Transformation":{"Function":{"FunctionGuid":"10010000000000000000000000000001","FunctionParameters":[{"PositionInParameterList":1,"Direction":"IN","Type":"NODE_LIST","Name":"source_date_time_value"},{"PositionInParameterList":2,"Direction":"IN","Type":"NODE_LIST","Name":"source_date_time_format"},{"PositionInParameterList":3,"Direction":"IN","Type":"STRING","Name":"target_date_time_format"},{"PositionInParameterList":4,"Direction":"OUT","Type":"NODE_LIST","Name":"target_date_time_value"}],"FunctionImplementations":[{"SourceCode":"\u003cxsl:sequence select\u003d\"ica_fn:transform-dateTime($nodes_in/nodes_in_1,$nodes_in/source_date_time_format,$nodes_in/target_date_time_format)\"/\u003e","FunctionImplementationLanguage":{"Name":"XSLT","Version":"2.0"}}],"isReference":false},"ParameterAssignments":[{"PositionInParameterList":1,"PositionInParameter":1,"PositionInDomainSet":1},{"PositionInParameterList":2,"PositionInParameter":1,"Value":"CCYYMMDD"},{"PositionInParameterList":3,"PositionInParameter":1,"Value":"CCYYMMDD"},{"PositionInParameterList":4,"PositionInParameter":1,"PositionInDomainSet":1}]},"Confidential":false},{"DomainMappingElement":{"SourceDomainSet":[{"DomainGuid":"85e3de46eb9e32c4a3212ce93cc95387","AlternativeDomainGuid":"4c92d3a04d4b4649819f12e89a4efe3a","Position":1}],"TargetDomainSet":[{"DomainGuid":"457cf430d3053dcba7cd125ab8293858","AlternativeDomainGuid":"4af2178db4374c25a7a6f10ff4a4e700","Position":1}],"Documentation":{}},"Transformation":{"Function":{"FunctionGuid":"10010000000000000000000000000001","FunctionParameters":[{"PositionInParameterList":1,"Direction":"IN","Type":"NODE_LIST","Name":"source_date_time_value"},{"PositionInParameterList":2,"Direction":"IN","Type":"NODE_LIST","Name":"source_date_time_format"},{"PositionInParameterList":3,"Direction":"IN","Type":"STRING","Name":"target_date_time_format"},{"PositionInParameterList":4,"Direction":"OUT","Type":"NODE_LIST","Name":"target_date_time_value"}],"FunctionImplementations":[{"SourceCode":"\u003cxsl:sequence select\u003d\"ica_fn:transform-dateTime($nodes_in/nodes_in_1,$nodes_in/source_date_time_format,$nodes_in/target_date_time_format)\"/\u003e","FunctionImplementationLanguage":{"Name":"XSLT","Version":"2.0"}}],"isReference":false},"ParameterAssignments":[{"PositionInParameterList":1,"PositionInParameter":1,"PositionInDomainSet":1},{"PositionInParameterList":2,"PositionInParameter":1,"Value":"hhmm"},{"PositionInParameterList":3,"PositionInParameter":1,"Value":"hhmm[ss[f[f]]]"},{"PositionInParameterList":4,"PositionInParameter":1,"PositionInDomainSet":1}]},"Confidential":false}],"TargetNodeDuplicationRules":[],"TargetNodeStatus":{},"SharedFunctions":[],"SharedVariables":[],"AdministrativeData":{"CreatedBy":"qi.liu05@sap.com","CreatedOn":1724853037582,"ModifiedBy":"qi.liu05@sap.com","ModifiedOn":1725522346605},"Documentation":{"Name":{"ArtifactValue":{"Id":"5c1d7bdb38623b7a96be3dd4e6999437","action":"NONE"}},"Definition":{"ArtifactValue":{"Id":"6666cd76f96936469e7be39d750cc7d9","action":"NONE"}},"Summary":{"ArtifactValue":{"Id":"6666cd76f96936469e7be39d750cc7d9","action":"NONE"}},"NumberOfNotes":0,"Notes":[]},"DocumentationArtifacts":{"5c1d7bdb38623b7a96be3dd4e6999437":"01.b) [Trading Partner Name] - SAP IDOC ORDRSP.ORDERS05 -to- ASC X12 005010 855","2b8751a417ed3e6993307f3bedb05ee1":"Mapping 01.b) [Company Name] - SAP IDOC ORDRSP.ORDERS05 for Customer EDI - Source to 01.b) [Trading Partner Name] - ASC X12 005010 855 - Target","6666cd76f96936469e7be39d750cc7d9":""}}