{"ArtifactMetadata":{"SchemaVersion":"1.1","ArtifactType":"MigVersionInfo"},"value":{"ObjectGUID":"0a5ee9cb7c9242ab9330965a241381ca","MIGGUID":"da5f9ce5571842209f31c2f731617cf3","ImportCorrelationObjectId":"0a5ee9cb7c9242ab9330965a241381ca","ImportCorrelationGroupId":"da5f9ce5571842209f31c2f731617cf3","VersionId":"3.0","Name":"03.) [Trading Partner Name] - SAP SOAP 2302 InvoiceRequest - Target","Status":"Active","HasEnvelope":false,"MessageTemplate":{"TypeSystemId":"SAP_S4HANA_Cloud_SOA","TypeSystemDisplayId":"SAP S/4HANA Cloud SOAP","VersionId":"2302","VersionDisplayId":"2302","Revision":1,"Id":"InvoiceRequest","DisplayId":"InvoiceRequest","Namespace":"http://sap.com/xi/EDI/Buyer","Name":"Invoice Request","IsCustomMessage":false},"AdministrativeData":{"CreatedBy":"qi.liu05@sap.com","CreatedOn":1756127695351,"ModifiedBy":"qi.liu05@sap.com","ModifiedOn":1756820894843}}}