{"ArtifactMetadata":{"SchemaVersion":"1.1","ArtifactType":"MigVersionInfo"},"value":{"ObjectGUID":"18f2c07474354d76a2b3ed7ee37ed67d","MIGGUID":"13f409532ef14ace9e1eeea9616e2299","ImportCorrelationObjectId":"0191090a754443d7813c4af7dcd39ade","ImportCorrelationGroupId":"82da744169244ad499d30bebd003f812","VersionId":"1.0","Name":"03.) [Company Name] - SAP IDOC INVOIC.INVOIC02 for SAP SOAP - Source","Status":"Active","HasEnvelope":false,"MessageTemplate":{"TypeSystemId":"SAP_IDoc","TypeSystemDisplayId":"SAP S/4HANA On Premise IDoc","VersionId":"1809_FPS02","VersionDisplayId":"1809 FPS02","Revision":11,"Id":"INVOIC.INVOIC02","DisplayId":"INVOIC.INVOIC02","Name":"Invoice/Billing Document","IsCustomMessage":false},"AdministrativeData":{"CreatedBy":"moussa.el.kakouchi@sap.com","CreatedOn":1743588988293,"ModifiedBy":"moussa.el.kakouchi@sap.com","ModifiedOn":1743588988293,"LastImportedOn":1743588988293,"LastImportedBy":"moussa.el.kakouchi@sap.com"}}}