{"ArtifactMetadata":{"SchemaVersion":"1.1","ArtifactType":"MigVersionInfo"},"value":{"ObjectGUID":"5459790f387a4d15851cd2553e935b31","MIGGUID":"84dec0c306d94d8c8ec60923432e5a6f","ImportCorrelationObjectId":"5459790f387a4d15851cd2553e935b31","ImportCorrelationGroupId":"84dec0c306d94d8c8ec60923432e5a6f","VersionId":"2.0","Name":"02.) [Trading Partner Name] - SAP SOAP 1905 DeliveryRequest - Target","Status":"Active","HasEnvelope":false,"MessageTemplate":{"TypeSystemId":"SAP_S4HANA_Cloud_SOA","TypeSystemDisplayId":"SAP S/4HANA Cloud SOAP","VersionId":"1905","VersionDisplayId":"1905","Revision":7,"Id":"DeliveryRequest","DisplayId":"DeliveryRequest","Namespace":"http://sap.com/xi/EDI/Buyer","Name":"DeliveryRequest","IsCustomMessage":false},"AdministrativeData":{"CreatedBy":"qi.liu05@sap.com","CreatedOn":1756835839628,"ModifiedBy":"noah.rauch@sap.com","ModifiedOn":1757497761418}}}