{"ArtifactMetadata":{"SchemaVersion":"1.1","ArtifactType":"MigVersionInfo"},"value":{"ObjectGUID":"622cbd20c4b04231be01f53033db8532","MIGGUID":"e2b1ce66bf4e4d3dbd0c14f1d5e0860e","ImportCorrelationObjectId":"89e6b646e7784c209e7b1dfe60601c1d","ImportCorrelationGroupId":"0136ca4aad53400abe722829b62f2868","VersionId":"1.0","Name":"01.b) [Company Name] - SAP IDOC ORDRSP.ORDERS05 for SAP SOAP - Source","Status":"Active","HasEnvelope":false,"MessageTemplate":{"TypeSystemId":"SAP_IDoc","TypeSystemDisplayId":"SAP S/4HANA On Premise IDoc","VersionId":"1809_FPS02","VersionDisplayId":"1809 FPS02","Revision":11,"Id":"ORDRSP.ORDERS05","DisplayId":"ORDRSP.ORDERS05","Name":"Purchase order / order confirmation","IsCustomMessage":false},"AdministrativeData":{"CreatedBy":"moussa.el.kakouchi@sap.com","CreatedOn":1743589478257,"ModifiedBy":"moussa.el.kakouchi@sap.com","ModifiedOn":1743589478257,"LastImportedOn":1743589478257,"LastImportedBy":"moussa.el.kakouchi@sap.com"}}}