{"ArtifactMetadata":{"SchemaVersion":"1.1","ArtifactType":"MigVersionInfo"},"value":{"ObjectGUID":"726a3320ed164e0aaab8678dadffe47a","MIGGUID":"ac9fb51e0d434c39a70778d86836e054","ImportCorrelationObjectId":"796f9aaac8c948008b6c4df67b34f057","ImportCorrelationGroupId":"db1a0e9f9cdb45908b9e8e26343dc12a","VersionId":"1.0","Name":"01.b) [Trading Partner Name] - SAP SOAP 1905 OrderConfirmationRequest - Target","Status":"Active","HasEnvelope":false,"MessageTemplate":{"TypeSystemId":"SAP_S4HANA_Cloud_SOA","TypeSystemDisplayId":"SAP S/4HANA Cloud SOAP","VersionId":"1905","VersionDisplayId":"1905","Revision":7,"Id":"OrderConfRequest","DisplayId":"OrderConfRequest","Namespace":"http://sap.com/xi/EDI/Buyer","Name":"OrderConfRequest","IsCustomMessage":false},"AdministrativeData":{"CreatedBy":"moussa.el.kakouchi@sap.com","CreatedOn":1743580684563,"ModifiedBy":"moussa.el.kakouchi@sap.com","ModifiedOn":1743580684563,"LastImportedOn":1743580684563,"LastImportedBy":"moussa.el.kakouchi@sap.com"}}}