{"ArtifactMetadata":{"SchemaVersion":"1.1","ArtifactType":"MigVersionInfo"},"value":{"ObjectGUID":"9e6baa3f4abe465ebb5ebc2c5f3f4519","MIGGUID":"db1a0e9f9cdb45908b9e8e26343dc12a","ImportCorrelationObjectId":"9e6baa3f4abe465ebb5ebc2c5f3f4519","ImportCorrelationGroupId":"db1a0e9f9cdb45908b9e8e26343dc12a","VersionId":"2.0","Name":"01.b) [Trading Partner Name] - SAP SOAP 1905 OrderConfirmationRequest - Target","Status":"Active","HasEnvelope":false,"MessageTemplate":{"TypeSystemId":"SAP_S4HANA_Cloud_SOA","TypeSystemDisplayId":"SAP S/4HANA Cloud SOAP","VersionId":"1905","VersionDisplayId":"1905","Revision":7,"Id":"OrderConfRequest","DisplayId":"OrderConfRequest","Namespace":"http://sap.com/xi/EDI/Buyer","Name":"OrderConfRequest","IsCustomMessage":false},"AdministrativeData":{"CreatedBy":"qi.liu05@sap.com","CreatedOn":1756115034294,"ModifiedBy":"qi.liu05@sap.com","ModifiedOn":1756820273701}}}