{"ArtifactMetadata":{"SchemaVersion":"1.1","ArtifactType":"MigVersionInfo"},"value":{"ObjectGUID":"a25876d897f54e0a8c93a6a629693661","MIGGUID":"d81eaed824d6469f93619cc12d9e89b0","ImportCorrelationObjectId":"a25876d897f54e0a8c93a6a629693661","ImportCorrelationGroupId":"d81eaed824d6469f93619cc12d9e89b0","VersionId":"1.0","Name":"02.) [Company Name] - SAP IDOC DESADV.DELVRY07 for SAP SOAP -Source","Status":"Active","HasEnvelope":false,"MessageTemplate":{"TypeSystemId":"SAP_IDoc","TypeSystemDisplayId":"SAP S/4HANA On Premise IDoc","VersionId":"1809_FPS02","VersionDisplayId":"1809 FPS02","Revision":11,"Id":"DESADV.DELVRY07","DisplayId":"DESADV.DELVRY07","Name":"Delivery: Shipping notification","IsCustomMessage":false},"AdministrativeData":{"CreatedBy":"moussa.el.kakouchi@sap.com","CreatedOn":1743588535790,"ModifiedBy":"moussa.el.kakouchi@sap.com","ModifiedOn":1743588597263}}}