{"ArtifactMetadata":{"SchemaVersion":"1.1","ArtifactType":"MigVersionInfo"},"value":{"ObjectGUID":"a7b7c37b479f4ffeb92c11262a838396","MIGGUID":"625e7a8464414fae90472845faa78a1f","ImportCorrelationObjectId":"b6f4bbf3b67541588fe1f5aae0ddc647","ImportCorrelationGroupId":"8257680e1b5e4048b76daa9624545dfd","VersionId":"2.0","Name":"01.a) [Trading Partner Name] - SAP SOAP 1905 OrderRequest - Source","Status":"Active","HasEnvelope":false,"MessageTemplate":{"TypeSystemId":"SAP_S4HANA_Cloud_SOA","TypeSystemDisplayId":"SAP S/4HANA Cloud SOAP","VersionId":"1905","VersionDisplayId":"1905","Revision":7,"Id":"OrderRequest","DisplayId":"OrderRequest","Namespace":"http://sap.com/xi/EDI/Buyer","Name":"OrderRequest","IsCustomMessage":false},"AdministrativeData":{"CreatedBy":"moussa.el.kakouchi@sap.com","CreatedOn":1743580602978,"ModifiedBy":"moussa.el.kakouchi@sap.com","ModifiedOn":1743580602978,"LastImportedOn":1743580602978,"LastImportedBy":"moussa.el.kakouchi@sap.com"}}}