{"ArtifactMetadata":{"SchemaVersion":"1.1","ArtifactType":"MigVersionInfo"},"value":{"ObjectGUID":"acb36a84dd124f8a926c5e220e687bb0","MIGGUID":"474f060d527b4e3badb4af59aa114674","ImportCorrelationObjectId":"daf328f9aad7440d81f4ea303c7c6e31","ImportCorrelationGroupId":"da5f9ce5571842209f31c2f731617cf3","VersionId":"2.0","Name":"03.) [Trading Partner Name] - SAP SOAP 2302 InvoiceRequest - Target","Status":"Active","HasEnvelope":false,"MessageTemplate":{"TypeSystemId":"SAP_S4HANA_Cloud_SOA","TypeSystemDisplayId":"SAP S/4HANA Cloud SOAP","VersionId":"2302","VersionDisplayId":"2302","Revision":1,"Id":"InvoiceRequest","DisplayId":"InvoiceRequest","Namespace":"http://sap.com/xi/EDI/Buyer","Name":"Invoice Request","IsCustomMessage":false},"AdministrativeData":{"CreatedBy":"moussa.el.kakouchi@sap.com","CreatedOn":1743588988766,"ModifiedBy":"moussa.el.kakouchi@sap.com","ModifiedOn":1743588988766,"LastImportedOn":1743588988766,"LastImportedBy":"moussa.el.kakouchi@sap.com"}}}