{"ArtifactMetadata":{"SchemaVersion":"1.1","ArtifactType":"MigVersionInfo"},"value":{"ObjectGUID":"bcb84ea9678d440dbb083b955b29a274","MIGGUID":"653f898dd0a645eaa2b16d086c27f8ed","ImportCorrelationObjectId":"76feb3b9e7384e39b83c38272f962fbf","ImportCorrelationGroupId":"287331fe9f3a4f41a4aa46c8ba981aa9","VersionId":"1.0","Name":"01.a) [Company Name] - SAP IDOC ORDERS.ORDERS05 for SAP SOAP - Target","Status":"Active","HasEnvelope":false,"MessageTemplate":{"TypeSystemId":"SAP_IDoc","TypeSystemDisplayId":"SAP S/4HANA On Premise IDoc","VersionId":"1809_FPS02","VersionDisplayId":"1809 FPS02","Revision":11,"Id":"ORDERS.ORDERS05","DisplayId":"ORDERS.ORDERS05","Name":"Purchase order / order","IsCustomMessage":false},"AdministrativeData":{"CreatedBy":"moussa.el.kakouchi@sap.com","CreatedOn":1743589273900,"ModifiedBy":"moussa.el.kakouchi@sap.com","ModifiedOn":1743589273900,"LastImportedOn":1743589273900,"LastImportedBy":"moussa.el.kakouchi@sap.com"}}}