{"ArtifactMetadata":{"SchemaVersion":"1.1","ArtifactType":"MigVersionInfo"},"value":{"ObjectGUID":"cf360e7496554e87a6b37295f1ae10a6","MIGGUID":"8257680e1b5e4048b76daa9624545dfd","ImportCorrelationObjectId":"cf360e7496554e87a6b37295f1ae10a6","ImportCorrelationGroupId":"8257680e1b5e4048b76daa9624545dfd","VersionId":"3.0","Name":"01.a) [Trading Partner Name] - SAP SOAP 1905 OrderRequest - Source","Status":"Active","HasEnvelope":false,"MessageTemplate":{"TypeSystemId":"SAP_S4HANA_Cloud_SOA","TypeSystemDisplayId":"SAP S/4HANA Cloud SOAP","VersionId":"1905","VersionDisplayId":"1905","Revision":7,"Id":"OrderRequest","DisplayId":"OrderRequest","Namespace":"http://sap.com/xi/EDI/Buyer","Name":"OrderRequest","IsCustomMessage":false},"AdministrativeData":{"CreatedBy":"qi.liu05@sap.com","CreatedOn":1756113772862,"ModifiedBy":"noah.rauch@sap.com","ModifiedOn":1757497545309}}}