{"ArtifactMetadata":{"SchemaVersion":"1.1","ArtifactType":"MigVersionInfo"},"value":{"ObjectGUID":"def2d7edfbf544879320082774926aee","MIGGUID":"287331fe9f3a4f41a4aa46c8ba981aa9","ImportCorrelationObjectId":"def2d7edfbf544879320082774926aee","ImportCorrelationGroupId":"287331fe9f3a4f41a4aa46c8ba981aa9","VersionId":"2.0","Name":"01.a) [Company Name] - SAP IDOC ORDERS.ORDERS05 for SAP SOAP - Target","Status":"Active","HasEnvelope":false,"MessageTemplate":{"TypeSystemId":"SAP_IDoc","TypeSystemDisplayId":"SAP S/4HANA On Premise IDoc","VersionId":"1809_FPS02","VersionDisplayId":"1809 FPS02","Revision":11,"Id":"ORDERS.ORDERS05","DisplayId":"ORDERS.ORDERS05","Name":"Purchase order / order","IsCustomMessage":false},"AdministrativeData":{"CreatedBy":"qi.liu05@sap.com","CreatedOn":1756113030708,"ModifiedBy":"qi.liu05@sap.com","ModifiedOn":1756819893082}}}