{"IsGroupIdentifier":false,"AssociatedIdentifiers":{"Properties":{}},"Alias":"Company - ASC X12 ID","TypeSystemId":"ASC_X12","IdentifierId":"012345678","SchemeName":"Duns (Dun \u0026 Bradstreet)","SchemeCode":"01","DocumentSchemaVersion":"1.0","administrativeData":{"createdAt":1717504436217,"createdBy":"vishakha.deshmukh@sap.com","modifiedAt":1725261469832,"modifiedBy":"gunther.stuhec@sap.com"},"ParentId":"myCompany","ParentArtifactType":"COMPANY","searchableAttributes":{"Alias":["Company - ASC X12 ID"],"TENANT":["e30aab0a-9c29-40d4-a156-5e6dc245c28f"]},"artifactProperties":{},"relations":[],"ArtifactRelations":{},"artifactStatus":"Draft","id":"4c87c10cb0e444a286ec265e291c5acc","uniqueId":"4c87c10cb0e444a286ec265e291c5acc","artifactType":"IDENTIFIER","displayName":"012345678","semanticVersion":"1.0"}