{"IsGroupIdentifier":false,"AssociatedIdentifiers":{"Properties":{}},"Alias":"TP_004010_IDOC_ID","TypeSystemId":"SAP_IDoc","IdentifierId":"TP_004010_IDOC_ID","SchemeName":"N/A","SchemeCode":"N/A","DocumentSchemaVersion":"1.0","administrativeData":{"createdAt":1723574233901,"createdBy":"vishakha.deshmukh@sap.com","modifiedAt":1723574233901,"modifiedBy":"vishakha.deshmukh@sap.com"},"ParentId":"18be672c721d4f1f845f6436ec301fba","ParentArtifactType":"TRADING_PARTNER","searchableAttributes":{"Alias":["TP_004010_IDOC_ID"],"TENANT":["e30aab0a-9c29-40d4-a156-5e6dc245c28f"]},"artifactProperties":{},"relations":[],"ArtifactRelations":{},"artifactStatus":"Draft","id":"f073bad6e4f8492d83e9ccb134cd700f","uniqueId":"f073bad6e4f8492d83e9ccb134cd700f","artifactType":"IDENTIFIER","displayName":"TP_004010_IDOC_ID","semanticVersion":"1.0"}