{"IsGroupIdentifier":false,"AssociatedIdentifiers":{"Properties":{}},"Alias":"TPASCX12","TypeSystemId":"ASC_X12","IdentifierId":"TPASCX12","SchemeName":"Mutually Defined","SchemeCode":"ZZ","DocumentSchemaVersion":"1.0","administrativeData":{"createdAt":1713883854341,"createdBy":"jingwen.li01@sap.com","modifiedAt":1723728637811,"modifiedBy":"vishakha.deshmukh@sap.com"},"ParentId":"18be672c721d4f1f845f6436ec301fba","ParentArtifactType":"TRADING_PARTNER","searchableAttributes":{"Alias":["TPASCX12"],"TENANT":["e30aab0a-9c29-40d4-a156-5e6dc245c28f"]},"artifactProperties":{},"relations":[],"ArtifactRelations":{},"artifactStatus":"Draft","id":"fc9c0136309642729c558b240e80dd87","uniqueId":"e2271b6394894dcd808a710fff0bd592","artifactType":"IDENTIFIER","displayName":"TPASCX12","semanticVersion":"1.0"}