{"ArtifactMetadata":{"SchemaVersion":"1.0","ArtifactType":"MagVersionInfo"},"value":{"ObjectGUID":"053f673dafe14250ae7ffc46dbc92a9f","MAGGUID":"0f0596e071f9437daf00fad994ea062b","ImportCorrelationObjectId":"053f673dafe14250ae7ffc46dbc92a9f","ImportCorrelationGroupId":"0f0596e071f9437daf00fad994ea062b","VersionId":"5.0","Name":"03.) [Trading Partner Name] - SAP IDOC INVOIC.INVOIC02 for Customer EDI -to- SAP SOAP 2302 InvoiceRequest","Status":"Active","SourceMig":{"ObjectGUID":"0191090a754443d7813c4af7dcd39ade","MIGGUID":"82da744169244ad499d30bebd003f812","ImportCorrelationObjectId":"0191090a754443d7813c4af7dcd39ade","ImportCorrelationGroupId":"82da744169244ad499d30bebd003f812","VersionId":"1.0","Name":"03.) [Company Name] - SAP IDOC INVOIC.INVOIC02 for SAP SOAP - Source","Status":"Active","HasEnvelope":false,"MessageTemplate":{"TypeSystemId":"SAP_IDoc","TypeSystemDisplayId":"SAP S/4HANA On Premise IDoc","VersionId":"1809_FPS02","VersionDisplayId":"1809 FPS02","Revision":11,"Id":"INVOIC.INVOIC02","DisplayId":"INVOIC.INVOIC02","Name":"Invoice/Billing Document","IsCustomMessage":false},"AdministrativeData":{"CreatedBy":"moussa.el.kakouchi@sap.com","CreatedOn":1743588829811,"ModifiedBy":"moussa.el.kakouchi@sap.com","ModifiedOn":1743588872537}},"TargetMig":{"ObjectGUID":"0a5ee9cb7c9242ab9330965a241381ca","MIGGUID":"da5f9ce5571842209f31c2f731617cf3","ImportCorrelationObjectId":"0a5ee9cb7c9242ab9330965a241381ca","ImportCorrelationGroupId":"da5f9ce5571842209f31c2f731617cf3","VersionId":"3.0","Name":"03.) [Trading Partner Name] - SAP SOAP 2302 InvoiceRequest - Target","Status":"Active","HasEnvelope":false,"MessageTemplate":{"TypeSystemId":"SAP_S4HANA_Cloud_SOA","TypeSystemDisplayId":"SAP S/4HANA Cloud SOAP","VersionId":"2302","VersionDisplayId":"2302","Revision":1,"Id":"InvoiceRequest","DisplayId":"InvoiceRequest","Namespace":"http://sap.com/xi/EDI/Buyer","Name":"Invoice Request","IsCustomMessage":false},"AdministrativeData":{"CreatedBy":"qi.liu05@sap.com","CreatedOn":1756127695351,"ModifiedBy":"qi.liu05@sap.com","ModifiedOn":1756820894843}},"AdministrativeData":{"CreatedBy":"qi.liu05@sap.com","CreatedOn":1756126818085,"ModifiedBy":"qi.liu05@sap.com","ModifiedOn":1756820962574}}}