{"ArtifactMetadata":{"SchemaVersion":"1.0","ArtifactType":"MagVersionInfo"},"value":{"ObjectGUID":"115c94df05b8496582e263a6020b7bb2","MAGGUID":"7af4ea3e1c8440719323bce3d47e7fd7","ImportCorrelationObjectId":"c22a6d1d23b34ba09530adb660a08b7f","ImportCorrelationGroupId":"0f0596e071f9437daf00fad994ea062b","VersionId":"4.0","Name":"03.) [Trading Partner Name] - SAP IDOC INVOIC.INVOIC02 for Customer EDI -to- SAP SOAP 2302 InvoiceRequest","Status":"Active","SourceMig":{"ObjectGUID":"18f2c07474354d76a2b3ed7ee37ed67d","MIGGUID":"13f409532ef14ace9e1eeea9616e2299","ImportCorrelationObjectId":"0191090a754443d7813c4af7dcd39ade","ImportCorrelationGroupId":"82da744169244ad499d30bebd003f812","VersionId":"1.0","Name":"03.) [Company Name] - SAP IDOC INVOIC.INVOIC02 for SAP SOAP - Source","Status":"Active","HasEnvelope":false,"MessageTemplate":{"TypeSystemId":"SAP_IDoc","TypeSystemDisplayId":"SAP S/4HANA On Premise IDoc","VersionId":"1809_FPS02","VersionDisplayId":"1809 FPS02","Revision":11,"Id":"INVOIC.INVOIC02","DisplayId":"INVOIC.INVOIC02","Name":"Invoice/Billing Document","IsCustomMessage":false},"AdministrativeData":{"CreatedBy":"moussa.el.kakouchi@sap.com","CreatedOn":1743588988293,"ModifiedBy":"moussa.el.kakouchi@sap.com","ModifiedOn":1743588988293,"LastImportedOn":1743588988293,"LastImportedBy":"moussa.el.kakouchi@sap.com"}},"TargetMig":{"ObjectGUID":"acb36a84dd124f8a926c5e220e687bb0","MIGGUID":"474f060d527b4e3badb4af59aa114674","ImportCorrelationObjectId":"daf328f9aad7440d81f4ea303c7c6e31","ImportCorrelationGroupId":"da5f9ce5571842209f31c2f731617cf3","VersionId":"2.0","Name":"03.) [Trading Partner Name] - SAP SOAP 2302 InvoiceRequest - Target","Status":"Active","HasEnvelope":false,"MessageTemplate":{"TypeSystemId":"SAP_S4HANA_Cloud_SOA","TypeSystemDisplayId":"SAP S/4HANA Cloud SOAP","VersionId":"2302","VersionDisplayId":"2302","Revision":1,"Id":"InvoiceRequest","DisplayId":"InvoiceRequest","Namespace":"http://sap.com/xi/EDI/Buyer","Name":"Invoice Request","IsCustomMessage":false},"AdministrativeData":{"CreatedBy":"moussa.el.kakouchi@sap.com","CreatedOn":1743588988766,"ModifiedBy":"moussa.el.kakouchi@sap.com","ModifiedOn":1743588988766,"LastImportedOn":1743588988766,"LastImportedBy":"moussa.el.kakouchi@sap.com"}},"AdministrativeData":{"CreatedBy":"moussa.el.kakouchi@sap.com","CreatedOn":1743588989135,"ModifiedBy":"moussa.el.kakouchi@sap.com","ModifiedOn":1743588989135,"LastImportedOn":1743588989135,"LastImportedBy":"moussa.el.kakouchi@sap.com"}}}