{"ArtifactMetadata":{"SchemaVersion":"1.0","ArtifactType":"MagVersionInfo"},"value":{"ObjectGUID":"33840be741ab4aabb938731580e3037e","MAGGUID":"19f70d609dd1486bb135d3c7da280860","ImportCorrelationObjectId":"151b1ac84a714cf8849b1ad29ac28ff0","ImportCorrelationGroupId":"e68a69690ae742629b9acda1b3248c9d","VersionId":"3.0","Name":"01.a) [Trading Partner Name] - SAP SOAP OrderRequest -to- SAP IDOC ORDERS.ORDERS05","Status":"Active","SourceMig":{"ObjectGUID":"a7b7c37b479f4ffeb92c11262a838396","MIGGUID":"625e7a8464414fae90472845faa78a1f","ImportCorrelationObjectId":"b6f4bbf3b67541588fe1f5aae0ddc647","ImportCorrelationGroupId":"8257680e1b5e4048b76daa9624545dfd","VersionId":"2.0","Name":"01.a) [Trading Partner Name] - SAP SOAP 1905 OrderRequest - Source","Status":"Active","HasEnvelope":false,"MessageTemplate":{"TypeSystemId":"SAP_S4HANA_Cloud_SOA","TypeSystemDisplayId":"SAP S/4HANA Cloud SOAP","VersionId":"1905","VersionDisplayId":"1905","Revision":7,"Id":"OrderRequest","DisplayId":"OrderRequest","Namespace":"http://sap.com/xi/EDI/Buyer","Name":"OrderRequest","IsCustomMessage":false},"AdministrativeData":{"CreatedBy":"moussa.el.kakouchi@sap.com","CreatedOn":1743580602978,"ModifiedBy":"moussa.el.kakouchi@sap.com","ModifiedOn":1743580602978,"LastImportedOn":1743580602978,"LastImportedBy":"moussa.el.kakouchi@sap.com"}},"TargetMig":{"ObjectGUID":"bcb84ea9678d440dbb083b955b29a274","MIGGUID":"653f898dd0a645eaa2b16d086c27f8ed","ImportCorrelationObjectId":"76feb3b9e7384e39b83c38272f962fbf","ImportCorrelationGroupId":"287331fe9f3a4f41a4aa46c8ba981aa9","VersionId":"1.0","Name":"01.a) [Company Name] - SAP IDOC ORDERS.ORDERS05 for SAP SOAP - Target","Status":"Active","HasEnvelope":false,"MessageTemplate":{"TypeSystemId":"SAP_IDoc","TypeSystemDisplayId":"SAP S/4HANA On Premise IDoc","VersionId":"1809_FPS02","VersionDisplayId":"1809 FPS02","Revision":11,"Id":"ORDERS.ORDERS05","DisplayId":"ORDERS.ORDERS05","Name":"Purchase order / order","IsCustomMessage":false},"AdministrativeData":{"CreatedBy":"moussa.el.kakouchi@sap.com","CreatedOn":1743589273900,"ModifiedBy":"moussa.el.kakouchi@sap.com","ModifiedOn":1743589273900,"LastImportedOn":1743589273900,"LastImportedBy":"moussa.el.kakouchi@sap.com"}},"AdministrativeData":{"CreatedBy":"moussa.el.kakouchi@sap.com","CreatedOn":1743589274513,"ModifiedBy":"moussa.el.kakouchi@sap.com","ModifiedOn":1743589274513,"LastImportedOn":1743589274513,"LastImportedBy":"moussa.el.kakouchi@sap.com"}}}