{"ArtifactMetadata":{"SchemaVersion":"1.0","ArtifactType":"MagVersionInfo"},"value":{"ObjectGUID":"46fd1113163f48098650051db657b5c0","MAGGUID":"3d77eacb8801441ea6d902f5388d154a","ImportCorrelationObjectId":"2667e02580a144f7b48777e2c3a597fa","ImportCorrelationGroupId":"c987d8fdaba1432c9bbb9b210be188a9","VersionId":"3.0","Name":"02.) [Trading Partner Name] - SAP IDOC DESADV.DELVRY07 -to- SAP SOAP DeliveryRequest","Status":"Active","SourceMig":{"ObjectGUID":"3b3f7e38f815409aa2889c9cf2805ab9","MIGGUID":"627995f5a69644abb9598ccc4beabc5d","ImportCorrelationObjectId":"a25876d897f54e0a8c93a6a629693661","ImportCorrelationGroupId":"d81eaed824d6469f93619cc12d9e89b0","VersionId":"1.0","Name":"02.) [Company Name] - SAP IDOC DESADV.DELVRY07 for SAP SOAP -Source","Status":"Active","HasEnvelope":false,"MessageTemplate":{"TypeSystemId":"SAP_IDoc","TypeSystemDisplayId":"SAP S/4HANA On Premise IDoc","VersionId":"1809_FPS02","VersionDisplayId":"1809 FPS02","Revision":11,"Id":"DESADV.DELVRY07","DisplayId":"DESADV.DELVRY07","Name":"Delivery: Shipping notification","IsCustomMessage":false},"AdministrativeData":{"CreatedBy":"moussa.el.kakouchi@sap.com","CreatedOn":1743588735372,"ModifiedBy":"moussa.el.kakouchi@sap.com","ModifiedOn":1743588735372,"LastImportedOn":1743588735372,"LastImportedBy":"moussa.el.kakouchi@sap.com"}},"TargetMig":{"ObjectGUID":"2bd0503993d24c74be3a4926fe37a10d","MIGGUID":"c65dc2758dfa45d4a5c3e5c82f87af7a","ImportCorrelationObjectId":"8ed947b8ffda4fb0918db29c34fc1e82","ImportCorrelationGroupId":"84dec0c306d94d8c8ec60923432e5a6f","VersionId":"1.0","Name":"02.) [Trading Partner Name] - SAP SOAP 1905 DeliveryRequest - Target","Status":"Active","HasEnvelope":false,"MessageTemplate":{"TypeSystemId":"SAP_S4HANA_Cloud_SOA","TypeSystemDisplayId":"SAP S/4HANA Cloud SOAP","VersionId":"1905","VersionDisplayId":"1905","Revision":7,"Id":"DeliveryRequest","DisplayId":"DeliveryRequest","Namespace":"http://sap.com/xi/EDI/Buyer","Name":"DeliveryRequest","IsCustomMessage":false},"AdministrativeData":{"CreatedBy":"moussa.el.kakouchi@sap.com","CreatedOn":1743588736134,"ModifiedBy":"moussa.el.kakouchi@sap.com","ModifiedOn":1743588736134,"LastImportedOn":1743588736134,"LastImportedBy":"moussa.el.kakouchi@sap.com"}},"AdministrativeData":{"CreatedBy":"moussa.el.kakouchi@sap.com","CreatedOn":1743588736634,"ModifiedBy":"moussa.el.kakouchi@sap.com","ModifiedOn":1743588736634,"LastImportedOn":1743588736634,"LastImportedBy":"moussa.el.kakouchi@sap.com"}}}