{"ArtifactMetadata":{"SchemaVersion":"1.0","ArtifactType":"MagVersionInfo"},"value":{"ObjectGUID":"607afb15542749a1b529d7c011a1a523","MAGGUID":"acf025ce6cd44b47b20dafbd8eb9c7b3","ImportCorrelationObjectId":"0728c04ed3b042c89aeb86b0ec4cf884","ImportCorrelationGroupId":"5b36c3c5c86b4c03856e4cda5967a7f1","VersionId":"2.0","Name":"01.b) [Company Name] - SAP IDOC ORDRSP.ORDERS05 for SAP SOAP - to - SAP SOAP 1905 OrderConfirmationRequest","Status":"Active","SourceMig":{"ObjectGUID":"622cbd20c4b04231be01f53033db8532","MIGGUID":"e2b1ce66bf4e4d3dbd0c14f1d5e0860e","ImportCorrelationObjectId":"89e6b646e7784c209e7b1dfe60601c1d","ImportCorrelationGroupId":"0136ca4aad53400abe722829b62f2868","VersionId":"1.0","Name":"01.b) [Company Name] - SAP IDOC ORDRSP.ORDERS05 for SAP SOAP - Source","Status":"Active","HasEnvelope":false,"MessageTemplate":{"TypeSystemId":"SAP_IDoc","TypeSystemDisplayId":"SAP S/4HANA On Premise IDoc","VersionId":"1809_FPS02","VersionDisplayId":"1809 FPS02","Revision":11,"Id":"ORDRSP.ORDERS05","DisplayId":"ORDRSP.ORDERS05","Name":"Purchase order / order confirmation","IsCustomMessage":false},"AdministrativeData":{"CreatedBy":"moussa.el.kakouchi@sap.com","CreatedOn":1743589478257,"ModifiedBy":"moussa.el.kakouchi@sap.com","ModifiedOn":1743589478257,"LastImportedOn":1743589478257,"LastImportedBy":"moussa.el.kakouchi@sap.com"}},"TargetMig":{"ObjectGUID":"726a3320ed164e0aaab8678dadffe47a","MIGGUID":"ac9fb51e0d434c39a70778d86836e054","ImportCorrelationObjectId":"796f9aaac8c948008b6c4df67b34f057","ImportCorrelationGroupId":"db1a0e9f9cdb45908b9e8e26343dc12a","VersionId":"1.0","Name":"01.b) [Trading Partner Name] - SAP SOAP 1905 OrderConfirmationRequest - Target","Status":"Active","HasEnvelope":false,"MessageTemplate":{"TypeSystemId":"SAP_S4HANA_Cloud_SOA","TypeSystemDisplayId":"SAP S/4HANA Cloud SOAP","VersionId":"1905","VersionDisplayId":"1905","Revision":7,"Id":"OrderConfRequest","DisplayId":"OrderConfRequest","Namespace":"http://sap.com/xi/EDI/Buyer","Name":"OrderConfRequest","IsCustomMessage":false},"AdministrativeData":{"CreatedBy":"moussa.el.kakouchi@sap.com","CreatedOn":1743580684563,"ModifiedBy":"moussa.el.kakouchi@sap.com","ModifiedOn":1743580684563,"LastImportedOn":1743580684563,"LastImportedBy":"moussa.el.kakouchi@sap.com"}},"AdministrativeData":{"CreatedBy":"moussa.el.kakouchi@sap.com","CreatedOn":1743589478671,"ModifiedBy":"moussa.el.kakouchi@sap.com","ModifiedOn":1743589478671,"LastImportedOn":1743589478671,"LastImportedBy":"moussa.el.kakouchi@sap.com"}}}