{"ArtifactMetadata":{"SchemaVersion":"1.0","ArtifactType":"MagVersionInfo"},"value":{"ObjectGUID":"b56c26382aa047b1a10e35ceca621072","MAGGUID":"c987d8fdaba1432c9bbb9b210be188a9","ImportCorrelationObjectId":"b56c26382aa047b1a10e35ceca621072","ImportCorrelationGroupId":"c987d8fdaba1432c9bbb9b210be188a9","VersionId":"4.0","Name":"02.) [Trading Partner Name] - SAP IDOC DESADV.DELVRY07 -to- SAP SOAP DeliveryRequest","Status":"Active","SourceMig":{"ObjectGUID":"a25876d897f54e0a8c93a6a629693661","MIGGUID":"d81eaed824d6469f93619cc12d9e89b0","ImportCorrelationObjectId":"a25876d897f54e0a8c93a6a629693661","ImportCorrelationGroupId":"d81eaed824d6469f93619cc12d9e89b0","VersionId":"1.0","Name":"02.) [Company Name] - SAP IDOC DESADV.DELVRY07 for SAP SOAP -Source","Status":"Active","HasEnvelope":false,"MessageTemplate":{"TypeSystemId":"SAP_IDoc","TypeSystemDisplayId":"SAP S/4HANA On Premise IDoc","VersionId":"1809_FPS02","VersionDisplayId":"1809 FPS02","Revision":11,"Id":"DESADV.DELVRY07","DisplayId":"DESADV.DELVRY07","Name":"Delivery: Shipping notification","IsCustomMessage":false},"AdministrativeData":{"CreatedBy":"moussa.el.kakouchi@sap.com","CreatedOn":1743588535790,"ModifiedBy":"moussa.el.kakouchi@sap.com","ModifiedOn":1743588597263}},"TargetMig":{"ObjectGUID":"5459790f387a4d15851cd2553e935b31","MIGGUID":"84dec0c306d94d8c8ec60923432e5a6f","ImportCorrelationObjectId":"5459790f387a4d15851cd2553e935b31","ImportCorrelationGroupId":"84dec0c306d94d8c8ec60923432e5a6f","VersionId":"2.0","Name":"02.) [Trading Partner Name] - SAP SOAP 1905 DeliveryRequest - Target","Status":"Active","HasEnvelope":false,"MessageTemplate":{"TypeSystemId":"SAP_S4HANA_Cloud_SOA","TypeSystemDisplayId":"SAP S/4HANA Cloud SOAP","VersionId":"1905","VersionDisplayId":"1905","Revision":7,"Id":"DeliveryRequest","DisplayId":"DeliveryRequest","Namespace":"http://sap.com/xi/EDI/Buyer","Name":"DeliveryRequest","IsCustomMessage":false},"AdministrativeData":{"CreatedBy":"qi.liu05@sap.com","CreatedOn":1756835839628,"ModifiedBy":"noah.rauch@sap.com","ModifiedOn":1757497761418}},"AdministrativeData":{"CreatedBy":"qi.liu05@sap.com","CreatedOn":1756124401542,"ModifiedBy":"noah.rauch@sap.com","ModifiedOn":1757497839729}}}