{"ArtifactMetadata":{"SchemaVersion":"1.0","ArtifactType":"MagVersionInfo"},"value":{"ObjectGUID":"f1d23c817bd24c1f8d97f859f45903c5","MAGGUID":"e68a69690ae742629b9acda1b3248c9d","ImportCorrelationObjectId":"f1d23c817bd24c1f8d97f859f45903c5","ImportCorrelationGroupId":"e68a69690ae742629b9acda1b3248c9d","VersionId":"5.0","Name":"01.a) [Trading Partner Name] - SAP SOAP OrderRequest -to- SAP IDOC ORDERS.ORDERS05","Status":"Active","SourceMig":{"ObjectGUID":"cf360e7496554e87a6b37295f1ae10a6","MIGGUID":"8257680e1b5e4048b76daa9624545dfd","ImportCorrelationObjectId":"cf360e7496554e87a6b37295f1ae10a6","ImportCorrelationGroupId":"8257680e1b5e4048b76daa9624545dfd","VersionId":"3.0","Name":"01.a) [Trading Partner Name] - SAP SOAP 1905 OrderRequest - Source","Status":"Active","HasEnvelope":false,"MessageTemplate":{"TypeSystemId":"SAP_S4HANA_Cloud_SOA","TypeSystemDisplayId":"SAP S/4HANA Cloud SOAP","VersionId":"1905","VersionDisplayId":"1905","Revision":7,"Id":"OrderRequest","DisplayId":"OrderRequest","Namespace":"http://sap.com/xi/EDI/Buyer","Name":"OrderRequest","IsCustomMessage":false},"AdministrativeData":{"CreatedBy":"qi.liu05@sap.com","CreatedOn":1756113772862,"ModifiedBy":"noah.rauch@sap.com","ModifiedOn":1757497545309}},"TargetMig":{"ObjectGUID":"def2d7edfbf544879320082774926aee","MIGGUID":"287331fe9f3a4f41a4aa46c8ba981aa9","ImportCorrelationObjectId":"def2d7edfbf544879320082774926aee","ImportCorrelationGroupId":"287331fe9f3a4f41a4aa46c8ba981aa9","VersionId":"2.0","Name":"01.a) [Company Name] - SAP IDOC ORDERS.ORDERS05 for SAP SOAP - Target","Status":"Active","HasEnvelope":false,"MessageTemplate":{"TypeSystemId":"SAP_IDoc","TypeSystemDisplayId":"SAP S/4HANA On Premise IDoc","VersionId":"1809_FPS02","VersionDisplayId":"1809 FPS02","Revision":11,"Id":"ORDERS.ORDERS05","DisplayId":"ORDERS.ORDERS05","Name":"Purchase order / order","IsCustomMessage":false},"AdministrativeData":{"CreatedBy":"qi.liu05@sap.com","CreatedOn":1756113030708,"ModifiedBy":"qi.liu05@sap.com","ModifiedOn":1756819893082}},"AdministrativeData":{"CreatedBy":"noah.rauch@sap.com","CreatedOn":1757497559187,"ModifiedBy":"noah.rauch@sap.com","ModifiedOn":1757497604463}}}