{"Alias":"SOAP Receiver","Name":"SOAP Receiver","Direction":"Receiver","AdapterType":"SOAP_1.x","SecurityConfigurationMode":"","as2PartnerId":"","ConfigurationProperties":{"allAttributes":{"address":{"key":"","value":"tbd","isPersisted":true},"proxyType":{"key":"","value":"default","isPersisted":true},"locationID":{"key":"","isPersisted":false},"authentication":{"key":"","value":"Client Certificate","isPersisted":true},"credentialName":{"key":"","value":"","isPersisted":true}},"allTableAttributes":{},"name":{"key":"name","value":"","isPersisted":false}},"CommunicationLifeCycleStatus":{"Activated":false,"UpdateStatus":"NONE","ActivatedAt":0},"DocumentSchemaVersion":"1.0","administrativeData":{"createdAt":1743420649734,"createdBy":"moussa.el.kakouchi@sap.com","modifiedAt":1743420649734,"modifiedBy":"moussa.el.kakouchi@sap.com"},"ParentId":"9e446f07ceb64f33bae5e11b66be71ac","ParentArtifactType":"SYSTEM_INSTANCE","searchableAttributes":{"Alias":["SOAP Receiver"],"TENANT":["0276649a-0a57-4c1b-9235-3fa585ecc5df"]},"artifactProperties":{},"relations":[],"ArtifactRelations":{},"artifactStatus":"Draft","id":"71f16a7e917f4da4b110e02a2e83098d","uniqueId":"71f16a7e917f4da4b110e02a2e83098d","artifactType":"COMMUNICATION_CHANNEL_TEMPLATE","displayName":"SOAP Receiver","semanticVersion":"1.0"}