{"Alias":"B2B-Simulation.Receiver","Name":"B2B-Simulation.Receiver","Description":"B2B-Simulation.Receiver","Direction":"Receiver","AdapterType":"Process_Direct","SecurityConfigurationMode":"","as2PartnerId":"","ConfigurationProperties":{"allAttributes":{"address":{"key":"","value":"tbd","isPersisted":true},"proxyType":{"key":"","value":"default","isPersisted":true},"locationID":{"key":"","isPersisted":false},"authentication":{"key":"","value":"Client Certificate","isPersisted":true},"credentialName":{"key":"","value":"","isPersisted":true},"credentialNameOld":{"key":"","value":"","isPersisted":true}},"allTableAttributes":{},"name":{"key":"name","value":"","isPersisted":false}},"CommunicationLifeCycleStatus":{"Activated":false,"UpdateStatus":"NONE","ActivatedAt":0},"DocumentSchemaVersion":"1.0","administrativeData":{"createdAt":1722011948697,"createdBy":"gunther.stuhec@sap.com","modifiedAt":1743774391350,"modifiedBy":"moussa.el.kakouchi@sap.com"},"ParentId":"9e446f07ceb64f33bae5e11b66be71ac","ParentArtifactType":"SYSTEM_INSTANCE","searchableAttributes":{"Alias":["B2B-Simulation.Receiver"],"TENANT":["0276649a-0a57-4c1b-9235-3fa585ecc5df"]},"artifactProperties":{},"relations":[],"ArtifactRelations":{},"artifactStatus":"Draft","id":"8e69240364144c06a5d42fa746694f70","uniqueId":"8e69240364144c06a5d42fa746694f70","artifactType":"COMMUNICATION_CHANNEL_TEMPLATE","displayName":"B2B-Simulation.Receiver","semanticVersion":"1.0"}