{"Alias":"B2B-Simulation.Sender","Name":"B2B-Simulation.Sender","Description":"B2B-Simulation.Sender","Direction":"Sender","AdapterType":"Process_Direct","SecurityConfigurationMode":"","as2PartnerId":"","ConfigurationProperties":{"allAttributes":{},"allTableAttributes":{}},"CommunicationLifeCycleStatus":{"Activated":false,"UpdateStatus":"NONE","ActivatedAt":0},"DocumentSchemaVersion":"1.0","administrativeData":{"createdAt":1722514933458,"createdBy":"gunther.stuhec@sap.com","modifiedAt":1743774391582,"modifiedBy":"moussa.el.kakouchi@sap.com"},"ParentId":"4d79cc68ef0540dc9dd1dec9ea0c5160","ParentArtifactType":"SYSTEM_INSTANCE","searchableAttributes":{"Alias":["B2B-Simulation.Sender"],"TENANT":["0276649a-0a57-4c1b-9235-3fa585ecc5df"]},"artifactProperties":{},"relations":[],"ArtifactRelations":{},"artifactStatus":"Draft","id":"e5e5781b2cb244639801cb9f0ec585ad","uniqueId":"e5e5781b2cb244639801cb9f0ec585ad","artifactType":"COMMUNICATION_CHANNEL_TEMPLATE","displayName":"B2B-Simulation.Sender","semanticVersion":"1.0"}