{"IsVanScenario":false,"FunctionalAck":{},"BusinessTransactions":[{"Id":"5df1368d0ef8401eae92625a0fb8a03a","PatternReference":{"Id":"NOTIFICATION","Version":"1.0","Name":"One Way Notification"},"Sequence":1,"TransactionProperties":{"Properties":{"Initiator":"18be672c721d4f1f845f6436ec301fba","Label_ReactorName":"[Company Name]","Reactor":"myCompany","Name":"02.) Delivery Notification - Inbound","Label_InitiatorName":"[Trading Partner Name]"}},"BusinessTransactionActivities":[{"Id":"51cdbe6e471241a6a30f68d0519f25a7","BusinessTransactionActivityReference":{"Id":"REQUEST-FLOW","Version":"1.0","Name":"Request Processing"},"Sequence":1,"BusinessTransactionActivityProperties":{"Properties":{}},"ActivityParameters":[],"ChoreographyProperties":{"Properties":{"SENDER_SYSTEM":{"Properties":{"TypeSystem":"UNEDIFACT","SystemInstanceId":"4d79cc68ef0540dc9dd1dec9ea0c5160","SyntaxValidation":"true","IdAsSender":"ca9e956406604b519498353921414e84","IdAsReceiverAlias":"Company_UNEDIFACT_ID","IdAsSenderAlias":"TP_UN-EDIFACT_ID","SystemInstanceAlias":"[B2B Integration Factory]-System","IdAsReceiver":"c66f21511f3844269f41c3803a6ff135","Id":"18be672c721d4f1f845f6436ec301fba","TypeSystemVersion":"D.10B S3"}},"SENDER_ADAPTER":{"Properties":{"CCTForSenderFunctionalACKAlias":"B2B-Simulation.Receiver","CCTForSenderFunctionalACKId":"88ae6603360f4761a203354f716fb736","CommunicationChannelTemplateId":"e5e5781b2cb244639801cb9f0ec585ad","CommunicationChannelTemplateAlias":"B2B-Simulation.Sender","Id":"18be672c721d4f1f845f6436ec301fba"}},"SENDER_INTERCHANGE":{"Properties":{"Validation":"false","ImportCorrelationObjectId":"e43e9694684f4eb8a0ac4f12e1fa1c3d","TypeSystem":"UNEDIFACT","Label_MIGIdName":"[Trading Partner Name] UN/EDIFACT DESADV D.10B","ObjectGUID":"e43e9694684f4eb8a0ac4f12e1fa1c3d","HasEnvelope":"false","MIGGUID":"5a935bb0cd7547939203c849148e6d7e","Label_MIGStatus":"Draft","SyntaxValidation":"true","CreateAcknowledgement":"","FunctionalAck":"","ImportCorrelationGroupId":"5a935bb0cd7547939203c849148e6d7e","MIGLink":"","Id":"18be672c721d4f1f845f6436ec301fba","MessageType":"DESADV","TypeSystemVersion":"D.10B S3","MIGVersionId":"1.0"}},"MAPPING":{"Properties":{"MAGVersionId":"1.0","ImportCorrelationObjectId":"f409d867fd2f450c8960381136ad07af","Label_MAGName":"[Trading Partner Name] UN/EDIFACT DESADV D.10B -to- SAP SOAP TransportationOrderGenericRequest (Inbound)","MAGGUID":"050f7e216476478b846854d339fc340a","ImportCorrelationGroupId":"050f7e216476478b846854d339fc340a","MAGLink":"","ObjectGUID":"f409d867fd2f450c8960381136ad07af","Id":"18be672c721d4f1f845f6436ec301fba","Label_MAGStatus":"Draft"}},"RECEIVER_INTERCHANGE":{"Properties":{"Validation":"false","ImportCorrelationObjectId":"894c33702aac4f5f999a06f23c901ec2","TypeSystem":"SAP_S4HANA_Cloud_SOA","Label_MIGIdName":"[Company Name] SAP SOAP TransportationOrderGenericRequest 2302","ObjectGUID":"894c33702aac4f5f999a06f23c901ec2","HasEnvelope":"false","MIGGUID":"cbf28bd23bdf416c94682b6fe6b22ab6","NumberRange":"","Label_MIGStatus":"Draft","FunctionalAck":"","ImportCorrelationGroupId":"cbf28bd23bdf416c94682b6fe6b22ab6","MIGLink":"","Id":"myCompany","MessageType":"TransportationOrderGenericRequest","TypeSystemVersion":"2302","MIGVersionId":"1.0","RACKRequired":""}},"RECEIVER_ADAPTER":{"Properties":{"CommunicationChannelTemplateId":"8e69240364144c06a5d42fa746694f70","CommunicationChannelTemplateAlias":"B2B-Simulation.Receiver","Id":"myCompany"}},"RECEIVER_SYSTEM":{"Properties":{"TypeSystem":"SAP_S4HANA_Cloud_SOA","SystemInstanceId":"9e446f07ceb64f33bae5e11b66be71ac","IdAsSender":"0ca5dc5179c14e77bb5daf03e5f01537","IdAsReceiverAlias":"Company_SOAP_ID","IdAsSenderAlias":"TP_SOAP_ID","SystemInstanceAlias":"S/4 HANA System","Id":"myCompany","IdAsReceiver":"f49e65fa67284c908b2c4e2d7a76d943","TypeSystemVersion":"2302"}}}}}]},{"Id":"7e7b8882e3c3401aa7a7d719c0e36ab1","PatternReference":{"Id":"NOTIFICATION","Version":"1.0","Name":"One Way Notification"},"Sequence":2,"TransactionProperties":{"Properties":{"Initiator":"myCompany","Label_ReactorName":"[Trading Partner Name]","Reactor":"18be672c721d4f1f845f6436ec301fba","Name":"02.) Delivery Notification - Outbound","Label_InitiatorName":"[Company Name]"}},"BusinessTransactionActivities":[{"Id":"cccc56b742ba435eb29a7f2b8ff39328","BusinessTransactionActivityReference":{"Id":"REQUEST-FLOW","Version":"1.0","Name":"Request Processing"},"Sequence":1,"BusinessTransactionActivityProperties":{"Properties":{}},"ActivityParameters":[],"ChoreographyProperties":{"Properties":{"SENDER_SYSTEM":{"Properties":{"TypeSystem":"SAP_S4HANA_Cloud_SOA","SystemInstanceId":"9e446f07ceb64f33bae5e11b66be71ac","IdAsSender":"f49e65fa67284c908b2c4e2d7a76d943","IdAsReceiverAlias":"TP_SOAP_ID","IdAsSenderAlias":"Company_SOAP_ID","SystemInstanceAlias":"S/4 HANA System","Id":"myCompany","IdAsReceiver":"0ca5dc5179c14e77bb5daf03e5f01537","TypeSystemVersion":"2302"}},"SENDER_ADAPTER":{"Properties":{"CCTForSenderFunctionalACKAlias":"","CommunicationChannelTemplateId":"465a5f3f773047c19f8648d929b384a8","CommunicationChannelTemplateAlias":"B2B-Simulation.Sender","Id":"myCompany"}},"SENDER_INTERCHANGE":{"Properties":{"Validation":"false","ImportCorrelationObjectId":"3cae368d11734a05ad027bfa24b83966","TypeSystem":"SAP_S4HANA_Cloud_SOA","Label_MIGIdName":"[Company Name] - SAP SOAP TransportationOrderGenericRequest 2302 - Source","ObjectGUID":"3cae368d11734a05ad027bfa24b83966","HasEnvelope":"false","MIGGUID":"4d00ce73343842be91bb4c64e9b7baec","Label_MIGStatus":"Draft","CreateAcknowledgement":"","FunctionalAck":"","ImportCorrelationGroupId":"4d00ce73343842be91bb4c64e9b7baec","MIGLink":"","Id":"myCompany","MessageType":"TransportationOrderGenericRequest","TypeSystemVersion":"1809_FPS02","MIGVersionId":"1.0"}},"MAPPING":{"Properties":{"MAGVersionId":"1.0","ImportCorrelationObjectId":"d726a57692c9425cb062f4a893febe6a","Label_MAGName":"[Trading Partner Name] - SAP SOAP TransportationOrderGenericRequest -to- UN/EDIFACT DESADV D.10B (Outbound)","MAGGUID":"727ad8264d254c59bffd806598b347d0","ImportCorrelationGroupId":"727ad8264d254c59bffd806598b347d0","MAGLink":"","ObjectGUID":"d726a57692c9425cb062f4a893febe6a","Id":"18be672c721d4f1f845f6436ec301fba","Label_MAGStatus":"Draft"}},"RECEIVER_INTERCHANGE":{"Properties":{"Validation":"false","ImportCorrelationObjectId":"9604307bfc304718a5da42f9a0b08b08","TypeSystem":"UNEDIFACT","Label_MIGIdName":"[Trading Partner Name] - UN/EDIFACT DESADV D.10B - Target","NumberRangeAlias":"","ObjectGUID":"9604307bfc304718a5da42f9a0b08b08","HasEnvelope":"false","MIGGUID":"7df62a9dc8e44baab5fead3889fd4297","Label_MIGStatus":"Draft","FunctionalAck":"","ImportCorrelationGroupId":"7df62a9dc8e44baab5fead3889fd4297","MIGLink":"","Id":"18be672c721d4f1f845f6436ec301fba","MessageType":"DESADV","TypeSystemVersion":"D.10B S3","MIGVersionId":"1.0","RACKRequired":""}},"RECEIVER_ADAPTER":{"Properties":{"CommunicationChannelTemplateId":"88ae6603360f4761a203354f716fb736","CommunicationChannelTemplateAlias":"B2B-Simulation.Receiver","Id":"18be672c721d4f1f845f6436ec301fba"}},"RECEIVER_SYSTEM":{"Properties":{"TypeSystem":"UNEDIFACT","SystemInstanceId":"4d79cc68ef0540dc9dd1dec9ea0c5160","IdAsReceiverAlias":"TP_UN-EDIFACT_ID","IdAsSender":"c66f21511f3844269f41c3803a6ff135","IdAsSenderAlias":"Company_UNEDIFACT_ID","SystemInstanceAlias":"[B2B Integration Factory]-System","Id":"18be672c721d4f1f845f6436ec301fba","IdAsReceiver":"ca9e956406604b519498353921414e84","TypeSystemVersion":"D.10B S3"}}}}}]}],"DocumentSchemaVersion":"1.0","administrativeData":{"createdAt":1738146230825,"createdBy":"jan.feyen@sap.com","modifiedAt":1741780603074,"modifiedBy":"moussa.el.kakouchi@sap.com"},"ParentId":"3347210067e749cd990617a9a1dc4758","ParentArtifactType":"TRADING_PARTNER_AGREEMENT_V2","searchableAttributes":{"CUSTOM_SEARCH_ATTRIBUTE":[],"TENANT":["e30aab0a-9c29-40d4-a156-5e6dc245c28f"]},"artifactProperties":{"TransactionsNumber":"2"},"relations":[],"ArtifactRelations":{},"artifactStatus":"Draft","id":"c30d37c113a849dfb94adde78005c7f5","uniqueId":"c30d37c113a849dfb94adde78005c7f5","artifactType":"B2B_SCENARIO","displayName":"B2B Scenario","semanticVersion":"2.0"}