{"DecryptionConfigurations":{"ConfigurationType":"DECRYPTION_CONFIG","ConfigurationEntries":{}},"DocumentSchemaVersion":"1.0","administrativeData":{"createdAt":1722011953034,"createdBy":"gunther.stuhec@sap.com","modifiedAt":1743774395988,"modifiedBy":"moussa.el.kakouchi@sap.com"},"ParentId":"myCompany","ParentArtifactType":"COMPANY","searchableAttributes":{"TENANT":["0276649a-0a57-4c1b-9235-3fa585ecc5df"],"Alias":[]},"artifactProperties":{},"relations":[],"ArtifactRelations":{},"artifactStatus":"Draft","id":"myCompany::profileConfiguration","uniqueId":"726d03ff89e541e7b19d3fc0c5bf9d87","artifactType":"PARTNER_PROFILE_CONFIG","displayName":"CompanyProfileConfiguration","semanticVersion":"1.0:"}