{"IsVanScenario":false,"FunctionalAck":{},"BusinessTransactions":[{"Id":"c6f2b44ff4cc44968af2d8f5747e599f","PatternReference":{"Id":"NOTIFICATION","Version":"1.0","Name":"One Way Notification"},"Sequence":1,"TransactionProperties":{"Properties":{"communicationPartnerId":"","Initiator":"myCompany","Label_ReactorName":"TP - 3PL","Reactor":"ad9c12dad0f9475bb54ea2361cea6d00","Name":"01.) Material Master - Outbound","Label_InitiatorName":"[Company Name]"}},"BusinessTransactionActivities":[{"Id":"9839b86022c6444092dbdac2b6c1489c","BusinessTransactionActivityReference":{"Id":"REQUEST-FLOW","Version":"1.0","Name":"Request Processing"},"Sequence":1,"BusinessTransactionActivityProperties":{"Properties":{}},"ActivityParameters":[{"ParameterSource":{"SourceId":"myCompany","SourceName":"","ArtifactType":"COMPANY"},"Direction":"SENDER","Parameters":{"SAP_EDI_REC_Sender_Partner_Type":"Manufacturer"}},{"ParameterSource":{"SourceName":"","ArtifactType":"BUSINESS_TRANSACTION_ACTIVITY"},"Parameters":{"SAP_EDI_REC_Receiver_Partner_Type":"LogisticServiceProvider","SAP_EDI_REC_Multiple_Type":"false","SAP_EDI_REC_Short_Term_Archiving":"true","SAP_B2B_REC_Set_Exchange_Parameters":"true","SAP_EDI_REC_Message_Namespace_Token":"item_data_notification","SAP_EDI_REC_Message_Type":"itemDataNotificationMessage"}}],"ChoreographyProperties":{"Properties":{"SENDER_ADAPTER":{"Properties":{"CommunicationChannelTemplateId":"465a5f3f773047c19f8648d929b384a8","Id":"myCompany"}},"SENDER_INTERCHANGE":{"Properties":{"Validation":"false","ImportCorrelationObjectId":"9ff44ba9aec1456bbe10e6aca414cd43","TypeSystem":"SAP_IDoc","Label_MIGIdName":"3PL IWD - 01.) [Company Name] - SAP IDoc MATMAS.MATMAS05 - Source","ContactPersonId":"4609a94d-17d0-478e-8969-217235ac7268","ObjectGUID":"9ff44ba9aec1456bbe10e6aca414cd43","HasEnvelope":"false","custom_properties":"[{\"source\":\"curr\",\"idAttribute\":\"58856f46e26b45f79d58e2f84b6b612c\",\"type\":\"Xpath\",\"value\":\"//WERKS[1]\",\"name\":\"Plant\",\"order\":\"\"}]","MIGGUID":"64cb12bf60e8403f908b54b46a8de5d9","Label_MIGStatus":"Draft","CreateAcknowledgement":"","FunctionalAck":"","ImportCorrelationGroupId":"64cb12bf60e8403f908b54b46a8de5d9","MIGLink":"","Id":"myCompany","MessageType":"MATMAS.MATMAS05","TypeSystemVersion":"755","MIGVersionId":"1.0"}},"RECEIVER_INTERCHANGE":{"Properties":{"Validation":"false","ImportCorrelationObjectId":"72c6449d0a1d42a697be45e818dfff0c","TypeSystem":"GS1_XML","Label_MIGIdName":"3PL IWD - 01.) #DEFAULT# - GS1 XML itemDataNotificationMessage 3.4.1 - Target","NumberRangeAlias":"","ObjectGUID":"72c6449d0a1d42a697be45e818dfff0c","HasEnvelope":"false","custom_properties":"[]","MIGGUID":"aaa825f6a112493b859b06f593b16049","NumberRange":"","Label_MIGStatus":"Draft","FunctionalAck":"","ImportCorrelationGroupId":"aaa825f6a112493b859b06f593b16049","MIGLink":"","Id":"","MessageType":"itemDataNotificationMessage","TypeSystemVersion":"3.4.1","MIGVersionId":"1.0","RACKRequired":"","ContactPersonId":"ee5e49e3-c2e9-44f0-8cf6-8a7c5a51bf74"}},"SENDER_SYSTEM":{"Properties":{"TypeSystem":"SAP_IDoc","SystemInstanceId":"9e446f07ceb64f33bae5e11b66be71ac","IdAsSender":"02b003f2ccd24519b7bc27ac79e37de3","IdAsReceiverAlias":"3PL_IDOC_TradingPartner_ID","Id":"myCompany","IdAsReceiver":"93b7cafa70f1435a97fc846a0e57572b","TypeSystemVersion":"755"}},"MAPPING":{"Properties":{"MAGVersionId":"1.0","ImportCorrelationObjectId":"21ce2ccf5a224a5d80c226f56c1a8e4c","Label_MAGName":"3PL IWD - 01.) #DEFAULT# - SAP IDoc MATMAS.MATMAS05 -to- GS1 XML itemDataNotificationMessage 3.4.1","MAGGUID":"577a680768ec42278c0ee53eae875763","ImportCorrelationGroupId":"577a680768ec42278c0ee53eae875763","MAGLink":"","ObjectGUID":"21ce2ccf5a224a5d80c226f56c1a8e4c","Id":"","Label_MAGStatus":"Draft"}},"RECEIVER_ADAPTER":{"Properties":{"CommunicationChannelTemplateId":"1ecbbc2e806349c3955950c6734a3009","CommunicationChannelTemplateAlias":"AS2_Receiver_Communication","Id":""}},"RECEIVER_SYSTEM":{"Properties":{"TypeSystem":"GS1_XML","SystemInstanceId":"2baf9ac27adf432284938c22406166d5","IdAsReceiverAlias":"3PL_GS1XML_TradingPartner_ID","IdAsSender":"2051ccdb6f224c7f8e680412df9730e5","SystemInstanceAlias":"3PL_B2BSystem","Id":"ad9c12dad0f9475bb54ea2361cea6d00","IdAsReceiver":"28deb0bfde344c87b5299a14444a6383","TypeSystemVersion":"3.4.1"}}}}}]},{"Id":"f36281b0b6e74eef9e7c5d4c2fd47df6","PatternReference":{"Id":"NOTIFICATION","Version":"1.0","Name":"One Way Notification"},"Sequence":2,"TransactionProperties":{"Properties":{"communicationPartnerId":"","Initiator":"myCompany","Label_ReactorName":"TP - 3PL","Reactor":"ad9c12dad0f9475bb54ea2361cea6d00","Name":"02.) Inbound Delivery - Outbound","Label_InitiatorName":"[Company Name]"}},"BusinessTransactionActivities":[{"Id":"c9d3237266464cf8ad4ae40ec55453aa","BusinessTransactionActivityReference":{"Id":"REQUEST-FLOW","Version":"1.0","Name":"Request Processing"},"Sequence":1,"BusinessTransactionActivityProperties":{"Properties":{}},"ActivityParameters":[{"ParameterSource":{"SourceId":"myCompany","SourceName":"","ArtifactType":"COMPANY"},"Direction":"SENDER","Parameters":{"SAP_EDI_REC_Sender_Partner_Type":"Manufacturer"}},{"ParameterSource":{"SourceName":"","ArtifactType":"BUSINESS_TRANSACTION_ACTIVITY"},"Parameters":{"SAP_EDI_REC_Receiver_Partner_Type":"LogisticServiceProvider","SAP_EDI_REC_Multiple_Type":"false","SAP_EDI_REC_Short_Term_Archiving":"true","SAP_B2B_REC_Set_Exchange_Parameters":"true","SAP_EDI_REC_Message_Type":"warehousingInboundInstructionMessage","SAP_EDI_REC_Message_Namespace_Token":"warehousing_inbound_instruction"}}],"ChoreographyProperties":{"Properties":{"SENDER_ADAPTER":{"Properties":{"CommunicationChannelTemplateId":"465a5f3f773047c19f8648d929b384a8","Id":"myCompany"}},"SENDER_INTERCHANGE":{"Properties":{"Validation":"false","ImportCorrelationObjectId":"419f0e418c7d448c8d6bd3d1f5379d2a","TypeSystem":"SAP_IDoc","Label_MIGIdName":"3PL IWD - 02.) [Company Name] - SAP IDoc DESADV.DELVRY07 - Source","ContactPersonId":"4609a94d-17d0-478e-8969-217235ac7268","ObjectGUID":"419f0e418c7d448c8d6bd3d1f5379d2a","HasEnvelope":"false","custom_properties":"[{\"source\":\"curr\",\"idAttribute\":\"58856f46e26b45f79d58e2f84b6b612c\",\"type\":\"Xpath\",\"value\":\"//WERKS[1]\",\"name\":\"Plant\",\"order\":\"\"}]","MIGGUID":"34559432373a4c679844db022a308d8d","Label_MIGStatus":"Draft","CreateAcknowledgement":"","FunctionalAck":"","ImportCorrelationGroupId":"34559432373a4c679844db022a308d8d","MIGLink":"","Id":"myCompany","MessageType":"DESADV.DELVRY07","TypeSystemVersion":"755_IBG","MIGVersionId":"1.0"}},"RECEIVER_INTERCHANGE":{"Properties":{"Validation":"false","ImportCorrelationObjectId":"83642a9a12634599a427abf493dbe447","TypeSystem":"GS1_XML","Label_MIGIdName":"3PL IWD - 02.) #DEFAULT# - GS1 XML warehousingInboundInstructionMessage 3.4.1 - Target","NumberRangeAlias":"3PL_GS1-XML_NumberRange","ObjectGUID":"74f3e8d7b9cd41298bbba6876b529334","HasEnvelope":"false","custom_properties":"[]","MIGGUID":"21b8f1ccdb574969aa086464768a2bc7","NumberRange":"","Label_MIGStatus":"Active","FunctionalAck":"","ImportCorrelationGroupId":"2dbb79efc9334dfdbe7ba17c83724b1c","MIGLink":"","Id":"","MessageType":"warehousingInboundInstructionMessage","TypeSystemVersion":"3.4.1","MIGVersionId":"2.0","RACKRequired":"","ContactPersonId":"ee5e49e3-c2e9-44f0-8cf6-8a7c5a51bf74"}},"SENDER_SYSTEM":{"Properties":{"TypeSystem":"SAP_IDoc","SystemInstanceId":"9e446f07ceb64f33bae5e11b66be71ac","IdAsSender":"02b003f2ccd24519b7bc27ac79e37de3","IdAsReceiverAlias":"3PL_IDOC_TradingPartner_ID","Id":"myCompany","IdAsReceiver":"93b7cafa70f1435a97fc846a0e57572b","TypeSystemVersion":"755"}},"MAPPING":{"Properties":{"MAGVersionId":"1.0","ImportCorrelationObjectId":"6a68c84ee9f84e3497511d8e0d276522","Label_MAGName":"3PL IWD - 02.) #DEFAULT# - SAP IDoc DESADV.DELVRY07 -to- GS1 XML warehousingInboundInstructionMessage 3.4.1","MAGGUID":"c4d0ac413874478d8f08f55a00362532","ImportCorrelationGroupId":"c4d0ac413874478d8f08f55a00362532","MAGLink":"","ObjectGUID":"6a68c84ee9f84e3497511d8e0d276522","Id":"","Label_MAGStatus":"Draft"}},"RECEIVER_ADAPTER":{"Properties":{"CommunicationChannelTemplateId":"1ecbbc2e806349c3955950c6734a3009","CommunicationChannelTemplateAlias":"AS2_Receiver_Communication","Id":""}},"RECEIVER_SYSTEM":{"Properties":{"TypeSystem":"GS1_XML","SystemInstanceId":"2baf9ac27adf432284938c22406166d5","IdAsReceiverAlias":"3PL_GS1XML_TradingPartner_ID","IdAsSender":"2051ccdb6f224c7f8e680412df9730e5","SystemInstanceAlias":"3PL_B2BSystem","Id":"ad9c12dad0f9475bb54ea2361cea6d00","IdAsReceiver":"28deb0bfde344c87b5299a14444a6383","TypeSystemVersion":"3.4.1"}}}}}]},{"Id":"77d0242f90dc4509a44ec23b97874f25","PatternReference":{"Id":"NOTIFICATION","Version":"1.0","Name":"One Way Notification"},"Sequence":3,"TransactionProperties":{"Properties":{"communicationPartnerId":"","Initiator":"ad9c12dad0f9475bb54ea2361cea6d00","Label_ReactorName":"[Company Name]","Reactor":"myCompany","Name":"03.) Receiving Finished - Inbound","Label_InitiatorName":"TP - 3PL"}},"BusinessTransactionActivities":[{"Id":"5894f91923f04c48a374533092dd8e6f","BusinessTransactionActivityReference":{"Id":"REQUEST-FLOW","Version":"1.0","Name":"Request Processing"},"Sequence":1,"BusinessTransactionActivityProperties":{"Properties":{}},"ActivityParameters":[{"ParameterSource":{"SourceName":"","ArtifactType":"BUSINESS_TRANSACTION_ACTIVITY"},"Parameters":{"SAP_EDI_SND_Short_Term_Archiving":"true","SAP_EDI_TPM_Assembly_Process_Flow_Address":"/tpm/assembly/SAP_IDoc_3PL"}}],"ChoreographyProperties":{"Properties":{"SENDER_ADAPTER":{"Properties":{"CommunicationChannelTemplateId":"326f1297309341eab43c59cc8e3a24cd","CommunicationChannelTemplateAlias":"AS2_Sender_Communication","Id":""}},"SENDER_INTERCHANGE":{"Properties":{"Validation":"false","ImportCorrelationObjectId":"cdee9af3d3944fdb93f256fd017d806b","TypeSystem":"GS1_XML","Label_MIGIdName":"3PL IWD - 03.) #DEFAULT# - GS1 XML warehousingInboundNotificationMessage 3.4.1 - Source","ObjectGUID":"cdee9af3d3944fdb93f256fd017d806b","HasEnvelope":"false","MIGGUID":"ad55efdd357c416393d8749ae9302481","Label_MIGStatus":"Draft","CreateAcknowledgement":"","FunctionalAck":"","ImportCorrelationGroupId":"ad55efdd357c416393d8749ae9302481","MIGLink":"","Id":"","MessageType":"warehousingInboundNotificationMessage","TypeSystemVersion":"3.4.1_RF","MIGVersionId":"1.0","ContactPersonId":"ee5e49e3-c2e9-44f0-8cf6-8a7c5a51bf74"}},"RECEIVER_INTERCHANGE":{"Properties":{"Validation":"false","ImportCorrelationObjectId":"096fec257c5e46e688f01c3c794a5504","TypeSystem":"SAP_IDoc","Label_MIGIdName":"3PL IWD - 03.) [Company Name] - SAP IDoc MBGMCR.MBGMCR03 - Target","ContactPersonId":"4609a94d-17d0-478e-8969-217235ac7268","ObjectGUID":"096fec257c5e46e688f01c3c794a5504","HasEnvelope":"false","MIGGUID":"00ab6c2755654c58aaca3e97cd0f8f4f","NumberRange":"ICN_SAP_IDOC","Label_MIGStatus":"Draft","FunctionalAck":"","ImportCorrelationGroupId":"00ab6c2755654c58aaca3e97cd0f8f4f","MIGLink":"","Id":"myCompany","MessageType":"MBGMCR.MBGMCR03","TypeSystemVersion":"755","MIGVersionId":"1.0","RACKRequired":""}},"SENDER_SYSTEM":{"Properties":{"TypeSystem":"GS1_XML","SystemInstanceId":"2baf9ac27adf432284938c22406166d5","IdAsSender":"28deb0bfde344c87b5299a14444a6383","IdAsSenderAlias":"3PL_GS1XML_TradingPartner_ID","SystemInstanceAlias":"3PL_B2BSystem","IdAsReceiver":"2051ccdb6f224c7f8e680412df9730e5","Id":"ad9c12dad0f9475bb54ea2361cea6d00","TypeSystemVersion":"3.4.1"}},"MAPPING":{"Properties":{"MAGVersionId":"1.0","ImportCorrelationObjectId":"6e9dbb85312c48f0b3405a53d3136a8c","Label_MAGName":"3PL IWD - 03.) #DEFAULT# - GS1 XML warehousingInboundNotificationMessage 3.4.1 -to- SAP IDoc MBGMCR.MBGMCR03","MAGGUID":"cf135a9a9c9d48619f20b6a591bd394a","ImportCorrelationGroupId":"cf135a9a9c9d48619f20b6a591bd394a","MAGLink":"","ObjectGUID":"6e9dbb85312c48f0b3405a53d3136a8c","Id":"","Label_MAGStatus":"Draft"}},"RECEIVER_ADAPTER":{"Properties":{"CommunicationChannelTemplateId":"8e69240364144c06a5d42fa746694f70","Id":"myCompany","ACKCommunicationChannelTemplateId":""}},"RECEIVER_SYSTEM":{"Properties":{"TypeSystem":"SAP_IDoc","SystemInstanceId":"9e446f07ceb64f33bae5e11b66be71ac","IdAsSender":"93b7cafa70f1435a97fc846a0e57572b","IdAsSenderAlias":"3PL_IDOC_TradingPartner_ID","Id":"myCompany","IdAsReceiver":"02b003f2ccd24519b7bc27ac79e37de3","TypeSystemVersion":"755"}}}}}]},{"Id":"2e3e16102f3844f28b4a3ea6054c94c6","PatternReference":{"Id":"NOTIFICATION","Version":"1.0","Name":"One Way Notification"},"Sequence":4,"TransactionProperties":{"Properties":{"communicationPartnerId":"","Initiator":"myCompany","Label_ReactorName":"TP - 3PL","Reactor":"ad9c12dad0f9475bb54ea2361cea6d00","Name":"04.)\tOutbound Delivery - Outbound","Label_InitiatorName":"[Company Name]"}},"BusinessTransactionActivities":[{"Id":"d0deeae93c7446568b8ba19dfb9c8cb0","BusinessTransactionActivityReference":{"Id":"REQUEST-FLOW","Version":"1.0","Name":"Request Processing"},"Sequence":1,"BusinessTransactionActivityProperties":{"Properties":{}},"ActivityParameters":[{"ParameterSource":{"SourceId":"myCompany","SourceName":"","ArtifactType":"COMPANY"},"Direction":"SENDER","Parameters":{"SAP_EDI_REC_Sender_Partner_Type":"Manufacturer"}},{"ParameterSource":{"SourceName":"","ArtifactType":"BUSINESS_TRANSACTION_ACTIVITY"},"Parameters":{"SAP_EDI_REC_Receiver_Partner_Type":"LogisticServiceProvider","SAP_EDI_REC_Short_Term_Archiving":"true","SAP_B2B_REC_Set_Exchange_Parameters":"true","SAP_EDI_REC_Multiple_Type":"false","SAP_EDI_REC_Message_Type":"warehousingOutboundInstructionMessage","SAP_EDI_REC_Message_Namespace_Token":"warehousing_outbound_instruction"}}],"ChoreographyProperties":{"Properties":{"SENDER_ADAPTER":{"Properties":{"CommunicationChannelTemplateId":"465a5f3f773047c19f8648d929b384a8","Id":"myCompany"}},"SENDER_INTERCHANGE":{"Properties":{"Validation":"false","ImportCorrelationObjectId":"f091182f39df41d49f0c4939a7031df2","TypeSystem":"SAP_IDoc","Label_MIGIdName":"3PL IWD - 04.) [Company Name] - SAP IDoc DESADV.DELVRY07 - Source","ContactPersonId":"4609a94d-17d0-478e-8969-217235ac7268","ObjectGUID":"f091182f39df41d49f0c4939a7031df2","HasEnvelope":"false","custom_properties":"[{\"source\":\"curr\",\"idAttribute\":\"58856f46e26b45f79d58e2f84b6b612c\",\"type\":\"Xpath\",\"value\":\"//WERKS[1]\",\"name\":\"Plant\",\"order\":\"\"}]","MIGGUID":"c5a94e317f7d43df9f89942b8aead3b0","Label_MIGStatus":"Draft","CreateAcknowledgement":"","FunctionalAck":"","ImportCorrelationGroupId":"c5a94e317f7d43df9f89942b8aead3b0","MIGLink":"","Id":"myCompany","MessageType":"DESADV.DELVRY07","TypeSystemVersion":"755_OBG","MIGVersionId":"1.0"}},"RECEIVER_INTERCHANGE":{"Properties":{"Validation":"false","ImportCorrelationObjectId":"0491beb5a1444efb8220673bdeb91562","TypeSystem":"GS1_XML","Label_MIGIdName":"3PL IWD - 04.) DEFAULT - GS1 XML warehousingOutboundInstructionMessage 3.4.1 - Target","NumberRangeAlias":"3PL_GS1-XML_NumberRange","ObjectGUID":"0491beb5a1444efb8220673bdeb91562","HasEnvelope":"false","custom_properties":"[]","MIGGUID":"8badc857a5ec45cf83873f9bfd56b984","NumberRange":"","Label_MIGStatus":"Draft","FunctionalAck":"","ImportCorrelationGroupId":"8badc857a5ec45cf83873f9bfd56b984","MIGLink":"","Id":"","MessageType":"warehousingOutboundInstructionMessage","TypeSystemVersion":"3.4.1","MIGVersionId":"1.0","RACKRequired":"","ContactPersonId":"ee5e49e3-c2e9-44f0-8cf6-8a7c5a51bf74"}},"SENDER_SYSTEM":{"Properties":{"TypeSystem":"SAP_IDoc","SystemInstanceId":"9e446f07ceb64f33bae5e11b66be71ac","IdAsSender":"02b003f2ccd24519b7bc27ac79e37de3","IdAsReceiverAlias":"3PL_IDOC_TradingPartner_ID","Id":"myCompany","IdAsReceiver":"93b7cafa70f1435a97fc846a0e57572b","TypeSystemVersion":"755"}},"MAPPING":{"Properties":{"MAGVersionId":"1.0","ImportCorrelationObjectId":"0b2a68bccf9d40ca922c80b97dc3b077","Label_MAGName":"3PL IWD - 04.) #DEFAULT# - SAP IDoc DESADV.DELVRY07 -to- GS1 XML warehousingOutboundInstructionMessage 3.4.1","MAGGUID":"3a71013f0ae447a6b91cc72b6e99d98a","ImportCorrelationGroupId":"3a71013f0ae447a6b91cc72b6e99d98a","MAGLink":"","ObjectGUID":"0b2a68bccf9d40ca922c80b97dc3b077","Id":"","Label_MAGStatus":"Draft"}},"RECEIVER_ADAPTER":{"Properties":{"CommunicationChannelTemplateId":"1ecbbc2e806349c3955950c6734a3009","CommunicationChannelTemplateAlias":"AS2_Receiver_Communication","Id":""}},"RECEIVER_SYSTEM":{"Properties":{"TypeSystem":"GS1_XML","SystemInstanceId":"2baf9ac27adf432284938c22406166d5","IdAsReceiverAlias":"3PL_GS1XML_TradingPartner_ID","IdAsSender":"2051ccdb6f224c7f8e680412df9730e5","SystemInstanceAlias":"3PL_B2BSystem","Id":"ad9c12dad0f9475bb54ea2361cea6d00","IdAsReceiver":"28deb0bfde344c87b5299a14444a6383","TypeSystemVersion":"3.4.1"}}}}}]},{"Id":"21096cc9ccfb4e11934247f93d44e088","PatternReference":{"Id":"NOTIFICATION","Version":"1.0","Name":"One Way Notification"},"Sequence":5,"TransactionProperties":{"Properties":{"communicationPartnerId":"","Initiator":"ad9c12dad0f9475bb54ea2361cea6d00","Label_ReactorName":"[Company Name]","Reactor":"myCompany","Name":"05.) Product Picked - Inbound","Label_InitiatorName":"TP - 3PL"}},"BusinessTransactionActivities":[{"Id":"581d7a9ef98c43369d817f474275b956","BusinessTransactionActivityReference":{"Id":"REQUEST-FLOW","Version":"1.0","Name":"Request Processing"},"Sequence":1,"BusinessTransactionActivityProperties":{"Properties":{}},"ActivityParameters":[{"ParameterSource":{"SourceName":"","ArtifactType":"BUSINESS_TRANSACTION_ACTIVITY"},"Parameters":{"SAP_EDI_SND_Short_Term_Archiving":"true","SAP_EDI_TPM_Assembly_Process_Flow_Address":"/tpm/assembly/SAP_IDoc_3PL"}}],"ChoreographyProperties":{"Properties":{"SENDER_ADAPTER":{"Properties":{"CommunicationChannelTemplateId":"326f1297309341eab43c59cc8e3a24cd","CommunicationChannelTemplateAlias":"AS2_Sender_Communication","Id":""}},"SENDER_INTERCHANGE":{"Properties":{"Validation":"false","ImportCorrelationObjectId":"93292bd451c14a99a90b99ee8c2b8461","TypeSystem":"GS1_XML","Label_MIGIdName":"3PL IWD - 05.) #DEFAULT# - GS1 XML warehousingOutboundNotificationMessage - Source","ObjectGUID":"93292bd451c14a99a90b99ee8c2b8461","HasEnvelope":"false","MIGGUID":"65674094c4124413abbe0259006c27ba","Label_MIGStatus":"Draft","CreateAcknowledgement":"","FunctionalAck":"","ImportCorrelationGroupId":"65674094c4124413abbe0259006c27ba","MIGLink":"","Id":"","MessageType":"warehousingOutboundNotificationMessage","TypeSystemVersion":"3.4.1_PP","MIGVersionId":"1.0","ContactPersonId":"ee5e49e3-c2e9-44f0-8cf6-8a7c5a51bf74"}},"RECEIVER_INTERCHANGE":{"Properties":{"Validation":"false","ImportCorrelationObjectId":"d75f637d90db468980183af636a4ce94","TypeSystem":"SAP_IDoc","Label_MIGIdName":"3PL IWD - 05.) [Company Name] - SAP IDoc WHSCON.DELVRY07 - Target","ContactPersonId":"4609a94d-17d0-478e-8969-217235ac7268","ObjectGUID":"d75f637d90db468980183af636a4ce94","HasEnvelope":"false","MIGGUID":"451232619cad49afab1218cbce99d318","NumberRange":"ICN_SAP_IDOC","Label_MIGStatus":"Draft","FunctionalAck":"","ImportCorrelationGroupId":"451232619cad49afab1218cbce99d318","MIGLink":"","Id":"myCompany","MessageType":"WHSCON.DELVRY07","TypeSystemVersion":"755","MIGVersionId":"1.0","RACKRequired":""}},"SENDER_SYSTEM":{"Properties":{"TypeSystem":"GS1_XML","SystemInstanceId":"2baf9ac27adf432284938c22406166d5","IdAsSender":"28deb0bfde344c87b5299a14444a6383","IdAsSenderAlias":"3PL_GS1XML_TradingPartner_ID","SystemInstanceAlias":"3PL_B2BSystem","IdAsReceiver":"2051ccdb6f224c7f8e680412df9730e5","Id":"ad9c12dad0f9475bb54ea2361cea6d00","TypeSystemVersion":"3.4.1"}},"MAPPING":{"Properties":{"MAGVersionId":"1.0","ImportCorrelationObjectId":"ee0ae60b532c4f1ab6e56cd56b3fc5f6","Label_MAGName":"3PL IWD - 05.) #DEFAULT# - GS1 XML warehousingOutboundNotificationMessage -to- SAP IDoc WHSCON.DELVRY07","MAGGUID":"9ebdd885c762460ea8fb5c3a1058fcc8","ImportCorrelationGroupId":"9ebdd885c762460ea8fb5c3a1058fcc8","MAGLink":"","ObjectGUID":"ee0ae60b532c4f1ab6e56cd56b3fc5f6","Id":"","Label_MAGStatus":"Draft"}},"RECEIVER_ADAPTER":{"Properties":{"CommunicationChannelTemplateId":"8e69240364144c06a5d42fa746694f70","Id":"myCompany","ACKCommunicationChannelTemplateId":""}},"RECEIVER_SYSTEM":{"Properties":{"TypeSystem":"SAP_IDoc","SystemInstanceId":"9e446f07ceb64f33bae5e11b66be71ac","IdAsSender":"93b7cafa70f1435a97fc846a0e57572b","IdAsSenderAlias":"3PL_IDOC_TradingPartner_ID","Id":"myCompany","IdAsReceiver":"02b003f2ccd24519b7bc27ac79e37de3","TypeSystemVersion":"755"}}}}}]},{"Id":"137cfa45d4c743ccb84bccb27996db60","PatternReference":{"Id":"NOTIFICATION","Version":"1.0","Name":"One Way Notification"},"Sequence":6,"TransactionProperties":{"Properties":{"communicationPartnerId":"","Initiator":"myCompany","Label_ReactorName":"TP - 3PL","Reactor":"ad9c12dad0f9475bb54ea2361cea6d00","Name":"06.) Customer Return - Outbound","Label_InitiatorName":"[Company Name]"}},"BusinessTransactionActivities":[{"Id":"423a06a450054b0ab07fb18a5e35500c","BusinessTransactionActivityReference":{"Id":"REQUEST-FLOW","Version":"1.0","Name":"Request Processing"},"Sequence":1,"BusinessTransactionActivityProperties":{"Properties":{}},"ActivityParameters":[{"ParameterSource":{"SourceId":"myCompany","SourceName":"","ArtifactType":"COMPANY"},"Direction":"SENDER","Parameters":{"SAP_EDI_REC_Sender_Partner_Type":"Manufacturer"}},{"ParameterSource":{"SourceName":"","ArtifactType":"BUSINESS_TRANSACTION_ACTIVITY"},"Parameters":{"SAP_EDI_REC_Receiver_Partner_Type":"LogisticServiceProvider","SAP_EDI_REC_Multiple_Type":"false","SAP_EDI_REC_Short_Term_Archiving":"true","SAP_B2B_REC_Set_Exchange_Parameters":"true","SAP_EDI_REC_Header_Version":"1.0","SAP_EDI_REC_Message_Type":"WarehousingInboundInstruction","SAP_EDI_REC_Message_Namespace_Token":"warehousing_inbound_instruction"}}],"ChoreographyProperties":{"Properties":{"SENDER_ADAPTER":{"Properties":{"CommunicationChannelTemplateId":"465a5f3f773047c19f8648d929b384a8","Id":"myCompany"}},"SENDER_INTERCHANGE":{"Properties":{"Validation":"false","ImportCorrelationObjectId":"e363ad8440e84fdb902f1f299033fea3","TypeSystem":"SAP_IDoc","Label_MIGIdName":"3PL IWD - 06.) [Company Name] - SAP IDoc DESADV.DELVRY07 - Source","ContactPersonId":"4609a94d-17d0-478e-8969-217235ac7268","ObjectGUID":"240a679f626f42f7a97bc91c73d663d4","HasEnvelope":"false","custom_properties":"[{\"source\":\"curr\",\"idAttribute\":\"58856f46e26b45f79d58e2f84b6b612c\",\"type\":\"Xpath\",\"value\":\"//Werks[1]\",\"name\":\"Plant\",\"order\":\"\"}]","MIGGUID":"645a1f3e79164594ad2b5e1fdbb7c20d","Label_MIGStatus":"Draft","CreateAcknowledgement":"","FunctionalAck":"","ImportCorrelationGroupId":"fa70027bed3147319294728c2b82f33b","MIGLink":"","Id":"myCompany","MessageType":"DESADV.DELVRY07","TypeSystemVersion":"755_RET","MIGVersionId":"1.0"}},"RECEIVER_INTERCHANGE":{"Properties":{"Validation":"false","ImportCorrelationObjectId":"f9ef79ef609e44248f05c51cf9270c45","TypeSystem":"GS1_XML","Label_MIGIdName":"3PL IWD - 06.) #DEFAULT# - GS1 XML warehousingInboundInstructionMessage 3.4.1 - Target","NumberRangeAlias":"","ObjectGUID":"f9ef79ef609e44248f05c51cf9270c45","HasEnvelope":"false","custom_properties":"[]","MIGGUID":"0608570b74d2413e9530bd70f7bfc137","NumberRange":"","Label_MIGStatus":"Draft","FunctionalAck":"","ImportCorrelationGroupId":"da44b64f91c14c919fe36bad0a4a0e52","MIGLink":"","Id":"","MessageType":"warehousingInboundInstructionMessage","TypeSystemVersion":"3.4.1","MIGVersionId":"3.0","RACKRequired":"","ContactPersonId":"ee5e49e3-c2e9-44f0-8cf6-8a7c5a51bf74"}},"SENDER_SYSTEM":{"Properties":{"TypeSystem":"SAP_IDoc","SystemInstanceId":"9e446f07ceb64f33bae5e11b66be71ac","IdAsSender":"02b003f2ccd24519b7bc27ac79e37de3","IdAsReceiverAlias":"3PL_IDOC_TradingPartner_ID","Id":"myCompany","IdAsReceiver":"93b7cafa70f1435a97fc846a0e57572b","TypeSystemVersion":"755"}},"MAPPING":{"Properties":{"MAGVersionId":"1.0","ImportCorrelationObjectId":"fdc11e74b2bd43aaadbce1ec3e40a95c","Label_MAGName":"3PL IWD - 06.) #DEFAULT# - SAP IDoc DESADV.DELVRY07 -to- GS1 XML warehousingInboundInstructionMessage 3.4.1","MAGGUID":"984f036ab2994ce7ad7e61e48b3d4744","ImportCorrelationGroupId":"984f036ab2994ce7ad7e61e48b3d4744","MAGLink":"","ObjectGUID":"fdc11e74b2bd43aaadbce1ec3e40a95c","Id":"","Label_MAGStatus":"Draft"}},"RECEIVER_ADAPTER":{"Properties":{"CommunicationChannelTemplateId":"1ecbbc2e806349c3955950c6734a3009","CommunicationChannelTemplateAlias":"AS2_Receiver_Communication","Id":""}},"RECEIVER_SYSTEM":{"Properties":{"TypeSystem":"GS1_XML","SystemInstanceId":"2baf9ac27adf432284938c22406166d5","IdAsReceiverAlias":"3PL_GS1XML_TradingPartner_ID","IdAsSender":"2051ccdb6f224c7f8e680412df9730e5","SystemInstanceAlias":"3PL_B2BSystem","Id":"ad9c12dad0f9475bb54ea2361cea6d00","IdAsReceiver":"28deb0bfde344c87b5299a14444a6383","TypeSystemVersion":"3.4.1"}}}}}]},{"Id":"a0ef2a0b19ae41d59a3bec1e4737e8e2","PatternReference":{"Id":"NOTIFICATION","Version":"1.0","Name":"One Way Notification"},"Sequence":7,"TransactionProperties":{"Properties":{"communicationPartnerId":"","Initiator":"ad9c12dad0f9475bb54ea2361cea6d00","Label_ReactorName":"[Company Name]","Reactor":"myCompany","Name":"07.) Customer Return Receiving Finished - Inbound","Label_InitiatorName":"TP - 3PL"}},"BusinessTransactionActivities":[{"Id":"07602079d93f4aa5b7410c77e2743cab","BusinessTransactionActivityReference":{"Id":"REQUEST-FLOW","Version":"1.0","Name":"Request Processing"},"Sequence":1,"BusinessTransactionActivityProperties":{"Properties":{}},"ActivityParameters":[{"ParameterSource":{"SourceName":"","ArtifactType":"BUSINESS_TRANSACTION_ACTIVITY"},"Parameters":{"SAP_EDI_SND_Short_Term_Archiving":"true","SAP_EDI_TPM_Assembly_Process_Flow_Address":"/tpm/assembly/SAP_IDoc_3PL"}}],"ChoreographyProperties":{"Properties":{"SENDER_ADAPTER":{"Properties":{"CommunicationChannelTemplateId":"326f1297309341eab43c59cc8e3a24cd","CommunicationChannelTemplateAlias":"AS2_Sender_Communication","Id":""}},"SENDER_INTERCHANGE":{"Properties":{"Validation":"false","ImportCorrelationObjectId":"6f803159837046218ccfe8c68fbe6f3b","TypeSystem":"GS1_XML","Label_MIGIdName":"3PL IWD - 07.) #DEFAULT# - GS1 XML warehousingInboundNotificationMessage - Source","ObjectGUID":"6f803159837046218ccfe8c68fbe6f3b","HasEnvelope":"false","MIGGUID":"e3cada596579496381107c65bd0678b6","Label_MIGStatus":"Draft","CreateAcknowledgement":"","FunctionalAck":"","ImportCorrelationGroupId":"e3cada596579496381107c65bd0678b6","MIGLink":"","Id":"","MessageType":"warehousingInboundNotificationMessage","TypeSystemVersion":"3.4.1_CRRF","MIGVersionId":"1.0","ContactPersonId":"ee5e49e3-c2e9-44f0-8cf6-8a7c5a51bf74"}},"RECEIVER_INTERCHANGE":{"Properties":{"Validation":"false","ImportCorrelationObjectId":"42595b3dc5004d869213725fca17a723","TypeSystem":"SAP_IDoc","Label_MIGIdName":"3PL IWD - 07.) [Company Name] - SAP IDoc WHSCON.DELVRY07 - Target","ContactPersonId":"4609a94d-17d0-478e-8969-217235ac7268","ObjectGUID":"42595b3dc5004d869213725fca17a723","HasEnvelope":"false","MIGGUID":"efca28a2ed9c4a55b301c356f75b2c02","NumberRange":"ICN_UNEDIFACT_TP","Label_MIGStatus":"Draft","FunctionalAck":"","ImportCorrelationGroupId":"efca28a2ed9c4a55b301c356f75b2c02","MIGLink":"","Id":"myCompany","MessageType":"WHSCON.DELVRY07","TypeSystemVersion":"755","MIGVersionId":"1.0","RACKRequired":""}},"SENDER_SYSTEM":{"Properties":{"TypeSystem":"GS1_XML","SystemInstanceId":"2baf9ac27adf432284938c22406166d5","IdAsSender":"28deb0bfde344c87b5299a14444a6383","IdAsSenderAlias":"3PL_GS1XML_TradingPartner_ID","SystemInstanceAlias":"3PL_B2BSystem","IdAsReceiver":"2051ccdb6f224c7f8e680412df9730e5","Id":"ad9c12dad0f9475bb54ea2361cea6d00","TypeSystemVersion":"3.4.1"}},"MAPPING":{"Properties":{"MAGVersionId":"1.0","ImportCorrelationObjectId":"ad5afeabb61149958fbc2add6ebc8b6d","Label_MAGName":"3PL IWD - 07.) #DEFAULT# - GS1 XML warehousingInboundNotificationMessage -to- SAP IDoc WHSCON.DELVRY07","MAGGUID":"795567ce76b7422d87ae0cbb09efd032","ImportCorrelationGroupId":"795567ce76b7422d87ae0cbb09efd032","MAGLink":"","ObjectGUID":"ad5afeabb61149958fbc2add6ebc8b6d","Id":"","Label_MAGStatus":"Draft"}},"RECEIVER_ADAPTER":{"Properties":{"CommunicationChannelTemplateId":"8e69240364144c06a5d42fa746694f70","Id":"myCompany","ACKCommunicationChannelTemplateId":""}},"RECEIVER_SYSTEM":{"Properties":{"TypeSystem":"SAP_IDoc","SystemInstanceId":"9e446f07ceb64f33bae5e11b66be71ac","IdAsSender":"93b7cafa70f1435a97fc846a0e57572b","IdAsSenderAlias":"3PL_IDOC_TradingPartner_ID","Id":"myCompany","IdAsReceiver":"02b003f2ccd24519b7bc27ac79e37de3","TypeSystemVersion":"755"}}}}}]},{"Id":"70550048919f4fdda356f19d09ac0972","PatternReference":{"Id":"NOTIFICATION","Version":"1.0","Name":"One Way Notification"},"Sequence":8,"TransactionProperties":{"Properties":{"communicationPartnerId":"","Initiator":"ad9c12dad0f9475bb54ea2361cea6d00","Label_ReactorName":"[Company Name]","Reactor":"myCompany","Name":"08.) Outbound Delivery Status Update - Inbound","Label_InitiatorName":"TP - 3PL"}},"BusinessTransactionActivities":[{"Id":"264dce75a9844b9baaab9edd97c117eb","BusinessTransactionActivityReference":{"Id":"REQUEST-FLOW","Version":"1.0","Name":"Request Processing"},"Sequence":1,"BusinessTransactionActivityProperties":{"Properties":{}},"ActivityParameters":[{"ParameterSource":{"SourceName":"","ArtifactType":"BUSINESS_TRANSACTION_ACTIVITY"},"Parameters":{"SAP_EDI_SND_Short_Term_Archiving":"true","SAP_EDI_TPM_Assembly_Process_Flow_Address":"/tpm/assembly/SAP_IDoc_3PL"}}],"ChoreographyProperties":{"Properties":{"SENDER_ADAPTER":{"Properties":{"CommunicationChannelTemplateId":"326f1297309341eab43c59cc8e3a24cd","CommunicationChannelTemplateAlias":"AS2_Sender_Communication","Id":""}},"SENDER_INTERCHANGE":{"Properties":{"Validation":"false","ImportCorrelationObjectId":"ca27a68794b5412bb69309e564432028","TypeSystem":"GS1_XML","Label_MIGIdName":"3PL IWD - 08.) #DEFAULT# - GS1 XML warehousingOutboundNotificationMessage - Source","ObjectGUID":"ca27a68794b5412bb69309e564432028","HasEnvelope":"false","MIGGUID":"534ba660b3134a86b1d6d123b0b5c67e","Label_MIGStatus":"Draft","CreateAcknowledgement":"","FunctionalAck":"","ImportCorrelationGroupId":"534ba660b3134a86b1d6d123b0b5c67e","MIGLink":"","Id":"","MessageType":"warehousingOutboundNotificationMessage","TypeSystemVersion":"3.4.1_ODSU","MIGVersionId":"1.0","ContactPersonId":"ee5e49e3-c2e9-44f0-8cf6-8a7c5a51bf74"}},"RECEIVER_INTERCHANGE":{"Properties":{"Validation":"false","ImportCorrelationObjectId":"b80145a126994dc5ac40e07e18c0f7b8","TypeSystem":"SAP_IDoc","Label_MIGIdName":"3PL IWD - 08.) [Company Name] - SAP IDoc WHSCON.DELVRY07 - Target","ContactPersonId":"4609a94d-17d0-478e-8969-217235ac7268","ObjectGUID":"b80145a126994dc5ac40e07e18c0f7b8","HasEnvelope":"false","MIGGUID":"a5f40a74792c49f8b7320fd353d1d058","NumberRange":"ICN_SAP_IDOC","Label_MIGStatus":"Draft","FunctionalAck":"","ImportCorrelationGroupId":"a5f40a74792c49f8b7320fd353d1d058","MIGLink":"","Id":"myCompany","MessageType":"WHSCON.DELVRY07","TypeSystemVersion":"755","MIGVersionId":"1.0","RACKRequired":""}},"SENDER_SYSTEM":{"Properties":{"TypeSystem":"GS1_XML","SystemInstanceId":"2baf9ac27adf432284938c22406166d5","IdAsSender":"28deb0bfde344c87b5299a14444a6383","IdAsSenderAlias":"3PL_GS1XML_TradingPartner_ID","SystemInstanceAlias":"3PL_B2BSystem","IdAsReceiver":"2051ccdb6f224c7f8e680412df9730e5","Id":"ad9c12dad0f9475bb54ea2361cea6d00","TypeSystemVersion":"3.4.1"}},"MAPPING":{"Properties":{"MAGVersionId":"1.0","ImportCorrelationObjectId":"17b42861469942edb9266480e83920c4","Label_MAGName":"3PL IWD - 08.) #DEFAULT# - GS1 XML warehousingOutboundNotificationMessage -to- SAP IDoc WHSCON.DELVRY07","MAGGUID":"0b6cf3737e374c359749e89ddd0d9792","ImportCorrelationGroupId":"0b6cf3737e374c359749e89ddd0d9792","MAGLink":"","ObjectGUID":"17b42861469942edb9266480e83920c4","Id":"","Label_MAGStatus":"Draft"}},"RECEIVER_ADAPTER":{"Properties":{"CommunicationChannelTemplateId":"8e69240364144c06a5d42fa746694f70","Id":"myCompany","ACKCommunicationChannelTemplateId":""}},"RECEIVER_SYSTEM":{"Properties":{"TypeSystem":"SAP_IDoc","SystemInstanceId":"9e446f07ceb64f33bae5e11b66be71ac","IdAsSender":"93b7cafa70f1435a97fc846a0e57572b","IdAsSenderAlias":"3PL_IDOC_TradingPartner_ID","Id":"myCompany","IdAsReceiver":"02b003f2ccd24519b7bc27ac79e37de3","TypeSystemVersion":"755"}}}}}]},{"Id":"867351ddee40419994f4eebef0118c5c","PatternReference":{"Id":"NOTIFICATION","Version":"1.0","Name":"One Way Notification"},"Sequence":9,"TransactionProperties":{"Properties":{"communicationPartnerId":"","Initiator":"ad9c12dad0f9475bb54ea2361cea6d00","Label_ReactorName":"[Company Name]","Reactor":"myCompany","Name":"09.) Stock Comparison - Inbound","Label_InitiatorName":"TP - 3PL"}},"BusinessTransactionActivities":[{"Id":"72a6c23cf8eb4c78bf568da29fb6b098","BusinessTransactionActivityReference":{"Id":"REQUEST-FLOW","Version":"1.0","Name":"Request Processing"},"Sequence":1,"BusinessTransactionActivityProperties":{"Properties":{}},"ActivityParameters":[{"ParameterSource":{"SourceName":"","ArtifactType":"BUSINESS_TRANSACTION_ACTIVITY"},"Parameters":{"SAP_EDI_SND_Short_Term_Archiving":"true","SAP_EDI_TPM_Assembly_Process_Flow_Address":"/tpm/assembly/SAP_IDoc_3PL"}}],"ChoreographyProperties":{"Properties":{"SENDER_ADAPTER":{"Properties":{"CommunicationChannelTemplateId":"326f1297309341eab43c59cc8e3a24cd","CommunicationChannelTemplateAlias":"AS2_Sender_Communication","Id":""}},"SENDER_INTERCHANGE":{"Properties":{"Validation":"false","ImportCorrelationObjectId":"2fcc8885b8ec4143971b0898fab7b91b","TypeSystem":"GS1_XML","Label_MIGIdName":"3PL IWD - 09.) #DEFAULT# - GS1 XML logisticsInventoryReportMessage - Source","ObjectGUID":"2fcc8885b8ec4143971b0898fab7b91b","HasEnvelope":"false","MIGGUID":"983c89470e8e43e7932a69c4663010e8","Label_MIGStatus":"Draft","CreateAcknowledgement":"","FunctionalAck":"","ImportCorrelationGroupId":"983c89470e8e43e7932a69c4663010e8","MIGLink":"","Id":"","MessageType":"logisticsInventoryReportMessage","TypeSystemVersion":"3.4.1_SC","MIGVersionId":"1.0","ContactPersonId":"ee5e49e3-c2e9-44f0-8cf6-8a7c5a51bf74"}},"RECEIVER_INTERCHANGE":{"Properties":{"Validation":"false","ImportCorrelationObjectId":"37b9ba1b382d412f85359b89a95b87b2","TypeSystem":"SAP_IDoc","Label_MIGIdName":"3PL IWD - 09.) [Company Name] - SAP IDoc ZMMSTCOMP.ZMMSTOCK - Target","ContactPersonId":"4609a94d-17d0-478e-8969-217235ac7268","ObjectGUID":"37b9ba1b382d412f85359b89a95b87b2","HasEnvelope":"false","MIGGUID":"f5d3f492dd094e30b424c7bebdf1fd67","NumberRange":"ICN_SAP_IDOC","Label_MIGStatus":"Draft","FunctionalAck":"","ImportCorrelationGroupId":"f5d3f492dd094e30b424c7bebdf1fd67","MIGLink":"","Id":"myCompany","MessageType":"ZMMSTCOMP.ZMMSTOCK","TypeSystemVersion":"755","MIGVersionId":"1.0","RACKRequired":""}},"SENDER_SYSTEM":{"Properties":{"TypeSystem":"GS1_XML","SystemInstanceId":"2baf9ac27adf432284938c22406166d5","IdAsSender":"28deb0bfde344c87b5299a14444a6383","IdAsSenderAlias":"3PL_GS1XML_TradingPartner_ID","SystemInstanceAlias":"3PL_B2BSystem","IdAsReceiver":"2051ccdb6f224c7f8e680412df9730e5","Id":"ad9c12dad0f9475bb54ea2361cea6d00","TypeSystemVersion":"3.4.1"}},"MAPPING":{"Properties":{"MAGVersionId":"1.0","ImportCorrelationObjectId":"8b0e2662f37c45888908c07c6cdaf8fb","Label_MAGName":"3PL IWD - 09.) #DEFAULT# - GS1 XML logisticsInventoryReportMessage -to- SAP IDoc ZMMSTCOMP.ZMMSTOCK","MAGGUID":"0b2c497232f14e83aad68ed13b9263dd","ImportCorrelationGroupId":"0b2c497232f14e83aad68ed13b9263dd","MAGLink":"","ObjectGUID":"8b0e2662f37c45888908c07c6cdaf8fb","Id":"","Label_MAGStatus":"Draft"}},"RECEIVER_ADAPTER":{"Properties":{"CommunicationChannelTemplateId":"8e69240364144c06a5d42fa746694f70","Id":"myCompany","ACKCommunicationChannelTemplateId":""}},"RECEIVER_SYSTEM":{"Properties":{"TypeSystem":"SAP_IDoc","SystemInstanceId":"9e446f07ceb64f33bae5e11b66be71ac","IdAsSender":"93b7cafa70f1435a97fc846a0e57572b","IdAsSenderAlias":"3PL_IDOC_TradingPartner_ID","Id":"myCompany","IdAsReceiver":"02b003f2ccd24519b7bc27ac79e37de3","TypeSystemVersion":"755"}}}}}]},{"Id":"765ad7cc49444ba7a35f62d2301a5865","PatternReference":{"Id":"NOTIFICATION","Version":"1.0","Name":"One Way Notification"},"Sequence":10,"TransactionProperties":{"Properties":{"communicationPartnerId":"","Initiator":"ad9c12dad0f9475bb54ea2361cea6d00","Label_ReactorName":"[Company Name]","Reactor":"myCompany","Name":"10.) Goods Movement - Inbound","Label_InitiatorName":"TP - 3PL"}},"BusinessTransactionActivities":[{"Id":"a1a4b4ddc23147a49852c067ae46d571","BusinessTransactionActivityReference":{"Id":"REQUEST-FLOW","Version":"1.0","Name":"Request Processing"},"Sequence":1,"BusinessTransactionActivityProperties":{"Properties":{}},"ActivityParameters":[{"ParameterSource":{"SourceName":"","ArtifactType":"BUSINESS_TRANSACTION_ACTIVITY"},"Parameters":{"SAP_EDI_SND_Short_Term_Archiving":"true","SAP_EDI_TPM_Assembly_Process_Flow_Address":"/tpm/assembly/SAP_IDoc_3PL"}}],"ChoreographyProperties":{"Properties":{"SENDER_ADAPTER":{"Properties":{"CommunicationChannelTemplateId":"326f1297309341eab43c59cc8e3a24cd","CommunicationChannelTemplateAlias":"AS2_Sender_Communication","Id":""}},"SENDER_INTERCHANGE":{"Properties":{"Validation":"false","ImportCorrelationObjectId":"38e3982f46864373b5a164e992881aca","TypeSystem":"GS1_XML","Label_MIGIdName":"3PL IWD - 10.) #DEFAULT# - GS1 XML logisticsInventoryReportMessage - Source","ObjectGUID":"38e3982f46864373b5a164e992881aca","HasEnvelope":"false","MIGGUID":"788b1b2b6118454fba243949e88e823f","Label_MIGStatus":"Draft","CreateAcknowledgement":"","FunctionalAck":"","ImportCorrelationGroupId":"788b1b2b6118454fba243949e88e823f","MIGLink":"","Id":"","MessageType":"logisticsInventoryReportMessage","TypeSystemVersion":"3.4.1_GM","MIGVersionId":"1.0","ContactPersonId":"ee5e49e3-c2e9-44f0-8cf6-8a7c5a51bf74"}},"RECEIVER_INTERCHANGE":{"Properties":{"Validation":"false","ImportCorrelationObjectId":"e020b60e48114406931d9134bd302287","TypeSystem":"SAP_IDoc","Label_MIGIdName":"3PL IWD - 10.) [Company Name] - SAP IDoc MBGMCR.MBGMCR03 - Target","ContactPersonId":"4609a94d-17d0-478e-8969-217235ac7268","ObjectGUID":"e020b60e48114406931d9134bd302287","HasEnvelope":"false","MIGGUID":"2ad49c7d555e48f7baf877741839b4ff","NumberRange":"ICN_SAP_IDOC","Label_MIGStatus":"Draft","FunctionalAck":"","ImportCorrelationGroupId":"2ad49c7d555e48f7baf877741839b4ff","MIGLink":"","Id":"myCompany","MessageType":"MBGMCR.MBGMCR03","TypeSystemVersion":"755","MIGVersionId":"1.0","RACKRequired":""}},"SENDER_SYSTEM":{"Properties":{"TypeSystem":"GS1_XML","SystemInstanceId":"2baf9ac27adf432284938c22406166d5","IdAsSender":"28deb0bfde344c87b5299a14444a6383","IdAsSenderAlias":"3PL_GS1XML_TradingPartner_ID","SystemInstanceAlias":"3PL_B2BSystem","IdAsReceiver":"2051ccdb6f224c7f8e680412df9730e5","Id":"ad9c12dad0f9475bb54ea2361cea6d00","TypeSystemVersion":"3.4.1"}},"MAPPING":{"Properties":{"MAGVersionId":"1.0","ImportCorrelationObjectId":"24073848f3094c1ea3522b535e29107f","Label_MAGName":"3PL IWD - 10.) #DEFAULT# - GS1 XML logisticsInventoryReportMessage -to- SAP IDoc MBGMCR.MBGMCR03","MAGGUID":"90c43d1b39d24c88b9d10507b3ee4e5c","ImportCorrelationGroupId":"90c43d1b39d24c88b9d10507b3ee4e5c","MAGLink":"","ObjectGUID":"24073848f3094c1ea3522b535e29107f","Id":"","Label_MAGStatus":"Draft"}},"RECEIVER_ADAPTER":{"Properties":{"CommunicationChannelTemplateId":"8e69240364144c06a5d42fa746694f70","Id":"myCompany","ACKCommunicationChannelTemplateId":""}},"RECEIVER_SYSTEM":{"Properties":{"TypeSystem":"SAP_IDoc","SystemInstanceId":"9e446f07ceb64f33bae5e11b66be71ac","IdAsSender":"93b7cafa70f1435a97fc846a0e57572b","IdAsSenderAlias":"3PL_IDOC_TradingPartner_ID","Id":"myCompany","IdAsReceiver":"02b003f2ccd24519b7bc27ac79e37de3","TypeSystemVersion":"755"}}}}}]},{"Id":"5ba380cb961c4a51872805bfc9717a26","PatternReference":{"Id":"NOTIFICATION","Version":"1.0","Name":"One Way Notification"},"Sequence":11,"TransactionProperties":{"Properties":{"communicationPartnerId":"","Initiator":"ad9c12dad0f9475bb54ea2361cea6d00","Label_ReactorName":"[Company Name]","Reactor":"myCompany","Name":"11.) Inbound Delivery Create - Inbound","Label_InitiatorName":"TP - 3PL"}},"BusinessTransactionActivities":[{"Id":"51f4bb97cd9d4dff8c4c7f70fbbf8351","BusinessTransactionActivityReference":{"Id":"REQUEST-FLOW","Version":"1.0","Name":"Request Processing"},"Sequence":1,"BusinessTransactionActivityProperties":{"Properties":{}},"ActivityParameters":[{"ParameterSource":{"SourceName":"","ArtifactType":"BUSINESS_TRANSACTION_ACTIVITY"},"Parameters":{"SAP_EDI_SND_Short_Term_Archiving":"true","SAP_EDI_TPM_Assembly_Process_Flow_Address":"/tpm/assembly/SAP_IDoc_3PL"}}],"ChoreographyProperties":{"Properties":{"SENDER_ADAPTER":{"Properties":{"CommunicationChannelTemplateId":"326f1297309341eab43c59cc8e3a24cd","CommunicationChannelTemplateAlias":"AS2_Sender_Communication","Id":""}},"SENDER_INTERCHANGE":{"Properties":{"Validation":"false","ImportCorrelationObjectId":"b4537c39ef4343b0840e916ad27f2d5f","TypeSystem":"GS1_XML","Label_MIGIdName":"3PL IWD - 11.) #DEFAULT# - GS1 XML warehousingInboundNotificationMessage - Source","ObjectGUID":"b4537c39ef4343b0840e916ad27f2d5f","HasEnvelope":"false","MIGGUID":"fad0585be01a4cafac6cfffda8a00ade","Label_MIGStatus":"Draft","CreateAcknowledgement":"","FunctionalAck":"","ImportCorrelationGroupId":"fad0585be01a4cafac6cfffda8a00ade","MIGLink":"","Id":"","MessageType":"warehousingInboundNotificationMessage","TypeSystemVersion":"3.4.1_IDC","MIGVersionId":"1.0","ContactPersonId":"ee5e49e3-c2e9-44f0-8cf6-8a7c5a51bf74"}},"RECEIVER_INTERCHANGE":{"Properties":{"Validation":"false","ImportCorrelationObjectId":"7847fa5c8f7d4ad88bb4a7ba8299f9ca","TypeSystem":"SAP_IDoc","Label_MIGIdName":"3PL IWD - 11.) [Company Name] - SAP IDoc DESADV.DELVRY07 - Target","ContactPersonId":"4609a94d-17d0-478e-8969-217235ac7268","ObjectGUID":"7847fa5c8f7d4ad88bb4a7ba8299f9ca","HasEnvelope":"false","MIGGUID":"67042e8fe7e64439a6225d78a904346d","NumberRange":"ICN_SAP_IDOC","Label_MIGStatus":"Draft","FunctionalAck":"","ImportCorrelationGroupId":"67042e8fe7e64439a6225d78a904346d","MIGLink":"","Id":"myCompany","MessageType":"DESADV.DELVRY07","TypeSystemVersion":"755","MIGVersionId":"1.0","RACKRequired":""}},"SENDER_SYSTEM":{"Properties":{"TypeSystem":"GS1_XML","SystemInstanceId":"2baf9ac27adf432284938c22406166d5","IdAsSender":"28deb0bfde344c87b5299a14444a6383","IdAsSenderAlias":"3PL_GS1XML_TradingPartner_ID","SystemInstanceAlias":"3PL_B2BSystem","IdAsReceiver":"2051ccdb6f224c7f8e680412df9730e5","Id":"ad9c12dad0f9475bb54ea2361cea6d00","TypeSystemVersion":"3.4.1"}},"MAPPING":{"Properties":{"MAGVersionId":"1.0","ImportCorrelationObjectId":"ec7e8047ea984c5d975f7a0a4efb9397","Label_MAGName":"3PL IWD - 11.) #DEFAULT# - GS1 XML warehousingInboundNotificationMessage -to- SAP IDoc DESADV.DELVRY07.ZDELVRY07","MAGGUID":"6a786d7339404c949a7908f22e323d20","ImportCorrelationGroupId":"6a786d7339404c949a7908f22e323d20","MAGLink":"","ObjectGUID":"ec7e8047ea984c5d975f7a0a4efb9397","Id":"","Label_MAGStatus":"Draft"}},"RECEIVER_ADAPTER":{"Properties":{"CommunicationChannelTemplateId":"8e69240364144c06a5d42fa746694f70","Id":"myCompany","ACKCommunicationChannelTemplateId":""}},"RECEIVER_SYSTEM":{"Properties":{"TypeSystem":"SAP_IDoc","SystemInstanceId":"9e446f07ceb64f33bae5e11b66be71ac","IdAsSender":"93b7cafa70f1435a97fc846a0e57572b","IdAsSenderAlias":"3PL_IDOC_TradingPartner_ID","Id":"myCompany","IdAsReceiver":"02b003f2ccd24519b7bc27ac79e37de3","TypeSystemVersion":"755"}}}}}]},{"Id":"0b58869f3d16457394be944467a7f096","PatternReference":{"Id":"NOTIFICATION","Version":"1.0","Name":"One Way Notification"},"Sequence":12,"TransactionProperties":{"Properties":{"communicationPartnerId":"","Initiator":"myCompany","Label_ReactorName":"TP - 3PL","Reactor":"ad9c12dad0f9475bb54ea2361cea6d00","Name":"12.) Outbound Delivery Update - Outbound","Label_InitiatorName":"[Company Name]"}},"BusinessTransactionActivities":[{"Id":"0638ae0462294a9d9c6a6bed1a8146b2","BusinessTransactionActivityReference":{"Id":"REQUEST-FLOW","Version":"1.0","Name":"Request Processing"},"Sequence":1,"BusinessTransactionActivityProperties":{"Properties":{}},"ActivityParameters":[{"ParameterSource":{"SourceId":"myCompany","SourceName":"","ArtifactType":"COMPANY"},"Direction":"SENDER","Parameters":{"SAP_EDI_REC_Sender_Partner_Type":"Manufacturer"}},{"ParameterSource":{"SourceName":"","ArtifactType":"BUSINESS_TRANSACTION_ACTIVITY"},"Parameters":{"SAP_EDI_REC_Receiver_Partner_Type":"LogisticServiceProvider","SAP_EDI_REC_Multiple_Type":"false","SAP_EDI_SND_Short_Term_Archiving":"true","SAP_B2B_REC_Set_Exchange_Parameters":"true","SAP_EDI_REC_Message_Namespace_Token":"warehousing_outbound_instruction"}}],"ChoreographyProperties":{"Properties":{"SENDER_ADAPTER":{"Properties":{"CommunicationChannelTemplateId":"465a5f3f773047c19f8648d929b384a8","Id":"myCompany"}},"SENDER_INTERCHANGE":{"Properties":{"Validation":"false","ImportCorrelationObjectId":"da0a9af4ff3841da8f0008e438b17474","TypeSystem":"SAP_IDoc","Label_MIGIdName":"3PL IWD - 12.) [Company Name] - SAP IDoc DESADV.DELVRY07 - Source","ContactPersonId":"4609a94d-17d0-478e-8969-217235ac7268","ObjectGUID":"2f52a0a11e524d839a35962572f49207","HasEnvelope":"false","custom_properties":"[{\"source\":\"curr\",\"idAttribute\":\"58856f46e26b45f79d58e2f84b6b612c\",\"type\":\"Xpath\",\"value\":\"//WERKS[1]\",\"name\":\"Plant\",\"order\":\"\"}]","MIGGUID":"c40d42a23fab434ba367cdc1ae511c44","Label_MIGStatus":"Draft","CreateAcknowledgement":"","FunctionalAck":"","ImportCorrelationGroupId":"0d158b132a2d4526ad713189cf497194","MIGLink":"","Id":"myCompany","MessageType":"DESADV.DELVRY07","TypeSystemVersion":"755_ODU","MIGVersionId":"1.0"}},"RECEIVER_INTERCHANGE":{"Properties":{"Validation":"false","ImportCorrelationObjectId":"a62d9909f8224a33999d76984e880069","TypeSystem":"GS1_XML","Label_MIGIdName":"3PL IWD - 12.) #DEFAULT# - GS1 XML warehousingOutboundInstruction 3.4.1 - Target","NumberRangeAlias":"3PL_GS1-XML_NumberRange","ObjectGUID":"a62d9909f8224a33999d76984e880069","HasEnvelope":"false","custom_properties":"[]","MIGGUID":"c1d49d0df1214b73a3c20ded35aeac1e","NumberRange":"","Label_MIGStatus":"Draft","FunctionalAck":"","ImportCorrelationGroupId":"c1d49d0df1214b73a3c20ded35aeac1e","MIGLink":"","Id":"","MessageType":"warehousingOutboundInstructionMessage","TypeSystemVersion":"3.4.1","MIGVersionId":"1.0","RACKRequired":"","ContactPersonId":"ee5e49e3-c2e9-44f0-8cf6-8a7c5a51bf74"}},"SENDER_SYSTEM":{"Properties":{"TypeSystem":"SAP_IDoc","SystemInstanceId":"9e446f07ceb64f33bae5e11b66be71ac","IdAsSender":"02b003f2ccd24519b7bc27ac79e37de3","IdAsReceiverAlias":"3PL_IDOC_TradingPartner_ID","Id":"myCompany","IdAsReceiver":"93b7cafa70f1435a97fc846a0e57572b","TypeSystemVersion":"755"}},"MAPPING":{"Properties":{"MAGVersionId":"1.0","ImportCorrelationObjectId":"845d550c80a04608a34012b81c7cb1e8","Label_MAGName":"3PL IWD - 12.) #DEFAULT# - SAP IDoc DESADV.DELVRY07 -to- GS1 XML warehousingOutboundInstruction 3.4.1","MAGGUID":"f2da4aac30f849a29da73d6a41fc5520","ImportCorrelationGroupId":"3801f525100f440f9b0a4a5a55596521","MAGLink":"","ObjectGUID":"d8a0258e0e2f4e609e5e22f53f731a6f","Id":"","Label_MAGStatus":"Draft"}},"RECEIVER_ADAPTER":{"Properties":{"CommunicationChannelTemplateId":"1ecbbc2e806349c3955950c6734a3009","CommunicationChannelTemplateAlias":"AS2_Receiver_Communication","Id":""}},"RECEIVER_SYSTEM":{"Properties":{"TypeSystem":"GS1_XML","SystemInstanceId":"2baf9ac27adf432284938c22406166d5","IdAsReceiverAlias":"3PL_GS1XML_TradingPartner_ID","IdAsSender":"2051ccdb6f224c7f8e680412df9730e5","SystemInstanceAlias":"3PL_B2BSystem","Id":"ad9c12dad0f9475bb54ea2361cea6d00","IdAsReceiver":"28deb0bfde344c87b5299a14444a6383","TypeSystemVersion":"3.4.1"}}}}}]}],"DocumentSchemaVersion":"1.0","administrativeData":{"createdAt":1730906013002,"createdBy":"jan.feyen@sap.com","modifiedAt":1740763271105,"modifiedBy":"jan.feyen@sap.com"},"ParentId":"5d5ea90b6380459a9186e5b593149b70","ParentArtifactType":"AGREEMENT_TEMPLATE_V2","searchableAttributes":{"CUSTOM_SEARCH_ATTRIBUTE":["58856f46e26b45f79d58e2f84b6b612c"],"TENANT":["e30aab0a-9c29-40d4-a156-5e6dc245c28f"]},"artifactProperties":{"TransactionsNumber":"12"},"relations":[],"ArtifactRelations":{},"artifactStatus":"Draft","id":"596e2e4c3df14396b4582adbef777370","uniqueId":"a43e953b30244278abf4aaaef7505261","artifactType":"B2B_SCENARIO","displayName":"B2B Scenario","semanticVersion":"2.0"}