{"parameterList":[{"key":"SAP_EDI_REC_Sender_Partner_Type","value":"Manufacturer"},{"key":"SAP_B2B_ShortTermArchive_DataStore_Name","value":"B2B_STA_CustomerEDI"},{"key":"SAP_EDI_REC_Short_Term_Archiving","value":"true"},{"key":"SAP_EDI_SND_Short_Term_Archiving","value":"true"},{"key":"SAP_TPA_BTA_Direction","value":"OUTBOUND"},{"key":"SAP_EDI_REC_Usage_Indicator","value":"productive"},{"key":"SAP_EDI_SND_Received_Funct_Ack_Processing","value":"true"},{"key":"SAP_EDI_Processing_Type","value":"BASE_OVERLAY"},{"key":"SAP_EDI_REC_Payload_Validation","value":"true"},{"key":"Gunther_Parameter","value":"XYZ"}],"DocumentSchemaVersion":"1.0","administrativeData":{"createdAt":1713945384423,"createdBy":"moussa.el.kakouchi@sap.com","modifiedAt":1730912943949,"modifiedBy":"jan.feyen@sap.com"},"ParentId":"myCompany","ParentArtifactType":"COMPANY","searchableAttributes":{"TENANT":["e30aab0a-9c29-40d4-a156-5e6dc245c28f"]},"artifactProperties":{},"relations":[],"ArtifactRelations":{},"artifactStatus":"Draft","id":"14397047857149f194068db31af8d23d","uniqueId":"a602a514398140a3aafebc45b833654b","artifactType":"PARAMETERS","displayName":"Parameters","semanticVersion":"1.0"}