{"IsGroupIdentifier":false,"AssociatedIdentifiers":{"Properties":{}},"Alias":"Company_IDOC_ID","TypeSystemId":"SAP_IDoc","IdentifierId":"Company_IDOC_ID","SchemeName":"N/A","SchemeCode":"N/A","DocumentSchemaVersion":"1.0","administrativeData":{"createdAt":1722011948284,"createdBy":"gunther.stuhec@sap.com","modifiedAt":1749211732868,"modifiedBy":"moussa.el.kakouchi@sap.com"},"ParentId":"myCompany","ParentArtifactType":"COMPANY","searchableAttributes":{"Alias":["Company_IDOC_ID"],"TENANT":["0276649a-0a57-4c1b-9235-3fa585ecc5df"]},"artifactProperties":{},"relations":[],"ArtifactRelations":{},"artifactStatus":"Draft","uniqueId":"705868d727d54de5b1a0d73cfbb0910d","displayName":"Company_IDOC_ID","semanticVersion":"1.0","id":"02b003f2ccd24519b7bc27ac79e37de3","artifactType":"IDENTIFIER"}