{"IsGroupIdentifier":false,"AssociatedIdentifiers":{"Properties":{}},"Alias":"TP_IDOC_ID","TypeSystemId":"SAP_IDoc","IdentifierId":"TP_IDOC_ID","SchemeName":"N/A","SchemeCode":"N/A","DocumentSchemaVersion":"1.0","administrativeData":{"createdAt":1743589799323,"createdBy":"moussa.el.kakouchi@sap.com","modifiedAt":1749211733204,"modifiedBy":"moussa.el.kakouchi@sap.com"},"ParentId":"18be672c721d4f1f845f6436ec301fba","ParentArtifactType":"TRADING_PARTNER","searchableAttributes":{"Alias":["TP_IDOC_ID"],"TENANT":["0276649a-0a57-4c1b-9235-3fa585ecc5df"]},"artifactProperties":{},"relations":[],"ArtifactRelations":{},"artifactStatus":"Draft","uniqueId":"39b74d2db27f448ba6abe41a3b7769d0","displayName":"TP_IDOC_ID","semanticVersion":"1.0","id":"39b74d2db27f448ba6abe41a3b7769d0","artifactType":"IDENTIFIER"}