{"IsGroupIdentifier":false,"AssociatedIdentifiers":{"Properties":{}},"Alias":"Company_TRADACOMS_ID","TypeSystemId":"TRADACOMS","IdentifierId":"Company_TRADACOMS_ID","SchemeName":"N/A","SchemeCode":"N/A","DocumentSchemaVersion":"1.0","administrativeData":{"createdAt":1749195625741,"createdBy":"moussa.el.kakouchi@sap.com","modifiedAt":1749211733027,"modifiedBy":"moussa.el.kakouchi@sap.com"},"ParentId":"myCompany","ParentArtifactType":"COMPANY","searchableAttributes":{"Alias":["Company_TRADACOMS_ID"],"TENANT":["0276649a-0a57-4c1b-9235-3fa585ecc5df"]},"artifactProperties":{},"relations":[],"ArtifactRelations":{},"artifactStatus":"Draft","uniqueId":"51727d927da8412793cdaf18c427a800","displayName":"Company_TRADACOMS_ID","semanticVersion":"1.0","id":"51727d927da8412793cdaf18c427a800","artifactType":"IDENTIFIER"}