{"IsGroupIdentifier":false,"AssociatedIdentifiers":{"Properties":{}},"Alias":"TP_TRADACOMS_ID","TypeSystemId":"TRADACOMS","IdentifierId":"TP_TRADACOMS_ID","SchemeName":"N/A","SchemeCode":"N/A","DocumentSchemaVersion":"1.0","administrativeData":{"createdAt":1749195625557,"createdBy":"moussa.el.kakouchi@sap.com","modifiedAt":1749211732701,"modifiedBy":"moussa.el.kakouchi@sap.com"},"ParentId":"18be672c721d4f1f845f6436ec301fba","ParentArtifactType":"TRADING_PARTNER","searchableAttributes":{"Alias":["TP_TRADACOMS_ID"],"TENANT":["0276649a-0a57-4c1b-9235-3fa585ecc5df"]},"artifactProperties":{},"relations":[],"ArtifactRelations":{},"artifactStatus":"Draft","uniqueId":"618d2687be9f4e4a90ab0a2784a04d13","displayName":"TP_TRADACOMS_ID","semanticVersion":"1.0","id":"618d2687be9f4e4a90ab0a2784a04d13","artifactType":"IDENTIFIER"}