{"ArtifactMetadata":{"SchemaVersion":"1.0","ArtifactType":"MagVersionInfo"},"value":{"ObjectGUID":"634ef3ee411243ad83fd54fd29dee510","MAGGUID":"91fb15cf6baf4f50b9072a41f34333e0","ImportCorrelationObjectId":"339c669757d84bf3a93225c609fcffe8","ImportCorrelationGroupId":"c55d6d1d9efd450e9b5b6326881c4dcd","VersionId":"4.0","Name":"01.a) [Trading Partner Name] - TRADACOMS 9 ORDHDR -to- SAP IDOC ORDERS.ORDERS05","Status":"Active","SourceMig":{"ObjectGUID":"c622d50788d44752b40506d4ddc8a6c8","MIGGUID":"2f196a153af74c1b99ae7e566535b491","ImportCorrelationObjectId":"7d99d87998e64a2283f4e79718e68a08","ImportCorrelationGroupId":"8f238ecce2cf4a86b28f30fca6f5c6bd","VersionId":"1.0","Name":"01.a) [Trading Partner Name] - TRADACOMS 9 ORDHDR - Source","Status":"Active","HasEnvelope":false,"MessageTemplate":{"TypeSystemId":"TRADACOMS","TypeSystemDisplayId":"TRADACOMS","VersionId":"All","VersionDisplayId":"All","Revision":2,"Id":"ORDHDR_FILE_9","DisplayId":"ORDHDR_FILE:9","Name":"Order File (Version 9)","IsCustomMessage":false},"AdministrativeData":{"CreatedBy":"moussa.el.kakouchi@sap.com","CreatedOn":1749194071752,"ModifiedBy":"moussa.el.kakouchi@sap.com","ModifiedOn":1749194071752,"LastImportedOn":1749194071752,"LastImportedBy":"moussa.el.kakouchi@sap.com"}},"TargetMig":{"ObjectGUID":"714a09249b294ac9979ac13632c956c4","MIGGUID":"b411f60162dd4c30b60bf15cbed2edea","ImportCorrelationObjectId":"a365626767334e3ab721cff2ef29d38d","ImportCorrelationGroupId":"7eace892ab9342109bf675d8c3c78d3f","VersionId":"3.0","Name":"01.a) [Company Name] - SAP IDOC ORDERS.ORDERS05 for Customer EDI - Target","Status":"Active","HasEnvelope":false,"MessageTemplate":{"TypeSystemId":"SAP_IDoc","TypeSystemDisplayId":"SAP S/4HANA On Premise IDoc","VersionId":"1809_FPS02","VersionDisplayId":"1809 FPS02","Revision":11,"Id":"ORDERS.ORDERS05","DisplayId":"ORDERS.ORDERS05","Name":"Purchase order / order","IsCustomMessage":false},"AdministrativeData":{"CreatedBy":"moussa.el.kakouchi@sap.com","CreatedOn":1749194072419,"ModifiedBy":"moussa.el.kakouchi@sap.com","ModifiedOn":1749194072419,"LastImportedOn":1749194072419,"LastImportedBy":"moussa.el.kakouchi@sap.com"}},"AdministrativeData":{"CreatedBy":"moussa.el.kakouchi@sap.com","CreatedOn":1749194073327,"ModifiedBy":"moussa.el.kakouchi@sap.com","ModifiedOn":1749194073327,"LastImportedOn":1749194073327,"LastImportedBy":"moussa.el.kakouchi@sap.com"}}}