{"ArtifactMetadata":{"SchemaVersion":"1.0","ArtifactType":"MagVersionInfo"},"value":{"ObjectGUID":"964929d427ed43d182604f91bba71dec","MAGGUID":"51fae086109b40d596b7ca12052cfd6a","ImportCorrelationObjectId":"76ba436c71664526947c9f23ab96d2c7","ImportCorrelationGroupId":"f67accc03b1b467e800ac2095ddd4722","VersionId":"2.0","Name":"03.) [Trading Partner Name] - SAP IDOC INVOIC.INVOIC02 -to- Tradacoms 9 INVFIL","Status":"Active","SourceMig":{"ObjectGUID":"c8ba859e70414dd99813b849d8b71587","MIGGUID":"3aaa60e973be47c6820909ab21b49dd3","ImportCorrelationObjectId":"8d707f3591ab49cb8ca4232d4c229208","ImportCorrelationGroupId":"5449ec81ca7543a19f95cd85651e8b65","VersionId":"2.0","Name":"03.) [Company Name] - SAP IDOC INVOIC.INVOIC02 for Customer EDI - Source","Status":"Active","HasEnvelope":false,"MessageTemplate":{"TypeSystemId":"SAP_IDoc","TypeSystemDisplayId":"SAP S/4HANA On Premise IDoc","VersionId":"1809_FPS02","VersionDisplayId":"1809 FPS02","Revision":11,"Id":"INVOIC.INVOIC02","DisplayId":"INVOIC.INVOIC02","Name":"Invoice/Billing Document","IsCustomMessage":false},"AdministrativeData":{"CreatedBy":"moussa.el.kakouchi@sap.com","CreatedOn":1743498304437,"ModifiedBy":"moussa.el.kakouchi@sap.com","ModifiedOn":1743498304437,"LastImportedOn":1743498304437,"LastImportedBy":"moussa.el.kakouchi@sap.com"}},"TargetMig":{"ObjectGUID":"793aaa3108a84807b3383729381c3cc4","MIGGUID":"62bebd991c04461da4d1ce06049112bc","ImportCorrelationObjectId":"22e6f548b98942f1b25925b748caa69b","ImportCorrelationGroupId":"a0561ca6a0b74ed9a28c0a86212db642","VersionId":"1.0","Name":"03.) [Trading Partner Name] - Tradacoms 9 INVFIL - Target","Status":"Active","HasEnvelope":false,"MessageTemplate":{"TypeSystemId":"TRADACOMS","TypeSystemDisplayId":"TRADACOMS","VersionId":"All","VersionDisplayId":"All","Revision":2,"Id":"INVFIL_FILE_9","DisplayId":"INVFIL_FILE:9","Name":"Invoice File (Version 9)","IsCustomMessage":false},"AdministrativeData":{"CreatedBy":"moussa.el.kakouchi@sap.com","CreatedOn":1749194136069,"ModifiedBy":"moussa.el.kakouchi@sap.com","ModifiedOn":1749194136069,"LastImportedOn":1749194136069,"LastImportedBy":"moussa.el.kakouchi@sap.com"}},"AdministrativeData":{"CreatedBy":"moussa.el.kakouchi@sap.com","CreatedOn":1749194136447,"ModifiedBy":"moussa.el.kakouchi@sap.com","ModifiedOn":1749194136447,"LastImportedOn":1749194136447,"LastImportedBy":"moussa.el.kakouchi@sap.com"}}}