{"Name":"B2B System","Description":"B2B System","DeploymentType":"OnPremise","DocumentSchemaVersion":"1.0","administrativeData":{"createdAt":1722011948482,"createdBy":"gunther.stuhec@sap.com","modifiedAt":1749211733504,"modifiedBy":"moussa.el.kakouchi@sap.com"},"ParentId":"0276649a-0a57-4c1b-9235-3fa585ecc5df","ParentArtifactType":"TENANT","searchableAttributes":{"TENANT":["0276649a-0a57-4c1b-9235-3fa585ecc5df"]},"artifactProperties":{},"relations":[],"ArtifactRelations":{},"artifactStatus":"Draft","uniqueId":"43ba29688ddd45b891cabda24bd56c90","displayName":"B2B System","semanticVersion":"1.0","id":"513dd39317d245a1b3c09b810fc58267","artifactType":"SYSTEM_TYPE"}