{"Name":"TP - 3PL","ShortName":"TP - 3PL","WebURL":"","LogoId":"","EmailAddress":"","PhoneNumber":"+ ","Profile":{"Address":{"CityName":"","CountryCode":"","CountrySubdivisionCode":"","HouseNumber":"","POBox":"","POBoxPostalCode":"","StreetName":"","StreetPostalCode":""},"PartnerType":"TRADING_PARTNER","ContactPersonList":[{"ID":"ee5e49e3-c2e9-44f0-8cf6-8a7c5a51bf74","Alias":"3PL_GS1XML_ContactPerson","FamilyName":"SecondName","GivenName":"FirstName","IsPrimaryContact":false,"Role":"LogisticServiceProvider","Address":{"CountryCode":""},"IsNewVersion":true,"ContactChannels":[{"CommunicationNumber":"","InternationalCallingCode":"","IsPreferred":true,"TypeCode":"Email"},{"CommunicationNumber":"69 99999 798","InternationalCallingCode":"49","IsPreferred":false,"TypeCode":"Telephone"}],"DocumentSchemaVersion":"1.0","artifactProperties":{},"relations":[],"ArtifactRelations":{},"artifactStatus":"Draft"}],"ContactChannel":[],"BusinessContext":{"BusinessProcessRole":{"BusinessProcessRoleCodeList":[]},"IndustryClassification":{"IndustryClassificationCodeList":[]},"ProductClassification":{"ProductClassificationCodeList":[]},"GeoPolitical":{"CountryInfoList":[]}},"NumberRangeAssignments":[]},"DocumentSchemaVersion":"1.0","administrativeData":{"createdAt":1730906011099,"createdBy":"jan.feyen@sap.com","modifiedAt":1730906352994,"modifiedBy":"jan.feyen@sap.com"},"ParentId":"e30aab0a-9c29-40d4-a156-5e6dc245c28f","ParentArtifactType":"TENANT","searchableAttributes":{"TENANT":["e30aab0a-9c29-40d4-a156-5e6dc245c28f"]},"artifactProperties":{"webURL":"","shortName":"TP - 3PL","logoID":""},"relations":[],"ArtifactRelations":{},"artifactStatus":"Draft","id":"ad9c12dad0f9475bb54ea2361cea6d00","uniqueId":"f6613aa028d748f0b47104a21c6f58ec","artifactType":"TRADING_PARTNER","displayName":"TP - 3PL","semanticVersion":"1.0"}