{"IsVanScenario":false,"FunctionalAck":{},"BusinessTransactions":[{"Id":"f3e3977388b84d1d9b50b3b28db1c057","PatternReference":{"Id":"REQUEST_RESPONSE","Version":"1.0","Name":"Two Way Request Reply"},"Sequence":1,"TransactionProperties":{"Properties":{"communicationPartnerId":"","Initiator":"myCompany","Label_ReactorName":"[Trading Partner Name]","Reactor":"18be672c721d4f1f845f6436ec301fba","Name":"01.) Purchase Order Request/Response","Label_InitiatorName":"[Company Name]"}},"BusinessTransactionActivities":[{"Id":"fc798126e5a042b1ae3cc312038d5d3b","BusinessTransactionActivityReference":{"Id":"REQUEST-FLOW","Version":"1.0","Name":"Request Processing"},"Sequence":1,"BusinessTransactionActivityProperties":{"Properties":{}},"ActivityParameters":[],"ChoreographyProperties":{"Properties":{"SENDER_SYSTEM":{"Properties":{"TypeSystem":"SAP_IDoc","SystemInstanceId":"9e446f07ceb64f33bae5e11b66be71ac","IdAsSender":"3759275e777b42259821d57e7af91c9c","IdAsReceiverAlias":"TP_IDOC_SOA_ID","IdAsSenderAlias":"Company_IDOC_SOA_ID","SystemInstanceAlias":"S/4 HANA System","Id":"myCompany","IdAsReceiver":"fa8111ecc0b94db3a6635481d7130c6f","TypeSystemVersion":"755"}},"SENDER_ADAPTER":{"Properties":{"CommunicationChannelTemplateId":"877cbbd5adcc43fd8a04cc324b9ba413","CommunicationChannelTemplateAlias":"IDOC Sender","Id":"myCompany","CCTForSenderFunctionalACKAlias":""}},"SENDER_INTERCHANGE":{"Properties":{"Validation":"false","ImportCorrelationObjectId":"d52ff6f6dc3a405181b0df3bcb76826e","TypeSystem":"SAP_IDoc","Label_MIGIdName":"01.a) [Company Name] - SAP IDOC ORDERS.ORDERS05 for SAP SOAP - Source","ContactPersonId":"","ObjectGUID":"d52ff6f6dc3a405181b0df3bcb76826e","HasEnvelope":"false","custom_properties":"[{\"source\":\"curr\",\"idAttribute\":\"335ed49f5cd046748980a3f20ef8fef2\",\"type\":\"Xpath\",\"value\":\"//E1EDK01/BELNR\",\"name\":\"Purchase Order Number\",\"order\":\"\"}]","MIGGUID":"930757bea84541debd62ba80738ad864","Label_MIGStatus":"Active","CreateAcknowledgement":"","FunctionalAck":"","ImportCorrelationGroupId":"930757bea84541debd62ba80738ad864","MIGLink":"","Id":"myCompany","MessageType":"ORDERS.ORDERS05","TypeSystemVersion":"755","MIGVersionId":"1.0"}},"MAPPING":{"Properties":{"MAGVersionId":"3.0","ImportCorrelationObjectId":"eb57b8a8a85d499dac2470773b94d44e","Label_MAGName":"01.a) [Trading Partner Name] - SAP IDOC ORDERS.ORDERS05 -to- SAP SOAP OrderRequest","MAGGUID":"c8bfe8fe000e4ad2aaf740c0079aff78","ImportCorrelationGroupId":"c8bfe8fe000e4ad2aaf740c0079aff78","MAGLink":"","ObjectGUID":"eb57b8a8a85d499dac2470773b94d44e","Id":"18be672c721d4f1f845f6436ec301fba","Label_MAGStatus":"Active"}},"RECEIVER_INTERCHANGE":{"Properties":{"Validation":"false","ImportCorrelationObjectId":"6a55ff3acee545dbbd76f150b93aff88","TypeSystem":"SAP_S4HANA_Cloud_SOA","Label_MIGIdName":"01.a) [Trading Partner Name] - SAP SOAP 1905 OrderRequest - Target","ContactPersonId":"","NumberRangeAlias":"","ObjectGUID":"6a55ff3acee545dbbd76f150b93aff88","HasEnvelope":"false","custom_properties":"[]","MIGGUID":"debc419208344650b10d48e574b3e446","Label_MIGStatus":"Active","FunctionalAck":"","ImportCorrelationGroupId":"debc419208344650b10d48e574b3e446","MIGLink":"","Id":"18be672c721d4f1f845f6436ec301fba","MessageType":"OrderRequest","TypeSystemVersion":"1905","MIGVersionId":"5.0","RACKRequired":""}},"RECEIVER_ADAPTER":{"Properties":{"CommunicationChannelTemplateId":"588a5be67b4644728c2ca3ddb8618082","CommunicationChannelTemplateAlias":"SOAP Receiver","Id":"18be672c721d4f1f845f6436ec301fba"}},"RECEIVER_SYSTEM":{"Properties":{"TypeSystem":"SAP_S4HANA_Cloud_SOA","SystemInstanceId":"4d79cc68ef0540dc9dd1dec9ea0c5160","IdAsReceiverAlias":"TP_SOA_ID","IdAsSender":"f49e65fa67284c908b2c4e2d7a76d943","IdAsSenderAlias":"Company_SOAP_ID","SystemInstanceAlias":"[B2B Integration Factory]-System","Id":"18be672c721d4f1f845f6436ec301fba","IdAsReceiver":"2ce879308f9b4d03ae5e4c90ea0ab91a","TypeSystemVersion":"1905"}}}}},{"Id":"a858d84dc8f640929dfbf8fc03eed62c","BusinessTransactionActivityReference":{"Id":"RESPONSE-FLOW","Version":"1.0","Name":"Response Processing"},"Sequence":1,"BusinessTransactionActivityProperties":{"Properties":{}},"ActivityParameters":[],"ChoreographyProperties":{"Properties":{"SENDER_SYSTEM":{"Properties":{"TypeSystem":"SAP_S4HANA_Cloud_SOA","SystemInstanceId":"4d79cc68ef0540dc9dd1dec9ea0c5160","IdAsSender":"2ce879308f9b4d03ae5e4c90ea0ab91a","IdAsReceiverAlias":"Company_SOAP_ID","IdAsSenderAlias":"TP_SOA_ID","SystemInstanceAlias":"[B2B Integration Factory]-System","IdAsReceiver":"f49e65fa67284c908b2c4e2d7a76d943","Id":"18be672c721d4f1f845f6436ec301fba","TypeSystemVersion":"1905"}},"SENDER_ADAPTER":{"Properties":{"CommunicationChannelTemplateId":"2ec795972c604e91a02145a995772d24","CommunicationChannelTemplateAlias":"SOAP Sender","Id":"18be672c721d4f1f845f6436ec301fba","CCTForSenderFunctionalACKAlias":""}},"SENDER_INTERCHANGE":{"Properties":{"Validation":"false","ImportCorrelationObjectId":"40339256ae384d17a00509c30e5af985","TypeSystem":"SAP_S4HANA_Cloud_SOA","Label_MIGIdName":"01.b) [Trading Partner Name] - SAP SOAP 1905 OrderConfirmationRequest - Source","ContactPersonId":"","ObjectGUID":"40339256ae384d17a00509c30e5af985","HasEnvelope":"false","EDISplitterNumberRangeAlias":"","custom_properties":"[{\"source\":\"curr\",\"idAttribute\":\"335ed49f5cd046748980a3f20ef8fef2\",\"type\":\"Xpath\",\"value\":\"//OrderConfirmation/PurchaseOrderID\",\"name\":\"Purchase Order Number\",\"order\":\"\"}]","MIGGUID":"f221ced5bcf64604a8d440d54d32af94","Label_MIGStatus":"Active","CreateAcknowledgement":"","FunctionalAck":"","ImportCorrelationGroupId":"f221ced5bcf64604a8d440d54d32af94","MIGLink":"","Id":"18be672c721d4f1f845f6436ec301fba","MessageType":"OrderConfRequest","TypeSystemVersion":"1809_FPS02","MIGVersionId":"2.0"}},"MAPPING":{"Properties":{"MAGVersionId":"4.0","ImportCorrelationObjectId":"528aeef095294793a45c341a99ef7f17","Label_MAGName":"02.) [Trading Partner Name] - SAP SOAP 1905 OrderConfirmationRequest - to - SAP IDOC ORDRSP.ORDERS05 for Customer EDI","MAGGUID":"c04f0aa600824a31a1da82784724c7e4","ImportCorrelationGroupId":"c04f0aa600824a31a1da82784724c7e4","MAGLink":"","ObjectGUID":"528aeef095294793a45c341a99ef7f17","Id":"18be672c721d4f1f845f6436ec301fba","Label_MAGStatus":"Active"}},"RECEIVER_INTERCHANGE":{"Properties":{"Validation":"false","ImportCorrelationObjectId":"272db48084c240a88c7162b44ce293cd","TypeSystem":"SAP_IDoc","Label_MIGIdName":"01.b) [Company Name] - SAP IDOC ORDRSP.ORDERS05 for Customer EDI - Source","ContactPersonId":"","ObjectGUID":"272db48084c240a88c7162b44ce293cd","HasEnvelope":"false","custom_properties":"[]","MIGGUID":"6868c2d805634f24aebba47f02797094","NumberRange":"ICN_UNEDIFACT_TP","Label_MIGStatus":"Active","FunctionalAck":"","ImportCorrelationGroupId":"6868c2d805634f24aebba47f02797094","MIGLink":"","Id":"myCompany","MessageType":"ORDRSP.ORDERS05","TypeSystemVersion":"755","MIGVersionId":"4.0","RACKRequired":""}},"RECEIVER_ADAPTER":{"Properties":{"CommunicationChannelTemplateId":"7edcacd0feff4217b9865131c18bff9b","CommunicationChannelTemplateAlias":"IDOC Receiver","Id":"myCompany"}},"RECEIVER_SYSTEM":{"Properties":{"TypeSystem":"SAP_IDoc","SystemInstanceId":"9e446f07ceb64f33bae5e11b66be71ac","IdAsSender":"fa8111ecc0b94db3a6635481d7130c6f","IdAsReceiverAlias":"Company_IDOC_SOA_ID","IdAsSenderAlias":"TP_IDOC_SOA_ID","SystemInstanceAlias":"S/4 HANA System","Id":"myCompany","IdAsReceiver":"3759275e777b42259821d57e7af91c9c","TypeSystemVersion":"755"}}}}}]},{"Id":"548075dd4c114ca282e5ccbe8de041b3","PatternReference":{"Id":"NOTIFICATION","Version":"1.0","Name":"One Way Notification"},"Sequence":2,"TransactionProperties":{"Properties":{"communicationPartnerId":"","Initiator":"18be672c721d4f1f845f6436ec301fba","Label_ReactorName":"[Company Name]","Reactor":"myCompany","Name":"02.) Delivery Notification - Inbound","Label_InitiatorName":"[Trading Partner Name]"}},"BusinessTransactionActivities":[{"Id":"e90a2f4b6f624ad69db57b6361da90e9","BusinessTransactionActivityReference":{"Id":"REQUEST-FLOW","Version":"1.0","Name":"Request Processing"},"Sequence":1,"BusinessTransactionActivityProperties":{"Properties":{}},"ActivityParameters":[],"ChoreographyProperties":{"Properties":{"SENDER_SYSTEM":{"Properties":{"TypeSystem":"SAP_S4HANA_Cloud_SOA","SystemInstanceId":"4d79cc68ef0540dc9dd1dec9ea0c5160","IdAsSender":"2ce879308f9b4d03ae5e4c90ea0ab91a","IdAsReceiverAlias":"Company_SOAP_ID","IdAsSenderAlias":"TP_SOA_ID","SystemInstanceAlias":"[B2B Integration Factory]-System","IdAsReceiver":"f49e65fa67284c908b2c4e2d7a76d943","Id":"18be672c721d4f1f845f6436ec301fba","TypeSystemVersion":"1905"}},"SENDER_ADAPTER":{"Properties":{"CommunicationChannelTemplateId":"2ec795972c604e91a02145a995772d24","CommunicationChannelTemplateAlias":"SOAP Sender","Id":"18be672c721d4f1f845f6436ec301fba","CCTForSenderFunctionalACKAlias":""}},"SENDER_INTERCHANGE":{"Properties":{"Validation":"false","ImportCorrelationObjectId":"bd38ea10f35c417da2449ebd2b0b6494","TypeSystem":"SAP_S4HANA_Cloud_SOA","Label_MIGIdName":"02.) [Trading Partner Name] - SAP SOAP 1905 DeliveryRequest - Source","ContactPersonId":"","ObjectGUID":"bd38ea10f35c417da2449ebd2b0b6494","HasEnvelope":"false","EDISplitterNumberRangeAlias":"","custom_properties":"[{\"source\":\"curr\",\"idAttribute\":\"bb25fd61dac141eaaa21c7152fcf9f8a\",\"type\":\"Xpath\",\"value\":\"//Delivery/DeliveryDocument\",\"name\":\"Delivery Number\",\"order\":\"\"}]","MIGGUID":"7a39df2489fc46fb9a9bd4698b7af577","Label_MIGStatus":"Active","CreateAcknowledgement":"","FunctionalAck":"","ImportCorrelationGroupId":"7a39df2489fc46fb9a9bd4698b7af577","MIGLink":"","Id":"18be672c721d4f1f845f6436ec301fba","MessageType":"DeliveryRequest","TypeSystemVersion":"1809_FPS02","MIGVersionId":"1.0"}},"MAPPING":{"Properties":{"MAGVersionId":"3.0","ImportCorrelationObjectId":"c5acdf5ded6e4f19ae88dbff5411f838","Label_MAGName":"02.) [Trading Partner Name] - SAP SOAP DeliveryRequest -to- SAP IDOC DESADV.DELVRY07","MAGGUID":"ff7bf8282ce6473e8ddcd3a5742c92d0","ImportCorrelationGroupId":"ff7bf8282ce6473e8ddcd3a5742c92d0","MAGLink":"","ObjectGUID":"c5acdf5ded6e4f19ae88dbff5411f838","Id":"18be672c721d4f1f845f6436ec301fba","Label_MAGStatus":"Active"}},"RECEIVER_INTERCHANGE":{"Properties":{"Validation":"false","ImportCorrelationObjectId":"a44f7c99d56d4e3d9396c13dd345a04d","TypeSystem":"SAP_IDoc","Label_MIGIdName":"02.) [Company Name] - SAP IDOC DESADV.DELVRY07 for Customer EDI - Target","ContactPersonId":"","ObjectGUID":"a44f7c99d56d4e3d9396c13dd345a04d","HasEnvelope":"false","custom_properties":"[]","MIGGUID":"70453cc75b124de7b29340ff46366d6e","NumberRange":"ICN_UNEDIFACT_TP","Label_MIGStatus":"Active","FunctionalAck":"","ImportCorrelationGroupId":"70453cc75b124de7b29340ff46366d6e","MIGLink":"","Id":"myCompany","MessageType":"DESADV.DELVRY07","TypeSystemVersion":"755","MIGVersionId":"2.0","RACKRequired":""}},"RECEIVER_ADAPTER":{"Properties":{"CommunicationChannelTemplateId":"7edcacd0feff4217b9865131c18bff9b","CommunicationChannelTemplateAlias":"IDOC Receiver","Id":"myCompany"}},"RECEIVER_SYSTEM":{"Properties":{"TypeSystem":"SAP_IDoc","SystemInstanceId":"9e446f07ceb64f33bae5e11b66be71ac","IdAsSender":"fa8111ecc0b94db3a6635481d7130c6f","IdAsReceiverAlias":"Company_IDOC_SOA_ID","IdAsSenderAlias":"TP_IDOC_SOA_ID","SystemInstanceAlias":"S/4 HANA System","Id":"myCompany","IdAsReceiver":"3759275e777b42259821d57e7af91c9c","TypeSystemVersion":"755"}}}}}]},{"Id":"7224181d5f7b4439a1639a5f52c60e0e","PatternReference":{"Id":"NOTIFICATION","Version":"1.0","Name":"One Way Notification"},"Sequence":3,"TransactionProperties":{"Properties":{"communicationPartnerId":"","Initiator":"18be672c721d4f1f845f6436ec301fba","Label_ReactorName":"[Company Name]","Reactor":"myCompany","Name":"03.) Invoice - Inbound","Label_InitiatorName":"[Trading Partner Name]"}},"BusinessTransactionActivities":[{"Id":"88e4717bcc64432f8f71872fa2535e9d","BusinessTransactionActivityReference":{"Id":"REQUEST-FLOW","Version":"1.0","Name":"Request Processing"},"Sequence":1,"BusinessTransactionActivityProperties":{"Properties":{}},"ActivityParameters":[],"ChoreographyProperties":{"Properties":{"SENDER_SYSTEM":{"Properties":{"TypeSystem":"SAP_S4HANA_Cloud_SOA","SystemInstanceId":"4d79cc68ef0540dc9dd1dec9ea0c5160","IdAsSender":"2ce879308f9b4d03ae5e4c90ea0ab91a","IdAsReceiverAlias":"Company_SOAP_ID","IdAsSenderAlias":"TP_SOA_ID","SystemInstanceAlias":"[B2B Integration Factory]-System","IdAsReceiver":"f49e65fa67284c908b2c4e2d7a76d943","Id":"18be672c721d4f1f845f6436ec301fba","TypeSystemVersion":"1905"}},"SENDER_ADAPTER":{"Properties":{"CommunicationChannelTemplateId":"2ec795972c604e91a02145a995772d24","CommunicationChannelTemplateAlias":"SOAP Sender","Id":"18be672c721d4f1f845f6436ec301fba","CCTForSenderFunctionalACKAlias":""}},"SENDER_INTERCHANGE":{"Properties":{"Validation":"false","ImportCorrelationObjectId":"6b91bd5bf24d4f6bbad78beef98e2a16","TypeSystem":"SAP_S4HANA_Cloud_SOA","Label_MIGIdName":"03.) [Trading Partner Name] - SAP SOAP 1905 InvoiceRequest - Source","ContactPersonId":"","ObjectGUID":"6b91bd5bf24d4f6bbad78beef98e2a16","HasEnvelope":"false","EDISplitterNumberRangeAlias":"","custom_properties":"[{\"source\":\"curr\",\"idAttribute\":\"3ab13907f6ad4153a3a9143b8b202037\",\"type\":\"Xpath\",\"value\":\"//Invoice/SupplierInvoiceID\",\"name\":\"Invoice Number\",\"order\":\"\"}]","MIGGUID":"58a65943e5134045a560199a9fd136c8","Label_MIGStatus":"Active","CreateAcknowledgement":"","FunctionalAck":"","ImportCorrelationGroupId":"58a65943e5134045a560199a9fd136c8","MIGLink":"","Id":"18be672c721d4f1f845f6436ec301fba","MessageType":"InvoiceRequest","TypeSystemVersion":"1809_FPS02","MIGVersionId":"1.0"}},"MAPPING":{"Properties":{"MAGVersionId":"2.0","ImportCorrelationObjectId":"1d680fdf60314662b7951f319427f356","Label_MAGName":"03.) [Trading Partner Name] - SAP SOAP 1905 InvoiceRequest - to - SAP IDOC INVOIC.INVOIC02 for Customer EDI","MAGGUID":"4cc26232b1434d51ad16186fae00b5e8","ImportCorrelationGroupId":"4cc26232b1434d51ad16186fae00b5e8","MAGLink":"","ObjectGUID":"1d680fdf60314662b7951f319427f356","Id":"18be672c721d4f1f845f6436ec301fba","Label_MAGStatus":"Active"}},"RECEIVER_INTERCHANGE":{"Properties":{"Validation":"false","ImportCorrelationObjectId":"4bcaa1f3947f4f969f9fcacd9a3eda6e","TypeSystem":"SAP_IDoc","Label_MIGIdName":"03.) [Company Name] - SAP IDOC INVOIC.INVOIC02 for Customer EDI - Target","ContactPersonId":"","ObjectGUID":"4bcaa1f3947f4f969f9fcacd9a3eda6e","HasEnvelope":"false","custom_properties":"[]","MIGGUID":"38130fbd97b94fa7a1e5b4d4ddd4ec25","NumberRange":"ICN_UNEDIFACT_TP","Label_MIGStatus":"Active","FunctionalAck":"","ImportCorrelationGroupId":"38130fbd97b94fa7a1e5b4d4ddd4ec25","MIGLink":"","Id":"myCompany","MessageType":"INVOIC.INVOIC02","TypeSystemVersion":"755","MIGVersionId":"2.0","RACKRequired":""}},"RECEIVER_ADAPTER":{"Properties":{"CommunicationChannelTemplateId":"7edcacd0feff4217b9865131c18bff9b","CommunicationChannelTemplateAlias":"IDOC Receiver","Id":"myCompany"}},"RECEIVER_SYSTEM":{"Properties":{"TypeSystem":"SAP_IDoc","SystemInstanceId":"9e446f07ceb64f33bae5e11b66be71ac","IdAsSender":"fa8111ecc0b94db3a6635481d7130c6f","IdAsReceiverAlias":"Company_IDOC_SOA_ID","IdAsSenderAlias":"TP_IDOC_SOA_ID","SystemInstanceAlias":"S/4 HANA System","Id":"myCompany","IdAsReceiver":"3759275e777b42259821d57e7af91c9c","TypeSystemVersion":"755"}}}}}]}],"DocumentSchemaVersion":"1.0","administrativeData":{"createdAt":1732011883646,"createdBy":"tamaki.ogura@sap.com","modifiedAt":1757615575247,"modifiedBy":"noah.rauch@sap.com"},"ParentId":"4ee83ceed6bc4a3382237e5b2c8f4ff8","ParentArtifactType":"TRADING_PARTNER_AGREEMENT_V2","searchableAttributes":{"CUSTOM_SEARCH_ATTRIBUTE":["3ab13907f6ad4153a3a9143b8b202037","335ed49f5cd046748980a3f20ef8fef2","bb25fd61dac141eaaa21c7152fcf9f8a"],"TENANT":["e30aab0a-9c29-40d4-a156-5e6dc245c28f"]},"artifactProperties":{"TransactionsNumber":"3"},"relations":[],"ArtifactRelations":{},"artifactStatus":"Draft","uniqueId":"2b8a4148c004493fa0218d28d4768e0f","displayName":"B2B Scenario","semanticVersion":"2.0","versionInfo":{"versionGroup":"2b8a4148c004493fa0218d28d4768e0f","versionNumber":1,"versionTag":"Draft","versionType":"Unversioned","taktVersion":0,"versionedAt":1732011883646,"versionedBy":"tamaki.ogura@sap.com"},"id":"2b8a4148c004493fa0218d28d4768e0f","artifactType":"B2B_SCENARIO"}