{"IsVanScenario":false,"FunctionalAck":{},"BusinessTransactions":[{"Id":"f3e3977388b84d1d9b50b3b28db1c057","PatternReference":{"Id":"REQUEST_RESPONSE","Version":"1.0","Name":"Two Way Request Reply"},"Sequence":1,"TransactionProperties":{"Properties":{"Initiator":"myCompany","Name":"01.) Purchase Order Request/Response","Label_InitiatorName":"[Company Name]"}},"BusinessTransactionActivities":[{"Id":"fc798126e5a042b1ae3cc312038d5d3b","BusinessTransactionActivityReference":{"Id":"REQUEST-FLOW","Version":"1.0","Name":"Request Processing"},"Sequence":1,"BusinessTransactionActivityProperties":{"Properties":{}},"ActivityParameters":[],"ChoreographyProperties":{"Properties":{"SENDER_SYSTEM":{"Properties":{"TypeSystem":"SAP_IDoc","SystemInstanceId":"9e446f07ceb64f33bae5e11b66be71ac","IdAsSender":"3759275e777b42259821d57e7af91c9c","IdAsReceiverAlias":"TP_IDOC_SOA_ID","Id":"myCompany","TypeSystemVersion":"755"}},"SENDER_ADAPTER":{"Properties":{"CommunicationChannelTemplateId":"877cbbd5adcc43fd8a04cc324b9ba413","Id":"myCompany"}},"SENDER_INTERCHANGE":{"Properties":{"Validation":"false","ImportCorrelationObjectId":"d52ff6f6dc3a405181b0df3bcb76826e","TypeSystem":"SAP_IDoc","Label_MIGIdName":"01.a) [Company Name] - SAP IDOC ORDERS.ORDERS05 for SAP SOAP - Source","ObjectGUID":"d52ff6f6dc3a405181b0df3bcb76826e","custom_properties":"[{\"source\":\"curr\",\"idAttribute\":\"335ed49f5cd046748980a3f20ef8fef2\",\"type\":\"Xpath\",\"value\":\"//orderID\",\"name\":\"Purchase Order Number\",\"order\":\"\"}]","MIGGUID":"930757bea84541debd62ba80738ad864","Label_MIGStatus":"Active","CreateAcknowledgement":"","FunctionalAck":"","ImportCorrelationGroupId":"930757bea84541debd62ba80738ad864","MIGLink":"","Id":"myCompany","MessageType":"ORDERS.ORDERS05","TypeSystemVersion":"755","MIGVersionId":"1.0"}},"MAPPING":{"Properties":{"MAGVersionId":"3.0","ImportCorrelationObjectId":"eb57b8a8a85d499dac2470773b94d44e","Label_MAGName":"01.a) [Trading Partner Name] - SAP IDOC ORDERS.ORDERS05 -to- SAP SOAP OrderRequest","MAGGUID":"c8bfe8fe000e4ad2aaf740c0079aff78","ImportCorrelationGroupId":"c8bfe8fe000e4ad2aaf740c0079aff78","MAGLink":"","ObjectGUID":"eb57b8a8a85d499dac2470773b94d44e","Id":"","Label_MAGStatus":"Active"}},"RECEIVER_INTERCHANGE":{"Properties":{"Validation":"false","ImportCorrelationObjectId":"6a55ff3acee545dbbd76f150b93aff88","TypeSystem":"SAP_S4HANA_Cloud_SOA","Label_MIGIdName":"01.a) [Trading Partner Name] - SAP SOAP 1905 OrderRequest - Target","NumberRangeAlias":"ICN_SAP_SOAP","ObjectGUID":"6a55ff3acee545dbbd76f150b93aff88","custom_properties":"[]","MIGGUID":"debc419208344650b10d48e574b3e446","Label_MIGStatus":"Active","FunctionalAck":"","ImportCorrelationGroupId":"debc419208344650b10d48e574b3e446","MIGLink":"","Id":"","MessageType":"OrderRequest","TypeSystemVersion":"1905","MIGVersionId":"5.0","RACKRequired":""}},"RECEIVER_ADAPTER":{"Properties":{"CommunicationChannelTemplateAlias":"SOAP Receiver","Id":""}},"RECEIVER_SYSTEM":{"Properties":{"TypeSystem":"SAP_S4HANA_Cloud_SOA","IdAsReceiverAlias":"TP_SOA_ID","IdAsSender":"f49e65fa67284c908b2c4e2d7a76d943","SystemInstanceAlias":"[B2B Integration Factory]-System","Id":"","TypeSystemVersion":"1905"}}}}},{"Id":"a858d84dc8f640929dfbf8fc03eed62c","BusinessTransactionActivityReference":{"Id":"RESPONSE-FLOW","Version":"1.0","Name":"Response Processing"},"Sequence":1,"BusinessTransactionActivityProperties":{"Properties":{}},"ActivityParameters":[{"ParameterSource":{"SourceName":"","ArtifactType":"TRADING_PARTNER"},"Direction":"SENDER","Parameters":{"SAP_EDI_REC_Receiver_Partner_Type":"","SAP_EDI_REC_Sender_Partner_Type":"","SAP_EDI_REC_Receiver_Partner_Function":""}}],"ChoreographyProperties":{"Properties":{"SENDER_SYSTEM":{"Properties":{"TypeSystem":"SAP_S4HANA_Cloud_SOA","IdAsSenderAlias":"TP_SOA_ID","SystemInstanceAlias":"[B2B Integration Factory]-System","IdAsReceiver":"f49e65fa67284c908b2c4e2d7a76d943","Id":"","TypeSystemVersion":"1905","RECEIVER_SYSTEM":"f49e65fa67284c908b2c4e2d7a76d943"}},"SENDER_ADAPTER":{"Properties":{"CommunicationChannelTemplateAlias":"SOAP Sender","Id":""}},"SENDER_INTERCHANGE":{"Properties":{"Validation":"false","ImportCorrelationObjectId":"89e6b646e7784c209e7b1dfe60601c1d","TypeSystem":"SAP_S4HANA_Cloud_SOA","Label_MIGIdName":"01.b) [Company Name] - SAP IDOC ORDRSP.ORDERS05 for SAP SOAP - Source","ObjectGUID":"89e6b646e7784c209e7b1dfe60601c1d","custom_properties":"[{\"source\":\"curr\",\"idAttribute\":\"335ed49f5cd046748980a3f20ef8fef2\",\"type\":\"Xpath\",\"value\":\"//Order/PurchaseOrderID\",\"name\":\"Purchase Order Number\",\"order\":\"\"}]","MIGGUID":"0136ca4aad53400abe722829b62f2868","Label_MIGStatus":"Active","CreateAcknowledgement":"","FunctionalAck":"","ImportCorrelationGroupId":"0136ca4aad53400abe722829b62f2868","MIGLink":"","Id":"","MessageType":"ORDRSP.ORDERS05","TypeSystemVersion":"1905","MIGVersionId":"1.0"}},"MAPPING":{"Properties":{"MAGVersionId":"3.0","ImportCorrelationObjectId":"0111fbdbfc5c4773ac63f4300d8fee9c","Label_MAGName":"01.b) [Company Name] - SAP IDOC ORDRSP.ORDERS05 for SAP SOAP - to - SAP SOAP 1905 OrderConfirmationRequest","MAGGUID":"5b36c3c5c86b4c03856e4cda5967a7f1","ImportCorrelationGroupId":"5b36c3c5c86b4c03856e4cda5967a7f1","MAGLink":"","ObjectGUID":"0111fbdbfc5c4773ac63f4300d8fee9c","Id":"","Label_MAGStatus":"Active"}},"RECEIVER_INTERCHANGE":{"Properties":{"Validation":"false","ImportCorrelationObjectId":"9e6baa3f4abe465ebb5ebc2c5f3f4519","TypeSystem":"SAP_IDoc","Label_MIGIdName":"01.b) [Trading Partner Name] - SAP SOAP 1905 OrderConfirmationRequest - Target","ObjectGUID":"9e6baa3f4abe465ebb5ebc2c5f3f4519","custom_properties":"[]","MIGGUID":"db1a0e9f9cdb45908b9e8e26343dc12a","NumberRange":"ICN_SAP_IDOC","Label_MIGStatus":"Active","FunctionalAck":"","ImportCorrelationGroupId":"db1a0e9f9cdb45908b9e8e26343dc12a","MIGLink":"","Id":"myCompany","MessageType":"OrderConfRequest","TypeSystemVersion":"755","MIGVersionId":"2.0","RACKRequired":""}},"RECEIVER_ADAPTER":{"Properties":{"CommunicationChannelTemplateId":"7edcacd0feff4217b9865131c18bff9b","Id":"myCompany","ACKCommunicationChannelTemplateId":""}},"RECEIVER_SYSTEM":{"Properties":{"TypeSystem":"SAP_IDoc","SystemInstanceId":"9e446f07ceb64f33bae5e11b66be71ac","IdAsSenderAlias":"TP_IDOC_SOA_ID","Id":"myCompany","IdAsReceiver":"3759275e777b42259821d57e7af91c9c","TypeSystemVersion":"755","RECEIVER_SYSTEM":"3759275e777b42259821d57e7af91c9c"}}}}}]},{"Id":"548075dd4c114ca282e5ccbe8de041b3","PatternReference":{"Id":"NOTIFICATION","Version":"1.0","Name":"One Way Notification"},"Sequence":2,"TransactionProperties":{"Properties":{"Label_ReactorName":"[Company Name]","Reactor":"myCompany","Name":"02.) Delivery Notification - Inbound","Label_InitiatorName":""}},"BusinessTransactionActivities":[{"Id":"e90a2f4b6f624ad69db57b6361da90e9","BusinessTransactionActivityReference":{"Id":"REQUEST-FLOW","Version":"1.0","Name":"Request Processing"},"Sequence":1,"BusinessTransactionActivityProperties":{"Properties":{}},"ActivityParameters":[{"ParameterSource":{"SourceName":"","ArtifactType":"TRADING_PARTNER"},"Direction":"SENDER","Parameters":{"SAP_EDI_REC_Sender_Partner_Type":"","SAP_EDI_REC_Receiver_Partner_Type":"","SAP_EDI_REC_Receiver_Partner_Function":""}}],"ChoreographyProperties":{"Properties":{"SENDER_SYSTEM":{"Properties":{"TypeSystem":"SAP_S4HANA_Cloud_SOA","IdAsSenderAlias":"TP_SOA_ID","SystemInstanceAlias":"[B2B Integration Factory]-System","IdAsReceiver":"f49e65fa67284c908b2c4e2d7a76d943","Id":"","TypeSystemVersion":"1905","RECEIVER_SYSTEM":"f49e65fa67284c908b2c4e2d7a76d943"}},"SENDER_ADAPTER":{"Properties":{"CommunicationChannelTemplateAlias":"SOAP Sender","Id":""}},"SENDER_INTERCHANGE":{"Properties":{"Validation":"false","ImportCorrelationObjectId":"bd38ea10f35c417da2449ebd2b0b6494","TypeSystem":"SAP_S4HANA_Cloud_SOA","Label_MIGIdName":"02.) [Trading Partner Name] - SAP SOAP 1905 DeliveryRequest - Source","ObjectGUID":"bd38ea10f35c417da2449ebd2b0b6494","custom_properties":"[{\"source\":\"curr\",\"idAttribute\":\"bb25fd61dac141eaaa21c7152fcf9f8a\",\"type\":\"Xpath\",\"value\":\"//@shipmentID\",\"name\":\"Delivery Number\",\"order\":\"\"}]","MIGGUID":"7a39df2489fc46fb9a9bd4698b7af577","Label_MIGStatus":"Active","CreateAcknowledgement":"","FunctionalAck":"","ImportCorrelationGroupId":"7a39df2489fc46fb9a9bd4698b7af577","MIGLink":"","Id":"","MessageType":"DeliveryRequest","TypeSystemVersion":"1905","MIGVersionId":"1.0"}},"MAPPING":{"Properties":{"MAGVersionId":"3.0","ImportCorrelationObjectId":"c5acdf5ded6e4f19ae88dbff5411f838","Label_MAGName":"02.) [Trading Partner Name] - SAP SOAP DeliveryRequest -to- SAP IDOC DESADV.DELVRY07","MAGGUID":"ff7bf8282ce6473e8ddcd3a5742c92d0","ImportCorrelationGroupId":"ff7bf8282ce6473e8ddcd3a5742c92d0","MAGLink":"","ObjectGUID":"c5acdf5ded6e4f19ae88dbff5411f838","Id":"","Label_MAGStatus":"Active"}},"RECEIVER_INTERCHANGE":{"Properties":{"Validation":"false","ImportCorrelationObjectId":"a44f7c99d56d4e3d9396c13dd345a04d","TypeSystem":"SAP_IDoc","Label_MIGIdName":"02.) [Company Name] - SAP IDOC DESADV.DELVRY07 for Customer EDI - Target","ObjectGUID":"a44f7c99d56d4e3d9396c13dd345a04d","custom_properties":"[]","MIGGUID":"70453cc75b124de7b29340ff46366d6e","NumberRange":"ICN_SAP_IDOC","Label_MIGStatus":"Active","FunctionalAck":"","ImportCorrelationGroupId":"70453cc75b124de7b29340ff46366d6e","MIGLink":"","Id":"myCompany","MessageType":"DESADV.DELVRY07","TypeSystemVersion":"755","MIGVersionId":"2.0","RACKRequired":""}},"RECEIVER_ADAPTER":{"Properties":{"CommunicationChannelTemplateId":"7edcacd0feff4217b9865131c18bff9b","Id":"myCompany","ACKCommunicationChannelTemplateId":""}},"RECEIVER_SYSTEM":{"Properties":{"TypeSystem":"SAP_IDoc","SystemInstanceId":"9e446f07ceb64f33bae5e11b66be71ac","IdAsSenderAlias":"TP_IDOC_SOA_ID","Id":"myCompany","IdAsReceiver":"3759275e777b42259821d57e7af91c9c","TypeSystemVersion":"755","RECEIVER_SYSTEM":"3759275e777b42259821d57e7af91c9c"}}}}}]},{"Id":"7224181d5f7b4439a1639a5f52c60e0e","PatternReference":{"Id":"NOTIFICATION","Version":"1.0","Name":"One Way Notification"},"Sequence":3,"TransactionProperties":{"Properties":{"Label_ReactorName":"[Company Name]","Reactor":"myCompany","Name":"03.) Invoice - Inbound","Label_InitiatorName":""}},"BusinessTransactionActivities":[{"Id":"88e4717bcc64432f8f71872fa2535e9d","BusinessTransactionActivityReference":{"Id":"REQUEST-FLOW","Version":"1.0","Name":"Request Processing"},"Sequence":1,"BusinessTransactionActivityProperties":{"Properties":{}},"ActivityParameters":[{"ParameterSource":{"SourceName":"","ArtifactType":"TRADING_PARTNER"},"Direction":"SENDER","Parameters":{"SAP_EDI_REC_Receiver_Partner_Function":"","SAP_EDI_REC_Sender_Partner_Type":"","SAP_EDI_REC_Receiver_Partner_Type":""}}],"ChoreographyProperties":{"Properties":{"SENDER_SYSTEM":{"Properties":{"TypeSystem":"SAP_S4HANA_Cloud_SOA","IdAsSenderAlias":"TP_SOA_ID","SystemInstanceAlias":"[B2B Integration Factory]-System","IdAsReceiver":"f49e65fa67284c908b2c4e2d7a76d943","Id":"","TypeSystemVersion":"1905","RECEIVER_SYSTEM":"f49e65fa67284c908b2c4e2d7a76d943"}},"SENDER_ADAPTER":{"Properties":{"CommunicationChannelTemplateAlias":"SOAP Sender","Id":""}},"SENDER_INTERCHANGE":{"Properties":{"Validation":"false","ImportCorrelationObjectId":"6b91bd5bf24d4f6bbad78beef98e2a16","TypeSystem":"SAP_S4HANA_Cloud_SOA","Label_MIGIdName":"03.) [Trading Partner Name] - SAP SOAP 1905 InvoiceRequest - Source","ObjectGUID":"6b91bd5bf24d4f6bbad78beef98e2a16","custom_properties":"[{\"source\":\"curr\",\"idAttribute\":\"3ab13907f6ad4153a3a9143b8b202037\",\"type\":\"Xpath\",\"value\":\"/InvoiceDetailRequest/InvoiceDetailRequestHeader/InvoiceID\",\"name\":\"Invoice Number\",\"order\":\"\"}]","MIGGUID":"58a65943e5134045a560199a9fd136c8","Label_MIGStatus":"Active","CreateAcknowledgement":"","FunctionalAck":"","ImportCorrelationGroupId":"58a65943e5134045a560199a9fd136c8","MIGLink":"","Id":"","MessageType":"InvoiceRequest","TypeSystemVersion":"1905","MIGVersionId":"1.0"}},"MAPPING":{"Properties":{"MAGVersionId":"2.0","ImportCorrelationObjectId":"1d680fdf60314662b7951f319427f356","Label_MAGName":"03.) [Trading Partner Name] - SAP SOAP 1905 InvoiceRequest - to - SAP IDOC INVOIC.INVOIC02 for Customer EDI","MAGGUID":"4cc26232b1434d51ad16186fae00b5e8","ImportCorrelationGroupId":"4cc26232b1434d51ad16186fae00b5e8","MAGLink":"","ObjectGUID":"1d680fdf60314662b7951f319427f356","Id":"","Label_MAGStatus":"Active"}},"RECEIVER_INTERCHANGE":{"Properties":{"Validation":"false","ImportCorrelationObjectId":"4bcaa1f3947f4f969f9fcacd9a3eda6e","TypeSystem":"SAP_IDoc","Label_MIGIdName":"03.) [Company Name] - SAP IDOC INVOIC.INVOIC02 for Customer EDI - Target","ObjectGUID":"4bcaa1f3947f4f969f9fcacd9a3eda6e","custom_properties":"[]","MIGGUID":"38130fbd97b94fa7a1e5b4d4ddd4ec25","NumberRange":"ICN_SAP_IDOC","Label_MIGStatus":"Active","FunctionalAck":"","ImportCorrelationGroupId":"38130fbd97b94fa7a1e5b4d4ddd4ec25","MIGLink":"","Id":"myCompany","MessageType":"INVOIC.INVOIC02","TypeSystemVersion":"755","MIGVersionId":"2.0","RACKRequired":""}},"RECEIVER_ADAPTER":{"Properties":{"CommunicationChannelTemplateId":"7edcacd0feff4217b9865131c18bff9b","Id":"myCompany","ACKCommunicationChannelTemplateId":""}},"RECEIVER_SYSTEM":{"Properties":{"TypeSystem":"SAP_IDoc","SystemInstanceId":"9e446f07ceb64f33bae5e11b66be71ac","IdAsSenderAlias":"TP_IDOC_SOA_ID","Id":"myCompany","IdAsReceiver":"3759275e777b42259821d57e7af91c9c","TypeSystemVersion":"755","RECEIVER_SYSTEM":"3759275e777b42259821d57e7af91c9c"}}}}}]}],"DocumentSchemaVersion":"1.0","administrativeData":{"createdAt":1732011045468,"createdBy":"tamaki.ogura@sap.com","modifiedAt":1757615669227,"modifiedBy":"noah.rauch@sap.com"},"ParentId":"cfb2909e9f914cf8be1b32144a51d354","ParentArtifactType":"AGREEMENT_TEMPLATE_V2","searchableAttributes":{"CUSTOM_SEARCH_ATTRIBUTE":["3ab13907f6ad4153a3a9143b8b202037","335ed49f5cd046748980a3f20ef8fef2","bb25fd61dac141eaaa21c7152fcf9f8a"],"TENANT":["e30aab0a-9c29-40d4-a156-5e6dc245c28f"]},"artifactProperties":{"TransactionsNumber":"3"},"relations":[],"ArtifactRelations":{},"artifactStatus":"Draft","uniqueId":"37492d31f96f44d9b77ed3e49c007a27","displayName":"B2B Scenario","semanticVersion":"2.0","versionInfo":{"versionGroup":"37492d31f96f44d9b77ed3e49c007a27","versionNumber":1,"versionTag":"Draft","versionType":"Unversioned","taktVersion":2506,"versionedAt":1732011045468,"versionedBy":"tamaki.ogura@sap.com"},"id":"37492d31f96f44d9b77ed3e49c007a27","artifactType":"B2B_SCENARIO"}