{"ArtifactMetadata":{"SchemaVersion":"1.1","ArtifactType":"MigVersionInfo"},"value":{"ObjectGUID":"3cae368d11734a05ad027bfa24b83966","MIGGUID":"4d00ce73343842be91bb4c64e9b7baec","ImportCorrelationObjectId":"3cae368d11734a05ad027bfa24b83966","ImportCorrelationGroupId":"4d00ce73343842be91bb4c64e9b7baec","VersionId":"1.0","Name":"[Company Name] - SAP SOAP TransportationOrderGenericRequest 2302 - Source","Status":"Draft","HasEnvelope":false,"MessageTemplate":{"TypeSystemId":"SAP_S4HANA_Cloud_SOA","TypeSystemDisplayId":"SAP S/4HANA Cloud SOAP","VersionId":"2302","VersionDisplayId":"2302","Revision":1,"Id":"TransportationOrderGenericRequest","DisplayId":"TransportationOrderGenericRequest","Namespace":"http://sap.com/xi/TMS/Global","Name":"Transportation Order Generic Request","IsCustomMessage":false},"AdministrativeData":{"CreatedBy":"jan.feyen@sap.com","CreatedOn":1738160324579,"ModifiedBy":"jan.feyen@sap.com","ModifiedOn":1738160410504}}}