{"ArtifactMetadata":{"SchemaVersion":"1.1","ArtifactType":"MigVersionInfo"},"value":{"ObjectGUID":"894c33702aac4f5f999a06f23c901ec2","MIGGUID":"cbf28bd23bdf416c94682b6fe6b22ab6","ImportCorrelationObjectId":"894c33702aac4f5f999a06f23c901ec2","ImportCorrelationGroupId":"cbf28bd23bdf416c94682b6fe6b22ab6","VersionId":"1.0","Name":"[Company Name] SAP SOAP TransportationOrderGenericRequest 2302","Status":"Draft","HasEnvelope":false,"MessageTemplate":{"TypeSystemId":"SAP_S4HANA_Cloud_SOA","TypeSystemDisplayId":"SAP S/4HANA Cloud SOAP","VersionId":"2302","VersionDisplayId":"2302","Revision":1,"Id":"TransportationOrderGenericRequest","DisplayId":"TransportationOrderGenericRequest","Namespace":"http://sap.com/xi/TMS/Global","Name":"Transportation Order Generic Request","IsCustomMessage":false},"AdministrativeData":{"CreatedBy":"jan.feyen@sap.com","CreatedOn":1733823162242,"ModifiedBy":"tamaki.ogura@sap.com","ModifiedOn":1741611985472}}}