{"ArtifactMetadata":{"SchemaVersion":"1.1","ArtifactType":"MigVersionInfo"},"value":{"ObjectGUID":"9604307bfc304718a5da42f9a0b08b08","MIGGUID":"7df62a9dc8e44baab5fead3889fd4297","ImportCorrelationObjectId":"9604307bfc304718a5da42f9a0b08b08","ImportCorrelationGroupId":"7df62a9dc8e44baab5fead3889fd4297","VersionId":"1.0","Name":"[Trading Partner Name] - UN/EDIFACT DESADV D.10B - Target","Status":"Draft","HasEnvelope":false,"MessageTemplate":{"TypeSystemId":"UNEDIFACT","TypeSystemDisplayId":"UN/EDIFACT","VersionId":"D.10B S3","VersionDisplayId":"D.10B S3","Revision":1,"Id":"DESADV","DisplayId":"DESADV","Name":"Despatch advice message","IsCustomMessage":false},"AdministrativeData":{"CreatedBy":"jan.feyen@sap.com","CreatedOn":1738160513808,"ModifiedBy":"jan.feyen@sap.com","ModifiedOn":1738160543410}}}