{"ArtifactMetadata":{"SchemaVersion":"1.1","ArtifactType":"MigVersionInfo"},"value":{"ObjectGUID":"e43e9694684f4eb8a0ac4f12e1fa1c3d","MIGGUID":"5a935bb0cd7547939203c849148e6d7e","ImportCorrelationObjectId":"e43e9694684f4eb8a0ac4f12e1fa1c3d","ImportCorrelationGroupId":"5a935bb0cd7547939203c849148e6d7e","VersionId":"1.0","Name":"[Trading Partner Name] UN/EDIFACT DESADV D.10B","Status":"Draft","HasEnvelope":false,"MessageTemplate":{"TypeSystemId":"UNEDIFACT","TypeSystemDisplayId":"UN/EDIFACT","VersionId":"D.10B S3","VersionDisplayId":"D.10B S3","Revision":1,"Id":"DESADV","DisplayId":"DESADV","Name":"Despatch advice message","IsCustomMessage":false},"AdministrativeData":{"CreatedBy":"tamaki.ogura@sap.com","CreatedOn":1734026087029,"ModifiedBy":"tamaki.ogura@sap.com","ModifiedOn":1741611697980}}}