{"Name":"[Trading Partner Name]","ShortName":"[Trading Partner Name]","WebURL":"","LogoId":"","EmailAddress":"","PhoneNumber":"+ ","Profile":{"Address":{"CityName":"","CountryCode":"","CountrySubdivisionCode":"","HouseNumber":"","POBox":"","POBoxPostalCode":"","StreetName":"","StreetPostalCode":""},"PartnerType":"TRADING_PARTNER","ContactPersonList":[],"ContactChannel":[],"BusinessContext":{"BusinessProcessRole":{"BusinessProcessRoleCodeList":[]},"IndustryClassification":{"IndustryClassificationCodeList":[]},"ProductClassification":{"ProductClassificationCodeList":[]},"GeoPolitical":{"CountryInfoList":[]}},"NumberRangeAssignments":[]},"DocumentSchemaVersion":"1.0","administrativeData":{"createdAt":1713793036415,"createdBy":"jingwen.li01@sap.com","modifiedAt":1732266335461,"modifiedBy":"tamaki.ogura@sap.com"},"ParentId":"e30aab0a-9c29-40d4-a156-5e6dc245c28f","ParentArtifactType":"TENANT","searchableAttributes":{"TENANT":["e30aab0a-9c29-40d4-a156-5e6dc245c28f"]},"artifactProperties":{"webURL":"","shortName":"[Trading Partner Name]","logoID":""},"relations":[],"ArtifactRelations":{},"artifactStatus":"Draft","id":"18be672c721d4f1f845f6436ec301fba","uniqueId":"1a307c74f7ca46e292e7ee5989485237","artifactType":"TRADING_PARTNER","displayName":"[Trading Partner Name]","semanticVersion":"1.0"}