{"Alias":"B2B-Simulation.Sender","Name":"B2B-Simulation.Sender","Description":"B2B-Simulation.Sender","Direction":"Sender","AdapterType":"Process_Direct","SecurityConfigurationMode":"","as2PartnerId":"","ConfigurationProperties":{"allAttributes":{},"allTableAttributes":{}},"CommunicationLifeCycleStatus":{"Activated":false,"UpdateStatus":"NONE","ActivatedAt":0},"DocumentSchemaVersion":"1.0","administrativeData":{"createdAt":1721907747413,"createdBy":"vishakha.deshmukh@sap.com","modifiedAt":1721917974553,"modifiedBy":"vishakha.deshmukh@sap.com"},"ParentId":"9e446f07ceb64f33bae5e11b66be71ac","ParentArtifactType":"SYSTEM_INSTANCE","searchableAttributes":{"Alias":["B2B-Simulation.Sender"],"TENANT":["e30aab0a-9c29-40d4-a156-5e6dc245c28f"]},"artifactProperties":{},"relations":[],"ArtifactRelations":{},"artifactStatus":"Draft","id":"465a5f3f773047c19f8648d929b384a8","uniqueId":"465a5f3f773047c19f8648d929b384a8","artifactType":"COMMUNICATION_CHANNEL_TEMPLATE","displayName":"B2B-Simulation.Sender","semanticVersion":"1.0"}