{"IsVanScenario":false,"FunctionalAck":{},"BusinessTransactions":[{"Id":"743d9820ac1d485caaf05c1d74eeaadf","PatternReference":{"Id":"REQUEST_RESPONSE","Version":"1.0","Name":"Two Way Request Reply"},"Sequence":1,"TransactionProperties":{"Properties":{"communicationPartnerId":"","Initiator":"18be672c721d4f1f845f6436ec301fba","Label_ReactorName":"[Company Name]","Reactor":"myCompany","Name":"01.) Sales Order Request/Response","Label_InitiatorName":"[Trading Partner Name]"}},"BusinessTransactionActivities":[{"Id":"825bea50ef4649409b092d80c973c61e","BusinessTransactionActivityReference":{"Id":"REQUEST-FLOW","Version":"1.0","Name":"Request Processing"},"Sequence":1,"BusinessTransactionActivityProperties":{"Properties":{}},"ActivityParameters":[],"ChoreographyProperties":{"Properties":{"SENDER_SYSTEM":{"Properties":{"TypeSystem":"SAP_S4HANA_Cloud_SOA","SystemInstanceId":"4d79cc68ef0540dc9dd1dec9ea0c5160","IdAsSender":"0ca5dc5179c14e77bb5daf03e5f01537","IdAsSenderAlias":"TP_SOAP_ID","SystemInstanceAlias":"[B2B Integration Factory]-System","IdAsReceiver":"f49e65fa67284c908b2c4e2d7a76d943","Id":"18be672c721d4f1f845f6436ec301fba","TypeSystemVersion":"1905"}},"SENDER_ADAPTER":{"Properties":{"CCTForSenderFunctionalACKAlias":"","CommunicationChannelTemplateId":"e5e5781b2cb244639801cb9f0ec585ad","CommunicationChannelTemplateAlias":"B2B-Simulation.Sender"}},"SENDER_INTERCHANGE":{"Properties":{"Validation":"false","ImportCorrelationObjectId":"b6f4bbf3b67541588fe1f5aae0ddc647","TypeSystem":"SAP_S4HANA_Cloud_SOA","Label_MIGIdName":"01.a) [Trading Partner Name] - SAP SOAP 1905 OrderRequest - Source","ContactPersonId":"","ObjectGUID":"b6f4bbf3b67541588fe1f5aae0ddc647","HasEnvelope":"false","MIGGUID":"8257680e1b5e4048b76daa9624545dfd","Label_MIGStatus":"Draft","CreateAcknowledgement":"","FunctionalAck":"","ImportCorrelationGroupId":"8257680e1b5e4048b76daa9624545dfd","MIGLink":"","MessageType":"OrderRequest","TypeSystemVersion":"1809_FPS02","MIGVersionId":"2.0"}},"MAPPING":{"Properties":{"MAGVersionId":"2.0","ImportCorrelationObjectId":"326211e0aec540adaeef8a7a1b6c7782","Label_MAGName":"01.a) [Trading Partner Name] - SAP SOAP OrderRequest -to- SAP IDOC ORDERS.ORDERS05","MAGGUID":"e68a69690ae742629b9acda1b3248c9d","ImportCorrelationGroupId":"e68a69690ae742629b9acda1b3248c9d","MAGLink":"","ObjectGUID":"326211e0aec540adaeef8a7a1b6c7782","Label_MAGStatus":"Draft"}},"RECEIVER_INTERCHANGE":{"Properties":{"Validation":"false","ImportCorrelationObjectId":"077086468b3c4a55a3cbdae283f72f79","TypeSystem":"SAP_IDoc","Label_MIGIdName":"01.a) [Company Name] - SAP IDOC ORDERS.ORDERS05 for Customer EDI - Target","ContactPersonId":"","ObjectGUID":"077086468b3c4a55a3cbdae283f72f79","HasEnvelope":"false","MIGGUID":"a080d58a66c643b5af1b08333d839516","NumberRange":"","Label_MIGStatus":"Draft","FunctionalAck":"","ImportCorrelationGroupId":"7eace892ab9342109bf675d8c3c78d3f","MIGLink":"","MessageType":"ORDERS.ORDERS05","TypeSystemVersion":"755","MIGVersionId":"2.0","RACKRequired":""}},"RECEIVER_ADAPTER":{"Properties":{"CommunicationChannelTemplateId":"8e69240364144c06a5d42fa746694f70","CommunicationChannelTemplateAlias":"B2B-Simulation.Receiver"}},"RECEIVER_SYSTEM":{"Properties":{"TypeSystem":"SAP_IDoc","SystemInstanceId":"9e446f07ceb64f33bae5e11b66be71ac","IdAsSender":"39b74d2db27f448ba6abe41a3b7769d0","IdAsSenderAlias":"TP_IDOC_ID","Id":"myCompany","IdAsReceiver":"3759275e777b42259821d57e7af91c9c","TypeSystemVersion":"755"}}}}},{"Id":"39a1533c34d24dbcb417592719bb8b78","BusinessTransactionActivityReference":{"Id":"RESPONSE-FLOW","Version":"1.0","Name":"Response Processing"},"Sequence":1,"BusinessTransactionActivityProperties":{"Properties":{}},"ActivityParameters":[],"ChoreographyProperties":{"Properties":{"SENDER_SYSTEM":{"Properties":{"TypeSystem":"SAP_IDoc","SystemInstanceId":"9e446f07ceb64f33bae5e11b66be71ac","IdAsSender":"3759275e777b42259821d57e7af91c9c","IdAsReceiverAlias":"TP_IDOC_ID","Id":"myCompany","IdAsReceiver":"39b74d2db27f448ba6abe41a3b7769d0","TypeSystemVersion":"755"}},"SENDER_ADAPTER":{"Properties":{"CCTForSenderFunctionalACKAlias":"","CommunicationChannelTemplateId":"465a5f3f773047c19f8648d929b384a8","CommunicationChannelTemplateAlias":"B2B-Simulation.Sender"}},"SENDER_INTERCHANGE":{"Properties":{"Validation":"false","ImportCorrelationObjectId":"4b392d47501546b18308883d5393c662","TypeSystem":"SAP_IDoc","Label_MIGIdName":"01.b) [Company Name] - SAP IDOC ORDRSP.ORDERS05 for Customer EDI - Source","ContactPersonId":"","ObjectGUID":"4b392d47501546b18308883d5393c662","HasEnvelope":"false","MIGGUID":"6868c2d805634f24aebba47f02797094","Label_MIGStatus":"Draft","CreateAcknowledgement":"","FunctionalAck":"","ImportCorrelationGroupId":"6868c2d805634f24aebba47f02797094","MIGLink":"","MessageType":"ORDRSP.ORDERS05","TypeSystemVersion":"755","MIGVersionId":"2.0"}},"MAPPING":{"Properties":{"MAGVersionId":"1.0","ImportCorrelationObjectId":"1e0986a310854eaca5ee596fb644612f","Label_MAGName":"01.b) [Company Name] - SAP IDOC ORDRSP.ORDERS05 for Customer EDI - to - SAP SOAP 1905 OrderConfirmationRequest","MAGGUID":"5b36c3c5c86b4c03856e4cda5967a7f1","ImportCorrelationGroupId":"5b36c3c5c86b4c03856e4cda5967a7f1","MAGLink":"","ObjectGUID":"1e0986a310854eaca5ee596fb644612f","Label_MAGStatus":"Draft"}},"RECEIVER_INTERCHANGE":{"Properties":{"Validation":"false","ImportCorrelationObjectId":"796f9aaac8c948008b6c4df67b34f057","TypeSystem":"SAP_S4HANA_Cloud_SOA","Label_MIGIdName":"01.b) [Trading Partner Name] - SAP SOAP 1905 OrderConfirmationRequest - Target","ContactPersonId":"","NumberRangeAlias":"","ObjectGUID":"796f9aaac8c948008b6c4df67b34f057","HasEnvelope":"false","MIGGUID":"db1a0e9f9cdb45908b9e8e26343dc12a","Label_MIGStatus":"Draft","FunctionalAck":"","ImportCorrelationGroupId":"db1a0e9f9cdb45908b9e8e26343dc12a","MIGLink":"","MessageType":"OrderConfRequest","TypeSystemVersion":"1905","MIGVersionId":"1.0","RACKRequired":""}},"RECEIVER_ADAPTER":{"Properties":{"CommunicationChannelTemplateId":"88ae6603360f4761a203354f716fb736","CommunicationChannelTemplateAlias":"B2B-Simulation.Receiver"}},"RECEIVER_SYSTEM":{"Properties":{"TypeSystem":"SAP_S4HANA_Cloud_SOA","SystemInstanceId":"4d79cc68ef0540dc9dd1dec9ea0c5160","IdAsReceiverAlias":"TP_SOAP_ID","IdAsSender":"f49e65fa67284c908b2c4e2d7a76d943","SystemInstanceAlias":"[B2B Integration Factory]-System","Id":"18be672c721d4f1f845f6436ec301fba","IdAsReceiver":"0ca5dc5179c14e77bb5daf03e5f01537","TypeSystemVersion":"1905"}}}}}]},{"Id":"6abd68bcdb5f402f937df629e3400c37","PatternReference":{"Id":"NOTIFICATION","Version":"1.0","Name":"One Way Notification"},"Sequence":2,"TransactionProperties":{"Properties":{"communicationPartnerId":"","Initiator":"myCompany","Label_ReactorName":"[Trading Partner Name]","Reactor":"18be672c721d4f1f845f6436ec301fba","Name":"02.) Delivery Notification - Outbound","Label_InitiatorName":"[Company Name]"}},"BusinessTransactionActivities":[{"Id":"f4c26f8f8eee46be82caf40366ee3483","BusinessTransactionActivityReference":{"Id":"REQUEST-FLOW","Version":"1.0","Name":"Request Processing"},"Sequence":1,"BusinessTransactionActivityProperties":{"Properties":{}},"ActivityParameters":[],"ChoreographyProperties":{"Properties":{"SENDER_SYSTEM":{"Properties":{"TypeSystem":"SAP_IDoc","SystemInstanceId":"9e446f07ceb64f33bae5e11b66be71ac","IdAsSender":"3759275e777b42259821d57e7af91c9c","IdAsReceiverAlias":"TP_IDOC_ID","Id":"myCompany","IdAsReceiver":"39b74d2db27f448ba6abe41a3b7769d0","TypeSystemVersion":"755"}},"SENDER_ADAPTER":{"Properties":{"CCTForSenderFunctionalACKAlias":"","CommunicationChannelTemplateId":"465a5f3f773047c19f8648d929b384a8","CommunicationChannelTemplateAlias":"B2B-Simulation.Sender"}},"SENDER_INTERCHANGE":{"Properties":{"Validation":"false","ImportCorrelationObjectId":"189aa09e242f42babc4e35619552c088","TypeSystem":"SAP_IDoc","Label_MIGIdName":"02.) [Company Name] - SAP IDOC DESADV.DELVRY07 for Customer EDI - Source","ContactPersonId":"","ObjectGUID":"189aa09e242f42babc4e35619552c088","HasEnvelope":"false","MIGGUID":"e279c992eb374814ab47e6475a1613fd","Label_MIGStatus":"Draft","CreateAcknowledgement":"","FunctionalAck":"","ImportCorrelationGroupId":"e279c992eb374814ab47e6475a1613fd","MIGLink":"","MessageType":"DESADV.DELVRY07","TypeSystemVersion":"755","MIGVersionId":"2.0"}},"MAPPING":{"Properties":{"MAGVersionId":"2.0","ImportCorrelationObjectId":"2762cb157388494a8b2fb81edb817b3d","Label_MAGName":"02.) [Trading Partner Name] - SAP IDOC DESADV.DELVRY07 -to- SAP SOAP DeliveryRequest","MAGGUID":"c987d8fdaba1432c9bbb9b210be188a9","ImportCorrelationGroupId":"c987d8fdaba1432c9bbb9b210be188a9","MAGLink":"","ObjectGUID":"2762cb157388494a8b2fb81edb817b3d","Label_MAGStatus":"Draft"}},"RECEIVER_INTERCHANGE":{"Properties":{"Validation":"false","ImportCorrelationObjectId":"8ed947b8ffda4fb0918db29c34fc1e82","TypeSystem":"SAP_S4HANA_Cloud_SOA","Label_MIGIdName":"02.) [Trading Partner Name] - SAP SOAP 1905 DeliveryRequest - Target-Copy","ContactPersonId":"","NumberRangeAlias":"","ObjectGUID":"8ed947b8ffda4fb0918db29c34fc1e82","HasEnvelope":"false","MIGGUID":"84dec0c306d94d8c8ec60923432e5a6f","Label_MIGStatus":"Draft","FunctionalAck":"","ImportCorrelationGroupId":"84dec0c306d94d8c8ec60923432e5a6f","MIGLink":"","MessageType":"DeliveryRequest","TypeSystemVersion":"1905","MIGVersionId":"1.0","RACKRequired":""}},"RECEIVER_ADAPTER":{"Properties":{"CommunicationChannelTemplateId":"88ae6603360f4761a203354f716fb736","CommunicationChannelTemplateAlias":"B2B-Simulation.Receiver"}},"RECEIVER_SYSTEM":{"Properties":{"TypeSystem":"SAP_S4HANA_Cloud_SOA","SystemInstanceId":"4d79cc68ef0540dc9dd1dec9ea0c5160","IdAsReceiverAlias":"TP_SOAP_ID","IdAsSender":"f49e65fa67284c908b2c4e2d7a76d943","SystemInstanceAlias":"[B2B Integration Factory]-System","Id":"18be672c721d4f1f845f6436ec301fba","IdAsReceiver":"0ca5dc5179c14e77bb5daf03e5f01537","TypeSystemVersion":"1905"}}}}}]},{"Id":"8118bb03590a4b87b76aa027812ec3db","PatternReference":{"Id":"NOTIFICATION","Version":"1.0","Name":"One Way Notification"},"Sequence":3,"TransactionProperties":{"Properties":{"communicationPartnerId":"","Initiator":"myCompany","Label_ReactorName":"[Trading Partner Name]","Reactor":"18be672c721d4f1f845f6436ec301fba","Name":"03.) Invoice - Outbound","Label_InitiatorName":"[Company Name]"}},"BusinessTransactionActivities":[{"Id":"c1096aa1e4174952930e6a53f55794ac","BusinessTransactionActivityReference":{"Id":"REQUEST-FLOW","Version":"1.0","Name":"Request Processing"},"Sequence":1,"BusinessTransactionActivityProperties":{"Properties":{}},"ActivityParameters":[],"ChoreographyProperties":{"Properties":{"SENDER_SYSTEM":{"Properties":{"TypeSystem":"SAP_IDoc","SystemInstanceId":"9e446f07ceb64f33bae5e11b66be71ac","IdAsSender":"3759275e777b42259821d57e7af91c9c","IdAsReceiverAlias":"TP_IDOC_ID","Id":"myCompany","IdAsReceiver":"39b74d2db27f448ba6abe41a3b7769d0","TypeSystemVersion":"755"}},"SENDER_ADAPTER":{"Properties":{"CCTForSenderFunctionalACKAlias":"","CommunicationChannelTemplateId":"465a5f3f773047c19f8648d929b384a8","CommunicationChannelTemplateAlias":"B2B-Simulation.Sender"}},"SENDER_INTERCHANGE":{"Properties":{"Validation":"false","ImportCorrelationObjectId":"073c07275d6f4e95a2225474a0ecee24","TypeSystem":"SAP_IDoc","Label_MIGIdName":"03.) [Company Name] - SAP IDOC INVOIC.INVOIC02 for Customer EDI - Source","ContactPersonId":"","ObjectGUID":"073c07275d6f4e95a2225474a0ecee24","HasEnvelope":"false","MIGGUID":"5449ec81ca7543a19f95cd85651e8b65","Label_MIGStatus":"Active","CreateAcknowledgement":"","FunctionalAck":"","ImportCorrelationGroupId":"5449ec81ca7543a19f95cd85651e8b65","MIGLink":"","MessageType":"INVOIC.INVOIC02","TypeSystemVersion":"755","MIGVersionId":"1.0"}},"MAPPING":{"Properties":{"MAGVersionId":"3.0","ImportCorrelationObjectId":"a66b5e80982a47ac892cef8fbfd88fd5","Label_MAGName":"03.) [Trading Partner Name] - SAP IDOC INVOIC.INVOIC02 for Customer EDI -to- SAP SOAP 2302 InvoiceRequest","MAGGUID":"0f0596e071f9437daf00fad994ea062b","ImportCorrelationGroupId":"0f0596e071f9437daf00fad994ea062b","MAGLink":"","ObjectGUID":"a66b5e80982a47ac892cef8fbfd88fd5","Label_MAGStatus":"Active"}},"RECEIVER_INTERCHANGE":{"Properties":{"Validation":"false","ImportCorrelationObjectId":"daf328f9aad7440d81f4ea303c7c6e31","TypeSystem":"SAP_S4HANA_Cloud_SOA","Label_MIGIdName":"03.) [Trading Partner Name] - SAP SOAP 2302 InvoiceRequest - Target","ContactPersonId":"","NumberRangeAlias":"","ObjectGUID":"daf328f9aad7440d81f4ea303c7c6e31","HasEnvelope":"false","MIGGUID":"da5f9ce5571842209f31c2f731617cf3","Label_MIGStatus":"Active","FunctionalAck":"","ImportCorrelationGroupId":"da5f9ce5571842209f31c2f731617cf3","MIGLink":"","MessageType":"InvoiceRequest","TypeSystemVersion":"1905","MIGVersionId":"2.0","RACKRequired":""}},"RECEIVER_ADAPTER":{"Properties":{"CommunicationChannelTemplateId":"88ae6603360f4761a203354f716fb736","CommunicationChannelTemplateAlias":"B2B-Simulation.Receiver"}},"RECEIVER_SYSTEM":{"Properties":{"TypeSystem":"SAP_S4HANA_Cloud_SOA","SystemInstanceId":"4d79cc68ef0540dc9dd1dec9ea0c5160","IdAsReceiverAlias":"TP_SOAP_ID","IdAsSender":"f49e65fa67284c908b2c4e2d7a76d943","SystemInstanceAlias":"[B2B Integration Factory]-System","Id":"18be672c721d4f1f845f6436ec301fba","IdAsReceiver":"0ca5dc5179c14e77bb5daf03e5f01537","TypeSystemVersion":"1905"}}}}}]}],"DocumentSchemaVersion":"1.0","administrativeData":{"createdAt":1731503165559,"createdBy":"tamaki.ogura@sap.com","modifiedAt":1732291239495,"modifiedBy":"jan.feyen@sap.com"},"ParentId":"ba8c9f9563dd4907b1ce204dd1d2bb9c","ParentArtifactType":"TRADING_PARTNER_AGREEMENT_V2","searchableAttributes":{"CUSTOM_SEARCH_ATTRIBUTE":[],"TENANT":["e30aab0a-9c29-40d4-a156-5e6dc245c28f"]},"artifactProperties":{"TransactionsNumber":"3"},"relations":[],"ArtifactRelations":{},"artifactStatus":"Draft","id":"15a406a8a36c46d5a469ae49cb20b2c0","uniqueId":"15a406a8a36c46d5a469ae49cb20b2c0","artifactType":"B2B_SCENARIO","displayName":"B2B Scenario","semanticVersion":"2.0"}