{"IsVanScenario":false,"FunctionalAck":{},"BusinessTransactions":[{"Id":"743d9820ac1d485caaf05c1d74eeaadf","PatternReference":{"Id":"REQUEST_RESPONSE","Version":"1.0","Name":"Two Way Request Reply"},"Sequence":1,"TransactionProperties":{"Properties":{"Label_ReactorName":"[Company Name]","Reactor":"myCompany","Name":"01.) Sales Order Request/Response","Label_InitiatorName":""}},"BusinessTransactionActivities":[{"Id":"825bea50ef4649409b092d80c973c61e","BusinessTransactionActivityReference":{"Id":"REQUEST-FLOW","Version":"1.0","Name":"Request Processing"},"Sequence":1,"BusinessTransactionActivityProperties":{"Properties":{}},"ActivityParameters":[],"ChoreographyProperties":{"Properties":{"SENDER_SYSTEM":{"Properties":{"IdAsSenderAlias":"","SystemInstanceAlias":"","IdAsReceiver":""}},"SENDER_ADAPTER":{"Properties":{"CommunicationChannelTemplateAlias":""}},"SENDER_INTERCHANGE":{"Properties":{"Validation":"false","ImportCorrelationObjectId":"","TypeSystem":"","Label_MIGIdName":"","ObjectGUID":"","HasEnvelope":"false","MIGGUID":"","Label_MIGStatus":"","CreateAcknowledgement":"","FunctionalAck":"","ImportCorrelationGroupId":"","MIGLink":"","MessageType":"","TypeSystemVersion":"","MIGVersionId":""}},"MAPPING":{"Properties":{"MAGVersionId":"","ImportCorrelationObjectId":"","Label_MAGName":"","MAGGUID":"","ImportCorrelationGroupId":"","MAGLink":"","ObjectGUID":"","Label_MAGStatus":""}},"RECEIVER_INTERCHANGE":{"Properties":{"Validation":"false","ImportCorrelationObjectId":"","TypeSystem":"","Label_MIGIdName":"","ObjectGUID":"","HasEnvelope":"false","MIGGUID":"","NumberRange":"","Label_MIGStatus":"","FunctionalAck":"","ImportCorrelationGroupId":"","MIGLink":"","MessageType":"","TypeSystemVersion":"","MIGVersionId":"","RACKRequired":""}},"RECEIVER_ADAPTER":{"Properties":{"CommunicationChannelTemplateId":"","ACKCommunicationChannelTemplateId":""}},"RECEIVER_SYSTEM":{"Properties":{"SystemInstanceId":"","IdAsSenderAlias":"","Id":"myCompany","IdAsReceiver":""}}}}},{"Id":"39a1533c34d24dbcb417592719bb8b78","BusinessTransactionActivityReference":{"Id":"RESPONSE-FLOW","Version":"1.0","Name":"Response Processing"},"Sequence":1,"BusinessTransactionActivityProperties":{"Properties":{}},"ActivityParameters":[],"ChoreographyProperties":{"Properties":{"SENDER_SYSTEM":{"Properties":{"SystemInstanceId":"","IdAsSender":"","IdAsReceiverAlias":"","Id":"myCompany"}},"SENDER_ADAPTER":{"Properties":{"CCTForSenderFunctionalACKId":"","CommunicationChannelTemplateId":""}},"SENDER_INTERCHANGE":{"Properties":{"Validation":"false","ImportCorrelationObjectId":"","TypeSystem":"","Label_MIGIdName":"","ObjectGUID":"","HasEnvelope":"false","MIGGUID":"","Label_MIGStatus":"","CreateAcknowledgement":"","FunctionalAck":"","ImportCorrelationGroupId":"","MIGLink":"","MessageType":"","TypeSystemVersion":"","MIGVersionId":""}},"MAPPING":{"Properties":{"MAGVersionId":"","ImportCorrelationObjectId":"","Label_MAGName":"","MAGGUID":"","ImportCorrelationGroupId":"","MAGLink":"","ObjectGUID":"","Label_MAGStatus":""}},"RECEIVER_INTERCHANGE":{"Properties":{"Validation":"false","ImportCorrelationObjectId":"","TypeSystem":"","Label_MIGIdName":"","NumberRangeAlias":"","ObjectGUID":"","HasEnvelope":"false","MIGGUID":"","Label_MIGStatus":"","FunctionalAck":"","ImportCorrelationGroupId":"","MIGLink":"","MessageType":"","TypeSystemVersion":"","MIGVersionId":"","RACKRequired":""}},"RECEIVER_ADAPTER":{"Properties":{"CommunicationChannelTemplateAlias":""}},"RECEIVER_SYSTEM":{"Properties":{"IdAsReceiverAlias":"","IdAsSender":"","SystemInstanceAlias":""}}}}}]},{"Id":"6abd68bcdb5f402f937df629e3400c37","PatternReference":{"Id":"NOTIFICATION","Version":"1.0","Name":"One Way Notification"},"Sequence":2,"TransactionProperties":{"Properties":{"Initiator":"myCompany","Name":"02.) Delivery Notification - Outbound","Label_InitiatorName":"[Company Name]"}},"BusinessTransactionActivities":[{"Id":"f4c26f8f8eee46be82caf40366ee3483","BusinessTransactionActivityReference":{"Id":"REQUEST-FLOW","Version":"1.0","Name":"Request Processing"},"Sequence":1,"BusinessTransactionActivityProperties":{"Properties":{}},"ActivityParameters":[],"ChoreographyProperties":{"Properties":{"SENDER_SYSTEM":{"Properties":{"SystemInstanceId":"","IdAsSender":"","IdAsReceiverAlias":"","Id":"myCompany"}},"SENDER_ADAPTER":{"Properties":{"CCTForSenderFunctionalACKId":"","CommunicationChannelTemplateId":""}},"SENDER_INTERCHANGE":{"Properties":{"Validation":"false","ImportCorrelationObjectId":"","TypeSystem":"","Label_MIGIdName":"","ObjectGUID":"","HasEnvelope":"false","MIGGUID":"","Label_MIGStatus":"","CreateAcknowledgement":"","FunctionalAck":"","ImportCorrelationGroupId":"","MIGLink":"","MessageType":"","TypeSystemVersion":"","MIGVersionId":""}},"MAPPING":{"Properties":{"MAGVersionId":"","ImportCorrelationObjectId":"","Label_MAGName":"","MAGGUID":"","ImportCorrelationGroupId":"","MAGLink":"","ObjectGUID":"","Label_MAGStatus":""}},"RECEIVER_INTERCHANGE":{"Properties":{"Validation":"false","ImportCorrelationObjectId":"","TypeSystem":"","Label_MIGIdName":"","NumberRangeAlias":"","ObjectGUID":"","HasEnvelope":"false","MIGGUID":"","Label_MIGStatus":"","FunctionalAck":"","ImportCorrelationGroupId":"","MIGLink":"","MessageType":"","TypeSystemVersion":"","MIGVersionId":"","RACKRequired":""}},"RECEIVER_ADAPTER":{"Properties":{"CommunicationChannelTemplateAlias":""}},"RECEIVER_SYSTEM":{"Properties":{"IdAsReceiverAlias":"","IdAsSender":"","SystemInstanceAlias":""}}}}}]},{"Id":"8118bb03590a4b87b76aa027812ec3db","PatternReference":{"Id":"NOTIFICATION","Version":"1.0","Name":"One Way Notification"},"Sequence":3,"TransactionProperties":{"Properties":{"Initiator":"myCompany","Name":"03.) Invoice - Outbound","Label_InitiatorName":"[Company Name]"}},"BusinessTransactionActivities":[{"Id":"c1096aa1e4174952930e6a53f55794ac","BusinessTransactionActivityReference":{"Id":"REQUEST-FLOW","Version":"1.0","Name":"Request Processing"},"Sequence":1,"BusinessTransactionActivityProperties":{"Properties":{}},"ActivityParameters":[],"ChoreographyProperties":{"Properties":{"SENDER_SYSTEM":{"Properties":{"SystemInstanceId":"","IdAsSender":"","IdAsReceiverAlias":"","Id":"myCompany"}},"SENDER_ADAPTER":{"Properties":{"CCTForSenderFunctionalACKId":"","CommunicationChannelTemplateId":""}},"SENDER_INTERCHANGE":{"Properties":{"Validation":"false","ImportCorrelationObjectId":"","TypeSystem":"","Label_MIGIdName":"","ObjectGUID":"","HasEnvelope":"false","MIGGUID":"","Label_MIGStatus":"","CreateAcknowledgement":"","FunctionalAck":"","ImportCorrelationGroupId":"","MIGLink":"","MessageType":"","TypeSystemVersion":"","MIGVersionId":""}},"MAPPING":{"Properties":{"MAGVersionId":"","ImportCorrelationObjectId":"","Label_MAGName":"","MAGGUID":"","ImportCorrelationGroupId":"","MAGLink":"","ObjectGUID":"","Label_MAGStatus":""}},"RECEIVER_INTERCHANGE":{"Properties":{"Validation":"false","ImportCorrelationObjectId":"","TypeSystem":"","Label_MIGIdName":"","NumberRangeAlias":"","ObjectGUID":"","HasEnvelope":"false","MIGGUID":"","Label_MIGStatus":"","FunctionalAck":"","ImportCorrelationGroupId":"","MIGLink":"","MessageType":"","TypeSystemVersion":"","MIGVersionId":"","RACKRequired":""}},"RECEIVER_ADAPTER":{"Properties":{"CommunicationChannelTemplateAlias":""}},"RECEIVER_SYSTEM":{"Properties":{"IdAsReceiverAlias":"","IdAsSender":"","SystemInstanceAlias":""}}}}}]}],"DocumentSchemaVersion":"1.0","administrativeData":{"createdAt":1731503031664,"createdBy":"tamaki.ogura@sap.com","modifiedAt":1732011391382,"modifiedBy":"tamaki.ogura@sap.com"},"ParentId":"2860089e1b424d5393e6164eb128ae7d","ParentArtifactType":"AGREEMENT_TEMPLATE_V2","searchableAttributes":{"CUSTOM_SEARCH_ATTRIBUTE":[],"TENANT":["e30aab0a-9c29-40d4-a156-5e6dc245c28f"]},"artifactProperties":{"TransactionsNumber":"3"},"relations":[],"ArtifactRelations":{},"artifactStatus":"Draft","id":"7bfe29b5d5cb487098f582d3b125fcd2","uniqueId":"7bfe29b5d5cb487098f582d3b125fcd2","artifactType":"B2B_SCENARIO","displayName":"B2B Scenario","semanticVersion":"2.0"}