{"ArtifactMetadata":{"SchemaVersion":"1.1","ArtifactType":"MigVersionInfo"},"value":{"ObjectGUID":"0491beb5a1444efb8220673bdeb91562","MIGGUID":"8badc857a5ec45cf83873f9bfd56b984","ImportCorrelationObjectId":"0491beb5a1444efb8220673bdeb91562","ImportCorrelationGroupId":"8badc857a5ec45cf83873f9bfd56b984","VersionId":"1.0","Name":"3PL IWD - 04.) DEFAULT - GS1 XML warehousingOutboundInstructionMessage 3.4.1 - Target","Status":"Draft","HasEnvelope":false,"MessageTemplate":{"TypeSystemId":"GS1_XML","TypeSystemDisplayId":"GS1 XML","VersionId":"3.4.1","VersionDisplayId":"3.4.1","Revision":1,"Id":"warehousingOutboundInstructionMessage","DisplayId":"warehousingOutboundInstructionMessage","Namespace":"urn:gs1:ecom:warehousing_outbound_instruction:xsd:3","Name":"Warehousing Outbound Instruction Message","IsCustomMessage":false},"AdministrativeData":{"CreatedBy":"jan.feyen@sap.com","CreatedOn":1731337362186,"ModifiedBy":"jan.feyen@sap.com","ModifiedOn":1740755888452}}}