{"ArtifactMetadata":{"SchemaVersion":"1.1","ArtifactType":"MigVersionInfo"},"value":{"ObjectGUID":"096fec257c5e46e688f01c3c794a5504","MIGGUID":"00ab6c2755654c58aaca3e97cd0f8f4f","ImportCorrelationObjectId":"096fec257c5e46e688f01c3c794a5504","ImportCorrelationGroupId":"00ab6c2755654c58aaca3e97cd0f8f4f","VersionId":"1.0","Name":"3PL IWD - 03.) [Company Name] - SAP IDoc MBGMCR.MBGMCR03 - Target","Status":"Draft","HasEnvelope":false,"MessageTemplate":{"TypeSystemId":"SAP_IDoc","TypeSystemDisplayId":"SAP S/4HANA On Premise IDoc","VersionId":"1809_FPS02","VersionDisplayId":"1809 FPS02","Revision":11,"Id":"MBGMCR.MBGMCR03","DisplayId":"MBGMCR.MBGMCR03","Name":"Post goods movements with MB_CREATE_GOODS_MOVEMENT","IsCustomMessage":false},"AdministrativeData":{"CreatedBy":"jan.feyen@sap.com","CreatedOn":1731336188421,"ModifiedBy":"jan.feyen@sap.com","ModifiedOn":1740753227106}}}