{"ArtifactMetadata":{"SchemaVersion":"1.1","ArtifactType":"MigVersionInfo"},"value":{"ObjectGUID":"240a679f626f42f7a97bc91c73d663d4","MIGGUID":"645a1f3e79164594ad2b5e1fdbb7c20d","ImportCorrelationObjectId":"e363ad8440e84fdb902f1f299033fea3","ImportCorrelationGroupId":"fa70027bed3147319294728c2b82f33b","VersionId":"1.0","Name":"3PL IWD - 06.) [Company Name] - SAP IDoc DESADV.DELVRY07 - Source","Status":"Draft","HasEnvelope":false,"MessageTemplate":{"TypeSystemId":"SAP_IDoc","TypeSystemDisplayId":"SAP S/4HANA On Premise IDoc","VersionId":"1809_FPS02","VersionDisplayId":"1809 FPS02","Revision":11,"Id":"DESADV.DELVRY07","DisplayId":"DESADV.DELVRY07","Name":"Delivery: Shipping notification","IsCustomMessage":false},"AdministrativeData":{"CreatedBy":"mert.oezkan@sap.com","CreatedOn":1730905403833,"ModifiedBy":"vishakha.deshmukh@sap.com","ModifiedOn":1737469041589,"LastImportedOn":1730905403833,"LastImportedBy":"mert.oezkan@sap.com"}}}