{"ArtifactMetadata":{"SchemaVersion":"1.1","ArtifactType":"MigVersionInfo"},"value":{"ObjectGUID":"2f52a0a11e524d839a35962572f49207","MIGGUID":"c40d42a23fab434ba367cdc1ae511c44","ImportCorrelationObjectId":"da0a9af4ff3841da8f0008e438b17474","ImportCorrelationGroupId":"0d158b132a2d4526ad713189cf497194","VersionId":"1.0","Name":"3PL IWD - 12.) [Company Name] - SAP IDoc DESADV.DELVRY07 - Source","Status":"Draft","HasEnvelope":false,"MessageTemplate":{"TypeSystemId":"SAP_IDoc","TypeSystemDisplayId":"SAP S/4HANA On Premise IDoc","VersionId":"1809_FPS02","VersionDisplayId":"1809 FPS02","Revision":11,"Id":"DESADV.DELVRY07","DisplayId":"DESADV.DELVRY07","Name":"Delivery: Shipping notification","IsCustomMessage":false},"AdministrativeData":{"CreatedBy":"mert.oezkan@sap.com","CreatedOn":1730905700437,"ModifiedBy":"tamaki.ogura@sap.com","ModifiedOn":1734176132624,"LastImportedOn":1730905700437,"LastImportedBy":"mert.oezkan@sap.com"}}}