{"ArtifactMetadata":{"SchemaVersion":"1.1","ArtifactType":"MigVersionInfo"},"value":{"ObjectGUID":"2fcc8885b8ec4143971b0898fab7b91b","MIGGUID":"983c89470e8e43e7932a69c4663010e8","ImportCorrelationObjectId":"2fcc8885b8ec4143971b0898fab7b91b","ImportCorrelationGroupId":"983c89470e8e43e7932a69c4663010e8","VersionId":"1.0","Name":"3PL IWD - 09.) #DEFAULT# - GS1 XML logisticsInventoryReportMessage - Source","Status":"Draft","HasEnvelope":false,"MessageTemplate":{"TypeSystemId":"GS1_XML","TypeSystemDisplayId":"GS1 XML","VersionId":"3.4.1","VersionDisplayId":"3.4.1","Revision":1,"Id":"logisticsInventoryReportMessage","DisplayId":"logisticsInventoryReportMessage","Namespace":"urn:gs1:ecom:logistics_inventory_report:xsd:3","Name":"Logistics Inventory Report Message","IsCustomMessage":false},"AdministrativeData":{"CreatedBy":"tamaki.ogura@sap.com","CreatedOn":1731056262357,"ModifiedBy":"tamaki.ogura@sap.com","ModifiedOn":1732180411771}}}