{"ArtifactMetadata":{"SchemaVersion":"1.1","ArtifactType":"MigVersionInfo"},"value":{"ObjectGUID":"37b9ba1b382d412f85359b89a95b87b2","MIGGUID":"f5d3f492dd094e30b424c7bebdf1fd67","ImportCorrelationObjectId":"37b9ba1b382d412f85359b89a95b87b2","ImportCorrelationGroupId":"f5d3f492dd094e30b424c7bebdf1fd67","VersionId":"1.0","Name":"3PL IWD - 09.) [Company Name] - SAP IDoc ZMMSTCOMP.ZMMSTOCK - Target","Status":"Draft","HasEnvelope":false,"MessageTemplate":{"TypeSystemId":"Customer_TS","TypeSystemDisplayId":"Custom Messages","VersionId":"1.0","VersionDisplayId":"1.0","Revision":1,"Id":"ZMMSTCOMP.ZMMSTOCK","DisplayId":"ZMMSTCOMP.ZMMSTOCK","Name":"IDoc Stock Comparison","Status":"Active","IsCustomMessage":true,"ObjectGUID":"00051eba3a184f68b4993504a753ed6a","MessageGUID":"6821436dbdc44c5eb31bd4cc87e97f8a","ImportCorrelationObjectId":"32c367c801a1420f912e6c84d0d5852b","ImportCorrelationGroupId":"0644ae2711c84bf0a242e8590e0dab55","AdministrativeData":{"CreatedBy":"gunther.stuhec@sap.com","CreatedOn":1714633416177,"ModifiedBy":"jan.feyen@sap.com","ModifiedOn":1730903069072,"LastImportedOn":1730903069072,"LastImportedBy":"jan.feyen@sap.com"}},"AdministrativeData":{"CreatedBy":"tamaki.ogura@sap.com","CreatedOn":1731056262791,"ModifiedBy":"tamaki.ogura@sap.com","ModifiedOn":1732180973734}}}