{"ArtifactMetadata":{"SchemaVersion":"1.1","ArtifactType":"MigVersionInfo"},"value":{"ObjectGUID":"38e3982f46864373b5a164e992881aca","MIGGUID":"788b1b2b6118454fba243949e88e823f","ImportCorrelationObjectId":"38e3982f46864373b5a164e992881aca","ImportCorrelationGroupId":"788b1b2b6118454fba243949e88e823f","VersionId":"1.0","Name":"3PL IWD - 10.) #DEFAULT# - GS1 XML logisticsInventoryReportMessage - Source","Status":"Draft","HasEnvelope":false,"MessageTemplate":{"TypeSystemId":"GS1_XML","TypeSystemDisplayId":"GS1 XML","VersionId":"3.4.1","VersionDisplayId":"3.4.1","Revision":1,"Id":"logisticsInventoryReportMessage","DisplayId":"logisticsInventoryReportMessage","Namespace":"urn:gs1:ecom:logistics_inventory_report:xsd:3","Name":"Logistics Inventory Report Message","IsCustomMessage":false},"AdministrativeData":{"CreatedBy":"tamaki.ogura@sap.com","CreatedOn":1731056823023,"ModifiedBy":"tamaki.ogura@sap.com","ModifiedOn":1732181653539}}}