{"ArtifactMetadata":{"SchemaVersion":"1.1","ArtifactType":"MigVersionInfo"},"value":{"ObjectGUID":"419f0e418c7d448c8d6bd3d1f5379d2a","MIGGUID":"34559432373a4c679844db022a308d8d","ImportCorrelationObjectId":"419f0e418c7d448c8d6bd3d1f5379d2a","ImportCorrelationGroupId":"34559432373a4c679844db022a308d8d","VersionId":"1.0","Name":"3PL IWD - 02.) [Company Name] - SAP IDoc DESADV.DELVRY07 - Source","Status":"Draft","HasEnvelope":false,"MessageTemplate":{"TypeSystemId":"SAP_IDoc","TypeSystemDisplayId":"SAP S/4HANA On Premise IDoc","VersionId":"1809_FPS02","VersionDisplayId":"1809 FPS02","Revision":11,"Id":"DESADV.DELVRY07","DisplayId":"DESADV.DELVRY07","Name":"Delivery: Shipping notification","IsCustomMessage":false},"AdministrativeData":{"CreatedBy":"jan.feyen@sap.com","CreatedOn":1740758818333,"ModifiedBy":"jan.feyen@sap.com","ModifiedOn":1740759513478}}}