{"ArtifactMetadata":{"SchemaVersion":"1.1","ArtifactType":"MigVersionInfo"},"value":{"ObjectGUID":"42595b3dc5004d869213725fca17a723","MIGGUID":"efca28a2ed9c4a55b301c356f75b2c02","ImportCorrelationObjectId":"42595b3dc5004d869213725fca17a723","ImportCorrelationGroupId":"efca28a2ed9c4a55b301c356f75b2c02","VersionId":"1.0","Name":"3PL IWD - 07.) [Company Name] - SAP IDoc WHSCON.DELVRY07 - Target","Status":"Draft","HasEnvelope":false,"MessageTemplate":{"TypeSystemId":"SAP_IDoc","TypeSystemDisplayId":"SAP S/4HANA On Premise IDoc","VersionId":"1809_FPS02","VersionDisplayId":"1809 FPS02","Revision":11,"Id":"WHSCON.DELVRY07","DisplayId":"WHSCON.DELVRY07","Name":"Delivery: Stock confirmation","IsCustomMessage":false},"AdministrativeData":{"CreatedBy":"vishakha.deshmukh@sap.com","CreatedOn":1731085067760,"ModifiedBy":"vishakha.deshmukh@sap.com","ModifiedOn":1731086110791}}}