{"ArtifactMetadata":{"SchemaVersion":"1.1","ArtifactType":"MigVersionInfo"},"value":{"ObjectGUID":"6f803159837046218ccfe8c68fbe6f3b","MIGGUID":"e3cada596579496381107c65bd0678b6","ImportCorrelationObjectId":"6f803159837046218ccfe8c68fbe6f3b","ImportCorrelationGroupId":"e3cada596579496381107c65bd0678b6","VersionId":"1.0","Name":"3PL IWD - 07.) #DEFAULT# - GS1 XML warehousingInboundNotificationMessage - Source","Status":"Draft","HasEnvelope":false,"MessageTemplate":{"TypeSystemId":"GS1_XML","TypeSystemDisplayId":"GS1 XML","VersionId":"3.4.1","VersionDisplayId":"3.4.1","Revision":1,"Id":"warehousingInboundNotificationMessage","DisplayId":"warehousingInboundNotificationMessage","Namespace":"urn:gs1:ecom:warehousing_inbound_notification:xsd:3","Name":"Warehousing Inbound Notification Message","IsCustomMessage":false},"AdministrativeData":{"CreatedBy":"vishakha.deshmukh@sap.com","CreatedOn":1731084372198,"ModifiedBy":"vishakha.deshmukh@sap.com","ModifiedOn":1731084977441}}}