{"ArtifactMetadata":{"SchemaVersion":"1.1","ArtifactType":"MigVersionInfo"},"value":{"ObjectGUID":"72c6449d0a1d42a697be45e818dfff0c","MIGGUID":"aaa825f6a112493b859b06f593b16049","ImportCorrelationObjectId":"72c6449d0a1d42a697be45e818dfff0c","ImportCorrelationGroupId":"aaa825f6a112493b859b06f593b16049","VersionId":"1.0","Name":"3PL IWD - 01.) #DEFAULT# - GS1 XML itemDataNotificationMessage 3.4.1 - Target","Status":"Draft","HasEnvelope":false,"MessageTemplate":{"TypeSystemId":"GS1_XML","TypeSystemDisplayId":"GS1 XML","VersionId":"3.4.1","VersionDisplayId":"3.4.1","Revision":1,"Id":"itemDataNotificationMessage","DisplayId":"itemDataNotificationMessage","Namespace":"urn:gs1:ecom:item_data_notification:xsd:3","Name":"Item Data Notification Message","IsCustomMessage":false},"AdministrativeData":{"CreatedBy":"jan.feyen@sap.com","CreatedOn":1731070052222,"ModifiedBy":"jan.feyen@sap.com","ModifiedOn":1740675441194}}}