{"ArtifactMetadata":{"SchemaVersion":"1.1","ArtifactType":"MigVersionInfo"},"value":{"ObjectGUID":"74f3e8d7b9cd41298bbba6876b529334","MIGGUID":"21b8f1ccdb574969aa086464768a2bc7","ImportCorrelationObjectId":"83642a9a12634599a427abf493dbe447","ImportCorrelationGroupId":"2dbb79efc9334dfdbe7ba17c83724b1c","VersionId":"2.0","Name":"3PL IWD - 02.) #DEFAULT# - GS1 XML warehousingInboundInstructionMessage 3.4.1 - Target","Status":"Active","HasEnvelope":false,"MessageTemplate":{"TypeSystemId":"GS1_XML","TypeSystemDisplayId":"GS1 XML","VersionId":"3.4.1","VersionDisplayId":"3.4.1","Revision":1,"Id":"warehousingInboundInstructionMessage","DisplayId":"warehousingInboundInstructionMessage","Namespace":"urn:gs1:ecom:warehousing_inbound_instruction:xsd:3","Name":"Warehousing Inbound Instruction Message","IsCustomMessage":false},"AdministrativeData":{"CreatedBy":"mert.oezkan@sap.com","CreatedOn":1730904344498,"ModifiedBy":"mert.oezkan@sap.com","ModifiedOn":1730904344498,"LastImportedOn":1730904344498,"LastImportedBy":"mert.oezkan@sap.com"}}}