{"ArtifactMetadata":{"SchemaVersion":"1.1","ArtifactType":"MigVersionInfo"},"value":{"ObjectGUID":"7847fa5c8f7d4ad88bb4a7ba8299f9ca","MIGGUID":"67042e8fe7e64439a6225d78a904346d","ImportCorrelationObjectId":"7847fa5c8f7d4ad88bb4a7ba8299f9ca","ImportCorrelationGroupId":"67042e8fe7e64439a6225d78a904346d","VersionId":"1.0","Name":"3PL IWD - 11.) [Company Name] - SAP IDoc DESADV.DELVRY07 - Target","Status":"Draft","HasEnvelope":false,"MessageTemplate":{"TypeSystemId":"SAP_IDoc","TypeSystemDisplayId":"SAP S/4HANA On Premise IDoc","VersionId":"1809_FPS02","VersionDisplayId":"1809 FPS02","Revision":11,"Id":"DESADV.DELVRY07","DisplayId":"DESADV.DELVRY07","Name":"Delivery: Shipping notification","IsCustomMessage":false},"AdministrativeData":{"CreatedBy":"tamaki.ogura@sap.com","CreatedOn":1731056995871,"ModifiedBy":"tamaki.ogura@sap.com","ModifiedOn":1731057081969}}}