{"ArtifactMetadata":{"SchemaVersion":"1.1","ArtifactType":"MigVersionInfo"},"value":{"ObjectGUID":"93292bd451c14a99a90b99ee8c2b8461","MIGGUID":"65674094c4124413abbe0259006c27ba","ImportCorrelationObjectId":"93292bd451c14a99a90b99ee8c2b8461","ImportCorrelationGroupId":"65674094c4124413abbe0259006c27ba","VersionId":"1.0","Name":"3PL IWD - 05.) #DEFAULT# - GS1 XML warehousingOutboundNotificationMessage - Source","Status":"Draft","HasEnvelope":false,"MessageTemplate":{"TypeSystemId":"GS1_XML","TypeSystemDisplayId":"GS1 XML","VersionId":"3.4.1","VersionDisplayId":"3.4.1","Revision":1,"Id":"warehousingOutboundNotificationMessage","DisplayId":"warehousingOutboundNotificationMessage","Namespace":"urn:gs1:ecom:warehousing_outbound_notification:xsd:3","Name":"Warehousing Outbound Notification Message","IsCustomMessage":false},"AdministrativeData":{"CreatedBy":"vishakha.deshmukh@sap.com","CreatedOn":1731092960539,"ModifiedBy":"vishakha.deshmukh@sap.com","ModifiedOn":1737474371641}}}