{"ArtifactMetadata":{"SchemaVersion":"1.1","ArtifactType":"MigVersionInfo"},"value":{"ObjectGUID":"9ff44ba9aec1456bbe10e6aca414cd43","MIGGUID":"64cb12bf60e8403f908b54b46a8de5d9","ImportCorrelationObjectId":"9ff44ba9aec1456bbe10e6aca414cd43","ImportCorrelationGroupId":"64cb12bf60e8403f908b54b46a8de5d9","VersionId":"1.0","Name":"3PL IWD - 01.) [Company Name] - SAP IDoc MATMAS.MATMAS05 - Source","Status":"Draft","HasEnvelope":false,"MessageTemplate":{"TypeSystemId":"SAP_IDoc","TypeSystemDisplayId":"SAP S/4HANA On Premise IDoc","VersionId":"1809_FPS02","VersionDisplayId":"1809 FPS02","Revision":11,"Id":"MATMAS.MATMAS05","DisplayId":"MATMAS.MATMAS05","Name":"Material master","IsCustomMessage":false},"AdministrativeData":{"CreatedBy":"jan.feyen@sap.com","CreatedOn":1731067092954,"ModifiedBy":"jan.feyen@sap.com","ModifiedOn":1740676813414}}}