{"ArtifactMetadata":{"SchemaVersion":"1.1","ArtifactType":"MigVersionInfo"},"value":{"ObjectGUID":"a62d9909f8224a33999d76984e880069","MIGGUID":"c1d49d0df1214b73a3c20ded35aeac1e","ImportCorrelationObjectId":"a62d9909f8224a33999d76984e880069","ImportCorrelationGroupId":"c1d49d0df1214b73a3c20ded35aeac1e","VersionId":"1.0","Name":"3PL IWD - 12.) #DEFAULT# - GS1 XML warehousingOutboundInstruction 3.4.1 - Target","Status":"Draft","HasEnvelope":false,"MessageTemplate":{"TypeSystemId":"GS1_XML","TypeSystemDisplayId":"GS1 XML","VersionId":"3.4.1","VersionDisplayId":"3.4.1","Revision":1,"Id":"warehousingOutboundInstructionMessage","DisplayId":"warehousingOutboundInstructionMessage","Namespace":"urn:gs1:ecom:warehousing_outbound_instruction:xsd:3","Name":"Warehousing Outbound Instruction Message","IsCustomMessage":false},"AdministrativeData":{"CreatedBy":"tamaki.ogura@sap.com","CreatedOn":1731057269856,"ModifiedBy":"tamaki.ogura@sap.com","ModifiedOn":1732190250317}}}