{"ArtifactMetadata":{"SchemaVersion":"1.1","ArtifactType":"MigVersionInfo"},"value":{"ObjectGUID":"b4537c39ef4343b0840e916ad27f2d5f","MIGGUID":"fad0585be01a4cafac6cfffda8a00ade","ImportCorrelationObjectId":"b4537c39ef4343b0840e916ad27f2d5f","ImportCorrelationGroupId":"fad0585be01a4cafac6cfffda8a00ade","VersionId":"1.0","Name":"3PL IWD - 11.) #DEFAULT# - GS1 XML warehousingInboundNotificationMessage - Source","Status":"Draft","HasEnvelope":false,"MessageTemplate":{"TypeSystemId":"GS1_XML","TypeSystemDisplayId":"GS1 XML","VersionId":"3.4.1","VersionDisplayId":"3.4.1","Revision":1,"Id":"warehousingInboundNotificationMessage","DisplayId":"warehousingInboundNotificationMessage","Namespace":"urn:gs1:ecom:warehousing_inbound_notification:xsd:3","Name":"Warehousing Inbound Notification Message","IsCustomMessage":false},"AdministrativeData":{"CreatedBy":"tamaki.ogura@sap.com","CreatedOn":1731056995316,"ModifiedBy":"tamaki.ogura@sap.com","ModifiedOn":1731057083741}}}