{"ArtifactMetadata":{"SchemaVersion":"1.1","ArtifactType":"MigVersionInfo"},"value":{"ObjectGUID":"b80145a126994dc5ac40e07e18c0f7b8","MIGGUID":"a5f40a74792c49f8b7320fd353d1d058","ImportCorrelationObjectId":"b80145a126994dc5ac40e07e18c0f7b8","ImportCorrelationGroupId":"a5f40a74792c49f8b7320fd353d1d058","VersionId":"1.0","Name":"3PL IWD - 08.) [Company Name] - SAP IDoc WHSCON.DELVRY07 - Target","Status":"Draft","HasEnvelope":false,"MessageTemplate":{"TypeSystemId":"SAP_IDoc","TypeSystemDisplayId":"SAP S/4HANA On Premise IDoc","VersionId":"1809_FPS02","VersionDisplayId":"1809 FPS02","Revision":11,"Id":"WHSCON.DELVRY07","DisplayId":"WHSCON.DELVRY07","Name":"Delivery: Stock confirmation","IsCustomMessage":false},"AdministrativeData":{"CreatedBy":"vishakha.deshmukh@sap.com","CreatedOn":1731081265294,"ModifiedBy":"vishakha.deshmukh@sap.com","ModifiedOn":1738772793963}}}