{"ArtifactMetadata":{"SchemaVersion":"1.1","ArtifactType":"MigVersionInfo"},"value":{"ObjectGUID":"ca27a68794b5412bb69309e564432028","MIGGUID":"534ba660b3134a86b1d6d123b0b5c67e","ImportCorrelationObjectId":"ca27a68794b5412bb69309e564432028","ImportCorrelationGroupId":"534ba660b3134a86b1d6d123b0b5c67e","VersionId":"1.0","Name":"3PL IWD - 08.) #DEFAULT# - GS1 XML warehousingOutboundNotificationMessage - Source","Status":"Draft","HasEnvelope":false,"MessageTemplate":{"TypeSystemId":"GS1_XML","TypeSystemDisplayId":"GS1 XML","VersionId":"3.4.1","VersionDisplayId":"3.4.1","Revision":1,"Id":"warehousingOutboundNotificationMessage","DisplayId":"warehousingOutboundNotificationMessage","Namespace":"urn:gs1:ecom:warehousing_outbound_notification:xsd:3","Name":"Warehousing Outbound Notification Message","IsCustomMessage":false},"AdministrativeData":{"CreatedBy":"vishakha.deshmukh@sap.com","CreatedOn":1731082558319,"ModifiedBy":"vishakha.deshmukh@sap.com","ModifiedOn":1731083847193}}}