{"ArtifactMetadata":{"SchemaVersion":"1.1","ArtifactType":"MigVersionInfo"},"value":{"ObjectGUID":"cdee9af3d3944fdb93f256fd017d806b","MIGGUID":"ad55efdd357c416393d8749ae9302481","ImportCorrelationObjectId":"cdee9af3d3944fdb93f256fd017d806b","ImportCorrelationGroupId":"ad55efdd357c416393d8749ae9302481","VersionId":"1.0","Name":"3PL IWD - 03.) #DEFAULT# - GS1 XML warehousingInboundNotificationMessage 3.4.1 - Source","Status":"Draft","HasEnvelope":false,"MessageTemplate":{"TypeSystemId":"GS1_XML","TypeSystemDisplayId":"GS1 XML","VersionId":"3.4.1","VersionDisplayId":"3.4.1","Revision":1,"Id":"warehousingInboundNotificationMessage","DisplayId":"warehousingInboundNotificationMessage","Namespace":"urn:gs1:ecom:warehousing_inbound_notification:xsd:3","Name":"Warehousing Inbound Notification Message","IsCustomMessage":false},"AdministrativeData":{"CreatedBy":"jan.feyen@sap.com","CreatedOn":1731334592200,"ModifiedBy":"jan.feyen@sap.com","ModifiedOn":1740753019185}}}