{"ArtifactMetadata":{"SchemaVersion":"1.1","ArtifactType":"MigVersionInfo"},"value":{"ObjectGUID":"d75f637d90db468980183af636a4ce94","MIGGUID":"451232619cad49afab1218cbce99d318","ImportCorrelationObjectId":"d75f637d90db468980183af636a4ce94","ImportCorrelationGroupId":"451232619cad49afab1218cbce99d318","VersionId":"1.0","Name":"3PL IWD - 05.) [Company Name] - SAP IDoc WHSCON.DELVRY07 - Target","Status":"Draft","HasEnvelope":false,"MessageTemplate":{"TypeSystemId":"SAP_IDoc","TypeSystemDisplayId":"SAP S/4HANA On Premise IDoc","VersionId":"1809_FPS02","VersionDisplayId":"1809 FPS02","Revision":11,"Id":"WHSCON.DELVRY07","DisplayId":"WHSCON.DELVRY07","Name":"Delivery: Stock confirmation","IsCustomMessage":false},"AdministrativeData":{"CreatedBy":"vishakha.deshmukh@sap.com","CreatedOn":1731094608837,"ModifiedBy":"vishakha.deshmukh@sap.com","ModifiedOn":1738841171860}}}