{"ArtifactMetadata":{"SchemaVersion":"1.1","ArtifactType":"MigVersionInfo"},"value":{"ObjectGUID":"e020b60e48114406931d9134bd302287","MIGGUID":"2ad49c7d555e48f7baf877741839b4ff","ImportCorrelationObjectId":"e020b60e48114406931d9134bd302287","ImportCorrelationGroupId":"2ad49c7d555e48f7baf877741839b4ff","VersionId":"1.0","Name":"3PL IWD - 10.) [Company Name] - SAP IDoc MBGMCR.MBGMCR03 - Target","Status":"Draft","HasEnvelope":false,"MessageTemplate":{"TypeSystemId":"SAP_IDoc","TypeSystemDisplayId":"SAP S/4HANA On Premise IDoc","VersionId":"1809_FPS02","VersionDisplayId":"1809 FPS02","Revision":11,"Id":"MBGMCR.MBGMCR03","DisplayId":"MBGMCR.MBGMCR03","Name":"Post goods movements with MB_CREATE_GOODS_MOVEMENT","IsCustomMessage":false},"AdministrativeData":{"CreatedBy":"tamaki.ogura@sap.com","CreatedOn":1731056823388,"ModifiedBy":"tamaki.ogura@sap.com","ModifiedOn":1732182232930}}}