{"ArtifactMetadata":{"SchemaVersion":"1.1","ArtifactType":"MigVersionInfo"},"value":{"ObjectGUID":"f091182f39df41d49f0c4939a7031df2","MIGGUID":"c5a94e317f7d43df9f89942b8aead3b0","ImportCorrelationObjectId":"f091182f39df41d49f0c4939a7031df2","ImportCorrelationGroupId":"c5a94e317f7d43df9f89942b8aead3b0","VersionId":"1.0","Name":"3PL IWD - 04.) [Company Name] - SAP IDoc DESADV.DELVRY07 - Source","Status":"Draft","HasEnvelope":false,"MessageTemplate":{"TypeSystemId":"SAP_IDoc","TypeSystemDisplayId":"SAP S/4HANA On Premise IDoc","VersionId":"1809_FPS02","VersionDisplayId":"1809 FPS02","Revision":11,"Id":"DESADV.DELVRY07","DisplayId":"DESADV.DELVRY07","Name":"Delivery: Shipping notification","IsCustomMessage":false},"AdministrativeData":{"CreatedBy":"jan.feyen@sap.com","CreatedOn":1731402770775,"ModifiedBy":"jan.feyen@sap.com","ModifiedOn":1740755008364}}}