{"ArtifactMetadata":{"SchemaVersion":"1.1","ArtifactType":"MigVersionInfo"},"value":{"ObjectGUID":"f9ef79ef609e44248f05c51cf9270c45","MIGGUID":"0608570b74d2413e9530bd70f7bfc137","ImportCorrelationObjectId":"f9ef79ef609e44248f05c51cf9270c45","ImportCorrelationGroupId":"da44b64f91c14c919fe36bad0a4a0e52","VersionId":"3.0","Name":"3PL IWD - 06.) #DEFAULT# - GS1 XML warehousingInboundInstructionMessage 3.4.1 - Target","Status":"Draft","HasEnvelope":false,"MessageTemplate":{"TypeSystemId":"GS1_XML","TypeSystemDisplayId":"GS1 XML","VersionId":"3.4.1","VersionDisplayId":"3.4.1","Revision":1,"Id":"warehousingInboundInstructionMessage","DisplayId":"warehousingInboundInstructionMessage","Namespace":"urn:gs1:ecom:warehousing_inbound_instruction:xsd:3","Name":"Warehousing Inbound Instruction Message","IsCustomMessage":false},"AdministrativeData":{"CreatedBy":"vishakha.deshmukh@sap.com","CreatedOn":1737469198160,"ModifiedBy":"vishakha.deshmukh@sap.com","ModifiedOn":1739261293913}}}