{"Alias":"S/4 HANA System","Name":"S/4 HANA System","Description":"","SystemType":"e60fa10b112d4ef0aa8e9e599922f05e","Purpose":"Test","Link":"","Setting":true,"TypeSystems":[{"Id":"ASC_X12","Name":"ASC X12","Versions":[{"Id":"004010","Name":"004010"}]},{"Id":"SAP_S4HANA_OnPremise_SOA","Name":"SAP S/4HANA On Premise SOAP","Versions":[{"Id":"1809_FPS02","Name":"1809_FPS02"}]},{"Id":"SAP_IDoc","Name":"SAP S/4HANA On Premise IDoc","Versions":[{"Id":"755","Name":"755"},{"Id":"1809_FPS02","Name":"1809_FPS02"}]},{"Id":"SAP_S4HANA_Cloud_SOA","Name":"SAP S/4HANA Cloud SOAP","Versions":[{"Id":"2302","Name":"2302"}]}],"DocumentSchemaVersion":"1.0","administrativeData":{"createdAt":1722011948627,"createdBy":"gunther.stuhec@sap.com","modifiedAt":1749211733933,"modifiedBy":"moussa.el.kakouchi@sap.com"},"ParentId":"myCompany","ParentArtifactType":"COMPANY","searchableAttributes":{"Alias":["S/4 HANA System"],"SystemType":["e60fa10b112d4ef0aa8e9e599922f05e"],"TENANT":["0276649a-0a57-4c1b-9235-3fa585ecc5df"]},"artifactProperties":{},"relations":[],"ArtifactRelations":{},"artifactStatus":"Draft","uniqueId":"32a87e068ead40e5bb4a6e727b4ac402","displayName":"S/4 HANA System","semanticVersion":"1.0","id":"9e446f07ceb64f33bae5e11b66be71ac","artifactType":"SYSTEM_INSTANCE"}