{"ArtifactMetadata":{"SchemaVersion":"1.4","ArtifactType":"MagDetail"},"Identification":{"ObjectGuid":"115c94df05b8496582e263a6020b7bb2","MAGGUID":"7af4ea3e1c8440719323bce3d47e7fd7","ImportCorrelationGroupId":"0f0596e071f9437daf00fad994ea062b","ImportCorrelationObjectId":"c22a6d1d23b34ba09530adb660a08b7f","MAGVersion":"4.0","Customer":"fd071028502f5e5e1104606396090e5a"},"SourceBusinessContext":[{"contextType":"IndustryClassification","codeListId":"Industry","contextValues":[{"key":"I_CP","name":"Consumer Products"}]},{"contextType":"BusinessProcessRole","codeListId":"RoleCodelist","contextValues":[{"key":"SE","name":"Seller"},{"key":"BY","name":"Buyer"}]},{"contextType":"BusinessProcess","codeListId":"CommonBusinessProcessCodelist","contextValues":[{"key":"00034","name":"Create Invoice"},{"key":"00035","name":"Create Invoice"}]}],"TargetBusinessContext":[{"contextType":"BusinessProcess","codeListId":"CommonBusinessProcessCodelist","contextValues":[{"key":"00034","name":"Create Invoice"}]}],"Status":"Active","SourceMig":{"ObjectGUID":"18f2c07474354d76a2b3ed7ee37ed67d","TypeSystemId":"SAP_IDoc"},"TargetMig":{"ObjectGUID":"acb36a84dd124f8a926c5e220e687bb0","TypeSystemId":"SAP_S4HANA_Cloud_SOA"},"DomainMappingElementsWithTransformation":[{"DomainMappingElement":{"SourceDomainSet":[{"DomainGuid":"5b34e2c5905438fa8793f898fc956cf8","Position":1}],"TargetDomainSet":[{"DomainGuid":"3a4c3266da7c3a26b5599d2230a01066","Position":1}],"Documentation":{}},"Confidential":false},{"DomainMappingElement":{"SourceDomainSet":[],"TargetDomainSet":[{"DomainGuid":"16be5637da10320fb6269823e5d6fcd3","Position":1}],"Documentation":{}},"Transformation":{"Function":{"FunctionGuid":"c2f97322c4504474ba90239ba873b8eb","FunctionParameters":[{"PositionInParameterList":1,"Direction":"OUT","Type":"NODE_LIST","Name":"nodes_out_1"}],"FunctionImplementations":[{"SourceCode":"\u003c!-- The content below is only a placeholder --\u003e\n\u003c!-- and can be replaced --\u003e\n\u003cxsl:sequence select\u003d\"current-dateTime()\"/\u003e","FunctionImplementationLanguage":{"Name":"XSLT","Version":"2.0"}}],"isReference":false},"ParameterAssignments":[{"PositionInParameterList":1,"PositionInParameter":1,"PositionInDomainSet":1}]},"Confidential":false},{"DomainMappingElement":{"SourceDomainSet":[{"DomainGuid":"686ed4ca345d30b6a5bb6a04f4f58620","AlternativeDomainGuid":"d7e3b8f08e6937469f63a468cc20a695","Position":1}],"TargetDomainSet":[{"DomainGuid":"79f67f0b9bd13fb189da88f8b9d64c7e","Position":1}],"Documentation":{}},"Transformation":{"Function":{"FunctionGuid":"00000000000000000000000000000001","FunctionParameters":[{"PositionInParameterList":1,"Direction":"IN","Type":"NODE_LIST","Name":"BELNR"},{"PositionInParameterList":2,"Direction":"OUT","Type":"NODE_LIST","Name":"nodes_out_1"}],"FunctionImplementations":[{"SourceCode":"\u003cxsl:sequence select\u003d\"$nodes_in/*\"/\u003e","FunctionImplementationLanguage":{"Name":"XSLT","Version":"2.0"}}],"isReference":false},"ParameterAssignments":[{"PositionInParameterList":1,"PositionInParameter":1,"PositionInDomainSet":1},{"PositionInParameterList":2,"PositionInParameter":1,"PositionInDomainSet":1}]},"Confidential":false},{"DomainMappingElement":{"SourceDomainSet":[{"DomainGuid":"a8997d41818b3e7e9c172418ea11b7b4","AlternativeDomainGuid":"1c46af5f89963644ab30d4e4c8ae1565","Position":1},{"DomainGuid":"f5f8b0a844e3363090a2dec201bfb67a","AlternativeDomainGuid":"2c5590fcaab543698a902f6c38ec4c6b","Position":2}],"TargetDomainSet":[{"DomainGuid":"c2c42994fd46363c95f4f010586aeba8","Position":1}],"Documentation":{}},"Transformation":{"Function":{"FunctionGuid":"5926bf8a572f41bc8491c6e1fa45bc87","FunctionParameters":[{"PositionInParameterList":1,"Direction":"IN","Type":"NODE_LIST","Name":"SUMME_10"},{"PositionInParameterList":2,"Direction":"IN","Type":"NODE_LIST","Name":"SUMME_11"},{"PositionInParameterList":3,"Direction":"OUT","Type":"NODE_LIST","Name":"nodes_out_1"}],"FunctionImplementations":[{"SourceCode":"\u003cxsl:choose\u003e\r\n\u003cxsl:when test\u003d\"exists($nodes_in/SUMME_11)\"\u003e\r\n    \u003cxsl:value-of select\u003d\"$nodes_in/SUMME_11\"/\u003e\r\n    \u003c/xsl:when\u003e\r\n\u003cxsl:otherwise\u003e\r\n    \u003cxsl:value-of select\u003d\"$nodes_in/SUMME_10\"/\u003e\r\n\u003c/xsl:otherwise\u003e\r\n\u003c/xsl:choose\u003e","FunctionImplementationLanguage":{"Name":"XSLT","Version":"2.0"}}],"isReference":false},"ParameterAssignments":[{"PositionInParameterList":1,"PositionInParameter":1,"PositionInDomainSet":1},{"PositionInParameterList":2,"PositionInParameter":1,"PositionInDomainSet":2},{"PositionInParameterList":3,"PositionInParameter":1,"PositionInDomainSet":1}]},"Confidential":false},{"DomainMappingElement":{"SourceDomainSet":[{"DomainGuid":"5b34e2c5905438fa8793f898fc956cf8","Position":1}],"TargetDomainSet":[{"DomainGuid":"27b8c0fa967e3366becea247dc260608","Position":1}],"Documentation":{}},"Confidential":false},{"DomainMappingElement":{"SourceDomainSet":[{"DomainGuid":"33da357bc5b138349a03ebdd899577a6","Position":1}],"TargetDomainSet":[{"DomainGuid":"e70adb307a5630439f81437ef329dcba","Position":1}],"Documentation":{}},"Transformation":{"Function":{"FunctionGuid":"0d112c0504af4443b6bc1f9ff46d361d","FunctionParameters":[{"PositionInParameterList":1,"Direction":"IN","Type":"NODE_LIST","Name":"BSART"},{"PositionInParameterList":2,"Direction":"OUT","Type":"NODE_LIST","Name":"nodes_out_1"}],"FunctionImplementations":[{"SourceCode":"\u003cxsl:variable name\u003d\"vbsart\" select\u003d\"$nodes_in/BSART\"/\u003e\r\n\u003cxsl:choose\u003e\r\n\u003cxsl:when test\u003d\"$vbsart\u003d\u0027CRME\u0027\"\u003e\r\n\u003cxsl:value-of select\u003d\"\u0027005\u0027\"/\u003e\r\n\u003c/xsl:when\u003e\r\n\u003cxsl:otherwise\u003e\r\n  \u003cxsl:value-of select\u003d\"\u0027004\u0027\"/\u003e\r\n\u003c/xsl:otherwise\u003e\r\n\u003c/xsl:choose\u003e","FunctionImplementationLanguage":{"Name":"XSLT","Version":"2.0"}}],"isReference":false},"ParameterAssignments":[{"PositionInParameterList":1,"PositionInParameter":1,"PositionInDomainSet":1},{"PositionInParameterList":2,"PositionInParameter":1,"PositionInDomainSet":1}]},"Confidential":false},{"DomainMappingElement":{"SourceDomainSet":[{"DomainGuid":"61150e6c62d23b8890c00ffde0b4c21c","AlternativeDomainGuid":"b374342c8d6e48e6ba2d7da4471f0328","Position":1}],"TargetDomainSet":[{"DomainGuid":"818c69bd50143d3b84494ba19d409346","Position":1}],"Documentation":{}},"Transformation":{"Function":{"FunctionGuid":"10010000000000000000000000000001","FunctionParameters":[{"PositionInParameterList":1,"Direction":"IN","Type":"NODE_LIST","Name":"source_date_time_value"},{"PositionInParameterList":2,"Direction":"IN","Type":"NODE_LIST","Name":"source_date_time_format"},{"PositionInParameterList":3,"Direction":"IN","Type":"STRING","Name":"target_date_time_format"},{"PositionInParameterList":4,"Direction":"OUT","Type":"NODE_LIST","Name":"target_date_time_value"}],"FunctionImplementations":[{"SourceCode":"\u003cxsl:sequence select\u003d\"ica_fn:transform-dateTime($nodes_in/nodes_in_1,$nodes_in/source_date_time_format,$nodes_in/target_date_time_format)\"/\u003e","FunctionImplementationLanguage":{"Name":"XSLT","Version":"2.0"}}],"isReference":false},"ParameterAssignments":[{"PositionInParameterList":1,"PositionInParameter":1,"PositionInDomainSet":1},{"PositionInParameterList":2,"PositionInParameter":1,"Value":"CCYYMMDD"},{"PositionInParameterList":3,"PositionInParameter":1,"Value":"CCYY\u0027-\u0027MM\u0027-\u0027DD[Z|(+|-)hh\u0027:\u0027mm]"},{"PositionInParameterList":4,"PositionInParameter":1,"PositionInDomainSet":1}]},"Confidential":false},{"DomainMappingElement":{"SourceDomainSet":[{"DomainGuid":"9de027e666943792b1e3c3211636277e","Position":1}],"TargetDomainSet":[{"DomainGuid":"33e2e832bfdd3640b05ef0b26d32cb06","Position":1}],"Documentation":{}},"Transformation":{"Function":{"FunctionGuid":"00000000000000000000000000000001","FunctionParameters":[{"PositionInParameterList":1,"Direction":"IN","Type":"NODE_LIST","Name":"CURCY"},{"PositionInParameterList":2,"Direction":"OUT","Type":"NODE_LIST","Name":"nodes_out_1"}],"FunctionImplementations":[{"SourceCode":"\u003cxsl:sequence select\u003d\"$nodes_in/*\"/\u003e","FunctionImplementationLanguage":{"Name":"XSLT","Version":"2.0"}}],"isReference":false},"ParameterAssignments":[{"PositionInParameterList":1,"PositionInParameter":1,"PositionInDomainSet":1},{"PositionInParameterList":2,"PositionInParameter":1,"PositionInDomainSet":1}]},"Confidential":false},{"DomainMappingElement":{"SourceDomainSet":[{"DomainGuid":"8659333fd4f73fbcbd3861cb3f2bad3f","AlternativeDomainGuid":"5e09cef8a452450c80f60783592c9872","Position":1}],"TargetDomainSet":[{"DomainGuid":"1b0efe34b9513a4ab5e2593ff21ff7ce","Position":1}],"Documentation":{}},"Transformation":{"Function":{"FunctionGuid":"10010000000000000000000000000001","FunctionParameters":[{"PositionInParameterList":1,"Direction":"IN","Type":"NODE_LIST","Name":"source_date_time_value"},{"PositionInParameterList":2,"Direction":"IN","Type":"NODE_LIST","Name":"source_date_time_format"},{"PositionInParameterList":3,"Direction":"IN","Type":"STRING","Name":"target_date_time_format"},{"PositionInParameterList":4,"Direction":"OUT","Type":"NODE_LIST","Name":"target_date_time_value"}],"FunctionImplementations":[{"SourceCode":"\u003cxsl:sequence select\u003d\"ica_fn:transform-dateTime($nodes_in/nodes_in_1,$nodes_in/source_date_time_format,$nodes_in/target_date_time_format)\"/\u003e","FunctionImplementationLanguage":{"Name":"XSLT","Version":"2.0"}}],"isReference":false},"ParameterAssignments":[{"PositionInParameterList":1,"PositionInParameter":1,"PositionInDomainSet":1},{"PositionInParameterList":2,"PositionInParameter":1,"Value":"CCYYMMDD"},{"PositionInParameterList":3,"PositionInParameter":1,"Value":"CCYY\u0027-\u0027MM\u0027-\u0027DD[Z|(+|-)hh\u0027:\u0027mm]"},{"PositionInParameterList":4,"PositionInParameter":1,"PositionInDomainSet":1}]},"Confidential":false},{"DomainMappingElement":{"SourceDomainSet":[{"DomainGuid":"0cb4a29d89d83f2596552555b18802ba","AlternativeDomainGuid":"a149277e203e3f85b9acbc729174c720","Position":1}],"TargetDomainSet":[{"DomainGuid":"7767d38286f7382a9756331fb2417a38","Position":1}],"Documentation":{}},"Transformation":{"Function":{"FunctionGuid":"00000000000000000000000000000001","FunctionParameters":[{"PositionInParameterList":1,"Direction":"IN","Type":"NODE_LIST","Name":"PRZNT"},{"PositionInParameterList":2,"Direction":"OUT","Type":"NODE_LIST","Name":"nodes_out_1"}],"FunctionImplementations":[{"SourceCode":"\u003cxsl:sequence select\u003d\"$nodes_in/*\"/\u003e","FunctionImplementationLanguage":{"Name":"XSLT","Version":"2.0"}}],"isReference":false},"ParameterAssignments":[{"PositionInParameterList":1,"PositionInParameter":1,"PositionInDomainSet":1},{"PositionInParameterList":2,"PositionInParameter":1,"PositionInDomainSet":1}]},"Confidential":false},{"DomainMappingElement":{"SourceDomainSet":[{"DomainGuid":"88632367f6b73c3496a0f7d086f4dd02","AlternativeDomainGuid":"f3d729a6b9e6373cbc8c5c84cbbc4627","Position":1}],"TargetDomainSet":[{"DomainGuid":"85271a6c158b3dae936bfbd5ac8ee018","Position":1}],"Documentation":{}},"Transformation":{"Function":{"FunctionGuid":"00000000000000000000000000000001","FunctionParameters":[{"PositionInParameterList":1,"Direction":"IN","Type":"NODE_LIST","Name":"TAGE"},{"PositionInParameterList":2,"Direction":"OUT","Type":"NODE_LIST","Name":"nodes_out_1"}],"FunctionImplementations":[{"SourceCode":"\u003cxsl:sequence select\u003d\"$nodes_in/*\"/\u003e","FunctionImplementationLanguage":{"Name":"XSLT","Version":"2.0"}}],"isReference":false},"ParameterAssignments":[{"PositionInParameterList":1,"PositionInParameter":1,"PositionInDomainSet":1},{"PositionInParameterList":2,"PositionInParameter":1,"PositionInDomainSet":1}]},"Confidential":false},{"DomainMappingElement":{"SourceDomainSet":[{"DomainGuid":"82c787bd1be63748b62dd1a5d55a41d6","AlternativeDomainGuid":"b3a9c1bcc68034b3ab385dadbfe630e1","Position":1}],"TargetDomainSet":[{"DomainGuid":"0dd7af98d1d23651b359102760281418","Position":1}],"Documentation":{}},"Confidential":false},{"DomainMappingElement":{"SourceDomainSet":[{"DomainGuid":"d1a57aaaaa94379da2369a1c7e0319ff","AlternativeDomainGuid":"d63dd7545e7747c1ba4104e1268e396e","Position":1}],"TargetDomainSet":[{"DomainGuid":"5d73e3db948e31469afc4c312115f10b","Position":1}],"Documentation":{}},"Transformation":{"Function":{"FunctionGuid":"00000000000000000000000000000001","FunctionParameters":[{"PositionInParameterList":1,"Direction":"IN","Type":"NODE_LIST","Name":"MWSKZ"},{"PositionInParameterList":2,"Direction":"OUT","Type":"NODE_LIST","Name":"nodes_out_1"}],"FunctionImplementations":[{"SourceCode":"\u003cxsl:sequence select\u003d\"$nodes_in/*\"/\u003e","FunctionImplementationLanguage":{"Name":"XSLT","Version":"2.0"}}],"isReference":false},"ParameterAssignments":[{"PositionInParameterList":1,"PositionInParameter":1,"PositionInDomainSet":1},{"PositionInParameterList":2,"PositionInParameter":1,"PositionInDomainSet":1}]},"Confidential":false},{"DomainMappingElement":{"SourceDomainSet":[{"DomainGuid":"9de027e666943792b1e3c3211636277e","Position":1}],"TargetDomainSet":[{"DomainGuid":"056f7748dc0336b8976c93f4999c41e5","Position":1}],"Documentation":{}},"Transformation":{"Function":{"FunctionGuid":"00000000000000000000000000000001","FunctionParameters":[{"PositionInParameterList":1,"Direction":"IN","Type":"NODE_LIST","Name":"CURCY"},{"PositionInParameterList":2,"Direction":"OUT","Type":"NODE_LIST","Name":"nodes_out_1"}],"FunctionImplementations":[{"SourceCode":"\u003cxsl:sequence select\u003d\"$nodes_in/*\"/\u003e","FunctionImplementationLanguage":{"Name":"XSLT","Version":"2.0"}}],"isReference":false},"ParameterAssignments":[{"PositionInParameterList":1,"PositionInParameter":1,"PositionInDomainSet":1},{"PositionInParameterList":2,"PositionInParameter":1,"PositionInDomainSet":1}]},"Confidential":false},{"DomainMappingElement":{"SourceDomainSet":[{"DomainGuid":"b41389cd8d9f318396e08d7ae49a138e","AlternativeDomainGuid":"2292045f337e4b4abdb1f462bfe34eb2","Position":1}],"TargetDomainSet":[{"DomainGuid":"d76cfef80b26302080ae0d4d36b868c0","Position":1}],"Documentation":{}},"Transformation":{"Function":{"FunctionGuid":"00000000000000000000000000000001","FunctionParameters":[{"PositionInParameterList":1,"Direction":"IN","Type":"NODE_LIST","Name":"MSATZ"},{"PositionInParameterList":2,"Direction":"OUT","Type":"NODE_LIST","Name":"nodes_out_1"}],"FunctionImplementations":[{"SourceCode":"\u003cxsl:sequence select\u003d\"$nodes_in/*\"/\u003e","FunctionImplementationLanguage":{"Name":"XSLT","Version":"2.0"}}],"isReference":false},"ParameterAssignments":[{"PositionInParameterList":1,"PositionInParameter":1,"PositionInDomainSet":1},{"PositionInParameterList":2,"PositionInParameter":1,"PositionInDomainSet":1}]},"Confidential":false},{"DomainMappingElement":{"SourceDomainSet":[{"DomainGuid":"6f0d4fc990ad391e9a1e86c571ce7ec9","Position":1}],"TargetDomainSet":[{"DomainGuid":"ef1f9ece3fbb3355ab34646dddb4a685","Position":1}],"Documentation":{}},"Transformation":{"Function":{"FunctionGuid":"00000000000000000000000000000001","FunctionParameters":[{"PositionInParameterList":1,"Direction":"IN","Type":"NODE_LIST","Name":"POSEX"},{"PositionInParameterList":2,"Direction":"OUT","Type":"NODE_LIST","Name":"nodes_out_1"}],"FunctionImplementations":[{"SourceCode":"\u003cxsl:sequence select\u003d\"$nodes_in/*\"/\u003e","FunctionImplementationLanguage":{"Name":"XSLT","Version":"2.0"}}],"isReference":false},"ParameterAssignments":[{"PositionInParameterList":1,"PositionInParameter":1,"PositionInDomainSet":1},{"PositionInParameterList":2,"PositionInParameter":1,"PositionInDomainSet":1}]},"Confidential":false},{"DomainMappingElement":{"SourceDomainSet":[{"DomainGuid":"33da357bc5b138349a03ebdd899577a6","Position":1}],"TargetDomainSet":[{"DomainGuid":"dd0385b024983584924eb263eafc4190","Position":1}],"Documentation":{}},"Transformation":{"Function":{"FunctionGuid":"22d12f8dbec244ef87dd10adb532c702","FunctionParameters":[{"PositionInParameterList":1,"Direction":"IN","Type":"NODE_LIST","Name":"BSART"},{"PositionInParameterList":2,"Direction":"OUT","Type":"NODE_LIST","Name":"nodes_out_1"}],"FunctionImplementations":[{"SourceCode":"\u003cxsl:variable name\u003d\"vbsart\" select\u003d\"$nodes_in/BSART\"/\u003e\r\n\u003cxsl:choose\u003e\r\n\u003cxsl:when test\u003d\"$vbsart\u003d\u0027CRME\u0027\"\u003e\r\n\u003cxsl:value-of select\u003d\"\u0027003\u0027\"/\u003e\r\n\u003c/xsl:when\u003e\r\n\u003cxsl:otherwise\u003e\r\n  \u003cxsl:value-of select\u003d\"\u0027002\u0027\"/\u003e\r\n\u003c/xsl:otherwise\u003e\r\n\u003c/xsl:choose\u003e","FunctionImplementationLanguage":{"Name":"XSLT","Version":"2.0"}}],"isReference":false},"ParameterAssignments":[{"PositionInParameterList":1,"PositionInParameter":1,"PositionInDomainSet":1},{"PositionInParameterList":2,"PositionInParameter":1,"PositionInDomainSet":1}]},"Confidential":false},{"DomainMappingElement":{"SourceDomainSet":[{"DomainGuid":"9de027e666943792b1e3c3211636277e","Position":1}],"TargetDomainSet":[{"DomainGuid":"f32a4b5288903f5faa102ca0ff003f95","Position":1}],"Documentation":{}},"Transformation":{"Function":{"FunctionGuid":"00000000000000000000000000000001","FunctionParameters":[{"PositionInParameterList":1,"Direction":"IN","Type":"NODE_LIST","Name":"CURCY"},{"PositionInParameterList":2,"Direction":"OUT","Type":"NODE_LIST","Name":"nodes_out_1"}],"FunctionImplementations":[{"SourceCode":"\u003cxsl:sequence select\u003d\"$nodes_in/*\"/\u003e","FunctionImplementationLanguage":{"Name":"XSLT","Version":"2.0"}}],"isReference":false},"ParameterAssignments":[{"PositionInParameterList":1,"PositionInParameter":1,"PositionInDomainSet":1},{"PositionInParameterList":2,"PositionInParameter":1,"PositionInDomainSet":1}]},"Confidential":false},{"DomainMappingElement":{"SourceDomainSet":[{"DomainGuid":"3d76673cfebe379286168e1a9a337f75","Position":1}],"TargetDomainSet":[{"DomainGuid":"b8c7c8be9580319fb7ee662ea9e0752f","Position":1}],"Documentation":{}},"Transformation":{"Function":{"FunctionGuid":"00000000000000000000000000000001","FunctionParameters":[{"PositionInParameterList":1,"Direction":"IN","Type":"NODE_LIST","Name":"MENEE"},{"PositionInParameterList":2,"Direction":"OUT","Type":"NODE_LIST","Name":"nodes_out_1"}],"FunctionImplementations":[{"SourceCode":"\u003cxsl:sequence select\u003d\"$nodes_in/*\"/\u003e","FunctionImplementationLanguage":{"Name":"XSLT","Version":"2.0"}}],"isReference":false},"ParameterAssignments":[{"PositionInParameterList":1,"PositionInParameter":1,"PositionInDomainSet":1},{"PositionInParameterList":2,"PositionInParameter":1,"PositionInDomainSet":1}]},"Confidential":false},{"DomainMappingElement":{"SourceDomainSet":[{"DomainGuid":"052501f12db631d58d748b21fcb5077f","AlternativeDomainGuid":"f0d4a7a2d14c35b19003ec8515163ba6","Position":1}],"TargetDomainSet":[{"DomainGuid":"2f9eb4775c30310f874acb90c0c8f6eb","Position":1}],"Documentation":{}},"Transformation":{"Function":{"FunctionGuid":"00000000000000000000000000000001","FunctionParameters":[{"PositionInParameterList":1,"Direction":"IN","Type":"NODE_LIST","Name":"BELNR"},{"PositionInParameterList":2,"Direction":"OUT","Type":"NODE_LIST","Name":"nodes_out_1"}],"FunctionImplementations":[{"SourceCode":"\u003cxsl:sequence select\u003d\"$nodes_in/*\"/\u003e","FunctionImplementationLanguage":{"Name":"XSLT","Version":"2.0"}}],"isReference":false},"ParameterAssignments":[{"PositionInParameterList":1,"PositionInParameter":1,"PositionInDomainSet":1},{"PositionInParameterList":2,"PositionInParameter":1,"PositionInDomainSet":1}]},"Confidential":false},{"DomainMappingElement":{"SourceDomainSet":[{"DomainGuid":"27eeda66c4e231308c9acabbe5dcfab0","AlternativeDomainGuid":"974f402f7fd132398333b9db88aece5d","Position":1}],"TargetDomainSet":[{"DomainGuid":"f641079a59593d87a65fb6448a311cc2","Position":1}],"Documentation":{}},"Transformation":{"Function":{"FunctionGuid":"00000000000000000000000000000001","FunctionParameters":[{"PositionInParameterList":1,"Direction":"IN","Type":"NODE_LIST","Name":"ZEILE"},{"PositionInParameterList":2,"Direction":"OUT","Type":"NODE_LIST","Name":"nodes_out_1"}],"FunctionImplementations":[{"SourceCode":"\u003cxsl:sequence select\u003d\"$nodes_in/*\"/\u003e","FunctionImplementationLanguage":{"Name":"XSLT","Version":"2.0"}}],"isReference":false},"ParameterAssignments":[{"PositionInParameterList":1,"PositionInParameter":1,"PositionInDomainSet":1},{"PositionInParameterList":2,"PositionInParameter":1,"PositionInDomainSet":1}]},"Confidential":false},{"DomainMappingElement":{"SourceDomainSet":[{"DomainGuid":"86b062209a053979bbebcb08cf867087","AlternativeDomainGuid":"d258443286f74dffb09d503b0a8da02a","Position":1}],"TargetDomainSet":[{"DomainGuid":"1fc3699df05436489f379b7087e34eed","Position":1}],"Documentation":{}},"Transformation":{"Function":{"FunctionGuid":"00000000000000000000000000000001","FunctionParameters":[{"PositionInParameterList":1,"Direction":"IN","Type":"NODE_LIST","Name":"BELNR"},{"PositionInParameterList":2,"Direction":"OUT","Type":"NODE_LIST","Name":"nodes_out_1"}],"FunctionImplementations":[{"SourceCode":"\u003cxsl:sequence select\u003d\"$nodes_in/*\"/\u003e","FunctionImplementationLanguage":{"Name":"XSLT","Version":"2.0"}}],"isReference":false},"ParameterAssignments":[{"PositionInParameterList":1,"PositionInParameter":1,"PositionInDomainSet":1},{"PositionInParameterList":2,"PositionInParameter":1,"PositionInDomainSet":1}]},"Confidential":false},{"DomainMappingElement":{"SourceDomainSet":[{"DomainGuid":"983602a8b6043e34bb716712dab2eafb","AlternativeDomainGuid":"fd739b92d32333ccbcbb313511ab4b0e","Position":1}],"TargetDomainSet":[{"DomainGuid":"153e1727cc1e3ffab5278b5554819566","Position":1}],"Documentation":{}},"Transformation":{"Function":{"FunctionGuid":"00000000000000000000000000000001","FunctionParameters":[{"PositionInParameterList":1,"Direction":"IN","Type":"NODE_LIST","Name":"IDTNR"},{"PositionInParameterList":2,"Direction":"OUT","Type":"NODE_LIST","Name":"nodes_out_1"}],"FunctionImplementations":[{"SourceCode":"\u003cxsl:sequence select\u003d\"$nodes_in/*\"/\u003e","FunctionImplementationLanguage":{"Name":"XSLT","Version":"2.0"}}],"isReference":false},"ParameterAssignments":[{"PositionInParameterList":1,"PositionInParameter":1,"PositionInDomainSet":1},{"PositionInParameterList":2,"PositionInParameter":1,"PositionInDomainSet":1}]},"Confidential":false},{"DomainMappingElement":{"SourceDomainSet":[{"DomainGuid":"d03cebc882553727916efd02045319e0","AlternativeDomainGuid":"7360f8ed16e648899e6b78db6274348d","Position":1}],"TargetDomainSet":[{"DomainGuid":"57628edc778831ec8cb574c4c5e9392b","Position":1}],"Documentation":{}},"Transformation":{"Function":{"FunctionGuid":"00000000000000000000000000000001","FunctionParameters":[{"PositionInParameterList":1,"Direction":"IN","Type":"NODE_LIST","Name":"IDTNR"},{"PositionInParameterList":2,"Direction":"OUT","Type":"NODE_LIST","Name":"nodes_out_1"}],"FunctionImplementations":[{"SourceCode":"\u003cxsl:sequence select\u003d\"$nodes_in/*\"/\u003e","FunctionImplementationLanguage":{"Name":"XSLT","Version":"2.0"}}],"isReference":false},"ParameterAssignments":[{"PositionInParameterList":1,"PositionInParameter":1,"PositionInDomainSet":1},{"PositionInParameterList":2,"PositionInParameter":1,"PositionInDomainSet":1}]},"Confidential":false},{"DomainMappingElement":{"SourceDomainSet":[{"DomainGuid":"c4f91911f5733db9b3c942094b51327b","AlternativeDomainGuid":"4cb9cbd6c9ea4357b4904f7cfe5cc25b","Position":1}],"TargetDomainSet":[{"DomainGuid":"1a588cfeea1233969ce4f65419fcba6c","Position":1}],"Documentation":{}},"Transformation":{"Function":{"FunctionGuid":"00000000000000000000000000000001","FunctionParameters":[{"PositionInParameterList":1,"Direction":"IN","Type":"NODE_LIST","Name":"IDTNR"},{"PositionInParameterList":2,"Direction":"OUT","Type":"NODE_LIST","Name":"nodes_out_1"}],"FunctionImplementations":[{"SourceCode":"\u003cxsl:sequence select\u003d\"$nodes_in/*\"/\u003e","FunctionImplementationLanguage":{"Name":"XSLT","Version":"2.0"}}],"isReference":false},"ParameterAssignments":[{"PositionInParameterList":1,"PositionInParameter":1,"PositionInDomainSet":1},{"PositionInParameterList":2,"PositionInParameter":1,"PositionInDomainSet":1}]},"Confidential":false},{"DomainMappingElement":{"SourceDomainSet":[{"DomainGuid":"9f502768be31373ebdd1bd5a9446ec59","Position":1}],"TargetDomainSet":[{"DomainGuid":"3bc99ff0244435a19ce746add9400bbb","Position":1}],"Documentation":{}},"Confidential":false},{"DomainMappingElement":{"SourceDomainSet":[{"DomainGuid":"b30793b2812d3c768f5ca360bfcd5b4b","Position":1}],"TargetDomainSet":[{"DomainGuid":"6168e83cba133b2687c2eb7e84f2ad28","Position":1}],"Documentation":{}},"Transformation":{"Function":{"FunctionGuid":"00000000000000000000000000000001","FunctionParameters":[{"PositionInParameterList":1,"Direction":"IN","Type":"NODE_LIST","Name":"MWSKZ"},{"PositionInParameterList":2,"Direction":"OUT","Type":"NODE_LIST","Name":"nodes_out_1"}],"FunctionImplementations":[{"SourceCode":"\u003cxsl:sequence select\u003d\"$nodes_in/*\"/\u003e","FunctionImplementationLanguage":{"Name":"XSLT","Version":"2.0"}}],"isReference":false},"ParameterAssignments":[{"PositionInParameterList":1,"PositionInParameter":1,"PositionInDomainSet":1},{"PositionInParameterList":2,"PositionInParameter":1,"PositionInDomainSet":1}]},"Confidential":false},{"DomainMappingElement":{"SourceDomainSet":[{"DomainGuid":"86275155b84c31e5b0a861de1aef6956","Position":1}],"TargetDomainSet":[{"DomainGuid":"a96e2fdbea8a3d72bbf3db4af7963027","Position":1}],"Documentation":{}},"Transformation":{"Function":{"FunctionGuid":"00000000000000000000000000000001","FunctionParameters":[{"PositionInParameterList":1,"Direction":"IN","Type":"NODE_LIST","Name":"MSATZ"},{"PositionInParameterList":2,"Direction":"OUT","Type":"NODE_LIST","Name":"nodes_out_1"}],"FunctionImplementations":[{"SourceCode":"\u003cxsl:sequence select\u003d\"$nodes_in/*\"/\u003e","FunctionImplementationLanguage":{"Name":"XSLT","Version":"2.0"}}],"isReference":false},"ParameterAssignments":[{"PositionInParameterList":1,"PositionInParameter":1,"PositionInDomainSet":1},{"PositionInParameterList":2,"PositionInParameter":1,"PositionInDomainSet":1}]},"Confidential":false},{"DomainMappingElement":{"SourceDomainSet":[{"DomainGuid":"1a6a9b8f31623f96a47212c9efa1fff0","AlternativeDomainGuid":"f0bb75846c69313f97e32c7607291c71","Position":1},{"DomainGuid":"e71662996fb73a71855869c694f64f46","AlternativeDomainGuid":"b0d5ba0be9c549ed9400c630f193eb32","Position":2}],"TargetDomainSet":[{"DomainGuid":"7307a16ecab93a3390b1b00d38d8a25c","Position":1}],"Documentation":{}},"Transformation":{"Function":{"FunctionGuid":"dea38ec337aa4f6aa82efd96fb8b36ab","FunctionParameters":[{"PositionInParameterList":1,"Direction":"IN","Type":"NODE_LIST","Name":"BETRG_003"},{"PositionInParameterList":2,"Direction":"IN","Type":"NODE_LIST","Name":"BETRG"},{"PositionInParameterList":3,"Direction":"OUT","Type":"NODE_LIST","Name":"nodes_out_1"}],"FunctionImplementations":[{"SourceCode":"\u003cxsl:choose\u003e\r\n\u003cxsl:when test\u003d\"exists($nodes_in/BETRG_003)\"\u003e\r\n    \u003cxsl:value-of select\u003d\"$nodes_in/BETRG_003\"/\u003e\r\n    \u003c/xsl:when\u003e\r\n\u003cxsl:otherwise\u003e\r\n    \u003cxsl:value-of select\u003d\"$nodes_in/$nodes_in/BETRG_005\"/\u003e\r\n\u003c/xsl:otherwise\u003e\r\n\u003c/xsl:choose\u003e","FunctionImplementationLanguage":{"Name":"XSLT","Version":"2.0"}}],"isReference":false},"ParameterAssignments":[{"PositionInParameterList":1,"PositionInParameter":1,"PositionInDomainSet":1},{"PositionInParameterList":2,"PositionInParameter":1,"PositionInDomainSet":2},{"PositionInParameterList":3,"PositionInParameter":1,"PositionInDomainSet":1}]},"Confidential":false},{"DomainMappingElement":{"SourceDomainSet":[{"DomainGuid":"970b806115153bad9759b7863cc68236","Position":1}],"TargetDomainSet":[{"DomainGuid":"63a57809401536ac884599cbb6507758","Position":1}],"Documentation":{}},"Transformation":{"Function":{"FunctionGuid":"00000000000000000000000000000001","FunctionParameters":[{"PositionInParameterList":1,"Direction":"IN","Type":"NODE_LIST","Name":"MENGE"},{"PositionInParameterList":2,"Direction":"OUT","Type":"NODE_LIST","Name":"nodes_out_1"}],"FunctionImplementations":[{"SourceCode":"\u003cxsl:sequence select\u003d\"$nodes_in/*\"/\u003e","FunctionImplementationLanguage":{"Name":"XSLT","Version":"2.0"}}],"isReference":false},"ParameterAssignments":[{"PositionInParameterList":1,"PositionInParameter":1,"PositionInDomainSet":1},{"PositionInParameterList":2,"PositionInParameter":1,"PositionInDomainSet":1}]},"Confidential":false},{"DomainMappingElement":{"SourceDomainSet":[{"DomainGuid":"c5aa9482504b3a8fae9e73e24c1f285d","AlternativeDomainGuid":"b045db0168b244d19c6659023577fc6a","Position":1}],"TargetDomainSet":[{"DomainGuid":"eec893112d0b345983cb8f935802bedb","Position":1}],"Documentation":{}},"Transformation":{"Function":{"FunctionGuid":"00000000000000000000000000000001","FunctionParameters":[{"PositionInParameterList":1,"Direction":"IN","Type":"NODE_LIST","Name":"PRZNT"},{"PositionInParameterList":2,"Direction":"OUT","Type":"NODE_LIST","Name":"nodes_out_1"}],"FunctionImplementations":[{"SourceCode":"\u003cxsl:sequence select\u003d\"$nodes_in/*\"/\u003e","FunctionImplementationLanguage":{"Name":"XSLT","Version":"2.0"}}],"isReference":false},"ParameterAssignments":[{"PositionInParameterList":1,"PositionInParameter":1,"PositionInDomainSet":1},{"PositionInParameterList":2,"PositionInParameter":1,"PositionInDomainSet":1}]},"Confidential":false},{"DomainMappingElement":{"SourceDomainSet":[{"DomainGuid":"c3c83d61fadf3d3cb0984e5f57f05df9","AlternativeDomainGuid":"342f597b62b740d4a79a8591dd7dfb9b","Position":1}],"TargetDomainSet":[{"DomainGuid":"d38202b86d773efe8cfa0be607658049","Position":1}],"Documentation":{}},"Transformation":{"Function":{"FunctionGuid":"00000000000000000000000000000001","FunctionParameters":[{"PositionInParameterList":1,"Direction":"IN","Type":"NODE_LIST","Name":"TAGE"},{"PositionInParameterList":2,"Direction":"OUT","Type":"NODE_LIST","Name":"nodes_out_1"}],"FunctionImplementations":[{"SourceCode":"\u003cxsl:sequence select\u003d\"$nodes_in/*\"/\u003e","FunctionImplementationLanguage":{"Name":"XSLT","Version":"2.0"}}],"isReference":false},"ParameterAssignments":[{"PositionInParameterList":1,"PositionInParameter":1,"PositionInDomainSet":1},{"PositionInParameterList":2,"PositionInParameter":1,"PositionInDomainSet":1}]},"Confidential":false},{"DomainMappingElement":{"SourceDomainSet":[{"DomainGuid":"fc5980aedbae38d0a6171ad9dc8bad92","AlternativeDomainGuid":"bd010934545047a4a4985f1f427be30e","Position":1}],"TargetDomainSet":[{"DomainGuid":"88c34736ff2a37bd953d628ad003f81c","Position":1}],"Documentation":{}},"Transformation":{"Function":{"FunctionGuid":"00000000000000000000000000000001","FunctionParameters":[{"PositionInParameterList":1,"Direction":"IN","Type":"NODE_LIST","Name":"TAGE"},{"PositionInParameterList":2,"Direction":"OUT","Type":"NODE_LIST","Name":"nodes_out_1"}],"FunctionImplementations":[{"SourceCode":"\u003cxsl:sequence select\u003d\"$nodes_in/*\"/\u003e","FunctionImplementationLanguage":{"Name":"XSLT","Version":"2.0"}}],"isReference":false},"ParameterAssignments":[{"PositionInParameterList":1,"PositionInParameter":1,"PositionInDomainSet":1},{"PositionInParameterList":2,"PositionInParameter":1,"PositionInDomainSet":1}]},"Confidential":false},{"DomainMappingElement":{"SourceDomainSet":[{"DomainGuid":"346f6bf590313c92a001f53537d3afc2","Position":1}],"TargetDomainSet":[{"DomainGuid":"6d1ef531ed9134d2a17eb16d1b4e01c4","Position":1}],"Documentation":{}},"Confidential":false},{"DomainMappingElement":{"SourceDomainSet":[{"DomainGuid":"5e01a758a5f43567bed85aa7ee71bd54","AlternativeDomainGuid":"e720b5877f773b3aac949e59e0558de7","Position":1}],"TargetDomainSet":[{"DomainGuid":"e7c2f312e99036a7a95c1b88cde88aea","AlternativeDomainGuid":"a444a3509d9940babc88f308983b7cb0","Position":1}],"Documentation":{}},"Confidential":false},{"DomainMappingElement":{"SourceDomainSet":[{"DomainGuid":"4f0c34aafe4c3651ac8d6b07eb699390","AlternativeDomainGuid":"e8bb80634f95311dadfd87f141cf4e35","Position":1}],"TargetDomainSet":[{"DomainGuid":"e2691a37c0643c9ba86841129d7d6269","AlternativeDomainGuid":"2e72768c2dee4949a018c3822cb093c2","Position":1}],"Documentation":{}},"Transformation":{"Function":{"FunctionGuid":"00000000000000000000000000000001","FunctionParameters":[{"PositionInParameterList":1,"Direction":"IN","Type":"NODE_LIST","Name":"PARTN"},{"PositionInParameterList":2,"Direction":"OUT","Type":"NODE_LIST","Name":"nodes_out_1"}],"FunctionImplementations":[{"SourceCode":"\u003cxsl:sequence select\u003d\"$nodes_in/*\"/\u003e","FunctionImplementationLanguage":{"Name":"XSLT","Version":"2.0"}}],"isReference":false},"ParameterAssignments":[{"PositionInParameterList":1,"PositionInParameter":1,"PositionInDomainSet":1},{"PositionInParameterList":2,"PositionInParameter":1,"PositionInDomainSet":1}]},"Confidential":false},{"DomainMappingElement":{"SourceDomainSet":[{"DomainGuid":"43199fbca8fc338c98c92325a5e2c196","AlternativeDomainGuid":"9bab6e70a25f33179c392efc4ccd4535","Position":1}],"TargetDomainSet":[{"DomainGuid":"d1178f87ee1c3772bb7246a484ae8fbd","AlternativeDomainGuid":"450e1f0fd1f442ffafad45372c327d2e","Position":1}],"Documentation":{}},"Transformation":{"Function":{"FunctionGuid":"00000000000000000000000000000001","FunctionParameters":[{"PositionInParameterList":1,"Direction":"IN","Type":"NODE_LIST","Name":"LIFNR"},{"PositionInParameterList":2,"Direction":"OUT","Type":"NODE_LIST","Name":"nodes_out_1"}],"FunctionImplementations":[{"SourceCode":"\u003cxsl:sequence select\u003d\"$nodes_in/*\"/\u003e","FunctionImplementationLanguage":{"Name":"XSLT","Version":"2.0"}}],"isReference":false},"ParameterAssignments":[{"PositionInParameterList":1,"PositionInParameter":1,"PositionInDomainSet":1},{"PositionInParameterList":2,"PositionInParameter":1,"PositionInDomainSet":1}]},"Confidential":false},{"DomainMappingElement":{"SourceDomainSet":[{"DomainGuid":"21115c7f70e633329a4a0ab0907728db","AlternativeDomainGuid":"3a0ddf6310b244a383215ce0a5041d4c","Position":1}],"TargetDomainSet":[{"DomainGuid":"9fd62299c5c83df0a20d5fc496d8ab07","AlternativeDomainGuid":"3a20eec7e72f44659201390e49be5de4","Position":1}],"Documentation":{}},"Transformation":{"Function":{"FunctionGuid":"00000000000000000000000000000001","FunctionParameters":[{"PositionInParameterList":1,"Direction":"IN","Type":"NODE_LIST","Name":"PARTN"},{"PositionInParameterList":2,"Direction":"OUT","Type":"NODE_LIST","Name":"nodes_out_1"}],"FunctionImplementations":[{"SourceCode":"\u003cxsl:sequence select\u003d\"$nodes_in/*\"/\u003e","FunctionImplementationLanguage":{"Name":"XSLT","Version":"2.0"}}],"isReference":false},"ParameterAssignments":[{"PositionInParameterList":1,"PositionInParameter":1,"PositionInDomainSet":1},{"PositionInParameterList":2,"PositionInParameter":1,"PositionInDomainSet":1}]},"Confidential":false},{"DomainMappingElement":{"SourceDomainSet":[{"DomainGuid":"4c1cb2a1f65238889512bd143090f308","AlternativeDomainGuid":"624905e5e16f474eba2e3d6e68bca676","Position":1}],"TargetDomainSet":[{"DomainGuid":"a801d70c403d3c86a7b1f96dec2fe776","AlternativeDomainGuid":"8982cf27628d4e899456938470ad3fde","Position":1}],"Documentation":{}},"Confidential":false},{"DomainMappingElement":{"SourceDomainSet":[],"TargetDomainSet":[{"DomainGuid":"c6c51a65775631b8b5fe612954240461","AlternativeDomainGuid":"85559f5c63164bc69ff9e275437ed975","Position":1}],"Documentation":{}},"Transformation":{"Function":{"FunctionGuid":"00000000000000000000000000000002","FunctionParameters":[{"PositionInParameterList":1,"Direction":"IN","Type":"STRING","Name":"value"},{"PositionInParameterList":2,"Direction":"OUT","Type":"NODE_LIST","Name":"nodes_out_1"}],"FunctionImplementations":[{"SourceCode":"\u003cxsl:value-of select\u003d\"$nodes_in/value\"/\u003e","FunctionImplementationLanguage":{"Name":"XSLT","Version":"2.0"}}],"isReference":false},"ParameterAssignments":[{"PositionInParameterList":1,"PositionInParameter":1,"Value":"BillTo"},{"PositionInParameterList":2,"PositionInParameter":1,"PositionInDomainSet":1}]},"Confidential":false},{"DomainMappingElement":{"SourceDomainSet":[],"TargetDomainSet":[{"DomainGuid":"d3b635553bd63100bafd2155bf18b82c","AlternativeDomainGuid":"bd96e109dd594fd08e19c652ef2dbf8b","Position":1}],"Documentation":{}},"Transformation":{"Function":{"FunctionGuid":"00000000000000000000000000000002","FunctionParameters":[{"PositionInParameterList":1,"Direction":"IN","Type":"STRING","Name":"value"},{"PositionInParameterList":2,"Direction":"OUT","Type":"NODE_LIST","Name":"nodes_out_1"}],"FunctionImplementations":[{"SourceCode":"\u003cxsl:value-of select\u003d\"$nodes_in/value\"/\u003e","FunctionImplementationLanguage":{"Name":"XSLT","Version":"2.0"}}],"isReference":false},"ParameterAssignments":[{"PositionInParameterList":1,"PositionInParameter":1,"Value":"BillFrom"},{"PositionInParameterList":2,"PositionInParameter":1,"PositionInDomainSet":1}]},"Confidential":false},{"DomainMappingElement":{"SourceDomainSet":[{"DomainGuid":"309411b0002c3b99a06c2a523aec22ac","AlternativeDomainGuid":"60a88ecc539e40bc8c2d1fb194b62a68","Position":1}],"TargetDomainSet":[{"DomainGuid":"9c40e1855bde3420a81438286c2c0dbd","Position":1}],"Documentation":{}},"Transformation":{"Function":{"FunctionGuid":"00000000000000000000000000000001","FunctionParameters":[{"PositionInParameterList":1,"Direction":"IN","Type":"NODE_LIST","Name":"MWSBT"},{"PositionInParameterList":2,"Direction":"OUT","Type":"NODE_LIST","Name":"nodes_out_1"}],"FunctionImplementations":[{"SourceCode":"\u003cxsl:sequence select\u003d\"$nodes_in/*\"/\u003e","FunctionImplementationLanguage":{"Name":"XSLT","Version":"2.0"}}],"isReference":false},"ParameterAssignments":[{"PositionInParameterList":1,"PositionInParameter":1,"PositionInDomainSet":1},{"PositionInParameterList":2,"PositionInParameter":1,"PositionInDomainSet":1}]},"Confidential":false},{"DomainMappingElement":{"SourceDomainSet":[],"TargetDomainSet":[{"DomainGuid":"2a215510bf223eafa4ccc693ac150cfd","AlternativeDomainGuid":"2f630a490bb134558f8400f6035d348e","Position":1}],"Documentation":{}},"Transformation":{"Function":{"FunctionGuid":"00000000000000000000000000000002","FunctionParameters":[{"PositionInParameterList":1,"Direction":"IN","Type":"STRING","Name":"value"},{"PositionInParameterList":2,"Direction":"OUT","Type":"NODE_LIST","Name":"nodes_out_1"}],"FunctionImplementations":[{"SourceCode":"\u003cxsl:value-of select\u003d\"$nodes_in/value\"/\u003e","FunctionImplementationLanguage":{"Name":"XSLT","Version":"2.0"}}],"isReference":false},"ParameterAssignments":[{"PositionInParameterList":1,"PositionInParameter":1,"Value":"Supplier"},{"PositionInParameterList":2,"PositionInParameter":1,"PositionInDomainSet":1}]},"Confidential":false},{"DomainMappingElement":{"SourceDomainSet":[],"TargetDomainSet":[{"DomainGuid":"99b3a32df0ac3b1da50cdc30e36ad946","AlternativeDomainGuid":"3a04a88640324b6f8c7aad42263f1047","Position":1}],"Documentation":{}},"Transformation":{"Function":{"FunctionGuid":"00000000000000000000000000000002","FunctionParameters":[{"PositionInParameterList":1,"Direction":"IN","Type":"STRING","Name":"value"},{"PositionInParameterList":2,"Direction":"OUT","Type":"NODE_LIST","Name":"nodes_out_1"}],"FunctionImplementations":[{"SourceCode":"\u003cxsl:value-of select\u003d\"$nodes_in/value\"/\u003e","FunctionImplementationLanguage":{"Name":"XSLT","Version":"2.0"}}],"isReference":false},"ParameterAssignments":[{"PositionInParameterList":1,"PositionInParameter":1,"Value":"Payer"},{"PositionInParameterList":2,"PositionInParameter":1,"PositionInDomainSet":1}]},"Confidential":false},{"DomainMappingElement":{"SourceDomainSet":[],"TargetDomainSet":[{"DomainGuid":"5bc680d8d9263936b88f8dbc1bf83210","AlternativeDomainGuid":"b45ca885167842bdb0a72842ed851e88","Position":1}],"Documentation":{}},"Transformation":{"Function":{"FunctionGuid":"00000000000000000000000000000002","FunctionParameters":[{"PositionInParameterList":1,"Direction":"IN","Type":"STRING","Name":"value"},{"PositionInParameterList":2,"Direction":"OUT","Type":"NODE_LIST","Name":"nodes_out_1"}],"FunctionImplementations":[{"SourceCode":"\u003cxsl:value-of select\u003d\"$nodes_in/value\"/\u003e","FunctionImplementationLanguage":{"Name":"XSLT","Version":"2.0"}}],"isReference":false},"ParameterAssignments":[{"PositionInParameterList":1,"PositionInParameter":1,"Value":"SoldTo"},{"PositionInParameterList":2,"PositionInParameter":1,"PositionInDomainSet":1}]},"Confidential":false},{"DomainMappingElement":{"SourceDomainSet":[],"TargetDomainSet":[{"DomainGuid":"f475344ea7cf36109dc591738eb028eb","AlternativeDomainGuid":"64ff9132062b4434b4a354bd28f2177b","Position":1}],"Documentation":{}},"Transformation":{"Function":{"FunctionGuid":"00000000000000000000000000000002","FunctionParameters":[{"PositionInParameterList":1,"Direction":"IN","Type":"STRING","Name":"value"},{"PositionInParameterList":2,"Direction":"OUT","Type":"NODE_LIST","Name":"nodes_out_1"}],"FunctionImplementations":[{"SourceCode":"\u003cxsl:value-of select\u003d\"$nodes_in/value\"/\u003e","FunctionImplementationLanguage":{"Name":"XSLT","Version":"2.0"}}],"isReference":false},"ParameterAssignments":[{"PositionInParameterList":1,"PositionInParameter":1,"Value":"ShipTo"},{"PositionInParameterList":2,"PositionInParameter":1,"PositionInDomainSet":1}]},"Confidential":false},{"DomainMappingElement":{"SourceDomainSet":[{"DomainGuid":"5fb665a78ac236209dcb741f82efa014","AlternativeDomainGuid":"e127e0ee653c4e1bacbad3cf8c81b0ca","Position":1}],"TargetDomainSet":[{"DomainGuid":"f8e917b61ae037bc84e7e0c39a5a1a69","AlternativeDomainGuid":"58c41a46482d435faaa339beac3414a7","Position":1}],"Documentation":{}},"Transformation":{"Function":{"FunctionGuid":"00000000000000000000000000000001","FunctionParameters":[{"PositionInParameterList":1,"Direction":"IN","Type":"NODE_LIST","Name":"NAME1"},{"PositionInParameterList":2,"Direction":"OUT","Type":"NODE_LIST","Name":"nodes_out_1"}],"FunctionImplementations":[{"SourceCode":"\u003cxsl:sequence select\u003d\"$nodes_in/*\"/\u003e","FunctionImplementationLanguage":{"Name":"XSLT","Version":"2.0"}}],"isReference":false},"ParameterAssignments":[{"PositionInParameterList":1,"PositionInParameter":1,"PositionInDomainSet":1},{"PositionInParameterList":2,"PositionInParameter":1,"PositionInDomainSet":1}]},"Confidential":false}],"TargetNodeDuplicationRules":[],"TargetNodeStatus":{},"SharedFunctions":[],"SharedVariables":[],"AdministrativeData":{"CreatedBy":"moussa.el.kakouchi@sap.com","CreatedOn":1743588989135,"ModifiedBy":"moussa.el.kakouchi@sap.com","ModifiedOn":1743588989135,"LastImportedOn":1743588989135,"LastImportedBy":"moussa.el.kakouchi@sap.com"},"LifecycleInfo":{},"Documentation":{"Name":{"ArtifactValue":{"Id":"e5c8ac122aad39959b7000dc136ebcf2","action":"NONE"}},"Definition":{"ArtifactValue":{"Id":"6666cd76f96936469e7be39d750cc7d9","action":"NONE"}},"Summary":{"ArtifactValue":{"Id":"6666cd76f96936469e7be39d750cc7d9","action":"NONE"}},"NumberOfNotes":0,"Notes":[]},"DocumentationArtifacts":{"e5c8ac122aad39959b7000dc136ebcf2":"03.) [Trading Partner Name] - SAP IDOC INVOIC.INVOIC02 for Customer EDI -to- SAP SOAP 2302 InvoiceRequest","6666cd76f96936469e7be39d750cc7d9":""}}