{"TradingPartnerDetails":{"IdForTradingPartner":{"Properties":{"Id":"ad9c12dad0f9475bb54ea2361cea6d00"}},"IdForSystemInstance":{"Properties":{"Id":"2baf9ac27adf432284938c22406166d5"}},"IdForSenderIdentifier":{"Properties":{"Id":"28deb0bfde344c87b5299a14444a6383"}},"IdForReceiverIdentifier":{"Properties":{"Id":"93b7cafa70f1435a97fc846a0e57572b"}},"IdForContactPerson":{"Properties":{"Id":"ee5e49e3-c2e9-44f0-8cf6-8a7c5a51bf74"}}},"AgreementLifeCycleStatus":{"Activated":true,"UpdateStatus":"NONE","ActivatedAt":0},"TransactionOption":{"Option":"Reference","TransactionIds":["c6f2b44ff4cc44968af2d8f5747e599f","f36281b0b6e74eef9e7c5d4c2fd47df6","77d0242f90dc4509a44ec23b97874f25","2e3e16102f3844f28b4a3ea6054c94c6","21096cc9ccfb4e11934247f93d44e088","137cfa45d4c743ccb84bccb27996db60","a0ef2a0b19ae41d59a3bec1e4737e8e2","70550048919f4fdda356f19d09ac0972","867351ddee40419994f4eebef0118c5c","765ad7cc49444ba7a35f62d2301a5865","5ba380cb961c4a51872805bfc9717a26","0b58869f3d16457394be944467a7f096"]},"RefreshRequired":false,"SourceTemplateName":"[B2B Integration Factory] - 3PL - [GS1 XML] - Integrated Warehouse Distribution (IWD)","ConcreteTransactionDetails":{"c6f2b44ff4cc44968af2d8f5747e599f":{"BusinessTransactionLifeCycleStatus":{"Activated":true,"UpdateStatus":"NONE","ActivatedAt":1740763303844,"ActivatedBy":"jan.feyen@sap.com"},"ComputedPids":["SAP_TPM_6b1f6736c882485c20e8dc37429471e8"],"HashKeyPids":["SAP_TPM_6b1f6736c882485c20e8dc37429471e8"]},"f36281b0b6e74eef9e7c5d4c2fd47df6":{"BusinessTransactionLifeCycleStatus":{"Activated":true,"UpdateStatus":"NONE","ActivatedAt":1740763303844,"ActivatedBy":"jan.feyen@sap.com"},"ComputedPids":["SAP_TPM_16fad1c5e26f0ccc145b8c001ed4460d"],"HashKeyPids":["SAP_TPM_16fad1c5e26f0ccc145b8c001ed4460d"]},"77d0242f90dc4509a44ec23b97874f25":{"BusinessTransactionLifeCycleStatus":{"Activated":true,"UpdateStatus":"NONE","ActivatedAt":1740763303844,"ActivatedBy":"jan.feyen@sap.com"},"ComputedPids":["SAP_TPM_805c59d5c075f7c9e9d854f101dc995f"],"HashKeyPids":["SAP_TPM_805c59d5c075f7c9e9d854f101dc995f"]},"2e3e16102f3844f28b4a3ea6054c94c6":{"BusinessTransactionLifeCycleStatus":{"Activated":true,"UpdateStatus":"NONE","ActivatedAt":1740763303844,"ActivatedBy":"jan.feyen@sap.com"},"ComputedPids":["SAP_TPM_1fad62b1e5c4e4193622482da016475c"],"HashKeyPids":["SAP_TPM_1fad62b1e5c4e4193622482da016475c"]},"21096cc9ccfb4e11934247f93d44e088":{"BusinessTransactionLifeCycleStatus":{"Activated":true,"UpdateStatus":"NONE","ActivatedAt":1740763303844,"ActivatedBy":"jan.feyen@sap.com"},"ComputedPids":["SAP_TPM_48e7d3127ee9eee77d70da61e2b85a03"],"HashKeyPids":["SAP_TPM_48e7d3127ee9eee77d70da61e2b85a03"]},"137cfa45d4c743ccb84bccb27996db60":{"BusinessTransactionLifeCycleStatus":{"Activated":true,"UpdateStatus":"NONE","ActivatedAt":1740763303844,"ActivatedBy":"jan.feyen@sap.com"},"ComputedPids":["SAP_TPM_d19e95aa63ba46d1d33b3206c9691f5b"],"HashKeyPids":["SAP_TPM_d19e95aa63ba46d1d33b3206c9691f5b"]},"a0ef2a0b19ae41d59a3bec1e4737e8e2":{"BusinessTransactionLifeCycleStatus":{"Activated":true,"UpdateStatus":"NONE","ActivatedAt":1740763303844,"ActivatedBy":"jan.feyen@sap.com"},"ComputedPids":["SAP_TPM_157d313fa13bb327e6ed4291e6cba4f5"],"HashKeyPids":["SAP_TPM_157d313fa13bb327e6ed4291e6cba4f5"]},"70550048919f4fdda356f19d09ac0972":{"BusinessTransactionLifeCycleStatus":{"Activated":true,"UpdateStatus":"NONE","ActivatedAt":1740763303844,"ActivatedBy":"jan.feyen@sap.com"},"ComputedPids":["SAP_TPM_d689fcd2d2149b3a6f7d934ea2430d3d"],"HashKeyPids":["SAP_TPM_d689fcd2d2149b3a6f7d934ea2430d3d"]},"867351ddee40419994f4eebef0118c5c":{"BusinessTransactionLifeCycleStatus":{"Activated":true,"UpdateStatus":"NONE","ActivatedAt":1740763303844,"ActivatedBy":"jan.feyen@sap.com"},"ComputedPids":["SAP_TPM_2fef4c7eea7d9b656bd5c5edc783f4e0"],"HashKeyPids":["SAP_TPM_2fef4c7eea7d9b656bd5c5edc783f4e0"]},"765ad7cc49444ba7a35f62d2301a5865":{"BusinessTransactionLifeCycleStatus":{"Activated":true,"UpdateStatus":"NONE","ActivatedAt":1740763303844,"ActivatedBy":"jan.feyen@sap.com"},"ComputedPids":["SAP_TPM_32c1961601a3c89baa3fb01452584c53"],"HashKeyPids":["SAP_TPM_32c1961601a3c89baa3fb01452584c53"]},"5ba380cb961c4a51872805bfc9717a26":{"BusinessTransactionLifeCycleStatus":{"Activated":true,"UpdateStatus":"NONE","ActivatedAt":1740763303844,"ActivatedBy":"jan.feyen@sap.com"},"ComputedPids":["SAP_TPM_97c47e63155daaea5fd045e86d866980"],"HashKeyPids":["SAP_TPM_97c47e63155daaea5fd045e86d866980"]},"0b58869f3d16457394be944467a7f096":{"BusinessTransactionLifeCycleStatus":{"Activated":true,"UpdateStatus":"NONE","ActivatedAt":1740763303844,"ActivatedBy":"jan.feyen@sap.com"},"ComputedPids":["SAP_TPM_1450504134b15b10ddc097aa53d0cc70"],"HashKeyPids":["SAP_TPM_1450504134b15b10ddc097aa53d0cc70"]}},"Name":"[B2B Integration Factory] 3PL - Integrated Warehouse Distribution (IWD)","Description":"3PL - [GS1 XML] - Integrated Warehouse Distribution (IWD)","Version":"1.0","OwnedBy":"Self","OwnerId":"myCompany","Shared":false,"TransactionsNumber":12,"CompanyData":{"Id":"myCompany","Name":"[Company Name]","Role":"INITIATOR","SystemInstance":{"Properties":{"Id":"9e446f07ceb64f33bae5e11b66be71ac","Label_Alias":"S/4 HANA System"}},"TypeSystem":{"Properties":{"Id":"SAP_IDoc"}},"TypeSystemVersion":"755","IdAsSender":{"Properties":{"Id":"02b003f2ccd24519b7bc27ac79e37de3","Label_Alias":"Company_IDOC_ID"}},"IdAsReceiver":{"Properties":{"Id":"2051ccdb6f224c7f8e680412df9730e5","Label_Alias":"3PL_GS1XML_Company_ID"}},"ContactPerson":{"Properties":{"Id":"4609a94d-17d0-478e-8969-217235ac7268","Label_Alias":"Company - 3PL","Label_Name":"First Name Last Name"}}},"TradingPartnerData":{"Role":"REACTOR","AliasForSystemInstance":{"Properties":{"Alias":"3PL_B2BSystem"}},"TypeSystem":{"Properties":{"Id":"GS1_XML"}},"TypeSystemVersion":"3.4.1","AliasForIdentifierInOwnTS":{"Properties":{"Alias":"3PL_GS1XML_TradingPartner_ID"}},"AliasForIdentifierInCompanyTS":{"Properties":{"Alias":"3PL_IDOC_TradingPartner_ID"}},"AliasForContactPersonRole":{"Properties":{"Alias":"3PL_GS1XML_ContactPerson"}}},"CommunicationPartnerData":{"IdForTradingPartner":{"Properties":{}},"IdForSystemInstance":{"Properties":{}}},"B2BScenarioDetailsId":"596e2e4c3df14396b4582adbef777370","DocumentSchemaVersion":"1.0","administrativeData":{"createdAt":1730913193721,"createdBy":"jan.feyen@sap.com","modifiedAt":1740763303939,"modifiedBy":"jan.feyen@sap.com"},"ParentId":"5d5ea90b6380459a9186e5b593149b70","ParentArtifactType":"AGREEMENT_TEMPLATE_V2","searchableAttributes":{"partnerContactPerson":["ee5e49e3-c2e9-44f0-8cf6-8a7c5a51bf74"],"companyContactPerson":["4609a94d-17d0-478e-8969-217235ac7268"],"ModelVersion":["2.0"],"TENANT":["e30aab0a-9c29-40d4-a156-5e6dc245c28f"],"PD_KEY_HASH":["SAP_TPM_805c59d5c075f7c9e9d854f101dc995f","SAP_TPM_16fad1c5e26f0ccc145b8c001ed4460d","SAP_TPM_d19e95aa63ba46d1d33b3206c9691f5b","SAP_TPM_48e7d3127ee9eee77d70da61e2b85a03","SAP_TPM_d689fcd2d2149b3a6f7d934ea2430d3d","SAP_TPM_32c1961601a3c89baa3fb01452584c53","SAP_TPM_157d313fa13bb327e6ed4291e6cba4f5","SAP_TPM_6b1f6736c882485c20e8dc37429471e8","SAP_TPM_2fef4c7eea7d9b656bd5c5edc783f4e0","SAP_TPM_1450504134b15b10ddc097aa53d0cc70","SAP_TPM_97c47e63155daaea5fd045e86d866980","SAP_TPM_1fad62b1e5c4e4193622482da016475c"],"activatedAt":["1740763303844"],"activatedBy":["jan.feyen@sap.com"]},"artifactProperties":{},"relations":[],"ArtifactRelations":{},"artifactStatus":"Draft","id":"6881862b3f0b4c67bfce77e88d0a3db4","uniqueId":"6881862b3f0b4c67bfce77e88d0a3db4","artifactType":"TRADING_PARTNER_AGREEMENT_V2","displayName":"[B2B Integration Factory] 3PL - Integrated Warehouse Distribution (IWD)","semanticVersion":"2.0"}