{"Name":"[Trading Partner Name]","ShortName":"[Trading Partner Name]","WebURL":"","LogoId":"","EmailAddress":"","PhoneNumber":"+ ","Profile":{"Address":{"CityName":"","CountryCode":"","CountrySubdivisionCode":"","HouseNumber":"","POBox":"","POBoxPostalCode":"","StreetName":"","StreetPostalCode":""},"PartnerType":"TRADING_PARTNER","ContactPersonList":[{"ID":"b20b9e3a-6e6c-4337-a82c-e2b206663bb2","Alias":"3PL_GS1XML_ContactPerson","FamilyName":"SecondName","GivenName":"FirstName","IsPrimaryContact":false,"Role":"LogisticServiceProvider","Address":{"CountryCode":""},"IsNewVersion":true,"ContactChannels":[{"CommunicationNumber":"","InternationalCallingCode":"","IsPreferred":false,"TypeCode":"Email"},{"CommunicationNumber":"69 99999 798","InternationalCallingCode":"49","IsPreferred":false,"TypeCode":"Telephone"}],"DocumentSchemaVersion":"1.0","artifactProperties":{},"relations":[],"ArtifactRelations":{},"artifactStatus":"Draft"}],"ContactChannel":[],"BusinessContext":{"BusinessProcessRole":{"BusinessProcessRoleCodeList":[]},"IndustryClassification":{"IndustryClassificationCodeList":[]},"ProductClassification":{"ProductClassificationCodeList":[]},"GeoPolitical":{"CountryInfoList":[]}},"NumberRangeAssignments":[]},"DocumentSchemaVersion":"1.0","administrativeData":{"createdAt":1713793036415,"createdBy":"jingwen.li01@sap.com","modifiedAt":1743590999739,"modifiedBy":"moussa.el.kakouchi@sap.com"},"ParentId":"e30aab0a-9c29-40d4-a156-5e6dc245c28f","ParentArtifactType":"TENANT","searchableAttributes":{"TENANT":["e30aab0a-9c29-40d4-a156-5e6dc245c28f"]},"artifactProperties":{"webURL":"","shortName":"[Trading Partner Name]","logoID":""},"relations":[],"ArtifactRelations":{},"artifactStatus":"Draft","id":"18be672c721d4f1f845f6436ec301fba","uniqueId":"1a307c74f7ca46e292e7ee5989485237","artifactType":"TRADING_PARTNER","displayName":"[Trading Partner Name]","semanticVersion":"1.0"}