{"ArtifactMetadata":{"SchemaVersion":"1.1","ArtifactType":"MigVersionInfo"},"value":{"ObjectGUID":"25dd221305ce4e0ba97469dcaa471af7","MIGGUID":"c71eb08278564c14b1a2b145686d7202","ImportCorrelationObjectId":"25dd221305ce4e0ba97469dcaa471af7","ImportCorrelationGroupId":"c71eb08278564c14b1a2b145686d7202","VersionId":"1.0","Name":"01.b) [Trading Partner Name] - UN/EDIFACT D.10B ORDRSP - Target","Status":"Draft","HasEnvelope":false,"MessageTemplate":{"TypeSystemId":"UNEDIFACT","TypeSystemDisplayId":"UN/EDIFACT","VersionId":"D.10B S3","VersionDisplayId":"D.10B S3","Revision":1,"Id":"ORDRSP","DisplayId":"ORDRSP","Name":"Purchase order response message","IsCustomMessage":false},"AdministrativeData":{"CreatedBy":"tamaki.ogura@sap.com","CreatedOn":1717502147573,"ModifiedBy":"qi.liu05@sap.com","ModifiedOn":1721901759806}}}