{"ArtifactMetadata":{"SchemaVersion":"1.1","ArtifactType":"MigVersionInfo"},"value":{"ObjectGUID":"4d03f405af7042d1b412195374b52750","MIGGUID":"f96b8074a90e42f1b4b196b90c911337","ImportCorrelationObjectId":"4d03f405af7042d1b412195374b52750","ImportCorrelationGroupId":"f96b8074a90e42f1b4b196b90c911337","VersionId":"1.0","Name":"03.) [Trading Partner Name] - UN/EDIFACT D.93A INVOIC - Target","Status":"Draft","HasEnvelope":false,"MessageTemplate":{"TypeSystemId":"UNEDIFACT","TypeSystemDisplayId":"UN/EDIFACT","VersionId":"D.93A S3","VersionDisplayId":"D.93A S3","Revision":1,"Id":"INVOIC","DisplayId":"INVOIC","Name":"Invoice message","IsCustomMessage":false},"AdministrativeData":{"CreatedBy":"jan.feyen@sap.com","CreatedOn":1722423650735,"ModifiedBy":"moussa.el.kakouchi@sap.com","ModifiedOn":1724164881576}}}