{"ArtifactMetadata":{"SchemaVersion":"1.1","ArtifactType":"MigVersionInfo"},"value":{"ObjectGUID":"6e414c4729924cfe9e7f6dde9fd2b18d","MIGGUID":"7c52b7b2d05d4537b196779d5c999894","ImportCorrelationObjectId":"6e414c4729924cfe9e7f6dde9fd2b18d","ImportCorrelationGroupId":"7c52b7b2d05d4537b196779d5c999894","VersionId":"1.0","Name":"01.b) [Trading Partner Name] - UN/EDIFACT D.93A ORDRSP - Target","Status":"Draft","HasEnvelope":false,"MessageTemplate":{"TypeSystemId":"UNEDIFACT","TypeSystemDisplayId":"UN/EDIFACT","VersionId":"D.93A S3","VersionDisplayId":"D.93A S3","Revision":1,"Id":"ORDRSP","DisplayId":"ORDRSP","Name":"Purchase order response message","IsCustomMessage":false},"AdministrativeData":{"CreatedBy":"qi.liu05@sap.com","CreatedOn":1723558057922,"ModifiedBy":"qi.liu05@sap.com","ModifiedOn":1724228306410}}}