{"ArtifactMetadata":{"SchemaVersion":"1.1","ArtifactType":"MigVersionInfo"},"value":{"ObjectGUID":"734b8d9ccdba42768a1580170ee901db","MIGGUID":"d64748d3d84649a990f821f5f2fef78f","ImportCorrelationObjectId":"734b8d9ccdba42768a1580170ee901db","ImportCorrelationGroupId":"d64748d3d84649a990f821f5f2fef78f","VersionId":"1.0","Name":"03.) [Trading Partner Name] - UN/EDIFACT D.10B INVOIC - Target","Status":"Draft","HasEnvelope":false,"MessageTemplate":{"TypeSystemId":"UNEDIFACT","TypeSystemDisplayId":"UN/EDIFACT","VersionId":"D.10B S3","VersionDisplayId":"D.10B S3","Revision":1,"Id":"INVOIC","DisplayId":"INVOIC","Name":"Invoice message","IsCustomMessage":false},"AdministrativeData":{"CreatedBy":"tamaki.ogura@sap.com","CreatedOn":1717501542534,"ModifiedBy":"jan.feyen@sap.com","ModifiedOn":1722427375384}}}