{"ArtifactMetadata":{"SchemaVersion":"1.1","ArtifactType":"MigVersionInfo"},"value":{"ObjectGUID":"93a1e8ba31a34f9da2d40e5dff25597f","MIGGUID":"384be4c6e93544bbbb0ff503ee22dbab","ImportCorrelationObjectId":"93a1e8ba31a34f9da2d40e5dff25597f","ImportCorrelationGroupId":"384be4c6e93544bbbb0ff503ee22dbab","VersionId":"1.0","Name":"01.a) [Trading Partner Name]  - UN/EDIFACT D.93A ORDERS - Source","Status":"Draft","HasEnvelope":false,"MessageTemplate":{"TypeSystemId":"UNEDIFACT","TypeSystemDisplayId":"UN/EDIFACT","VersionId":"D.93A S3","VersionDisplayId":"D.93A S3","Revision":1,"Id":"ORDERS","DisplayId":"ORDERS","Name":"Purchase order message","IsCustomMessage":false},"AdministrativeData":{"CreatedBy":"tamaki.ogura@sap.com","CreatedOn":1722355990342,"ModifiedBy":"tamaki.ogura@sap.com","ModifiedOn":1724405911656}}}