{"ArtifactMetadata":{"SchemaVersion":"1.1","ArtifactType":"MigVersionInfo"},"value":{"ObjectGUID":"9ecac1c6cfa64a468323ff5f5111b074","MIGGUID":"5b67ab32923e41a6bc13eb3838038a0c","ImportCorrelationObjectId":"9ecac1c6cfa64a468323ff5f5111b074","ImportCorrelationGroupId":"5b67ab32923e41a6bc13eb3838038a0c","VersionId":"1.0","Name":"02.) [Trading Partner Name] - UN/EDIFACT D.10B DESADV - Target","Status":"Draft","HasEnvelope":false,"MessageTemplate":{"TypeSystemId":"UNEDIFACT","TypeSystemDisplayId":"UN/EDIFACT","VersionId":"D.10B S3","VersionDisplayId":"D.10B S3","Revision":1,"Id":"DESADV","DisplayId":"DESADV","Name":"Despatch advice message","IsCustomMessage":false},"AdministrativeData":{"CreatedBy":"tamaki.ogura@sap.com","CreatedOn":1717501801225,"ModifiedBy":"vishakha.deshmukh@sap.com","ModifiedOn":1722005393648}}}