{"ArtifactMetadata":{"SchemaVersion":"1.1","ArtifactType":"MigVersionInfo"},"value":{"ObjectGUID":"b013923ccb6e47ffb719bece2ef6ad05","MIGGUID":"1c3aa74fb6474e34a0b78b37072e907d","ImportCorrelationObjectId":"59235e4790f049cba9b57addafc857a8","ImportCorrelationGroupId":"42c67713f0f14c36a57f657d3c68f762","VersionId":"1.0","Name":"01.a) [Trading Partner Name]  - UN/EDIFACT D.10B ORDERS - Source","Status":"Draft","HasEnvelope":false,"MessageTemplate":{"TypeSystemId":"UNEDIFACT","TypeSystemDisplayId":"UN/EDIFACT","VersionId":"D.10B S3","VersionDisplayId":"D.10B S3","Revision":1,"Id":"ORDERS","DisplayId":"ORDERS","Name":"Purchase order message","IsCustomMessage":false},"AdministrativeData":{"CreatedBy":"tamaki.ogura@sap.com","CreatedOn":1720697150295,"ModifiedBy":"tamaki.ogura@sap.com","ModifiedOn":1724340888316,"LastImportedOn":1720697150295,"LastImportedBy":"tamaki.ogura@sap.com"}}}