{"ArtifactMetadata":{"SchemaVersion":"1.0","ArtifactType":"MagVersionInfo"},"value":{"ObjectGUID":"2762cb157388494a8b2fb81edb817b3d","MAGGUID":"c987d8fdaba1432c9bbb9b210be188a9","ImportCorrelationObjectId":"2762cb157388494a8b2fb81edb817b3d","ImportCorrelationGroupId":"c987d8fdaba1432c9bbb9b210be188a9","VersionId":"2.0","Name":"02.) [Trading Partner Name] - SAP IDOC DESADV.DELVRY07 -to- SAP SOAP DeliveryRequest","Status":"Active","SourceMig":{"ObjectGUID":"189aa09e242f42babc4e35619552c088","MIGGUID":"e279c992eb374814ab47e6475a1613fd","ImportCorrelationObjectId":"189aa09e242f42babc4e35619552c088","ImportCorrelationGroupId":"e279c992eb374814ab47e6475a1613fd","VersionId":"2.0","Name":"02.) [Company Name] - SAP IDOC DESADV.DELVRY07 for Customer EDI - Source","Status":"Active","HasEnvelope":false,"MessageTemplate":{"TypeSystemId":"SAP_IDoc","TypeSystemDisplayId":"SAP S/4HANA On Premise IDoc","VersionId":"1809_FPS02","VersionDisplayId":"1809 FPS02","Revision":11,"Id":"DESADV.DELVRY07","DisplayId":"DESADV.DELVRY07","Name":"Delivery: Shipping notification","IsCustomMessage":false},"AdministrativeData":{"CreatedBy":"tamaki.ogura@sap.com","CreatedOn":1731504361646,"ModifiedBy":"jan.feyen@sap.com","ModifiedOn":1732528665260}},"TargetMig":{"ObjectGUID":"8ed947b8ffda4fb0918db29c34fc1e82","MIGGUID":"84dec0c306d94d8c8ec60923432e5a6f","ImportCorrelationObjectId":"8ed947b8ffda4fb0918db29c34fc1e82","ImportCorrelationGroupId":"84dec0c306d94d8c8ec60923432e5a6f","VersionId":"1.0","Name":"02.) [Trading Partner Name] - SAP SOAP 1905 DeliveryRequest - Target","Status":"Active","HasEnvelope":false,"MessageTemplate":{"TypeSystemId":"SAP_S4HANA_Cloud_SOA","TypeSystemDisplayId":"SAP S/4HANA Cloud SOAP","VersionId":"1905","VersionDisplayId":"1905","Revision":7,"Id":"DeliveryRequest","DisplayId":"DeliveryRequest","Namespace":"http://sap.com/xi/EDI/Buyer","Name":"DeliveryRequest","IsCustomMessage":false},"AdministrativeData":{"CreatedBy":"jan.feyen@sap.com","CreatedOn":1732289777447,"ModifiedBy":"jan.feyen@sap.com","ModifiedOn":1732528826322}},"AdministrativeData":{"CreatedBy":"tamaki.ogura@sap.com","CreatedOn":1732027223142,"ModifiedBy":"jan.feyen@sap.com","ModifiedOn":1732528838736}}}