{"ArtifactMetadata":{"SchemaVersion":"1.0","ArtifactType":"MagVersionInfo"},"value":{"ObjectGUID":"326211e0aec540adaeef8a7a1b6c7782","MAGGUID":"e68a69690ae742629b9acda1b3248c9d","ImportCorrelationObjectId":"326211e0aec540adaeef8a7a1b6c7782","ImportCorrelationGroupId":"e68a69690ae742629b9acda1b3248c9d","VersionId":"2.0","Name":"01.a) [Trading Partner Name] - SAP SOAP OrderRequest -to- SAP IDOC ORDERS.ORDERS05","Status":"Draft","SourceMig":{"ObjectGUID":"b6f4bbf3b67541588fe1f5aae0ddc647","MIGGUID":"8257680e1b5e4048b76daa9624545dfd","ImportCorrelationObjectId":"b6f4bbf3b67541588fe1f5aae0ddc647","ImportCorrelationGroupId":"8257680e1b5e4048b76daa9624545dfd","VersionId":"2.0","Name":"01.a) [Trading Partner Name] - SAP SOAP 1905 OrderRequest - Source","Status":"Draft","HasEnvelope":false,"MessageTemplate":{"TypeSystemId":"SAP_S4HANA_Cloud_SOA","TypeSystemDisplayId":"SAP S/4HANA Cloud SOAP","VersionId":"1905","VersionDisplayId":"1905","Revision":7,"Id":"OrderRequest","DisplayId":"OrderRequest","Namespace":"http://sap.com/xi/EDI/Buyer","Name":"OrderRequest","IsCustomMessage":false},"AdministrativeData":{"CreatedBy":"tamaki.ogura@sap.com","CreatedOn":1728559700301,"ModifiedBy":"tamaki.ogura@sap.com","ModifiedOn":1732037792337}},"TargetMig":{"ObjectGUID":"077086468b3c4a55a3cbdae283f72f79","MIGGUID":"a080d58a66c643b5af1b08333d839516","ImportCorrelationObjectId":"077086468b3c4a55a3cbdae283f72f79","ImportCorrelationGroupId":"7eace892ab9342109bf675d8c3c78d3f","VersionId":"2.0","Name":"01.a) [Company Name] - SAP IDOC ORDERS.ORDERS05 for Customer EDI - Target","Status":"Draft","HasEnvelope":false,"MessageTemplate":{"TypeSystemId":"SAP_IDoc","TypeSystemDisplayId":"SAP S/4HANA On Premise IDoc","VersionId":"1809_FPS02","VersionDisplayId":"1809 FPS02","Revision":11,"Id":"ORDERS.ORDERS05","DisplayId":"ORDERS.ORDERS05","Name":"Purchase order / order","IsCustomMessage":false},"AdministrativeData":{"CreatedBy":"tamaki.ogura@sap.com","CreatedOn":1732036631011,"ModifiedBy":"tamaki.ogura@sap.com","ModifiedOn":1732036856811}},"AdministrativeData":{"CreatedBy":"tamaki.ogura@sap.com","CreatedOn":1732036250306,"ModifiedBy":"tamaki.ogura@sap.com","ModifiedOn":1732037827883}}}