{"SignatureValidationConfigurations":{"ConfigurationType":"SIGNATURE_VALIDATION_CONFIG","ConfigurationEntries":{"test":{"VerificationOption":"NotRequired","Alias":"test","AS2PartnerId":"test","PublicKeyAliasForVerification":"","verifyMIC":false,"ConfigurationType":"SIGNATURE_VALIDATION_CONFIG","ParentProfileId":"18be672c721d4f1f845f6436ec301fba","ParentProfileType":"TRADING_PARTNER","Activated":false,"UpdateStatus":"NONE","ActivatedAt":0,"createdAt":1723104807686,"createdBy":"mert.oezkan@sap.com","modifiedAt":1723104807686,"modifiedBy":"mert.oezkan@sap.com"}}},"DocumentSchemaVersion":"1.0","administrativeData":{"createdAt":1713873191496,"createdBy":"jingwen.li01@sap.com","modifiedAt":1723104807702,"modifiedBy":"mert.oezkan@sap.com"},"ParentId":"18be672c721d4f1f845f6436ec301fba","ParentArtifactType":"TRADING_PARTNER","searchableAttributes":{"TENANT":["e30aab0a-9c29-40d4-a156-5e6dc245c28f"],"Alias":[]},"artifactProperties":{},"relations":[],"ArtifactRelations":{},"artifactStatus":"Draft","id":"18be672c721d4f1f845f6436ec301fba::profileConfiguration","uniqueId":"8cd019a5773944ada41f9a94007b4586","artifactType":"PARTNER_PROFILE_CONFIG","displayName":"PartnerProfileConfiguration","semanticVersion":"1.0:"}