{"TradingPartnerDetails":{"IdForTradingPartner":{"Properties":{"Id":"18be672c721d4f1f845f6436ec301fba"}},"IdForSystemInstance":{"Properties":{"Id":"4d79cc68ef0540dc9dd1dec9ea0c5160"}},"IdForSenderIdentifier":{"Properties":{"Id":"2ce879308f9b4d03ae5e4c90ea0ab91a"}},"IdForReceiverIdentifier":{"Properties":{"Id":"fa8111ecc0b94db3a6635481d7130c6f"}},"IdForContactPerson":{"Properties":{"Id":""}}},"AgreementLifeCycleStatus":{"Activated":true,"UpdateStatus":"UPDATED","ActivatedAt":0},"TransactionOption":{"Option":"Copy","TransactionIds":["f3e3977388b84d1d9b50b3b28db1c057","548075dd4c114ca282e5ccbe8de041b3","7224181d5f7b4439a1639a5f52c60e0e"]},"RefreshRequired":false,"SourceTemplateName":"[B2B Integration Factory] - Purchase to Pay B2B Scenario - SOAP - Template","ConcreteTransactionDetails":{"f3e3977388b84d1d9b50b3b28db1c057":{"BusinessTransactionLifeCycleStatus":{"Activated":true,"UpdateStatus":"UPDATED","ActivatedAt":1757615586638,"ActivatedBy":"noah.rauch@sap.com"},"ComputedPids":["SAP_TPM_aaa538541a51fae3eecf6f49c4cf9214","SAP_TPM_6c1d59904161a6e02e71326b52a7c2cc"],"HashKeyPids":["SAP_TPM_aaa538541a51fae3eecf6f49c4cf9214","SAP_TPM_6c1d59904161a6e02e71326b52a7c2cc"]},"548075dd4c114ca282e5ccbe8de041b3":{"BusinessTransactionLifeCycleStatus":{"Activated":true,"UpdateStatus":"UPDATED","ActivatedAt":1757615586638,"ActivatedBy":"noah.rauch@sap.com"},"ComputedPids":["SAP_TPM_70777f05d64d52d70229d2cbc44190ef"],"HashKeyPids":["SAP_TPM_70777f05d64d52d70229d2cbc44190ef"]},"7224181d5f7b4439a1639a5f52c60e0e":{"BusinessTransactionLifeCycleStatus":{"Activated":true,"UpdateStatus":"UPDATED","ActivatedAt":1757615586638,"ActivatedBy":"noah.rauch@sap.com"},"ComputedPids":["SAP_TPM_4f27963a38072221c1a2edf8f791e1d2"],"HashKeyPids":["SAP_TPM_4f27963a38072221c1a2edf8f791e1d2"]}},"Name":"[B2B Integration Factory] - Purchase to Pay B2B Scenario - SOAP","Description":"","Version":"1.0","OwnedBy":"Self","OwnerId":"myCompany","Shared":false,"TransactionsNumber":3,"CompanyData":{"Id":"myCompany","Name":"[Company Name]","Role":"INITIATOR","SystemInstance":{"Properties":{"Id":"9e446f07ceb64f33bae5e11b66be71ac","Label_Alias":"S/4 HANA System"}},"TypeSystem":{"Properties":{"Id":"SAP_IDoc"}},"TypeSystemVersion":"755","IdAsSender":{"Properties":{"Id":"3759275e777b42259821d57e7af91c9c","Label_Alias":"Company_IDOC_SOA_ID"}},"IdAsReceiver":{"Properties":{"Id":"f49e65fa67284c908b2c4e2d7a76d943","Label_Alias":"Company_CloudSOAP_ID"}},"ContactPerson":{"Properties":{"Id":""}}},"TradingPartnerData":{"Role":"REACTOR","AliasForSystemInstance":{"Properties":{"Alias":"[B2B Integration Factory]-System"}},"TypeSystem":{"Properties":{"Id":"SAP_S4HANA_Cloud_SOA"}},"TypeSystemVersion":"1905","AliasForIdentifierInOwnTS":{"Properties":{"Alias":"TP_SOA_ID"}},"AliasForIdentifierInCompanyTS":{"Properties":{"Alias":"TP_IDOC_SOA_ID"}},"AliasForContactPersonRole":{"Properties":{"Alias":""}}},"CommunicationPartnerData":{"IdForTradingPartner":{"Properties":{}},"IdForSystemInstance":{"Properties":{}}},"B2BScenarioDetailsId":"2b8a4148c004493fa0218d28d4768e0f","DocumentSchemaVersion":"1.0","administrativeData":{"createdAt":1732011883637,"createdBy":"tamaki.ogura@sap.com","modifiedAt":1757615586689,"modifiedBy":"noah.rauch@sap.com"},"ParentId":"cfb2909e9f914cf8be1b32144a51d354","ParentArtifactType":"AGREEMENT_TEMPLATE_V2","searchableAttributes":{"ModelVersion":["2.0"],"TENANT":["e30aab0a-9c29-40d4-a156-5e6dc245c28f"],"PD_KEY_HASH":["SAP_TPM_aaa538541a51fae3eecf6f49c4cf9214","SAP_TPM_6c1d59904161a6e02e71326b52a7c2cc","SAP_TPM_70777f05d64d52d70229d2cbc44190ef","SAP_TPM_4f27963a38072221c1a2edf8f791e1d2"],"activatedAt":["1757615586638"],"activatedBy":["noah.rauch@sap.com"]},"artifactProperties":{},"relations":[],"ArtifactRelations":{},"artifactStatus":"Draft","uniqueId":"4ee83ceed6bc4a3382237e5b2c8f4ff8","displayName":"[B2B Integration Factory] - Purchase to Pay B2B Scenario - SOAP","semanticVersion":"2.0","versionInfo":{"versionGroup":"4ee83ceed6bc4a3382237e5b2c8f4ff8","versionNumber":1,"versionTag":"Draft","versionType":"Unversioned","taktVersion":0,"versionedAt":1732011883637,"versionedBy":"tamaki.ogura@sap.com"},"id":"4ee83ceed6bc4a3382237e5b2c8f4ff8","artifactType":"TRADING_PARTNER_AGREEMENT_V2"}