{"Name":"[B2B Integration Factory] - Order to Cash B2B Scenario - SOAP - Template","Description":"","Version":"1.0","OwnedBy":"Self","OwnerId":"myCompany","Shared":false,"TransactionsNumber":0,"CompanyData":{"Id":"myCompany","Name":"[Company Name]","Role":"INITIATOR","SystemInstance":{"Properties":{"Id":"9e446f07ceb64f33bae5e11b66be71ac","Label_Name":"S/4 HANA System","Label_Purpose":"TEST"}},"TypeSystem":{"Properties":{"Id":"SAP_IDoc","Label_Name":"SAP S/4HANA On Premise IDoc"}},"TypeSystemVersion":"755","IdAsSender":{"Properties":{"Id":"3759275e777b42259821d57e7af91c9c","Label_Name":"Company_IDOC_SOA_ID","Label_SchemeCode":"N/A","Label_SchemeName":"N/A","Label_TypeSystemId":"SAP_IDoc","Label_TypeSystemName":"SAP S/4HANA On Premise IDoc","Label_IsGroup":"false"}},"IdAsReceiver":{"Properties":{"Id":"f49e65fa67284c908b2c4e2d7a76d943","Label_Name":"Company_SOAP_ID","Label_SchemeCode":"N/A","Label_SchemeName":"N/A","Label_TypeSystemId":"SAP_S4HANA_Cloud_SOA","Label_TypeSystemName":"SAP S/4HANA Cloud SOAP","Label_IsGroup":"false"}},"ContactPerson":{"Properties":{"Id":"","Label_Name":""}}},"TradingPartnerData":{"Role":"REACTOR","AliasForSystemInstance":{"Properties":{"Alias":"S/4 HANA System"}},"TypeSystem":{"Properties":{"Id":"SAP_S4HANA_Cloud_SOA","Label_Name":"SAP S/4HANA Cloud SOAP"}},"TypeSystemVersion":"1905","AliasForIdentifierInOwnTS":{"Properties":{"Alias":"TP_SOAP_ID"}},"AliasForIdentifierInCompanyTS":{"Properties":{"Alias":"TP_IDOC_ID"}},"AliasForContactPersonRole":{"Properties":{"Alias":""}}},"CommunicationPartnerData":{"IdForTradingPartner":{"Properties":{"Label_Name":""}},"IdForSystemInstance":{"Properties":{"Label_SystemInstanceName":"","Label_Purpose":""}}},"B2BScenarioDetailsId":"7bfe29b5d5cb487098f582d3b125fcd2","DocumentSchemaVersion":"1.0","administrativeData":{"createdAt":1743605055080,"createdBy":"moussa.el.kakouchi@sap.com","modifiedAt":1743774395526,"modifiedBy":"moussa.el.kakouchi@sap.com"},"ParentId":"0276649a-0a57-4c1b-9235-3fa585ecc5df","ParentArtifactType":"TENANT","searchableAttributes":{"ModelVersion":["2.0"],"TENANT":["0276649a-0a57-4c1b-9235-3fa585ecc5df"]},"artifactProperties":{},"relations":[],"ArtifactRelations":{},"artifactStatus":"Draft","id":"2860089e1b424d5393e6164eb128ae7d","uniqueId":"2860089e1b424d5393e6164eb128ae7d","artifactType":"AGREEMENT_TEMPLATE_V2","displayName":"[B2B Integration Factory] - Order to Cash B2B Scenario - SOAP - Template","semanticVersion":"2.0"}