{"ArtifactMetadata":{"SchemaVersion":"1.1","ArtifactType":"MigVersionInfo"},"value":{"ObjectGUID":"2f0b1c3f10704bf8b126a70565db68ae","MIGGUID":"36915a5cc79f43019f2bcfede41fdad5","ImportCorrelationObjectId":"2f0b1c3f10704bf8b126a70565db68ae","ImportCorrelationGroupId":"36915a5cc79f43019f2bcfede41fdad5","VersionId":"1.0","Name":"01.b) [Trading Partner Name] - ASC X12 004010 855 - Target","Status":"Draft","HasEnvelope":false,"MessageTemplate":{"TypeSystemId":"ASC_X12","TypeSystemDisplayId":"ASC X12","VersionId":"004010","VersionDisplayId":"004010","Revision":2,"Id":"855","DisplayId":"855","Name":"Purchase Order Acknowledgment","IsCustomMessage":false},"AdministrativeData":{"CreatedBy":"qi.liu05@sap.com","CreatedOn":1723721551941,"ModifiedBy":"qi.liu05@sap.com","ModifiedOn":1725521905225}}}