{"ArtifactMetadata":{"SchemaVersion":"1.1","ArtifactType":"MigVersionInfo"},"value":{"ObjectGUID":"9816417cfab64e718510c16a723d4921","MIGGUID":"2b069a5f502e465a9b27c5b3fc3ad0a3","ImportCorrelationObjectId":"9816417cfab64e718510c16a723d4921","ImportCorrelationGroupId":"2b069a5f502e465a9b27c5b3fc3ad0a3","VersionId":"1.0","Name":"01.) [Trading Partner Name] - ASC X12 004010 850 - Source","Status":"Draft","HasEnvelope":false,"MessageTemplate":{"TypeSystemId":"ASC_X12","TypeSystemDisplayId":"ASC X12","VersionId":"004010","VersionDisplayId":"004010","Revision":2,"Id":"850","DisplayId":"850","Name":"Purchase Order","IsCustomMessage":false},"AdministrativeData":{"CreatedBy":"vishakha.deshmukh@sap.com","CreatedOn":1722589424471,"ModifiedBy":"vishakha.deshmukh@sap.com","ModifiedOn":1725026892230}}}