{"ArtifactMetadata":{"SchemaVersion":"1.1","ArtifactType":"MigVersionInfo"},"value":{"ObjectGUID":"dfd747a888404d70b74ee46c7caedd72","MIGGUID":"12435b893f0343729cb02173ef401c0d","ImportCorrelationObjectId":"dfd747a888404d70b74ee46c7caedd72","ImportCorrelationGroupId":"12435b893f0343729cb02173ef401c0d","VersionId":"1.0","Name":"03.) [Trading Partner Name] - ASC X12 004010 810 - Target","Status":"Draft","HasEnvelope":false,"MessageTemplate":{"TypeSystemId":"ASC_X12","TypeSystemDisplayId":"ASC X12","VersionId":"004010","VersionDisplayId":"004010","Revision":2,"Id":"810","DisplayId":"810","Name":"Invoice","IsCustomMessage":false},"AdministrativeData":{"CreatedBy":"tamaki.ogura@sap.com","CreatedOn":1722620772294,"ModifiedBy":"moussa.el.kakouchi@sap.com","ModifiedOn":1724414259840}}}