{"ArtifactMetadata":{"SchemaVersion":"1.1","ArtifactType":"MigVersionInfo"},"value":{"ObjectGUID":"32110cf6216544419bd3209a441ae78b","MIGGUID":"e8306996ff73414b95196ef48e3b62b6","ImportCorrelationObjectId":"2f0b1c3f10704bf8b126a70565db68ae","ImportCorrelationGroupId":"36915a5cc79f43019f2bcfede41fdad5","VersionId":"1.0","Name":"01.b) [Trading Partner Name] - ASC X12 004010 855 - Target","Status":"Active","HasEnvelope":false,"MessageTemplate":{"TypeSystemId":"ASC_X12","TypeSystemDisplayId":"ASC X12","VersionId":"004010","VersionDisplayId":"004010","Revision":2,"Id":"855","DisplayId":"855","Name":"Purchase Order Acknowledgment","IsCustomMessage":false},"AdministrativeData":{"CreatedBy":"moussa.el.kakouchi@sap.com","CreatedOn":1732718522318,"ModifiedBy":"moussa.el.kakouchi@sap.com","ModifiedOn":1743420568941,"LastImportedOn":1743420568941,"LastImportedBy":"moussa.el.kakouchi@sap.com"}}}