{"ArtifactMetadata":{"SchemaVersion":"1.1","ArtifactType":"MigVersionInfo"},"value":{"ObjectGUID":"396731283ef644c9b9dfa97b2f6b5f6b","MIGGUID":"b411f60162dd4c30b60bf15cbed2edea","ImportCorrelationObjectId":"fe03c33414cf43ae824aa77862f8f345","ImportCorrelationGroupId":"7eace892ab9342109bf675d8c3c78d3f","VersionId":"1.0","Name":"01.a) [Company Name] - SAP IDOC ORDERS.ORDERS05 for Customer EDI - Target","Status":"Deprecated","HasEnvelope":false,"MessageTemplate":{"TypeSystemId":"SAP_IDoc","TypeSystemDisplayId":"SAP S/4HANA On Premise IDoc","VersionId":"1809_FPS02","VersionDisplayId":"1809 FPS02","Revision":11,"Id":"ORDERS.ORDERS05","DisplayId":"ORDERS.ORDERS05","Name":"Purchase order / order","IsCustomMessage":false},"AdministrativeData":{"CreatedBy":"gunther.stuhec@sap.com","CreatedOn":1722514886173,"ModifiedBy":"moussa.el.kakouchi@sap.com","ModifiedOn":1743544583077,"LastImportedOn":1732716700334,"LastImportedBy":"moussa.el.kakouchi@sap.com"}}}