{"ArtifactMetadata":{"SchemaVersion":"1.1","ArtifactType":"MigVersionInfo"},"value":{"ObjectGUID":"8f6ea547eeb44555823ec95296a7d567","MIGGUID":"8ebe825226eb41c5bfeb6ae4467d823f","ImportCorrelationObjectId":"20aa06c4c0444097a23b481c2d54ab6f","ImportCorrelationGroupId":"9c3c6924fc89461e9db1b16a85a9b450","VersionId":"1.0","Name":"02.) [Trading Partner Name] - ASC X12 004010 856 - Target","Status":"Active","HasEnvelope":true,"MessageTemplate":{"TypeSystemId":"ASC_X12","TypeSystemDisplayId":"ASC X12","VersionId":"004010","VersionDisplayId":"004010","Revision":2,"Id":"856","DisplayId":"856","Name":"Ship Notice/Manifest","IsCustomMessage":false},"EnvelopeTemplate":{"TypeSystemId":"ASC_X12","TypeSystemDisplayId":"ASC X12","VersionId":"004010","VersionDisplayId":"004010","Revision":2,"Id":"Envelope","DisplayId":"Envelope","IsCustomMessage":false},"AdministrativeData":{"CreatedBy":"moussa.el.kakouchi@sap.com","CreatedOn":1743420589450,"ModifiedBy":"moussa.el.kakouchi@sap.com","ModifiedOn":1743420589450,"LastImportedOn":1743420589450,"LastImportedBy":"moussa.el.kakouchi@sap.com"}}}