{"ArtifactMetadata":{"SchemaVersion":"1.1","ArtifactType":"MigVersionInfo"},"value":{"ObjectGUID":"e04713373b29456386e0f281629b2fda","MIGGUID":"887bd6e9a1ac40ac993d590407ff91ac","ImportCorrelationObjectId":"dfd747a888404d70b74ee46c7caedd72","ImportCorrelationGroupId":"12435b893f0343729cb02173ef401c0d","VersionId":"1.0","Name":"03.) [Trading Partner Name] - ASC X12 004010 810 - Target","Status":"Active","HasEnvelope":false,"MessageTemplate":{"TypeSystemId":"ASC_X12","TypeSystemDisplayId":"ASC X12","VersionId":"004010","VersionDisplayId":"004010","Revision":2,"Id":"810","DisplayId":"810","Name":"Invoice","IsCustomMessage":false},"AdministrativeData":{"CreatedBy":"moussa.el.kakouchi@sap.com","CreatedOn":1732718536179,"ModifiedBy":"moussa.el.kakouchi@sap.com","ModifiedOn":1743420605130,"LastImportedOn":1743420605130,"LastImportedBy":"moussa.el.kakouchi@sap.com"}}}