{"ArtifactMetadata":{"SchemaVersion":"1.1","ArtifactType":"MigVersionInfo"},"value":{"ObjectGUID":"e4be1efa69b94464b048885b678ee263","MIGGUID":"cad722b3f85a43a4b60b990ea42e6fa3","ImportCorrelationObjectId":"9816417cfab64e718510c16a723d4921","ImportCorrelationGroupId":"2b069a5f502e465a9b27c5b3fc3ad0a3","VersionId":"1.0","Name":"01.) [Trading Partner Name] - ASC X12 004010 850 - Source","Status":"Active","HasEnvelope":false,"MessageTemplate":{"TypeSystemId":"ASC_X12","TypeSystemDisplayId":"ASC X12","VersionId":"004010","VersionDisplayId":"004010","Revision":2,"Id":"850","DisplayId":"850","Name":"Purchase Order","IsCustomMessage":false},"AdministrativeData":{"CreatedBy":"moussa.el.kakouchi@sap.com","CreatedOn":1732718506224,"ModifiedBy":"moussa.el.kakouchi@sap.com","ModifiedOn":1743420292318,"LastImportedOn":1743420292318,"LastImportedBy":"moussa.el.kakouchi@sap.com"}}}