{"ArtifactMetadata":{"SchemaVersion":"1.1","ArtifactType":"MigVersionInfo"},"value":{"ObjectGUID":"f3203d7e30774a3f8c8bf311122a2d81","MIGGUID":"357d77a55c03407ab8a42739d0c500ca","ImportCorrelationObjectId":"4fd764bec69b4cc6ac0fc838bcd667d9","ImportCorrelationGroupId":"0fa5645e013b407d885ded622fb6fc70","VersionId":"1.0","Name":"02.) [Company Name] - SAP IDOC DESADV.DELVRY07 for ASC X12 Customer EDI - Source","Status":"Active","HasEnvelope":false,"MessageTemplate":{"TypeSystemId":"SAP_IDoc","TypeSystemDisplayId":"SAP S/4HANA On Premise IDoc","VersionId":"1809_FPS02","VersionDisplayId":"1809 FPS02","Revision":11,"Id":"DESADV.DELVRY07","DisplayId":"DESADV.DELVRY07","Name":"Delivery: Shipping notification","IsCustomMessage":false},"AdministrativeData":{"CreatedBy":"moussa.el.kakouchi@sap.com","CreatedOn":1743420588882,"ModifiedBy":"moussa.el.kakouchi@sap.com","ModifiedOn":1743420588882,"LastImportedOn":1743420588882,"LastImportedBy":"moussa.el.kakouchi@sap.com"}}}