{"TradingPartnerDetails":{"IdForTradingPartner":{"Properties":{"Id":"18be672c721d4f1f845f6436ec301fba"}},"IdForSystemInstance":{"Properties":{"Id":"4d79cc68ef0540dc9dd1dec9ea0c5160"}},"IdForSenderIdentifier":{"Properties":{"Id":"ca9e956406604b519498353921414e84"}},"IdForReceiverIdentifier":{"Properties":{"Id":"0ca5dc5179c14e77bb5daf03e5f01537"}},"IdForContactPerson":{"Properties":{"Id":""}}},"AgreementLifeCycleStatus":{"Activated":true,"UpdateStatus":"UPDATED","ActivatedAt":0},"TransactionOption":{"Option":"Copy","TransactionIds":["6abd68bcdb5f402f937df629e3400c37"]},"RefreshRequired":false,"SourceTemplateName":"[B2B Integration Factory] - Order to Cash B2B Scenario - SOAP - Template","ConcreteTransactionDetails":{"5df1368d0ef8401eae92625a0fb8a03a":{"BusinessTransactionLifeCycleStatus":{"Activated":true,"UpdateStatus":"UPDATED","ActivatedAt":1741780617368,"ActivatedBy":"moussa.el.kakouchi@sap.com"},"ComputedPids":["SAP_TPM_0c6d1a21e81e19bc5b00888dca940d77"],"HashKeyPids":["SAP_TPM_0c6d1a21e81e19bc5b00888dca940d77"]},"7e7b8882e3c3401aa7a7d719c0e36ab1":{"BusinessTransactionLifeCycleStatus":{"Activated":true,"UpdateStatus":"UPDATED","ActivatedAt":1741780617368,"ActivatedBy":"moussa.el.kakouchi@sap.com"},"ComputedPids":["SAP_TPM_d59c862bb3b84c3410bbf0023f6af19d"],"HashKeyPids":["SAP_TPM_d59c862bb3b84c3410bbf0023f6af19d"]}},"Name":"[B2B Integration Factory] - TransportationOrderGenericRequestMessage - SOAP","Description":"","Version":"1.0","OwnedBy":"Self","OwnerId":"myCompany","Shared":false,"TransactionsNumber":2,"CompanyData":{"Id":"myCompany","Name":"[Company Name]","Role":"INITIATOR","SystemInstance":{"Properties":{"Id":"9e446f07ceb64f33bae5e11b66be71ac","Label_Alias":"S/4 HANA System"}},"TypeSystem":{"Properties":{"Id":"SAP_S4HANA_Cloud_SOA"}},"TypeSystemVersion":"2302","IdAsSender":{"Properties":{"Id":"f49e65fa67284c908b2c4e2d7a76d943","Label_Alias":"Company_SOAP_ID"}},"IdAsReceiver":{"Properties":{"Id":"c66f21511f3844269f41c3803a6ff135","Label_Alias":"Company_UNEDIFACT_ID"}},"ContactPerson":{"Properties":{"Id":""}}},"TradingPartnerData":{"Role":"REACTOR","AliasForSystemInstance":{"Properties":{"Alias":"[B2B Integration Factory]-System"}},"TypeSystem":{"Properties":{"Id":"UNEDIFACT"}},"TypeSystemVersion":"D.10B S3","AliasForIdentifierInOwnTS":{"Properties":{"Alias":"TP_UN-EDIFACT_ID"}},"AliasForIdentifierInCompanyTS":{"Properties":{"Alias":"TP_SOAP_ID"}},"AliasForContactPersonRole":{"Properties":{"Alias":""}}},"CommunicationPartnerData":{"IdForTradingPartner":{"Properties":{}},"IdForSystemInstance":{"Properties":{}}},"B2BScenarioDetailsId":"c30d37c113a849dfb94adde78005c7f5","DocumentSchemaVersion":"1.0","administrativeData":{"createdAt":1738146230742,"createdBy":"jan.feyen@sap.com","modifiedAt":1741780617496,"modifiedBy":"moussa.el.kakouchi@sap.com"},"ParentId":"2860089e1b424d5393e6164eb128ae7d","ParentArtifactType":"AGREEMENT_TEMPLATE_V2","searchableAttributes":{"ModelVersion":["2.0"],"TENANT":["e30aab0a-9c29-40d4-a156-5e6dc245c28f"],"PD_KEY_HASH":["SAP_TPM_0c6d1a21e81e19bc5b00888dca940d77","SAP_TPM_d59c862bb3b84c3410bbf0023f6af19d"],"activatedAt":["1741780617368"],"activatedBy":["moussa.el.kakouchi@sap.com"]},"artifactProperties":{},"relations":[],"ArtifactRelations":{},"artifactStatus":"Draft","id":"3347210067e749cd990617a9a1dc4758","uniqueId":"3347210067e749cd990617a9a1dc4758","artifactType":"TRADING_PARTNER_AGREEMENT_V2","displayName":"[B2B Integration Factory] - TransportationOrderGenericRequestMessage - SOAP","semanticVersion":"2.0"}