{"SignatureValidationConfigurations":{"ConfigurationType":"SIGNATURE_VALIDATION_CONFIG","ConfigurationEntries":{}},"DocumentSchemaVersion":"1.0","administrativeData":{"createdAt":1730906013813,"createdBy":"jan.feyen@sap.com","modifiedAt":1730912940384,"modifiedBy":"tamaki.ogura@sap.com"},"ParentId":"ad9c12dad0f9475bb54ea2361cea6d00","ParentArtifactType":"TRADING_PARTNER","searchableAttributes":{"TENANT":["e30aab0a-9c29-40d4-a156-5e6dc245c28f"],"Alias":["DBS_India_AS2_ID"]},"artifactProperties":{},"relations":[],"ArtifactRelations":{},"artifactStatus":"Draft","id":"ad9c12dad0f9475bb54ea2361cea6d00::profileConfiguration","uniqueId":"2a72721b67ca4d3ea0505d6040f96c29","artifactType":"PARTNER_PROFILE_CONFIG","displayName":"PartnerProfileConfiguration","semanticVersion":"1.0:"}