{"IsVanScenario":true,"FunctionalAck":{},"BusinessTransactions":[{"Id":"840be5fcada6414bbcbe2053b5315575","PatternReference":{"Id":"REQUEST_RESPONSE","Version":"1.0","Name":"Two Way Request Reply"},"Sequence":1,"TransactionProperties":{"Properties":{"Label_ReactorName":"[Company Name]","Reactor":"myCompany","Name":"01.) Sales Order Request/Response","Label_InitiatorName":""}},"BusinessTransactionActivities":[{"Id":"a65886869b6745ccbe95971342fbc868","BusinessTransactionActivityReference":{"Id":"REQUEST-FLOW","Version":"1.0","Name":"Request Processing"},"Sequence":1,"BusinessTransactionActivityProperties":{"Properties":{}},"ActivityParameters":[],"ChoreographyProperties":{"Properties":{"SENDER_ADAPTER":{"Properties":{"CCTForSenderFunctionalACKAlias":"","CommunicationChannelTemplateAlias":"B2B-Simulation.Sender"}},"SENDER_INTERCHANGE":{"Properties":{"Validation":"false","ImportCorrelationObjectId":"9816417cfab64e718510c16a723d4921","TypeSystem":"ASC_X12","Label_MIGIdName":"01.) [Trading Partner Name] - ASC X12 004010 850 - Source","ObjectGUID":"e4be1efa69b94464b048885b678ee263","MIGGUID":"cad722b3f85a43a4b60b990ea42e6fa3","Label_MIGStatus":"Active","SyntaxValidation":"true","CreateAcknowledgement":"","FunctionalAck":"","ImportCorrelationGroupId":"2b069a5f502e465a9b27c5b3fc3ad0a3","MIGLink":"","MessageType":"850","TypeSystemVersion":"004010","MIGVersionId":"1.0"}},"RECEIVER_INTERCHANGE":{"Properties":{"Validation":"false","ImportCorrelationObjectId":"fe03c33414cf43ae824aa77862f8f345","TypeSystem":"SAP_IDoc","Label_MIGIdName":"01.a) [Company Name] - SAP IDOC ORDERS.ORDERS05 for Customer EDI - Target","ObjectGUID":"396731283ef644c9b9dfa97b2f6b5f6b","MIGGUID":"b411f60162dd4c30b60bf15cbed2edea","NumberRange":"ICN_TRADACOMS","Label_MIGStatus":"Active","FunctionalAck":"","ImportCorrelationGroupId":"7eace892ab9342109bf675d8c3c78d3f","MIGLink":"","Id":"myCompany","MessageType":"ORDERS.ORDERS05","TypeSystemVersion":"755","MIGVersionId":"1.0","RACKRequired":""}},"SENDER_SYSTEM":{"Properties":{"TypeSystem":"ASC_X12","SyntaxValidation":"true","IdAsSenderAlias":"TP_ASCX12_ID","SystemInstanceAlias":"B2B Integration Factory]-System","IdAsReceiver":"4c87c10cb0e444a286ec265e291c5acc","TypeSystemVersion":"004010"}},"MAPPING":{"Properties":{"MAGVersionId":"1.0","ImportCorrelationObjectId":"479c94df690c4db08b667d424664ded3","Label_MAGName":"01.) [Trading Partner Name] - ASC X12 004010 850 -to- SAP IDOC ORDERS.ORDERS05","MAGGUID":"c589494b919d4b46863079e7f812b78a","ImportCorrelationGroupId":"d56411333a46422480198cf2ceb5b800","MAGLink":"","ObjectGUID":"33c49ab1173a449eb4b425a30e85a8ea","Label_MAGStatus":"Active"}},"RECEIVER_ADAPTER":{"Properties":{"CommunicationChannelTemplateId":"8e69240364144c06a5d42fa746694f70","Id":"myCompany","ACKCommunicationChannelTemplateId":""}},"RECEIVER_SYSTEM":{"Properties":{"TypeSystem":"SAP_IDoc","SystemInstanceId":"9e446f07ceb64f33bae5e11b66be71ac","IdAsSenderAlias":"TP_004010_IDOC_ID","Id":"myCompany","IdAsReceiver":"02b003f2ccd24519b7bc27ac79e37de3","TypeSystemVersion":"755"}}}}},{"Id":"1b07eace396d490f8b6540540baf2882","BusinessTransactionActivityReference":{"Id":"RESPONSE-FLOW","Version":"1.0","Name":"Response Processing"},"Sequence":1,"BusinessTransactionActivityProperties":{"Properties":{}},"ActivityParameters":[],"ChoreographyProperties":{"Properties":{"SENDER_ADAPTER":{"Properties":{"CommunicationChannelTemplateId":"465a5f3f773047c19f8648d929b384a8","Id":"myCompany"}},"SENDER_INTERCHANGE":{"Properties":{"Validation":"false","ImportCorrelationObjectId":"9816417cfab64e718510c16a723d4921","TypeSystem":"SAP_IDoc","Label_MIGIdName":"01.) [Trading Partner Name] - ASC X12 004010 850 - Source","ObjectGUID":"e4be1efa69b94464b048885b678ee263","HasEnvelope":"false","MIGGUID":"cad722b3f85a43a4b60b990ea42e6fa3","Label_MIGStatus":"Active","CreateAcknowledgement":"","FunctionalAck":"","ImportCorrelationGroupId":"2b069a5f502e465a9b27c5b3fc3ad0a3","MIGLink":"","Id":"myCompany","MessageType":"850","TypeSystemVersion":"755","MIGVersionId":"1.0"}},"RECEIVER_INTERCHANGE":{"Properties":{"Validation":"false","ImportCorrelationObjectId":"fe03c33414cf43ae824aa77862f8f345","TypeSystem":"ASC_X12","Label_MIGIdName":"01.a) [Company Name] - SAP IDOC ORDERS.ORDERS05 for Customer EDI - Target","NumberRangeAlias":"","ObjectGUID":"396731283ef644c9b9dfa97b2f6b5f6b","HasEnvelope":"false","MIGGUID":"b411f60162dd4c30b60bf15cbed2edea","Label_MIGStatus":"Active","FunctionalAck":"","ImportCorrelationGroupId":"7eace892ab9342109bf675d8c3c78d3f","MIGLink":"","MessageType":"ORDERS.ORDERS05","TypeSystemVersion":"004010","MIGVersionId":"1.0","RACKRequired":""}},"SENDER_SYSTEM":{"Properties":{"TypeSystem":"SAP_IDoc","SystemInstanceId":"9e446f07ceb64f33bae5e11b66be71ac","IdAsSender":"02b003f2ccd24519b7bc27ac79e37de3","IdAsReceiverAlias":"TP_004010_IDOC_ID","Id":"myCompany","TypeSystemVersion":"755"}},"MAPPING":{"Properties":{"MAGVersionId":"1.0","ImportCorrelationObjectId":"479c94df690c4db08b667d424664ded3","Label_MAGName":"01.) [Trading Partner Name] - ASC X12 004010 850 -to- SAP IDOC ORDERS.ORDERS05","MAGGUID":"c589494b919d4b46863079e7f812b78a","ImportCorrelationGroupId":"d56411333a46422480198cf2ceb5b800","MAGLink":"","ObjectGUID":"33c49ab1173a449eb4b425a30e85a8ea","Label_MAGStatus":"Active"}},"RECEIVER_ADAPTER":{"Properties":{"CommunicationChannelTemplateAlias":"B2B-Simulation.Receiver"}},"RECEIVER_SYSTEM":{"Properties":{"TypeSystem":"ASC_X12","IdAsReceiverAlias":"TP_ASCX12_ID","IdAsSender":"4c87c10cb0e444a286ec265e291c5acc","SystemInstanceAlias":"B2B Integration Factory]-System","TypeSystemVersion":"004010"}}}}}],"BusinessTransactionDetails":{"BusinessTransactionLifeCycleStatus":{"Activated":false,"UpdateStatus":"NONE","ActivatedAt":0},"ComputedPids":[],"HashKeyPids":[]}},{"Id":"8ef7f98a192c4c80907e1f6e34d15317","PatternReference":{"Id":"NOTIFICATION","Version":"1.0","Name":"One Way Notification"},"Sequence":2,"TransactionProperties":{"Properties":{"Initiator":"myCompany","Name":"03.) Invoice - Outbound","Label_InitiatorName":"[Company Name]"}},"BusinessTransactionActivities":[{"Id":"e982459790aa470eb55be511ee2a27e0","BusinessTransactionActivityReference":{"Id":"REQUEST-FLOW","Version":"1.0","Name":"Request Processing"},"Sequence":1,"BusinessTransactionActivityProperties":{"Properties":{}},"ActivityParameters":[],"ChoreographyProperties":{"Properties":{"SENDER_ADAPTER":{"Properties":{"CommunicationChannelTemplateId":"465a5f3f773047c19f8648d929b384a8","Id":"myCompany"}},"SENDER_INTERCHANGE":{"Properties":{"Validation":"false","ImportCorrelationObjectId":"073c07275d6f4e95a2225474a0ecee24","TypeSystem":"SAP_IDoc","Label_MIGIdName":"03.) [Company Name] - SAP IDOC INVOIC.INVOIC02 for Customer EDI - Source","ObjectGUID":"4001c5205b404f40ad084d10a23e9765","MIGGUID":"3aaa60e973be47c6820909ab21b49dd3","Label_MIGStatus":"Active","CreateAcknowledgement":"","FunctionalAck":"","ImportCorrelationGroupId":"5449ec81ca7543a19f95cd85651e8b65","MIGLink":"","Id":"myCompany","MessageType":"INVOIC.INVOIC02","TypeSystemVersion":"755","MIGVersionId":"1.0"}},"RECEIVER_INTERCHANGE":{"Properties":{"Validation":"false","ImportCorrelationObjectId":"dfd747a888404d70b74ee46c7caedd72","TypeSystem":"ASC_X12","Label_MIGIdName":"03.) [Trading Partner Name] - ASC X12 004010 810 - Target","NumberRangeAlias":"","ObjectGUID":"e04713373b29456386e0f281629b2fda","MIGGUID":"887bd6e9a1ac40ac993d590407ff91ac","Label_MIGStatus":"Active","FunctionalAck":"","ImportCorrelationGroupId":"12435b893f0343729cb02173ef401c0d","MIGLink":"","MessageType":"810","TypeSystemVersion":"004010","MIGVersionId":"1.0","RACKRequired":""}},"SENDER_SYSTEM":{"Properties":{"TypeSystem":"SAP_IDoc","SystemInstanceId":"9e446f07ceb64f33bae5e11b66be71ac","IdAsSender":"02b003f2ccd24519b7bc27ac79e37de3","IdAsReceiverAlias":"TP_004010_IDOC_ID","Id":"myCompany","TypeSystemVersion":"755"}},"MAPPING":{"Properties":{"MAGVersionId":"1.0","ImportCorrelationObjectId":"3fe8f72b87b84f4bbe27e9f1d3e07d8d","Label_MAGName":"03.) [Trading Partner Name] - SAP IDOC INVOIC.INVOIC02 -to- ASC X12 004010 810","MAGGUID":"b6358c22f3414237a1cd21b4a4494cd9","ImportCorrelationGroupId":"0193253a2e9e4aaaa43803f2aaaf83e8","MAGLink":"","ObjectGUID":"f04a0556543a423fb37db63048375fbe","Label_MAGStatus":"Active"}},"RECEIVER_ADAPTER":{"Properties":{"CommunicationChannelTemplateAlias":"B2B-Simulation.Receiver"}},"RECEIVER_SYSTEM":{"Properties":{"TypeSystem":"ASC_X12","IdAsReceiverAlias":"TP_ASCX12_ID","IdAsSender":"4c87c10cb0e444a286ec265e291c5acc","SystemInstanceAlias":"B2B Integration Factory]-System","TypeSystemVersion":"004010"}}}}}],"BusinessTransactionDetails":{"BusinessTransactionLifeCycleStatus":{"Activated":false,"UpdateStatus":"NONE","ActivatedAt":0},"ComputedPids":[],"HashKeyPids":[]}},{"Id":"d0de00e93a2c4fdc85b22ab9f4466e96","PatternReference":{"Id":"NOTIFICATION","Version":"1.0","Name":"One Way Notification"},"Sequence":3,"TransactionProperties":{"Properties":{"Initiator":"myCompany","Name":"02.) Delivery Notification - Outbound","Label_InitiatorName":"[Company Name]"}},"BusinessTransactionActivities":[{"Id":"c0c508ffad5b4ecba60f84ed5ed65f40","BusinessTransactionActivityReference":{"Id":"REQUEST-FLOW","Version":"1.0","Name":"Request Processing"},"Sequence":1,"BusinessTransactionActivityProperties":{"Properties":{}},"ActivityParameters":[],"ChoreographyProperties":{"Properties":{"SENDER_ADAPTER":{"Properties":{"CommunicationChannelTemplateId":"465a5f3f773047c19f8648d929b384a8","Id":"myCompany"}},"SENDER_INTERCHANGE":{"Properties":{"Validation":"false","ImportCorrelationObjectId":"4fd764bec69b4cc6ac0fc838bcd667d9","TypeSystem":"SAP_IDoc","Label_MIGIdName":"02.) [Company Name] - SAP IDOC DESADV.DELVRY07 for ASC X12 Customer EDI - Source","ObjectGUID":"f3203d7e30774a3f8c8bf311122a2d81","MIGGUID":"357d77a55c03407ab8a42739d0c500ca","Label_MIGStatus":"Active","CreateAcknowledgement":"","FunctionalAck":"","ImportCorrelationGroupId":"0fa5645e013b407d885ded622fb6fc70","MIGLink":"","Id":"myCompany","MessageType":"DESADV.DELVRY07","TypeSystemVersion":"755","MIGVersionId":"1.0"}},"RECEIVER_INTERCHANGE":{"Properties":{"Validation":"false","ImportCorrelationObjectId":"20aa06c4c0444097a23b481c2d54ab6f","TypeSystem":"ASC_X12","Label_MIGIdName":"02.) [Trading Partner Name] - ASC X12 004010 856 - Target","NumberRangeAlias":"","ObjectGUID":"8f6ea547eeb44555823ec95296a7d567","MIGGUID":"8ebe825226eb41c5bfeb6ae4467d823f","Label_MIGStatus":"Active","FunctionalAck":"","ImportCorrelationGroupId":"9c3c6924fc89461e9db1b16a85a9b450","MIGLink":"","MessageType":"856","TypeSystemVersion":"004010","MIGVersionId":"1.0","RACKRequired":""}},"SENDER_SYSTEM":{"Properties":{"TypeSystem":"SAP_IDoc","SystemInstanceId":"9e446f07ceb64f33bae5e11b66be71ac","IdAsSender":"02b003f2ccd24519b7bc27ac79e37de3","IdAsReceiverAlias":"TP_004010_IDOC_ID","Id":"myCompany","TypeSystemVersion":"755"}},"MAPPING":{"Properties":{"MAGVersionId":"1.0","ImportCorrelationObjectId":"90cff86a40184c839953e848a7283525","Label_MAGName":"02.) [Trading Partner Name] - SAP IDOC DESADV.DELVRY07 -to- ASC X12 004010 856","MAGGUID":"fabc63d01fd84ea2acecc0238a7eeb59","ImportCorrelationGroupId":"68cf3b26afcb40b39c93c2d034805899","MAGLink":"","ObjectGUID":"53c09befa7cf4165bd644deeb7249448","Label_MAGStatus":"Active"}},"RECEIVER_ADAPTER":{"Properties":{"CommunicationChannelTemplateAlias":"B2B-Simulation.Receiver"}},"RECEIVER_SYSTEM":{"Properties":{"TypeSystem":"ASC_X12","IdAsReceiverAlias":"TP_ASCX12_ID","IdAsSender":"4c87c10cb0e444a286ec265e291c5acc","TypeSystemVersion":"004010"}}}}}],"BusinessTransactionDetails":{"BusinessTransactionLifeCycleStatus":{"Activated":false,"UpdateStatus":"NONE","ActivatedAt":0},"ComputedPids":[],"HashKeyPids":[]}}],"DocumentSchemaVersion":"1.0","administrativeData":{"createdAt":1743420653035,"createdBy":"moussa.el.kakouchi@sap.com","modifiedAt":1743427473871,"modifiedBy":"moussa.el.kakouchi@sap.com"},"ParentId":"821de991aadb4837ac6235b7242eab4d","ParentArtifactType":"AGREEMENT_TEMPLATE_V2","searchableAttributes":{"CUSTOM_SEARCH_ATTRIBUTE":[],"TENANT":["0276649a-0a57-4c1b-9235-3fa585ecc5df"]},"artifactProperties":{"TransactionsNumber":"3"},"relations":[],"ArtifactRelations":{},"artifactStatus":"Draft","id":"10db1ee515d84e40b208fbd0a7564026","uniqueId":"10db1ee515d84e40b208fbd0a7564026","artifactType":"B2B_SCENARIO","displayName":"B2B Scenario","semanticVersion":"2.0"}