{"IsGroupIdentifier":false,"AssociatedIdentifiers":{"Properties":{}},"Alias":"Company - ASC X12 ID","TypeSystemId":"ASC_X12","IdentifierId":"012345678","SchemeName":"Duns (Dun \u0026 Bradstreet)","SchemeCode":"01","DocumentSchemaVersion":"1.0","administrativeData":{"createdAt":1743420648582,"createdBy":"moussa.el.kakouchi@sap.com","modifiedAt":1743427468040,"modifiedBy":"moussa.el.kakouchi@sap.com"},"ParentId":"myCompany","ParentArtifactType":"COMPANY","searchableAttributes":{"Alias":["Company - ASC X12 ID"],"TENANT":["0276649a-0a57-4c1b-9235-3fa585ecc5df"]},"artifactProperties":{},"relations":[],"ArtifactRelations":{},"artifactStatus":"Draft","id":"4c87c10cb0e444a286ec265e291c5acc","uniqueId":"4c87c10cb0e444a286ec265e291c5acc","artifactType":"IDENTIFIER","displayName":"012345678","semanticVersion":"1.0"}