{"IsGroupIdentifier":false,"AssociatedIdentifiers":{"Properties":{}},"Alias":"TP_004010_IDOC_ID","TypeSystemId":"SAP_IDoc","IdentifierId":"TP_004010_IDOC_ID","SchemeName":"N/A","SchemeCode":"N/A","DocumentSchemaVersion":"1.0","administrativeData":{"createdAt":1743420648300,"createdBy":"moussa.el.kakouchi@sap.com","modifiedAt":1743420648300,"modifiedBy":"moussa.el.kakouchi@sap.com"},"ParentId":"18be672c721d4f1f845f6436ec301fba","ParentArtifactType":"TRADING_PARTNER","searchableAttributes":{"Alias":["TP_004010_IDOC_ID"],"TENANT":["0276649a-0a57-4c1b-9235-3fa585ecc5df"]},"artifactProperties":{},"relations":[],"ArtifactRelations":{},"artifactStatus":"Draft","id":"f073bad6e4f8492d83e9ccb134cd700f","uniqueId":"f073bad6e4f8492d83e9ccb134cd700f","artifactType":"IDENTIFIER","displayName":"TP_004010_IDOC_ID","semanticVersion":"1.0"}