{"IsGroupIdentifier":false,"AssociatedIdentifiers":{"Properties":{}},"Alias":"TPASCX12","TypeSystemId":"ASC_X12","IdentifierId":"TPASCX12","SchemeName":"Mutually Defined","SchemeCode":"ZZ","DocumentSchemaVersion":"1.0","administrativeData":{"createdAt":1743420648400,"createdBy":"moussa.el.kakouchi@sap.com","modifiedAt":1743427467700,"modifiedBy":"moussa.el.kakouchi@sap.com"},"ParentId":"18be672c721d4f1f845f6436ec301fba","ParentArtifactType":"TRADING_PARTNER","searchableAttributes":{"Alias":["TPASCX12"],"TENANT":["0276649a-0a57-4c1b-9235-3fa585ecc5df"]},"artifactProperties":{},"relations":[],"ArtifactRelations":{},"artifactStatus":"Draft","id":"fc9c0136309642729c558b240e80dd87","uniqueId":"e2271b6394894dcd808a710fff0bd592","artifactType":"IDENTIFIER","displayName":"TPASCX12","semanticVersion":"1.0"}