{"TradingPartnerDetails":{"IdForTradingPartner":{"Properties":{"Id":"18be672c721d4f1f845f6436ec301fba"}},"IdForSystemInstance":{"Properties":{"Id":"4d79cc68ef0540dc9dd1dec9ea0c5160"}},"IdForSenderIdentifier":{"Properties":{"Id":"fc9c0136309642729c558b240e80dd87"}},"IdForReceiverIdentifier":{"Properties":{"Id":"f073bad6e4f8492d83e9ccb134cd700f"}},"IdForContactPerson":{"Properties":{"Id":""}}},"AgreementLifeCycleStatus":{"Activated":true,"UpdateStatus":"NONE","ActivatedAt":0},"TransactionOption":{"Option":"Copy"},"RefreshRequired":false,"SourceTemplateName":"[B2B Integration Factory]- Order to Cash B2B Scenario for ASC X12 - Template","ConcreteTransactionDetails":{"840be5fcada6414bbcbe2053b5315575":{"BusinessTransactionLifeCycleStatus":{"Activated":true,"UpdateStatus":"NONE","ActivatedAt":1726059122216,"ActivatedBy":"mert.oezkan@sap.com"},"ComputedPids":["SAP_TPM_a03e52283146c3fd1d8ade5d1cc89992","SAP_TPM_552718429c2c0d7f533fcae516d0ddd1"],"HashKeyPids":["SAP_TPM_a03e52283146c3fd1d8ade5d1cc89992","SAP_TPM_552718429c2c0d7f533fcae516d0ddd1"]},"8ef7f98a192c4c80907e1f6e34d15317":{"BusinessTransactionLifeCycleStatus":{"Activated":true,"UpdateStatus":"NONE","ActivatedAt":1726059122216,"ActivatedBy":"mert.oezkan@sap.com"},"ComputedPids":["SAP_TPM_4b95e04551b114427307523ddbf15a11"],"HashKeyPids":["SAP_TPM_4b95e04551b114427307523ddbf15a11"]}},"Name":"[B2B Integration Factory] - Order to Cash B2B Scenario - ASC X12 004010","Description":"In a B2B Order to Cash scenario between SAP IDOC and ASC X12 Version 004010, the process involves the exchange of electronic documents for the creation and fulfillment of sales orders. SAP IDOCs are used to represent the data from the SAP system, while ASC X12 Version 004010 is a standardized electronic data interchange format used for international trade. The scenario would involve the transmission of order data from the SAP system in IDOC format to trading partners using ASC X12 Version 004010, followed by the exchange of shipping and invoicing information to complete the order fulfillment process. The integration of these systems allows for seamless and automated communication between trading partners, leading to improved efficiency and accuracy in the order to cash process.","Version":"1.0","OwnedBy":"Self","OwnerId":"myCompany","Shared":false,"TransactionsNumber":2,"CompanyData":{"Id":"myCompany","Name":"[Company Name]","Role":"INITIATOR","SystemInstance":{"Properties":{"Id":"9e446f07ceb64f33bae5e11b66be71ac","Label_Alias":"S/4 HANA System"}},"TypeSystem":{"Properties":{"Id":"SAP_IDoc"}},"TypeSystemVersion":"755","IdAsSender":{"Properties":{"Id":"02b003f2ccd24519b7bc27ac79e37de3","Label_Alias":"Company_IDOC_ID"}},"IdAsReceiver":{"Properties":{"Id":"4c87c10cb0e444a286ec265e291c5acc","Label_Alias":"Company - ASC X12 ID"}},"ContactPerson":{"Properties":{"Id":""}}},"TradingPartnerData":{"Role":"REACTOR","AliasForSystemInstance":{"Properties":{"Alias":"[B2B Integration Factory]-System"}},"TypeSystem":{"Properties":{"Id":"ASC_X12"}},"TypeSystemVersion":"004010","AliasForIdentifierInOwnTS":{"Properties":{"Alias":"TPASCX12"}},"AliasForIdentifierInCompanyTS":{"Properties":{"Alias":"TP_004010_IDOC_ID"}},"AliasForContactPersonRole":{"Properties":{"Alias":""}}},"CommunicationPartnerData":{"IdForTradingPartner":{"Properties":{}},"IdForSystemInstance":{"Properties":{}}},"B2BScenarioDetailsId":"4c8353029bf44fd985efe42cfd9bd966","DocumentSchemaVersion":"1.0","administrativeData":{"createdAt":1722849042298,"createdBy":"tamaki.ogura@sap.com","modifiedAt":1726059122353,"modifiedBy":"mert.oezkan@sap.com"},"ParentId":"821de991aadb4837ac6235b7242eab4d","ParentArtifactType":"AGREEMENT_TEMPLATE_V2","searchableAttributes":{"ModelVersion":["2.0"],"TENANT":["e30aab0a-9c29-40d4-a156-5e6dc245c28f"],"PD_KEY_HASH":["SAP_TPM_4b95e04551b114427307523ddbf15a11","SAP_TPM_a03e52283146c3fd1d8ade5d1cc89992","SAP_TPM_552718429c2c0d7f533fcae516d0ddd1"],"activatedAt":["1726059122216"],"activatedBy":["mert.oezkan@sap.com"]},"artifactProperties":{},"relations":[],"ArtifactRelations":{},"artifactStatus":"Draft","id":"e6f11e69b11e483ab74954619413e85b","uniqueId":"e6f11e69b11e483ab74954619413e85b","artifactType":"TRADING_PARTNER_AGREEMENT_V2","displayName":"[B2B Integration Factory] - Order to Cash B2B Scenario - ASC X12 004010","semanticVersion":"2.0"}