{"IsGroupIdentifier":false,"AssociatedIdentifiers":{"Properties":{}},"Alias":"TP_SOAP_ID","TypeSystemId":"SAP_S4HANA_Cloud_SOA","IdentifierId":"TP_SOAP_ID","SchemeName":"N/A","SchemeCode":"N/A","DocumentSchemaVersion":"1.0","administrativeData":{"createdAt":1731502974295,"createdBy":"tamaki.ogura@sap.com","modifiedAt":1731502974295,"modifiedBy":"tamaki.ogura@sap.com"},"ParentId":"18be672c721d4f1f845f6436ec301fba","ParentArtifactType":"TRADING_PARTNER","searchableAttributes":{"Alias":["TP_SOAP_ID"],"TENANT":["e30aab0a-9c29-40d4-a156-5e6dc245c28f"]},"artifactProperties":{},"relations":[],"ArtifactRelations":{},"artifactStatus":"Draft","id":"0ca5dc5179c14e77bb5daf03e5f01537","uniqueId":"0ca5dc5179c14e77bb5daf03e5f01537","artifactType":"IDENTIFIER","displayName":"TP_SOAP_ID","semanticVersion":"1.0"}