{"Name":"[B2B Integration Factory] - Purchase to Pay B2B Scenario - SOAP - Template","Description":"","Version":"1.0","OwnedBy":"Self","OwnerId":"myCompany","Shared":false,"TransactionsNumber":0,"CompanyData":{"Id":"myCompany","Name":"[Company Name]","Role":"INITIATOR","SystemInstance":{"Properties":{"Id":"","Label_Name":"","Label_Purpose":""}},"TypeSystem":{"Properties":{"Id":"","Label_Name":""}},"TypeSystemVersion":"","IdAsSender":{"Properties":{"Id":""}},"IdAsReceiver":{"Properties":{"Id":""}},"ContactPerson":{"Properties":{"Id":"","Label_Name":""}}},"TradingPartnerData":{"Role":"REACTOR","AliasForSystemInstance":{"Properties":{"Alias":""}},"TypeSystem":{"Properties":{"Id":"","Label_Name":""}},"TypeSystemVersion":"","AliasForIdentifierInOwnTS":{"Properties":{"Alias":""}},"AliasForIdentifierInCompanyTS":{"Properties":{"Alias":""}},"AliasForContactPersonRole":{"Properties":{"Alias":""}}},"CommunicationPartnerData":{"IdForTradingPartner":{"Properties":{"Label_Name":""}},"IdForSystemInstance":{"Properties":{"Label_SystemInstanceName":"","Label_Purpose":""}}},"B2BScenarioDetailsId":"37492d31f96f44d9b77ed3e49c007a27","DocumentSchemaVersion":"1.0","administrativeData":{"createdAt":1732011045460,"createdBy":"tamaki.ogura@sap.com","modifiedAt":1732011739117,"modifiedBy":"tamaki.ogura@sap.com"},"ParentId":"e30aab0a-9c29-40d4-a156-5e6dc245c28f","ParentArtifactType":"TENANT","searchableAttributes":{"ModelVersion":["2.0"],"TENANT":["e30aab0a-9c29-40d4-a156-5e6dc245c28f"]},"artifactProperties":{},"relations":[],"ArtifactRelations":{},"artifactStatus":"Draft","id":"cfb2909e9f914cf8be1b32144a51d354","uniqueId":"cfb2909e9f914cf8be1b32144a51d354","artifactType":"AGREEMENT_TEMPLATE_V2","displayName":"[B2B Integration Factory] - Purchase to Pay B2B Scenario - SOAP - Template","semanticVersion":"2.0"}