{"ArtifactMetadata":{"SchemaVersion":"1.1","ArtifactType":"MigVersionInfo"},"value":{"ObjectGUID":"272db48084c240a88c7162b44ce293cd","MIGGUID":"6868c2d805634f24aebba47f02797094","ImportCorrelationObjectId":"272db48084c240a88c7162b44ce293cd","ImportCorrelationGroupId":"6868c2d805634f24aebba47f02797094","VersionId":"4.0","Name":"01.b) [Company Name] - SAP IDOC ORDRSP.ORDERS05 for Customer EDI - Source","Status":"Active","HasEnvelope":false,"MessageTemplate":{"TypeSystemId":"SAP_IDoc","TypeSystemDisplayId":"SAP S/4HANA On Premise IDoc","VersionId":"1809_FPS02","VersionDisplayId":"1809 FPS02","Revision":11,"Id":"ORDRSP.ORDERS05","DisplayId":"ORDRSP.ORDERS05","Name":"Purchase order / order confirmation","IsCustomMessage":false},"AdministrativeData":{"CreatedBy":"vishakha.deshmukh@sap.com","CreatedOn":1756976082821,"ModifiedBy":"noah.rauch@sap.com","ModifiedOn":1757457214409}}}