{"ArtifactMetadata":{"SchemaVersion":"1.1","ArtifactType":"MigVersionInfo"},"value":{"ObjectGUID":"4bcaa1f3947f4f969f9fcacd9a3eda6e","MIGGUID":"38130fbd97b94fa7a1e5b4d4ddd4ec25","ImportCorrelationObjectId":"4bcaa1f3947f4f969f9fcacd9a3eda6e","ImportCorrelationGroupId":"38130fbd97b94fa7a1e5b4d4ddd4ec25","VersionId":"2.0","Name":"03.) [Company Name] - SAP IDOC INVOIC.INVOIC02 for Customer EDI - Target","Status":"Active","HasEnvelope":false,"MessageTemplate":{"TypeSystemId":"SAP_IDoc","TypeSystemDisplayId":"SAP S/4HANA On Premise IDoc","VersionId":"1809_FPS02","VersionDisplayId":"1809 FPS02","Revision":11,"Id":"INVOIC.INVOIC02","DisplayId":"INVOIC.INVOIC02","Name":"Invoice/Billing Document","IsCustomMessage":false},"AdministrativeData":{"CreatedBy":"qi.liu05@sap.com","CreatedOn":1756822910703,"ModifiedBy":"noah.rauch@sap.com","ModifiedOn":1757615449826}}}