{"ArtifactMetadata":{"SchemaVersion":"1.1","ArtifactType":"MigVersionInfo"},"value":{"ObjectGUID":"6a55ff3acee545dbbd76f150b93aff88","MIGGUID":"debc419208344650b10d48e574b3e446","ImportCorrelationObjectId":"6a55ff3acee545dbbd76f150b93aff88","ImportCorrelationGroupId":"debc419208344650b10d48e574b3e446","VersionId":"5.0","Name":"01.a) [Trading Partner Name] - SAP SOAP 1905 OrderRequest - Target","Status":"Active","HasEnvelope":false,"MessageTemplate":{"TypeSystemId":"SAP_S4HANA_Cloud_SOA","TypeSystemDisplayId":"SAP S/4HANA Cloud SOAP","VersionId":"1905","VersionDisplayId":"1905","Revision":7,"Id":"OrderRequest","DisplayId":"OrderRequest","Namespace":"http://sap.com/xi/EDI/Buyer","Name":"OrderRequest","IsCustomMessage":false},"AdministrativeData":{"CreatedBy":"qi.liu05@sap.com","CreatedOn":1756373760630,"ModifiedBy":"isabel.zoller@sap.com","ModifiedOn":1756903847675}}}