{"ArtifactMetadata":{"SchemaVersion":"1.1","ArtifactType":"MigVersionInfo"},"value":{"ObjectGUID":"a44f7c99d56d4e3d9396c13dd345a04d","MIGGUID":"70453cc75b124de7b29340ff46366d6e","ImportCorrelationObjectId":"a44f7c99d56d4e3d9396c13dd345a04d","ImportCorrelationGroupId":"70453cc75b124de7b29340ff46366d6e","VersionId":"2.0","Name":"02.) [Company Name] - SAP IDOC DESADV.DELVRY07 for Customer EDI - Target","Status":"Active","HasEnvelope":false,"MessageTemplate":{"TypeSystemId":"SAP_IDoc","TypeSystemDisplayId":"SAP S/4HANA On Premise IDoc","VersionId":"1809_FPS02","VersionDisplayId":"1809 FPS02","Revision":11,"Id":"DESADV.DELVRY07","DisplayId":"DESADV.DELVRY07","Name":"Delivery: Shipping notification","IsCustomMessage":false},"AdministrativeData":{"CreatedBy":"qi.liu05@sap.com","CreatedOn":1756833143725,"ModifiedBy":"noah.rauch@sap.com","ModifiedOn":1757615322963}}}