{"ArtifactMetadata":{"SchemaVersion":"1.1","ArtifactType":"MigVersionInfo"},"value":{"ObjectGUID":"d52ff6f6dc3a405181b0df3bcb76826e","MIGGUID":"930757bea84541debd62ba80738ad864","ImportCorrelationObjectId":"d52ff6f6dc3a405181b0df3bcb76826e","ImportCorrelationGroupId":"930757bea84541debd62ba80738ad864","VersionId":"1.0","Name":"01.a) [Company Name] - SAP IDOC ORDERS.ORDERS05 for SAP SOAP - Source","Status":"Active","HasEnvelope":false,"MessageTemplate":{"TypeSystemId":"SAP_IDoc","TypeSystemDisplayId":"SAP S/4HANA On Premise IDoc","VersionId":"1809_FPS02","VersionDisplayId":"1809 FPS02","Revision":11,"Id":"ORDERS.ORDERS05","DisplayId":"ORDERS.ORDERS05","Name":"Purchase order / order","IsCustomMessage":false},"AdministrativeData":{"CreatedBy":"moussa.el.kakouchi@sap.com","CreatedOn":1743596965910,"ModifiedBy":"moussa.el.kakouchi@sap.com","ModifiedOn":1743597008848}}}