{"IsVanScenario":false,"FunctionalAck":{},"BusinessTransactions":[{"Id":"148dfac41858401e9be200faff9b3912","PatternReference":{"Id":"REQUEST_RESPONSE","Version":"1.0","Name":"Two Way Request Reply"},"Sequence":1,"TransactionProperties":{"Properties":{"Initiator":"18be672c721d4f1f845f6436ec301fba","Label_ReactorName":"[Company Name]","CommunicationPartnerId":"","Reactor":"myCompany","Name":"01.) Sales Order Request/Response","Label_InitiatorName":"[Trading Partner Name]"}},"BusinessTransactionActivities":[{"Id":"5b314134be144f64b06c47529d120e52","BusinessTransactionActivityReference":{"Id":"REQUEST-FLOW","Version":"1.0","Name":"Request Processing"},"Sequence":1,"BusinessTransactionActivityProperties":{"Properties":{}},"ActivityParameters":[],"ChoreographyProperties":{"Properties":{"SENDER_ADAPTER":{"Properties":{"CCTForSenderFunctionalACKAlias":"","CommunicationChannelTemplateId":"fe88a0dee6ee464095a0e81709a2223c","CommunicationChannelTemplateAlias":"AS2 Sender","Id":"18be672c721d4f1f845f6436ec301fba"}},"SENDER_INTERCHANGE":{"Properties":{"Validation":"false","ImportCorrelationObjectId":"7d99d87998e64a2283f4e79718e68a08","TypeSystem":"TRADACOMS","Label_MIGIdName":"01.a) [Trading Partner Name] - TRADACOMS 9 ORDHDR - Source","ContactPersonId":"","ObjectGUID":"c622d50788d44752b40506d4ddc8a6c8","HasEnvelope":"false","MIGGUID":"2f196a153af74c1b99ae7e566535b491","Label_MIGStatus":"Active","CreateAcknowledgement":"","FunctionalAck":"","ImportCorrelationGroupId":"8f238ecce2cf4a86b28f30fca6f5c6bd","MIGLink":"","Id":"18be672c721d4f1f845f6436ec301fba","MessageType":"ORDHDR_FILE_9","TypeSystemVersion":"9","MIGVersionId":"1.0"}},"RECEIVER_INTERCHANGE":{"Properties":{"Validation":"false","ImportCorrelationObjectId":"a365626767334e3ab721cff2ef29d38d","TypeSystem":"SAP_IDoc","Label_MIGIdName":"01.a) [Company Name] - SAP IDOC ORDERS.ORDERS05 for Customer EDI - Target","ContactPersonId":"","ObjectGUID":"714a09249b294ac9979ac13632c956c4","HasEnvelope":"false","MIGGUID":"b411f60162dd4c30b60bf15cbed2edea","NumberRange":"ICN_UNEDIFACT_TP","Label_MIGStatus":"Active","FunctionalAck":"","ImportCorrelationGroupId":"7eace892ab9342109bf675d8c3c78d3f","MIGLink":"","Id":"myCompany","MessageType":"ORDERS.ORDERS05","TypeSystemVersion":"755","MIGVersionId":"3.0","RACKRequired":""}},"SENDER_SYSTEM":{"Properties":{"TypeSystem":"TRADACOMS","SystemInstanceId":"4d79cc68ef0540dc9dd1dec9ea0c5160","IdAsSender":"618d2687be9f4e4a90ab0a2784a04d13","IdAsReceiverAlias":"Company_TRADACOMS_ID","IdAsSenderAlias":"TP_TRADACOMS_ID","SystemInstanceAlias":"[B2B Integration Factory]-System","IdAsReceiver":"51727d927da8412793cdaf18c427a800","Id":"18be672c721d4f1f845f6436ec301fba","TypeSystemVersion":"All"}},"MAPPING":{"Properties":{"MAGVersionId":"4.0","ImportCorrelationObjectId":"339c669757d84bf3a93225c609fcffe8","Label_MAGName":"01.a) [Trading Partner Name] - TRADACOMS 9 ORDHDR -to- SAP IDOC ORDERS.ORDERS05","MAGGUID":"91fb15cf6baf4f50b9072a41f34333e0","ImportCorrelationGroupId":"c55d6d1d9efd450e9b5b6326881c4dcd","MAGLink":"","ObjectGUID":"634ef3ee411243ad83fd54fd29dee510","Id":"18be672c721d4f1f845f6436ec301fba","Label_MAGStatus":"Active"}},"RECEIVER_ADAPTER":{"Properties":{"CommunicationChannelTemplateId":"7edcacd0feff4217b9865131c18bff9b","CommunicationChannelTemplateAlias":"IDOC Receiver","Id":"myCompany"}},"RECEIVER_SYSTEM":{"Properties":{"TypeSystem":"SAP_IDoc","SystemInstanceId":"9e446f07ceb64f33bae5e11b66be71ac","IdAsSender":"39b74d2db27f448ba6abe41a3b7769d0","IdAsReceiverAlias":"Company_IDOC_ID","IdAsSenderAlias":"TP_IDOC_ID","SystemInstanceAlias":"S/4 HANA System","Id":"myCompany","IdAsReceiver":"02b003f2ccd24519b7bc27ac79e37de3","TypeSystemVersion":"1809_FPS02"}}}}},{"Id":"24782bf14c72428385207f125efcb454","BusinessTransactionActivityReference":{"Id":"RESPONSE-FLOW","Version":"1.0","Name":"Response Processing"},"Sequence":1,"BusinessTransactionActivityProperties":{"Properties":{}},"ActivityParameters":[],"ChoreographyProperties":{"Properties":{"SENDER_ADAPTER":{"Properties":{"CCTForSenderFunctionalACKAlias":"","CommunicationChannelTemplateId":"877cbbd5adcc43fd8a04cc324b9ba413","CommunicationChannelTemplateAlias":"IDOC Sender","Id":"myCompany"}},"SENDER_INTERCHANGE":{"Properties":{"Validation":"false","ImportCorrelationObjectId":"7d99d87998e64a2283f4e79718e68a08","TypeSystem":"SAP_IDoc","Label_MIGIdName":"01.a) [Trading Partner Name] - TRADACOMS 9 ORDHDR - Source","ContactPersonId":"","ObjectGUID":"c622d50788d44752b40506d4ddc8a6c8","HasEnvelope":"false","MIGGUID":"2f196a153af74c1b99ae7e566535b491","Label_MIGStatus":"Active","CreateAcknowledgement":"","FunctionalAck":"","ImportCorrelationGroupId":"8f238ecce2cf4a86b28f30fca6f5c6bd","MIGLink":"","Id":"myCompany","MessageType":"ORDHDR_FILE_9","TypeSystemVersion":"755","MIGVersionId":"1.0"}},"RECEIVER_INTERCHANGE":{"Properties":{"Validation":"false","ImportCorrelationObjectId":"a365626767334e3ab721cff2ef29d38d","TypeSystem":"TRADACOMS","Label_MIGIdName":"01.a) [Company Name] - SAP IDOC ORDERS.ORDERS05 for Customer EDI - Target","ContactPersonId":"","NumberRangeAlias":"","ObjectGUID":"714a09249b294ac9979ac13632c956c4","HasEnvelope":"false","MIGGUID":"b411f60162dd4c30b60bf15cbed2edea","Label_MIGStatus":"Active","FunctionalAck":"","ImportCorrelationGroupId":"7eace892ab9342109bf675d8c3c78d3f","MIGLink":"","Id":"18be672c721d4f1f845f6436ec301fba","MessageType":"ORDERS.ORDERS05","TypeSystemVersion":"All","MIGVersionId":"3.0","RACKRequired":""}},"SENDER_SYSTEM":{"Properties":{"TypeSystem":"SAP_IDoc","SystemInstanceId":"9e446f07ceb64f33bae5e11b66be71ac","IdAsSender":"02b003f2ccd24519b7bc27ac79e37de3","IdAsReceiverAlias":"TP_IDOC_ID","IdAsSenderAlias":"Company_IDOC_ID","SystemInstanceAlias":"S/4 HANA System","Id":"myCompany","IdAsReceiver":"39b74d2db27f448ba6abe41a3b7769d0","TypeSystemVersion":"1809_FPS02"}},"MAPPING":{"Properties":{"MAGVersionId":"4.0","ImportCorrelationObjectId":"339c669757d84bf3a93225c609fcffe8","Label_MAGName":"01.a) [Trading Partner Name] - TRADACOMS 9 ORDHDR -to- SAP IDOC ORDERS.ORDERS05","MAGGUID":"91fb15cf6baf4f50b9072a41f34333e0","ImportCorrelationGroupId":"c55d6d1d9efd450e9b5b6326881c4dcd","MAGLink":"","ObjectGUID":"634ef3ee411243ad83fd54fd29dee510","Id":"18be672c721d4f1f845f6436ec301fba","Label_MAGStatus":"Active"}},"RECEIVER_ADAPTER":{"Properties":{"CommunicationChannelTemplateId":"33faf59f998d489e84dc435000959ad7","CommunicationChannelTemplateAlias":"AS2 Receiver","Id":"18be672c721d4f1f845f6436ec301fba"}},"RECEIVER_SYSTEM":{"Properties":{"TypeSystem":"TRADACOMS","SystemInstanceId":"4d79cc68ef0540dc9dd1dec9ea0c5160","IdAsReceiverAlias":"TP_TRADACOMS_ID","IdAsSender":"51727d927da8412793cdaf18c427a800","IdAsSenderAlias":"Company_TRADACOMS_ID","SystemInstanceAlias":"[B2B Integration Factory]-System","Id":"18be672c721d4f1f845f6436ec301fba","IdAsReceiver":"618d2687be9f4e4a90ab0a2784a04d13","TypeSystemVersion":"All"}}}}}],"BusinessTransactionDetails":{"BusinessTransactionLifeCycleStatus":{"Activated":false,"UpdateStatus":"NONE","ActivatedAt":0},"ComputedPids":[],"HashKeyPids":[]}},{"Id":"6dda572bba0b4235a3c195b86a9da359","PatternReference":{"Id":"NOTIFICATION","Version":"1.0","Name":"One Way Notification"},"Sequence":2,"TransactionProperties":{"Properties":{"Initiator":"myCompany","Label_ReactorName":"[Trading Partner Name]","CommunicationPartnerId":"","Reactor":"18be672c721d4f1f845f6436ec301fba","Name":"03.) Invoice - Outbound","Label_InitiatorName":"[Company Name]"}},"BusinessTransactionActivities":[{"Id":"ef12481de0fe4f45b8ecd36d9e8f2841","BusinessTransactionActivityReference":{"Id":"REQUEST-FLOW","Version":"1.0","Name":"Request Processing"},"Sequence":1,"BusinessTransactionActivityProperties":{"Properties":{}},"ActivityParameters":[],"ChoreographyProperties":{"Properties":{"SENDER_ADAPTER":{"Properties":{"CCTForSenderFunctionalACKAlias":"","CommunicationChannelTemplateId":"877cbbd5adcc43fd8a04cc324b9ba413","CommunicationChannelTemplateAlias":"IDOC Sender","Id":"myCompany"}},"SENDER_INTERCHANGE":{"Properties":{"Validation":"false","ImportCorrelationObjectId":"8d707f3591ab49cb8ca4232d4c229208","TypeSystem":"SAP_IDoc","Label_MIGIdName":"03.) [Company Name] - SAP IDOC INVOIC.INVOIC02 for Customer EDI - Source","ContactPersonId":"","ObjectGUID":"c8ba859e70414dd99813b849d8b71587","HasEnvelope":"false","MIGGUID":"3aaa60e973be47c6820909ab21b49dd3","Label_MIGStatus":"Active","CreateAcknowledgement":"","FunctionalAck":"","ImportCorrelationGroupId":"5449ec81ca7543a19f95cd85651e8b65","MIGLink":"","Id":"myCompany","MessageType":"INVOIC.INVOIC02","TypeSystemVersion":"1809_FPS02","MIGVersionId":"2.0"}},"RECEIVER_INTERCHANGE":{"Properties":{"Validation":"false","ImportCorrelationObjectId":"22e6f548b98942f1b25925b748caa69b","TypeSystem":"TRADACOMS","Label_MIGIdName":"03.) [Trading Partner Name] - Tradacoms 9 INVFIL - Target","ContactPersonId":"","NumberRangeAlias":"","ObjectGUID":"793aaa3108a84807b3383729381c3cc4","HasEnvelope":"false","MIGGUID":"62bebd991c04461da4d1ce06049112bc","Label_MIGStatus":"Active","FunctionalAck":"","ImportCorrelationGroupId":"a0561ca6a0b74ed9a28c0a86212db642","MIGLink":"","Id":"18be672c721d4f1f845f6436ec301fba","MessageType":"INVFIL_FILE_9","TypeSystemVersion":"9","MIGVersionId":"1.0","RACKRequired":""}},"SENDER_SYSTEM":{"Properties":{"TypeSystem":"SAP_IDoc","SystemInstanceId":"9e446f07ceb64f33bae5e11b66be71ac","IdAsSender":"02b003f2ccd24519b7bc27ac79e37de3","IdAsReceiverAlias":"TP_IDOC_ID","IdAsSenderAlias":"Company_IDOC_ID","SystemInstanceAlias":"S/4 HANA System","Id":"myCompany","IdAsReceiver":"39b74d2db27f448ba6abe41a3b7769d0","TypeSystemVersion":"1809_FPS02"}},"MAPPING":{"Properties":{"MAGVersionId":"2.0","ImportCorrelationObjectId":"76ba436c71664526947c9f23ab96d2c7","Label_MAGName":"03.) [Trading Partner Name] - SAP IDOC INVOIC.INVOIC02 -to- Tradacoms 9 INVFIL","MAGGUID":"51fae086109b40d596b7ca12052cfd6a","ImportCorrelationGroupId":"f67accc03b1b467e800ac2095ddd4722","MAGLink":"","ObjectGUID":"964929d427ed43d182604f91bba71dec","Id":"18be672c721d4f1f845f6436ec301fba","Label_MAGStatus":"Active"}},"RECEIVER_ADAPTER":{"Properties":{"CommunicationChannelTemplateId":"33faf59f998d489e84dc435000959ad7","CommunicationChannelTemplateAlias":"AS2 Receiver","Id":"18be672c721d4f1f845f6436ec301fba"}},"RECEIVER_SYSTEM":{"Properties":{"TypeSystem":"TRADACOMS","SystemInstanceId":"4d79cc68ef0540dc9dd1dec9ea0c5160","IdAsReceiverAlias":"TP_TRADACOMS_ID","IdAsSender":"51727d927da8412793cdaf18c427a800","IdAsSenderAlias":"Company_TRADACOMS_ID","SystemInstanceAlias":"[B2B Integration Factory]-System","Id":"18be672c721d4f1f845f6436ec301fba","IdAsReceiver":"618d2687be9f4e4a90ab0a2784a04d13","TypeSystemVersion":"All"}}}}}],"BusinessTransactionDetails":{"BusinessTransactionLifeCycleStatus":{"Activated":false,"UpdateStatus":"NONE","ActivatedAt":0},"ComputedPids":[],"HashKeyPids":[]}}],"DocumentSchemaVersion":"1.0","administrativeData":{"createdAt":1749211737533,"createdBy":"moussa.el.kakouchi@sap.com","modifiedAt":1749211767716,"modifiedBy":"moussa.el.kakouchi@sap.com"},"ParentId":"e6a6ec4d2cf1432ca6019f5424d33bf5","ParentArtifactType":"TRADING_PARTNER_AGREEMENT_V2","searchableAttributes":{"CUSTOM_SEARCH_ATTRIBUTE":[],"TENANT":["0276649a-0a57-4c1b-9235-3fa585ecc5df"]},"artifactProperties":{"TransactionsNumber":"2"},"relations":[],"ArtifactRelations":{},"artifactStatus":"Draft","uniqueId":"16eb9e7e425f4087baf348ba3cd91b09","displayName":"B2B Scenario","semanticVersion":"2.0","id":"16eb9e7e425f4087baf348ba3cd91b09","artifactType":"B2B_SCENARIO"}