{"ArtifactMetadata":{"SchemaVersion":"1.3","ArtifactType":"MagDetail"},"Identification":{"ObjectGuid":"de5efbb361fe47b2bb123bcf8b448818","MAGGUID":"c8bfe8fe000e4ad2aaf740c0079aff78","ImportCorrelationGroupId":"c8bfe8fe000e4ad2aaf740c0079aff78","ImportCorrelationObjectId":"de5efbb361fe47b2bb123bcf8b448818","MAGVersion":"2.0","Customer":"fd071028502f5e5e1104606396090e5a"},"SourceBusinessContext":[{"contextType":"IndustryClassification","codeListId":"Industry","contextValues":[{"key":"I_CP","name":"Consumer Products"}]},{"contextType":"BusinessProcessRole","codeListId":"RoleCodelist","contextValues":[{"key":"SE","name":"Seller"},{"key":"BY","name":"Buyer"}]},{"contextType":"BusinessProcess","codeListId":"CommonBusinessProcessCodelist","contextValues":[{"key":"00036","name":"Create Order"}]}],"TargetBusinessContext":[{"contextType":"BusinessProcess","codeListId":"CommonBusinessProcessCodelist","contextValues":[{"key":"00036","name":"Create Order"}]}],"Status":"Draft","SourceMig":{"ObjectGUID":"89ade1ccd480482c8e839541da6b8804","TypeSystemId":"SAP_IDoc"},"TargetMig":{"ObjectGUID":"81c82790a2dc47cf9eefccebe8b0b155","TypeSystemId":"SAP_S4HANA_Cloud_SOA"},"DomainMappingElementsWithTransformation":[{"DomainMappingElement":{"SourceDomainSet":[],"TargetDomainSet":[{"DomainGuid":"a195e1a6baf4398b8449647f60cd6645","AlternativeDomainGuid":"b5423002a7a23fdfb650009275644d98","Position":1}],"Documentation":{"NumberOfNotes":0,"Notes":[]}},"Transformation":{"Function":{"FunctionGuid":"00000000000000000000000000000002","FunctionParameters":[{"PositionInParameterList":1,"Direction":"IN","Type":"STRING","Name":"value"},{"PositionInParameterList":2,"Direction":"OUT","Type":"NODE_LIST","Name":"nodes_out_1"}],"FunctionImplementations":[{"SourceCode":"\u003cxsl:value-of select\u003d\"$nodes_in/value\"/\u003e","FunctionImplementationLanguage":{"Name":"XSLT","Version":"2.0"}}],"isReference":false},"ParameterAssignments":[{"PositionInParameterList":1,"PositionInParameter":1,"Value":"ShipTo"},{"PositionInParameterList":2,"PositionInParameter":1,"PositionInDomainSet":1}]},"Confidential":false},{"DomainMappingElement":{"SourceDomainSet":[],"TargetDomainSet":[{"DomainGuid":"faebae4a46673f2eb64459c979536498","AlternativeDomainGuid":"652a43aafff94c5aaf5f8d9dc28f8ca2","Position":1}],"Documentation":{"NumberOfNotes":0,"Notes":[]}},"Transformation":{"Function":{"FunctionGuid":"00000000000000000000000000000002","FunctionParameters":[{"PositionInParameterList":1,"Direction":"IN","Type":"STRING","Name":"value"},{"PositionInParameterList":2,"Direction":"OUT","Type":"NODE_LIST","Name":"nodes_out_1"}],"FunctionImplementations":[{"SourceCode":"\u003cxsl:value-of select\u003d\"$nodes_in/value\"/\u003e","FunctionImplementationLanguage":{"Name":"XSLT","Version":"2.0"}}],"isReference":false},"ParameterAssignments":[{"PositionInParameterList":1,"PositionInParameter":1,"Value":"SoldTo"},{"PositionInParameterList":2,"PositionInParameter":1,"PositionInDomainSet":1}]},"Confidential":false},{"DomainMappingElement":{"SourceDomainSet":[],"TargetDomainSet":[{"DomainGuid":"835385650b743f599ca1e6888c5fad74","AlternativeDomainGuid":"059dd79a5a9742959a24d9e691f064fc","Position":1}],"Documentation":{"NumberOfNotes":0,"Notes":[]}},"Transformation":{"Function":{"FunctionGuid":"00000000000000000000000000000002","FunctionParameters":[{"PositionInParameterList":1,"Direction":"IN","Type":"STRING","Name":"value"},{"PositionInParameterList":2,"Direction":"OUT","Type":"NODE_LIST","Name":"nodes_out_1"}],"FunctionImplementations":[{"SourceCode":"\u003cxsl:value-of select\u003d\"$nodes_in/value\"/\u003e","FunctionImplementationLanguage":{"Name":"XSLT","Version":"2.0"}}],"isReference":false},"ParameterAssignments":[{"PositionInParameterList":1,"PositionInParameter":1,"Value":"Supplier"},{"PositionInParameterList":2,"PositionInParameter":1,"PositionInDomainSet":1}]},"Confidential":false},{"DomainMappingElement":{"SourceDomainSet":[{"DomainGuid":"8e6835c02194329ba3e31eddf62b4171","Position":1}],"TargetDomainSet":[{"DomainGuid":"606fcf338d2a3a77b3cf3937a28aa08b","Position":1}],"Documentation":{"NumberOfNotes":0,"Notes":[]}},"Confidential":false},{"DomainMappingElement":{"SourceDomainSet":[{"DomainGuid":"92e7bd0f4a7e31d0a0c7914ab06bd307","Position":1}],"TargetDomainSet":[{"DomainGuid":"7628075391f933cabd14627720826020","Position":1}],"Documentation":{"NumberOfNotes":0,"Notes":[]}},"Confidential":false},{"DomainMappingElement":{"SourceDomainSet":[{"DomainGuid":"a624f0de68423d6d8f54a4cfe35688b9","AlternativeDomainGuid":"518edc64a150432fb34877568973c247","Position":1}],"TargetDomainSet":[{"DomainGuid":"492e617fd8df3a8cb74a21580a69913a","Position":1}],"Documentation":{"NumberOfNotes":0,"Notes":[]}},"Transformation":{"Function":{"FunctionGuid":"00000000000000000000000000000001","FunctionParameters":[{"PositionInParameterList":1,"Direction":"IN","Type":"NODE_LIST","Name":"BELNR"},{"PositionInParameterList":2,"Direction":"OUT","Type":"NODE_LIST","Name":"nodes_out_1"}],"FunctionImplementations":[{"SourceCode":"\u003cxsl:sequence select\u003d\"$nodes_in/*\"/\u003e","FunctionImplementationLanguage":{"Name":"XSLT","Version":"2.0"}}],"isReference":false},"ParameterAssignments":[{"PositionInParameterList":1,"PositionInParameter":1,"PositionInDomainSet":1},{"PositionInParameterList":2,"PositionInParameter":1,"PositionInDomainSet":1}]},"Confidential":false},{"DomainMappingElement":{"SourceDomainSet":[{"DomainGuid":"61c766343cb936ec95b339279bbd9636","Position":1}],"TargetDomainSet":[{"DomainGuid":"db2e58b93ad238cb8c5c22351348df37","Position":1}],"Documentation":{"NumberOfNotes":0,"Notes":[]}},"Transformation":{"Function":{"FunctionGuid":"99b02e72ea474069833cf8d2a4a01822","FunctionParameters":[{"PositionInParameterList":1,"Direction":"IN","Type":"NODE_LIST","Name":"BSART"},{"PositionInParameterList":2,"Direction":"OUT","Type":"NODE_LIST","Name":"nodes_out_1"}],"FunctionImplementations":[{"SourceCode":"\u003cxsl:sequence select\u003d\"$nodes_in/*\"/\u003e","FunctionImplementationLanguage":{"Name":"XSLT","Version":"2.0"}}],"isReference":false},"ParameterAssignments":[{"PositionInParameterList":1,"PositionInParameter":1,"PositionInDomainSet":1},{"PositionInParameterList":2,"PositionInParameter":1,"PositionInDomainSet":1}]},"Confidential":false},{"DomainMappingElement":{"SourceDomainSet":[{"DomainGuid":"32d6057b16c432978f5dccd3bdede78b","AlternativeDomainGuid":"7bdb133497db426aa717c2c0b0767486","Position":1}],"TargetDomainSet":[{"DomainGuid":"18cd048a6dc0351395bf67cc2fd97dfc","Position":1}],"Documentation":{"NumberOfNotes":0,"Notes":[]}},"Transformation":{"Function":{"FunctionGuid":"00000000000000000000000000000001","FunctionParameters":[{"PositionInParameterList":1,"Direction":"IN","Type":"NODE_LIST","Name":"BELNR"},{"PositionInParameterList":2,"Direction":"OUT","Type":"NODE_LIST","Name":"nodes_out_1"}],"FunctionImplementations":[{"SourceCode":"\u003cxsl:sequence select\u003d\"$nodes_in/*\"/\u003e","FunctionImplementationLanguage":{"Name":"XSLT","Version":"2.0"}}],"isReference":false},"ParameterAssignments":[{"PositionInParameterList":1,"PositionInParameter":1,"PositionInDomainSet":1},{"PositionInParameterList":2,"PositionInParameter":1,"PositionInDomainSet":1}]},"Confidential":false},{"DomainMappingElement":{"SourceDomainSet":[{"Roles":["Trigger"],"DomainGuid":"d6e743df166234f191cc038f13173172","AlternativeDomainGuid":"b1316f1d7e284728b800a522dd286ab8","Position":1}],"TargetDomainSet":[{"DomainGuid":"353a086b5d2a3b16baaa97c56eeade32","Position":1}],"Documentation":{"NumberOfNotes":0,"Notes":[]}},"Confidential":false},{"DomainMappingElement":{"SourceDomainSet":[{"Roles":["Trigger"],"DomainGuid":"e2bc47ae76b735f9a1e4b30001ee303e","AlternativeDomainGuid":"bfade9d291124e72b7e3bb69a6aaf94f","Position":1}],"TargetDomainSet":[{"DomainGuid":"3e27f35c6ab63eb39624e5ef48f17174","Position":1}],"Documentation":{"NumberOfNotes":0,"Notes":[]}},"Confidential":false},{"DomainMappingElement":{"SourceDomainSet":[{"Roles":["Trigger"],"DomainGuid":"df36cd21122131c483eb5fa36597cf38","AlternativeDomainGuid":"ac9cf8c2378241f794234752649da05c","Position":1}],"TargetDomainSet":[{"DomainGuid":"ab57287a263f33a8a5b0b1cbc2775db5","Position":1}],"Documentation":{"NumberOfNotes":0,"Notes":[]}},"Confidential":false},{"DomainMappingElement":{"SourceDomainSet":[{"Roles":["Trigger"],"DomainGuid":"a7dad5b0280e3afda5f8a85b03a98ad6","AlternativeDomainGuid":"4ddbff7b83ac404e838b5b2d1c9ca58b","Position":1}],"TargetDomainSet":[{"DomainGuid":"ad56b800b522314faae99b4b0e5ccc92","Position":1}],"Documentation":{"NumberOfNotes":0,"Notes":[]}},"Confidential":false},{"DomainMappingElement":{"SourceDomainSet":[{"DomainGuid":"0f26bcc595bb39a4bc2d183ac456a20c","AlternativeDomainGuid":"640b05ca5a7d42239e0c079379c3d5d0","Position":1}],"TargetDomainSet":[{"DomainGuid":"15121ed334c03dacb25915a3ec4352cb","Position":1}],"Documentation":{"NumberOfNotes":0,"Notes":[]}},"Transformation":{"Function":{"FunctionGuid":"00000000000000000000000000000001","FunctionParameters":[{"PositionInParameterList":1,"Direction":"IN","Type":"NODE_LIST","Name":"ORGID"},{"PositionInParameterList":2,"Direction":"OUT","Type":"NODE_LIST","Name":"nodes_out_1"}],"FunctionImplementations":[{"SourceCode":"\u003cxsl:sequence select\u003d\"$nodes_in/*\"/\u003e","FunctionImplementationLanguage":{"Name":"XSLT","Version":"2.0"}}],"isReference":false},"ParameterAssignments":[{"PositionInParameterList":1,"PositionInParameter":1,"PositionInDomainSet":1},{"PositionInParameterList":2,"PositionInParameter":1,"PositionInDomainSet":1}]},"Confidential":false},{"DomainMappingElement":{"SourceDomainSet":[{"DomainGuid":"a636b99472ef3c9ba1640da8f325e123","AlternativeDomainGuid":"ec6ffc7b7524453fba4ae2630b2b211f","Position":1}],"TargetDomainSet":[{"DomainGuid":"1ee0499d8c963e938ae398cc6bfa1258","Position":1}],"Documentation":{"NumberOfNotes":0,"Notes":[]}},"Transformation":{"Function":{"FunctionGuid":"00000000000000000000000000000001","FunctionParameters":[{"PositionInParameterList":1,"Direction":"IN","Type":"NODE_LIST","Name":"ORGID"},{"PositionInParameterList":2,"Direction":"OUT","Type":"NODE_LIST","Name":"nodes_out_1"}],"FunctionImplementations":[{"SourceCode":"\u003cxsl:sequence select\u003d\"$nodes_in/*\"/\u003e","FunctionImplementationLanguage":{"Name":"XSLT","Version":"2.0"}}],"isReference":false},"ParameterAssignments":[{"PositionInParameterList":1,"PositionInParameter":1,"PositionInDomainSet":1},{"PositionInParameterList":2,"PositionInParameter":1,"PositionInDomainSet":1}]},"Confidential":false},{"DomainMappingElement":{"SourceDomainSet":[{"DomainGuid":"a730bf91ce8d318fa60032462b746870","Position":1}],"TargetDomainSet":[{"DomainGuid":"15090bcfe87c3cb2a6a71c9de0693c0a","Position":1}],"Documentation":{"NumberOfNotes":0,"Notes":[]}},"Transformation":{"Function":{"FunctionGuid":"00000000000000000000000000000001","FunctionParameters":[{"PositionInParameterList":1,"Direction":"IN","Type":"NODE_LIST","Name":"CURCY"},{"PositionInParameterList":2,"Direction":"OUT","Type":"NODE_LIST","Name":"nodes_out_1"}],"FunctionImplementations":[{"SourceCode":"\u003cxsl:sequence select\u003d\"$nodes_in/*\"/\u003e","FunctionImplementationLanguage":{"Name":"XSLT","Version":"2.0"}}],"isReference":false},"ParameterAssignments":[{"PositionInParameterList":1,"PositionInParameter":1,"PositionInDomainSet":1},{"PositionInParameterList":2,"PositionInParameter":1,"PositionInDomainSet":1}]},"Confidential":false},{"DomainMappingElement":{"SourceDomainSet":[{"DomainGuid":"01643e89587d32e2ac994794549f655e","Position":1}],"TargetDomainSet":[{"DomainGuid":"d51a59963242377bb7e6364c10700a62","Position":1}],"Documentation":{"NumberOfNotes":0,"Notes":[]}},"Transformation":{"Function":{"FunctionGuid":"00000000000000000000000000000001","FunctionParameters":[{"PositionInParameterList":1,"Direction":"IN","Type":"NODE_LIST","Name":"HWAER"},{"PositionInParameterList":2,"Direction":"OUT","Type":"NODE_LIST","Name":"nodes_out_1"}],"FunctionImplementations":[{"SourceCode":"\u003cxsl:sequence select\u003d\"$nodes_in/*\"/\u003e","FunctionImplementationLanguage":{"Name":"XSLT","Version":"2.0"}}],"isReference":false},"ParameterAssignments":[{"PositionInParameterList":1,"PositionInParameter":1,"PositionInDomainSet":1},{"PositionInParameterList":2,"PositionInParameter":1,"PositionInDomainSet":1}]},"Confidential":false},{"DomainMappingElement":{"SourceDomainSet":[{"DomainGuid":"9ef1d4641417362f93c368aaf9038562","Position":1}],"TargetDomainSet":[{"DomainGuid":"0792ee5d475337828993796d6f3913cb","Position":1}],"Documentation":{"NumberOfNotes":0,"Notes":[]}},"Transformation":{"Function":{"FunctionGuid":"00000000000000000000000000000001","FunctionParameters":[{"PositionInParameterList":1,"Direction":"IN","Type":"NODE_LIST","Name":"WKURS"},{"PositionInParameterList":2,"Direction":"OUT","Type":"NODE_LIST","Name":"nodes_out_1"}],"FunctionImplementations":[{"SourceCode":"\u003cxsl:sequence select\u003d\"$nodes_in/*\"/\u003e","FunctionImplementationLanguage":{"Name":"XSLT","Version":"2.0"}}],"isReference":false},"ParameterAssignments":[{"PositionInParameterList":1,"PositionInParameter":1,"PositionInDomainSet":1},{"PositionInParameterList":2,"PositionInParameter":1,"PositionInDomainSet":1}]},"Confidential":false},{"DomainMappingElement":{"SourceDomainSet":[{"Roles":["Trigger"],"DomainGuid":"168af54530da3d8fa6369b186914353b","AlternativeDomainGuid":"66575cf173a24503af206813d85cb78a","Position":1}],"TargetDomainSet":[{"DomainGuid":"6c4b11dd93d5301db28b21848a1ae605","Position":1}],"Documentation":{"NumberOfNotes":0,"Notes":[]}},"Confidential":false},{"DomainMappingElement":{"SourceDomainSet":[{"DomainGuid":"b9c7046e5fb33701822d58cb1b8606c8","AlternativeDomainGuid":"e90a67a22fe04596b87e8ddcddbe9e60","Position":1}],"TargetDomainSet":[{"DomainGuid":"9185c503baf43f86bd38383b549d988d","AlternativeDomainGuid":"d684fd45b9c13036b22d2fe1edaceb0d","Position":1}],"Documentation":{"NumberOfNotes":0,"Notes":[]}},"Transformation":{"Function":{"FunctionGuid":"00000000000000000000000000000001","FunctionParameters":[{"PositionInParameterList":1,"Direction":"IN","Type":"NODE_LIST","Name":"NAME1"},{"PositionInParameterList":2,"Direction":"OUT","Type":"NODE_LIST","Name":"nodes_out_1"}],"FunctionImplementations":[{"SourceCode":"\u003cxsl:sequence select\u003d\"$nodes_in/*\"/\u003e","FunctionImplementationLanguage":{"Name":"XSLT","Version":"2.0"}}],"isReference":false},"ParameterAssignments":[{"PositionInParameterList":1,"PositionInParameter":1,"PositionInDomainSet":1},{"PositionInParameterList":2,"PositionInParameter":1,"PositionInDomainSet":1}]},"Confidential":false},{"DomainMappingElement":{"SourceDomainSet":[{"DomainGuid":"e2218891e0ee38d7ab241efee24f680a","AlternativeDomainGuid":"91ba936937ae4bfe972d7fd6b1039f5b","Position":1}],"TargetDomainSet":[{"DomainGuid":"10362bd23d4f3bbc83a61c4e909202b2","AlternativeDomainGuid":"11e14acee849326fb71fc9dab7b91204","Position":1}],"Documentation":{"NumberOfNotes":0,"Notes":[]}},"Transformation":{"Function":{"FunctionGuid":"00000000000000000000000000000001","FunctionParameters":[{"PositionInParameterList":1,"Direction":"IN","Type":"NODE_LIST","Name":"nodes_in_1"},{"PositionInParameterList":2,"Direction":"OUT","Type":"NODE_LIST","Name":"nodes_out_1"}],"FunctionImplementations":[{"SourceCode":"\u003cxsl:sequence select\u003d\"$nodes_in/*\"/\u003e","FunctionImplementationLanguage":{"Name":"XSLT","Version":"2.0"}}],"isReference":false},"ParameterAssignments":[{"PositionInParameterList":1,"PositionInParameter":1,"PositionInDomainSet":1},{"PositionInParameterList":2,"PositionInParameter":1,"PositionInDomainSet":1}]},"Confidential":false},{"DomainMappingElement":{"SourceDomainSet":[{"DomainGuid":"e2218891e0ee38d7ab241efee24f680a","AlternativeDomainGuid":"91ba936937ae4bfe972d7fd6b1039f5b","Position":1}],"TargetDomainSet":[{"DomainGuid":"d2434a15c1d4366eb0c808f84da7c16f","AlternativeDomainGuid":"61f3d7519859366ab916af3ad4fef8c0","Position":1}],"Documentation":{"NumberOfNotes":0,"Notes":[]}},"Transformation":{"Function":{"FunctionGuid":"00000000000000000000000000000001","FunctionParameters":[{"PositionInParameterList":1,"Direction":"IN","Type":"NODE_LIST","Name":"nodes_in_1"},{"PositionInParameterList":2,"Direction":"OUT","Type":"NODE_LIST","Name":"nodes_out_1"}],"FunctionImplementations":[{"SourceCode":"\u003cxsl:sequence select\u003d\"$nodes_in/*\"/\u003e","FunctionImplementationLanguage":{"Name":"XSLT","Version":"2.0"}}],"isReference":false},"ParameterAssignments":[{"PositionInParameterList":1,"PositionInParameter":1,"PositionInDomainSet":1},{"PositionInParameterList":2,"PositionInParameter":1,"PositionInDomainSet":1}]},"Confidential":false},{"DomainMappingElement":{"SourceDomainSet":[{"DomainGuid":"f365d08b76cb3a3c9862f03575f0d429","AlternativeDomainGuid":"49ed3576241f40558afdc6725b15664c","Position":1}],"TargetDomainSet":[{"DomainGuid":"06cde411b96936c6a3e6eb21ddd83c98","AlternativeDomainGuid":"da06104a3b5f3a1d928c3309502446b1","Position":1}],"Documentation":{"NumberOfNotes":0,"Notes":[]}},"Transformation":{"Function":{"FunctionGuid":"00000000000000000000000000000001","FunctionParameters":[{"PositionInParameterList":1,"Direction":"IN","Type":"NODE_LIST","Name":"PSTLZ"},{"PositionInParameterList":2,"Direction":"OUT","Type":"NODE_LIST","Name":"nodes_out_1"}],"FunctionImplementations":[{"SourceCode":"\u003cxsl:sequence select\u003d\"$nodes_in/*\"/\u003e","FunctionImplementationLanguage":{"Name":"XSLT","Version":"2.0"}}],"isReference":false},"ParameterAssignments":[{"PositionInParameterList":1,"PositionInParameter":1,"PositionInDomainSet":1},{"PositionInParameterList":2,"PositionInParameter":1,"PositionInDomainSet":1}]},"Confidential":false},{"DomainMappingElement":{"SourceDomainSet":[{"DomainGuid":"80467cb628453ddea243bf2a3e92079e","AlternativeDomainGuid":"312712774c284acd8899bc33cc63b247","Position":1}],"TargetDomainSet":[{"DomainGuid":"1307865548db35af9e3caeb50542d7c0","AlternativeDomainGuid":"f28fef150eb13862acb95ff6b3196a87","Position":1}],"Documentation":{"NumberOfNotes":0,"Notes":[]}},"Transformation":{"Function":{"FunctionGuid":"00000000000000000000000000000001","FunctionParameters":[{"PositionInParameterList":1,"Direction":"IN","Type":"NODE_LIST","Name":"ORT01"},{"PositionInParameterList":2,"Direction":"OUT","Type":"NODE_LIST","Name":"nodes_out_1"}],"FunctionImplementations":[{"SourceCode":"\u003cxsl:sequence select\u003d\"$nodes_in/*\"/\u003e","FunctionImplementationLanguage":{"Name":"XSLT","Version":"2.0"}}],"isReference":false},"ParameterAssignments":[{"PositionInParameterList":1,"PositionInParameter":1,"PositionInDomainSet":1},{"PositionInParameterList":2,"PositionInParameter":1,"PositionInDomainSet":1}]},"Confidential":false},{"DomainMappingElement":{"SourceDomainSet":[{"DomainGuid":"5890962e9f0b3abd8cee628d389a8ba1","AlternativeDomainGuid":"eed362cf3c734a76b961c9e11d26bc67","Position":1}],"TargetDomainSet":[{"DomainGuid":"ce9458232056334da9473bc177dc81bf","AlternativeDomainGuid":"3d46ef647af537c9be5598c1a7fa35db","Position":1}],"Documentation":{"NumberOfNotes":0,"Notes":[]}},"Transformation":{"Function":{"FunctionGuid":"00000000000000000000000000000001","FunctionParameters":[{"PositionInParameterList":1,"Direction":"IN","Type":"NODE_LIST","Name":"LAND1"},{"PositionInParameterList":2,"Direction":"OUT","Type":"NODE_LIST","Name":"nodes_out_1"}],"FunctionImplementations":[{"SourceCode":"\u003cxsl:sequence select\u003d\"$nodes_in/*\"/\u003e","FunctionImplementationLanguage":{"Name":"XSLT","Version":"2.0"}}],"isReference":false},"ParameterAssignments":[{"PositionInParameterList":1,"PositionInParameter":1,"PositionInDomainSet":1},{"PositionInParameterList":2,"PositionInParameter":1,"PositionInDomainSet":1}]},"Confidential":false},{"DomainMappingElement":{"SourceDomainSet":[{"DomainGuid":"c0713ef7c8b53a1396d0f3ed5ca1e896","AlternativeDomainGuid":"01fd528c8c334674bc8e28db06275560","Position":1}],"TargetDomainSet":[{"DomainGuid":"00023da6471c3d81a79d65eab1cd5f41","AlternativeDomainGuid":"d67ed593991336fca0b5f2a153e9fba7","Position":1}],"Documentation":{"NumberOfNotes":0,"Notes":[]}},"Transformation":{"Function":{"FunctionGuid":"00000000000000000000000000000001","FunctionParameters":[{"PositionInParameterList":1,"Direction":"IN","Type":"NODE_LIST","Name":"REGIO"},{"PositionInParameterList":2,"Direction":"OUT","Type":"NODE_LIST","Name":"nodes_out_1"}],"FunctionImplementations":[{"SourceCode":"\u003cxsl:sequence select\u003d\"$nodes_in/*\"/\u003e","FunctionImplementationLanguage":{"Name":"XSLT","Version":"2.0"}}],"isReference":false},"ParameterAssignments":[{"PositionInParameterList":1,"PositionInParameter":1,"PositionInDomainSet":1},{"PositionInParameterList":2,"PositionInParameter":1,"PositionInDomainSet":1}]},"Confidential":false},{"DomainMappingElement":{"SourceDomainSet":[{"DomainGuid":"52a5ad67306c3de0b30b403477f019b0","AlternativeDomainGuid":"57b2ef32f7914ef5826139e7bfc4de15","Position":1}],"TargetDomainSet":[{"DomainGuid":"9be5c369a5df31c8bf0b0f2e3cbda078","AlternativeDomainGuid":"fcac40b1cd4e37b282ed6b132a446686","Position":1}],"Documentation":{"NumberOfNotes":0,"Notes":[]}},"Transformation":{"Function":{"FunctionGuid":"00000000000000000000000000000001","FunctionParameters":[{"PositionInParameterList":1,"Direction":"IN","Type":"NODE_LIST","Name":"TELF1"},{"PositionInParameterList":2,"Direction":"OUT","Type":"NODE_LIST","Name":"nodes_out_1"}],"FunctionImplementations":[{"SourceCode":"\u003cxsl:sequence select\u003d\"$nodes_in/*\"/\u003e","FunctionImplementationLanguage":{"Name":"XSLT","Version":"2.0"}}],"isReference":false},"ParameterAssignments":[{"PositionInParameterList":1,"PositionInParameter":1,"PositionInDomainSet":1},{"PositionInParameterList":2,"PositionInParameter":1,"PositionInDomainSet":1}]},"Confidential":false},{"DomainMappingElement":{"SourceDomainSet":[{"DomainGuid":"8714410aff8637dfa1187c9436f78f03","AlternativeDomainGuid":"9288b8ec240143518c4f9ee558d939ec","Position":1}],"TargetDomainSet":[{"DomainGuid":"dc0ac0ea8d6238bca80038a02c006977","AlternativeDomainGuid":"5144ae41771a3cb2a4d76d8778a15e46","Position":1}],"Documentation":{"NumberOfNotes":0,"Notes":[]}},"Transformation":{"Function":{"FunctionGuid":"00000000000000000000000000000001","FunctionParameters":[{"PositionInParameterList":1,"Direction":"IN","Type":"NODE_LIST","Name":"TELFX"},{"PositionInParameterList":2,"Direction":"OUT","Type":"NODE_LIST","Name":"nodes_out_1"}],"FunctionImplementations":[{"SourceCode":"\u003cxsl:sequence select\u003d\"$nodes_in/*\"/\u003e","FunctionImplementationLanguage":{"Name":"XSLT","Version":"2.0"}}],"isReference":false},"ParameterAssignments":[{"PositionInParameterList":1,"PositionInParameter":1,"PositionInDomainSet":1},{"PositionInParameterList":2,"PositionInParameter":1,"PositionInDomainSet":1}]},"Confidential":false},{"DomainMappingElement":{"SourceDomainSet":[{"DomainGuid":"9aa1883c4b3a37eab4f8213c3ba2151f","AlternativeDomainGuid":"77d358bca01a3f1aa820cb63a290d2d8","Position":1}],"TargetDomainSet":[{"DomainGuid":"a1e798758b7a3a59b0f7b8f6499a4d29","AlternativeDomainGuid":"e3240aaf19e24a938798c10ace4782fc","Position":1}],"Documentation":{"NumberOfNotes":0,"Notes":[]}},"Confidential":false},{"DomainMappingElement":{"SourceDomainSet":[{"DomainGuid":"58c47a57bf403551a4853c2c3635a677","AlternativeDomainGuid":"4c9cb0d6f83c3af2981b458d6f3a4c32","Position":1}],"TargetDomainSet":[{"DomainGuid":"0f9ac10bad723acb9a179038aab10821","AlternativeDomainGuid":"b619fa3d219849ed923564ce50555824","Position":1}],"Documentation":{"NumberOfNotes":0,"Notes":[]}},"Transformation":{"Function":{"FunctionGuid":"00000000000000000000000000000001","FunctionParameters":[{"PositionInParameterList":1,"Direction":"IN","Type":"NODE_LIST","Name":"NAME1"},{"PositionInParameterList":2,"Direction":"OUT","Type":"NODE_LIST","Name":"nodes_out_1"}],"FunctionImplementations":[{"SourceCode":"\u003cxsl:sequence select\u003d\"$nodes_in/*\"/\u003e","FunctionImplementationLanguage":{"Name":"XSLT","Version":"2.0"}}],"isReference":false},"ParameterAssignments":[{"PositionInParameterList":1,"PositionInParameter":1,"PositionInDomainSet":1},{"PositionInParameterList":2,"PositionInParameter":1,"PositionInDomainSet":1}]},"Confidential":false},{"DomainMappingElement":{"SourceDomainSet":[{"DomainGuid":"f87238a44726330ead45089bc4bf535d","AlternativeDomainGuid":"b00bb9ae83113d69a6c6ba8bdd765650","Position":1}],"TargetDomainSet":[{"DomainGuid":"5970d9670fcd37d49c26df54225f853c","AlternativeDomainGuid":"3b89d8e53f7d4d6590b4342c20a373b8","Position":1}],"Documentation":{"NumberOfNotes":0,"Notes":[]}},"Transformation":{"Function":{"FunctionGuid":"00000000000000000000000000000001","FunctionParameters":[{"PositionInParameterList":1,"Direction":"IN","Type":"NODE_LIST","Name":"nodes_in_1"},{"PositionInParameterList":2,"Direction":"OUT","Type":"NODE_LIST","Name":"nodes_out_1"}],"FunctionImplementations":[{"SourceCode":"\u003cxsl:sequence select\u003d\"$nodes_in/*\"/\u003e","FunctionImplementationLanguage":{"Name":"XSLT","Version":"2.0"}}],"isReference":false},"ParameterAssignments":[{"PositionInParameterList":1,"PositionInParameter":1,"PositionInDomainSet":1},{"PositionInParameterList":2,"PositionInParameter":1,"PositionInDomainSet":1}]},"Confidential":false},{"DomainMappingElement":{"SourceDomainSet":[{"DomainGuid":"f87238a44726330ead45089bc4bf535d","AlternativeDomainGuid":"b00bb9ae83113d69a6c6ba8bdd765650","Position":1}],"TargetDomainSet":[{"DomainGuid":"73d819d985c832198de2e502bd0452c3","AlternativeDomainGuid":"b1786a21f56c45bc91baf93b67d0597c","Position":1}],"Documentation":{"NumberOfNotes":0,"Notes":[]}},"Transformation":{"Function":{"FunctionGuid":"00000000000000000000000000000001","FunctionParameters":[{"PositionInParameterList":1,"Direction":"IN","Type":"NODE_LIST","Name":"nodes_in_1"},{"PositionInParameterList":2,"Direction":"OUT","Type":"NODE_LIST","Name":"nodes_out_1"}],"FunctionImplementations":[{"SourceCode":"\u003cxsl:sequence select\u003d\"$nodes_in/*\"/\u003e","FunctionImplementationLanguage":{"Name":"XSLT","Version":"2.0"}}],"isReference":false},"ParameterAssignments":[{"PositionInParameterList":1,"PositionInParameter":1,"PositionInDomainSet":1},{"PositionInParameterList":2,"PositionInParameter":1,"PositionInDomainSet":1}]},"Confidential":false},{"DomainMappingElement":{"SourceDomainSet":[{"DomainGuid":"e3f0a146b226331dbe090694ef361ed8","AlternativeDomainGuid":"8165ee962c0f31d7aaffd26392273b8a","Position":1}],"TargetDomainSet":[{"DomainGuid":"add1cb7662bb376aa45b5b83efc70d77","AlternativeDomainGuid":"170265a3f6f5427d8848a39caa00caaf","Position":1}],"Documentation":{"NumberOfNotes":0,"Notes":[]}},"Transformation":{"Function":{"FunctionGuid":"00000000000000000000000000000001","FunctionParameters":[{"PositionInParameterList":1,"Direction":"IN","Type":"NODE_LIST","Name":"PSTLZ"},{"PositionInParameterList":2,"Direction":"OUT","Type":"NODE_LIST","Name":"nodes_out_1"}],"FunctionImplementations":[{"SourceCode":"\u003cxsl:sequence select\u003d\"$nodes_in/*\"/\u003e","FunctionImplementationLanguage":{"Name":"XSLT","Version":"2.0"}}],"isReference":false},"ParameterAssignments":[{"PositionInParameterList":1,"PositionInParameter":1,"PositionInDomainSet":1},{"PositionInParameterList":2,"PositionInParameter":1,"PositionInDomainSet":1}]},"Confidential":false},{"DomainMappingElement":{"SourceDomainSet":[{"DomainGuid":"5938bc38e56d3dae86d1fab699724936","AlternativeDomainGuid":"eb3af0bce0253172b7dc781103a3ec98","Position":1}],"TargetDomainSet":[{"DomainGuid":"3c3b02df5a3d35758c418e1eebafb1e7","AlternativeDomainGuid":"d1c21c558b054cdeb87dd75aff6d792b","Position":1}],"Documentation":{"NumberOfNotes":0,"Notes":[]}},"Transformation":{"Function":{"FunctionGuid":"00000000000000000000000000000001","FunctionParameters":[{"PositionInParameterList":1,"Direction":"IN","Type":"NODE_LIST","Name":"ORT01"},{"PositionInParameterList":2,"Direction":"OUT","Type":"NODE_LIST","Name":"nodes_out_1"}],"FunctionImplementations":[{"SourceCode":"\u003cxsl:sequence select\u003d\"$nodes_in/*\"/\u003e","FunctionImplementationLanguage":{"Name":"XSLT","Version":"2.0"}}],"isReference":false},"ParameterAssignments":[{"PositionInParameterList":1,"PositionInParameter":1,"PositionInDomainSet":1},{"PositionInParameterList":2,"PositionInParameter":1,"PositionInDomainSet":1}]},"Confidential":false},{"DomainMappingElement":{"SourceDomainSet":[{"DomainGuid":"14405c3a2a5b320b8ceb1261a6289cec","AlternativeDomainGuid":"9b40e19d3928394bad29024b0c13a8a9","Position":1}],"TargetDomainSet":[{"DomainGuid":"71a8471f31bf341383135c8aef431291","AlternativeDomainGuid":"2a09c45522d448118a31c2192f76d9f3","Position":1}],"Documentation":{"NumberOfNotes":0,"Notes":[]}},"Transformation":{"Function":{"FunctionGuid":"00000000000000000000000000000001","FunctionParameters":[{"PositionInParameterList":1,"Direction":"IN","Type":"NODE_LIST","Name":"LAND1"},{"PositionInParameterList":2,"Direction":"OUT","Type":"NODE_LIST","Name":"nodes_out_1"}],"FunctionImplementations":[{"SourceCode":"\u003cxsl:sequence select\u003d\"$nodes_in/*\"/\u003e","FunctionImplementationLanguage":{"Name":"XSLT","Version":"2.0"}}],"isReference":false},"ParameterAssignments":[{"PositionInParameterList":1,"PositionInParameter":1,"PositionInDomainSet":1},{"PositionInParameterList":2,"PositionInParameter":1,"PositionInDomainSet":1}]},"Confidential":false},{"DomainMappingElement":{"SourceDomainSet":[{"DomainGuid":"b70cee1abdff3d4a9a559ff9ad4203e5","AlternativeDomainGuid":"a591100388493a75b72732b7d03c1efe","Position":1}],"TargetDomainSet":[{"DomainGuid":"cad07124ae873da0a93f69abd909962e","AlternativeDomainGuid":"eec227fe0b524746800f43855f62c503","Position":1}],"Documentation":{"NumberOfNotes":0,"Notes":[]}},"Transformation":{"Function":{"FunctionGuid":"00000000000000000000000000000001","FunctionParameters":[{"PositionInParameterList":1,"Direction":"IN","Type":"NODE_LIST","Name":"REGIO"},{"PositionInParameterList":2,"Direction":"OUT","Type":"NODE_LIST","Name":"nodes_out_1"}],"FunctionImplementations":[{"SourceCode":"\u003cxsl:sequence select\u003d\"$nodes_in/*\"/\u003e","FunctionImplementationLanguage":{"Name":"XSLT","Version":"2.0"}}],"isReference":false},"ParameterAssignments":[{"PositionInParameterList":1,"PositionInParameter":1,"PositionInDomainSet":1},{"PositionInParameterList":2,"PositionInParameter":1,"PositionInDomainSet":1}]},"Confidential":false},{"DomainMappingElement":{"SourceDomainSet":[{"DomainGuid":"7d6008285fe33d8e8c48036ac7d0089f","AlternativeDomainGuid":"6f5ab15d7bd83cf8b41be5987b824f56","Position":1}],"TargetDomainSet":[{"DomainGuid":"e4db7b41a7dc3ef5b67fbec159e6316b","AlternativeDomainGuid":"8ab906578a8b483c9fe3073438260a58","Position":1}],"Documentation":{"NumberOfNotes":0,"Notes":[]}},"Transformation":{"Function":{"FunctionGuid":"00000000000000000000000000000001","FunctionParameters":[{"PositionInParameterList":1,"Direction":"IN","Type":"NODE_LIST","Name":"TELF1"},{"PositionInParameterList":2,"Direction":"OUT","Type":"NODE_LIST","Name":"nodes_out_1"}],"FunctionImplementations":[{"SourceCode":"\u003cxsl:sequence select\u003d\"$nodes_in/*\"/\u003e","FunctionImplementationLanguage":{"Name":"XSLT","Version":"2.0"}}],"isReference":false},"ParameterAssignments":[{"PositionInParameterList":1,"PositionInParameter":1,"PositionInDomainSet":1},{"PositionInParameterList":2,"PositionInParameter":1,"PositionInDomainSet":1}]},"Confidential":false},{"DomainMappingElement":{"SourceDomainSet":[{"DomainGuid":"7a1d144ea95c3d1c9bcfec4e020198fc","AlternativeDomainGuid":"21bb4ff4e5e23f35b4e4a8f4c60bf86c","Position":1}],"TargetDomainSet":[{"DomainGuid":"ac3ba2b5e37a3773bec695f728b06cee","AlternativeDomainGuid":"abfa487b169d482d828e9c34fd8969d7","Position":1}],"Documentation":{"NumberOfNotes":0,"Notes":[]}},"Transformation":{"Function":{"FunctionGuid":"00000000000000000000000000000001","FunctionParameters":[{"PositionInParameterList":1,"Direction":"IN","Type":"NODE_LIST","Name":"TELFX"},{"PositionInParameterList":2,"Direction":"OUT","Type":"NODE_LIST","Name":"nodes_out_1"}],"FunctionImplementations":[{"SourceCode":"\u003cxsl:sequence select\u003d\"$nodes_in/*\"/\u003e","FunctionImplementationLanguage":{"Name":"XSLT","Version":"2.0"}}],"isReference":false},"ParameterAssignments":[{"PositionInParameterList":1,"PositionInParameter":1,"PositionInDomainSet":1},{"PositionInParameterList":2,"PositionInParameter":1,"PositionInDomainSet":1}]},"Confidential":false},{"DomainMappingElement":{"SourceDomainSet":[{"DomainGuid":"59e5a50a6d5832cf8dbeed0ffcd02fa2","AlternativeDomainGuid":"a4d6771feaf541d69f116320ee02c791","Position":1}],"TargetDomainSet":[{"DomainGuid":"3d36a3f30ddf3d44818a5b1e7247eaea","AlternativeDomainGuid":"67e770c4245542329e7b541a9cd1d363","Position":1}],"Documentation":{"NumberOfNotes":0,"Notes":[]}},"Confidential":false},{"DomainMappingElement":{"SourceDomainSet":[{"DomainGuid":"84ebb45898aa356fab2d8c5b4f30800d","AlternativeDomainGuid":"2015e245054244c8845930695517703d","Position":1}],"TargetDomainSet":[{"DomainGuid":"d9b28169272136f4af2c5bf832dab4d8","AlternativeDomainGuid":"700c387a9a4741e7b5a39440f1e0bac6","Position":1}],"Documentation":{"NumberOfNotes":0,"Notes":[]}},"Transformation":{"Function":{"FunctionGuid":"00000000000000000000000000000001","FunctionParameters":[{"PositionInParameterList":1,"Direction":"IN","Type":"NODE_LIST","Name":"NAME1"},{"PositionInParameterList":2,"Direction":"OUT","Type":"NODE_LIST","Name":"nodes_out_1"}],"FunctionImplementations":[{"SourceCode":"\u003cxsl:sequence select\u003d\"$nodes_in/*\"/\u003e","FunctionImplementationLanguage":{"Name":"XSLT","Version":"2.0"}}],"isReference":false},"ParameterAssignments":[{"PositionInParameterList":1,"PositionInParameter":1,"PositionInDomainSet":1},{"PositionInParameterList":2,"PositionInParameter":1,"PositionInDomainSet":1}]},"Confidential":false},{"DomainMappingElement":{"SourceDomainSet":[{"DomainGuid":"7ebab882899a3b7fa411187b151a5aca","AlternativeDomainGuid":"199c0eb3ca704fb2899a7fef285cf0eb","Position":1}],"TargetDomainSet":[{"DomainGuid":"044ae8139b8232fbb60df969fb5f010c","AlternativeDomainGuid":"28082f2176c94700bd7943327952cc45","Position":1}],"Documentation":{"NumberOfNotes":0,"Notes":[]}},"Transformation":{"Function":{"FunctionGuid":"00000000000000000000000000000001","FunctionParameters":[{"PositionInParameterList":1,"Direction":"IN","Type":"NODE_LIST","Name":"nodes_in_1"},{"PositionInParameterList":2,"Direction":"OUT","Type":"NODE_LIST","Name":"nodes_out_1"}],"FunctionImplementations":[{"SourceCode":"\u003cxsl:sequence select\u003d\"$nodes_in/*\"/\u003e","FunctionImplementationLanguage":{"Name":"XSLT","Version":"2.0"}}],"isReference":false},"ParameterAssignments":[{"PositionInParameterList":1,"PositionInParameter":1,"PositionInDomainSet":1},{"PositionInParameterList":2,"PositionInParameter":1,"PositionInDomainSet":1}]},"Confidential":false},{"DomainMappingElement":{"SourceDomainSet":[{"DomainGuid":"7ebab882899a3b7fa411187b151a5aca","AlternativeDomainGuid":"199c0eb3ca704fb2899a7fef285cf0eb","Position":1}],"TargetDomainSet":[{"DomainGuid":"18229758483335efa00cdfe1255c6672","AlternativeDomainGuid":"78b5069e9fc44b3cb697c8e2154fd211","Position":1}],"Documentation":{"NumberOfNotes":0,"Notes":[]}},"Transformation":{"Function":{"FunctionGuid":"00000000000000000000000000000001","FunctionParameters":[{"PositionInParameterList":1,"Direction":"IN","Type":"NODE_LIST","Name":"nodes_in_1"},{"PositionInParameterList":2,"Direction":"OUT","Type":"NODE_LIST","Name":"nodes_out_1"}],"FunctionImplementations":[{"SourceCode":"\u003cxsl:sequence select\u003d\"$nodes_in/*\"/\u003e","FunctionImplementationLanguage":{"Name":"XSLT","Version":"2.0"}}],"isReference":false},"ParameterAssignments":[{"PositionInParameterList":1,"PositionInParameter":1,"PositionInDomainSet":1},{"PositionInParameterList":2,"PositionInParameter":1,"PositionInDomainSet":1}]},"Confidential":false},{"DomainMappingElement":{"SourceDomainSet":[{"DomainGuid":"9bbc01ab437c3b25b23664d9e2b85bcf","AlternativeDomainGuid":"85903ee32aa8457da78aa3952d8b5358","Position":1}],"TargetDomainSet":[{"DomainGuid":"d89bf33a2958393ba576bc5ff588856d","AlternativeDomainGuid":"2f9664632b1648c1b526c53b5d32cb89","Position":1}],"Documentation":{"NumberOfNotes":0,"Notes":[]}},"Transformation":{"Function":{"FunctionGuid":"00000000000000000000000000000001","FunctionParameters":[{"PositionInParameterList":1,"Direction":"IN","Type":"NODE_LIST","Name":"PSTLZ"},{"PositionInParameterList":2,"Direction":"OUT","Type":"NODE_LIST","Name":"nodes_out_1"}],"FunctionImplementations":[{"SourceCode":"\u003cxsl:sequence select\u003d\"$nodes_in/*\"/\u003e","FunctionImplementationLanguage":{"Name":"XSLT","Version":"2.0"}}],"isReference":false},"ParameterAssignments":[{"PositionInParameterList":1,"PositionInParameter":1,"PositionInDomainSet":1},{"PositionInParameterList":2,"PositionInParameter":1,"PositionInDomainSet":1}]},"Confidential":false},{"DomainMappingElement":{"SourceDomainSet":[{"DomainGuid":"7e2991324ff43412b5b9a4c3b54ce9a5","AlternativeDomainGuid":"f2159302dac54415ae0725206a65a5e8","Position":1}],"TargetDomainSet":[{"DomainGuid":"014f67337daa3fe7881a3ff11f10bef7","AlternativeDomainGuid":"19474934664b405bbc97da9b973651bc","Position":1}],"Documentation":{"NumberOfNotes":0,"Notes":[]}},"Transformation":{"Function":{"FunctionGuid":"00000000000000000000000000000001","FunctionParameters":[{"PositionInParameterList":1,"Direction":"IN","Type":"NODE_LIST","Name":"ORT01"},{"PositionInParameterList":2,"Direction":"OUT","Type":"NODE_LIST","Name":"nodes_out_1"}],"FunctionImplementations":[{"SourceCode":"\u003cxsl:sequence select\u003d\"$nodes_in/*\"/\u003e","FunctionImplementationLanguage":{"Name":"XSLT","Version":"2.0"}}],"isReference":false},"ParameterAssignments":[{"PositionInParameterList":1,"PositionInParameter":1,"PositionInDomainSet":1},{"PositionInParameterList":2,"PositionInParameter":1,"PositionInDomainSet":1}]},"Confidential":false},{"DomainMappingElement":{"SourceDomainSet":[{"DomainGuid":"5b9b3dbb56063421ab8fbe3f0f005bb7","AlternativeDomainGuid":"b5cc6e6b3868410d82a44f01babd8e54","Position":1}],"TargetDomainSet":[{"DomainGuid":"a947ee663ab031d187888c60d72dba2c","AlternativeDomainGuid":"7c6ad98d85f24bb488e74805d0bac012","Position":1}],"Documentation":{"NumberOfNotes":0,"Notes":[]}},"Transformation":{"Function":{"FunctionGuid":"00000000000000000000000000000001","FunctionParameters":[{"PositionInParameterList":1,"Direction":"IN","Type":"NODE_LIST","Name":"LAND1"},{"PositionInParameterList":2,"Direction":"OUT","Type":"NODE_LIST","Name":"nodes_out_1"}],"FunctionImplementations":[{"SourceCode":"\u003cxsl:sequence select\u003d\"$nodes_in/*\"/\u003e","FunctionImplementationLanguage":{"Name":"XSLT","Version":"2.0"}}],"isReference":false},"ParameterAssignments":[{"PositionInParameterList":1,"PositionInParameter":1,"PositionInDomainSet":1},{"PositionInParameterList":2,"PositionInParameter":1,"PositionInDomainSet":1}]},"Confidential":false},{"DomainMappingElement":{"SourceDomainSet":[{"DomainGuid":"6e2a10be02393002adfc92f7e11f2443","AlternativeDomainGuid":"3cb257c394324e47976ab4cf26ecbf25","Position":1}],"TargetDomainSet":[{"DomainGuid":"a260bd8d5cd936d38a14dde2e64dd5ae","AlternativeDomainGuid":"73e71a641f99487eae6ccdcc491dc6f4","Position":1}],"Documentation":{"NumberOfNotes":0,"Notes":[]}},"Transformation":{"Function":{"FunctionGuid":"00000000000000000000000000000001","FunctionParameters":[{"PositionInParameterList":1,"Direction":"IN","Type":"NODE_LIST","Name":"REGIO"},{"PositionInParameterList":2,"Direction":"OUT","Type":"NODE_LIST","Name":"nodes_out_1"}],"FunctionImplementations":[{"SourceCode":"\u003cxsl:sequence select\u003d\"$nodes_in/*\"/\u003e","FunctionImplementationLanguage":{"Name":"XSLT","Version":"2.0"}}],"isReference":false},"ParameterAssignments":[{"PositionInParameterList":1,"PositionInParameter":1,"PositionInDomainSet":1},{"PositionInParameterList":2,"PositionInParameter":1,"PositionInDomainSet":1}]},"Confidential":false},{"DomainMappingElement":{"SourceDomainSet":[{"DomainGuid":"83c69ec9711435789c707d51d1c6403d","AlternativeDomainGuid":"2051ebe75bec4808bc134850d13a252f","Position":1}],"TargetDomainSet":[{"DomainGuid":"e35cd2ce503e380aa42465ab72eeb29b","AlternativeDomainGuid":"aabc688cb84d4205b28e66594721a0d2","Position":1}],"Documentation":{"NumberOfNotes":0,"Notes":[]}},"Transformation":{"Function":{"FunctionGuid":"00000000000000000000000000000001","FunctionParameters":[{"PositionInParameterList":1,"Direction":"IN","Type":"NODE_LIST","Name":"TELF1"},{"PositionInParameterList":2,"Direction":"OUT","Type":"NODE_LIST","Name":"nodes_out_1"}],"FunctionImplementations":[{"SourceCode":"\u003cxsl:sequence select\u003d\"$nodes_in/*\"/\u003e","FunctionImplementationLanguage":{"Name":"XSLT","Version":"2.0"}}],"isReference":false},"ParameterAssignments":[{"PositionInParameterList":1,"PositionInParameter":1,"PositionInDomainSet":1},{"PositionInParameterList":2,"PositionInParameter":1,"PositionInDomainSet":1}]},"Confidential":false},{"DomainMappingElement":{"SourceDomainSet":[{"DomainGuid":"cd93107123ad3d9faed23a71f53a0d39","AlternativeDomainGuid":"e9ee9a29ad3847379b9171f508856ad6","Position":1}],"TargetDomainSet":[{"DomainGuid":"9e33d84882483f91b0d8abec77df5f91","AlternativeDomainGuid":"dce50710f4034f3b8ef8be80f3a7b706","Position":1}],"Documentation":{"NumberOfNotes":0,"Notes":[]}},"Transformation":{"Function":{"FunctionGuid":"00000000000000000000000000000001","FunctionParameters":[{"PositionInParameterList":1,"Direction":"IN","Type":"NODE_LIST","Name":"TELFX"},{"PositionInParameterList":2,"Direction":"OUT","Type":"NODE_LIST","Name":"nodes_out_1"}],"FunctionImplementations":[{"SourceCode":"\u003cxsl:sequence select\u003d\"$nodes_in/*\"/\u003e","FunctionImplementationLanguage":{"Name":"XSLT","Version":"2.0"}}],"isReference":false},"ParameterAssignments":[{"PositionInParameterList":1,"PositionInParameter":1,"PositionInDomainSet":1},{"PositionInParameterList":2,"PositionInParameter":1,"PositionInDomainSet":1}]},"Confidential":false},{"DomainMappingElement":{"SourceDomainSet":[{"DomainGuid":"b4f86a946c543d37a91c2fb3cc37ece1","Position":1}],"TargetDomainSet":[{"DomainGuid":"5697748430e3373b98e796c06bf5305a","Position":1}],"Documentation":{"NumberOfNotes":0,"Notes":[]}},"Transformation":{"Function":{"FunctionGuid":"00000000000000000000000000000001","FunctionParameters":[{"PositionInParameterList":1,"Direction":"IN","Type":"NODE_LIST","Name":"ZTERM"},{"PositionInParameterList":2,"Direction":"OUT","Type":"NODE_LIST","Name":"nodes_out_1"}],"FunctionImplementations":[{"SourceCode":"\u003cxsl:sequence select\u003d\"$nodes_in/*\"/\u003e","FunctionImplementationLanguage":{"Name":"XSLT","Version":"2.0"}}],"isReference":false},"ParameterAssignments":[{"PositionInParameterList":1,"PositionInParameter":1,"PositionInDomainSet":1},{"PositionInParameterList":2,"PositionInParameter":1,"PositionInDomainSet":1}]},"Confidential":false},{"DomainMappingElement":{"SourceDomainSet":[{"DomainGuid":"0a970c478a63346ba0186f5383645aaf","AlternativeDomainGuid":"f85b917499dd457481fd71a8568c86b8","Position":1}],"TargetDomainSet":[{"DomainGuid":"ec61b341e8ff3c25907cdce1ee935ec2","Position":1}],"Documentation":{"NumberOfNotes":0,"Notes":[]}},"Confidential":false},{"DomainMappingElement":{"SourceDomainSet":[{"DomainGuid":"e2fd90146b173a73a16cb984b4ab0815","Position":1}],"TargetDomainSet":[{"DomainGuid":"7117533fc2e63e118081aaab21d81737","Position":1}],"Documentation":{"NumberOfNotes":0,"Notes":[]}},"Transformation":{"Function":{"FunctionGuid":"4604a65143ec46ad87082eb769a682f1","FunctionParameters":[{"PositionInParameterList":1,"Direction":"IN","Type":"NODE_LIST","Name":"POSEX"},{"PositionInParameterList":2,"Direction":"OUT","Type":"NODE_LIST","Name":"nodes_out_1"}],"FunctionImplementations":[{"SourceCode":"\u003cxsl:sequence select\u003d\"$nodes_in/*\"/\u003e","FunctionImplementationLanguage":{"Name":"XSLT","Version":"2.0"}}],"isReference":false},"ParameterAssignments":[{"PositionInParameterList":1,"PositionInParameter":1,"PositionInDomainSet":1},{"PositionInParameterList":2,"PositionInParameter":1,"PositionInDomainSet":1}]},"Confidential":false},{"DomainMappingElement":{"SourceDomainSet":[{"DomainGuid":"5b0ec8d5b1a131ed94dcacd9ff8eac7f","Position":1}],"TargetDomainSet":[{"DomainGuid":"c2fe827be5ec32c6af5a1a3ce4379121","Position":1}],"Documentation":{"NumberOfNotes":0,"Notes":[]}},"Transformation":{"Function":{"FunctionGuid":"f5dd93d1ffa0415b95929a075402e56e","FunctionParameters":[{"PositionInParameterList":1,"Direction":"IN","Type":"NODE_LIST","Name":"MENEE"},{"PositionInParameterList":2,"Direction":"OUT","Type":"NODE_LIST","Name":"nodes_out_1"}],"FunctionImplementations":[{"SourceCode":"\u003cxsl:sequence select\u003d\"$nodes_in/*\"/\u003e","FunctionImplementationLanguage":{"Name":"XSLT","Version":"2.0"}}],"isReference":false},"ParameterAssignments":[{"PositionInParameterList":1,"PositionInParameter":1,"PositionInDomainSet":1},{"PositionInParameterList":2,"PositionInParameter":1,"PositionInDomainSet":1}]},"Confidential":false},{"DomainMappingElement":{"SourceDomainSet":[{"DomainGuid":"77bf5578356431938c41e610057df83f","Position":1}],"TargetDomainSet":[{"DomainGuid":"d13b850fff0f320a984e4dfec67884a6","Position":1}],"Documentation":{"NumberOfNotes":0,"Notes":[]}},"Transformation":{"Function":{"FunctionGuid":"00000000000000000000000000000001","FunctionParameters":[{"PositionInParameterList":1,"Direction":"IN","Type":"NODE_LIST","Name":"MENGE"},{"PositionInParameterList":2,"Direction":"OUT","Type":"NODE_LIST","Name":"nodes_out_1"}],"FunctionImplementations":[{"SourceCode":"\u003cxsl:sequence select\u003d\"$nodes_in/*\"/\u003e","FunctionImplementationLanguage":{"Name":"XSLT","Version":"2.0"}}],"isReference":false},"ParameterAssignments":[{"PositionInParameterList":1,"PositionInParameter":1,"PositionInDomainSet":1},{"PositionInParameterList":2,"PositionInParameter":1,"PositionInDomainSet":1}]},"Confidential":false},{"DomainMappingElement":{"SourceDomainSet":[{"DomainGuid":"23b1e5fcc1e732b88f041fb4783add24","AlternativeDomainGuid":"fe8235201e05445fb60ed03f26ab572a","Position":1}],"TargetDomainSet":[{"DomainGuid":"be7e78a5cd6239fa95e0d3481aefc2dc","Position":1}],"Documentation":{"NumberOfNotes":0,"Notes":[]}},"Confidential":false},{"DomainMappingElement":{"SourceDomainSet":[{"DomainGuid":"7e68bba781db37cd8841492ecddde01d","AlternativeDomainGuid":"1d5f9370cd3233e6b6abf487561ba041","Position":1}],"TargetDomainSet":[{"DomainGuid":"988fbf3335a83c9cb3a81e11c2fa0097","Position":1}],"Documentation":{"NumberOfNotes":0,"Notes":[]}},"Transformation":{"Function":{"FunctionGuid":"00000000000000000000000000000001","FunctionParameters":[{"PositionInParameterList":1,"Direction":"IN","Type":"NODE_LIST","Name":"IDTNR"},{"PositionInParameterList":2,"Direction":"OUT","Type":"NODE_LIST","Name":"nodes_out_1"}],"FunctionImplementations":[{"SourceCode":"\u003cxsl:sequence select\u003d\"$nodes_in/*\"/\u003e","FunctionImplementationLanguage":{"Name":"XSLT","Version":"2.0"}}],"isReference":false},"ParameterAssignments":[{"PositionInParameterList":1,"PositionInParameter":1,"PositionInDomainSet":1},{"PositionInParameterList":2,"PositionInParameter":1,"PositionInDomainSet":1}]},"Confidential":false},{"DomainMappingElement":{"SourceDomainSet":[{"DomainGuid":"afdd4e8a01a43e6eb286c15899bdce21","AlternativeDomainGuid":"7b97df59f83d4495be93ad990cf09afa","Position":1}],"TargetDomainSet":[{"DomainGuid":"011254adbc2b3d4a81967a79df88aa72","Position":1}],"Documentation":{"NumberOfNotes":0,"Notes":[]}},"Transformation":{"Function":{"FunctionGuid":"00000000000000000000000000000001","FunctionParameters":[{"PositionInParameterList":1,"Direction":"IN","Type":"NODE_LIST","Name":"IDTNR"},{"PositionInParameterList":2,"Direction":"OUT","Type":"NODE_LIST","Name":"nodes_out_1"}],"FunctionImplementations":[{"SourceCode":"\u003cxsl:sequence select\u003d\"$nodes_in/*\"/\u003e","FunctionImplementationLanguage":{"Name":"XSLT","Version":"2.0"}}],"isReference":false},"ParameterAssignments":[{"PositionInParameterList":1,"PositionInParameter":1,"PositionInDomainSet":1},{"PositionInParameterList":2,"PositionInParameter":1,"PositionInDomainSet":1}]},"Confidential":false},{"DomainMappingElement":{"SourceDomainSet":[{"DomainGuid":"e2d1c3c76984316895aff3a485a6a92f","AlternativeDomainGuid":"128ff5733cad4145b24c2d7c7a31861c","Position":1}],"TargetDomainSet":[{"DomainGuid":"b4448aa85ff830188188f9265ba37a87","Position":1}],"Documentation":{"NumberOfNotes":0,"Notes":[]}},"Transformation":{"Function":{"FunctionGuid":"00000000000000000000000000000001","FunctionParameters":[{"PositionInParameterList":1,"Direction":"IN","Type":"NODE_LIST","Name":"IDTNR"},{"PositionInParameterList":2,"Direction":"OUT","Type":"NODE_LIST","Name":"nodes_out_1"}],"FunctionImplementations":[{"SourceCode":"\u003cxsl:sequence select\u003d\"$nodes_in/*\"/\u003e","FunctionImplementationLanguage":{"Name":"XSLT","Version":"2.0"}}],"isReference":false},"ParameterAssignments":[{"PositionInParameterList":1,"PositionInParameter":1,"PositionInDomainSet":1},{"PositionInParameterList":2,"PositionInParameter":1,"PositionInDomainSet":1}]},"Confidential":false},{"DomainMappingElement":{"SourceDomainSet":[{"DomainGuid":"59e90fe1fd94310eac84827e9d262c83","Position":1}],"TargetDomainSet":[{"DomainGuid":"7eeccf5b1b3c386db8829e69675ef79f","Position":1}],"Documentation":{"NumberOfNotes":0,"Notes":[]}},"Transformation":{"Function":{"FunctionGuid":"00000000000000000000000000000001","FunctionParameters":[{"PositionInParameterList":1,"Direction":"IN","Type":"NODE_LIST","Name":"VPREI"},{"PositionInParameterList":2,"Direction":"OUT","Type":"NODE_LIST","Name":"nodes_out_1"}],"FunctionImplementations":[{"SourceCode":"\u003cxsl:sequence select\u003d\"$nodes_in/*\"/\u003e","FunctionImplementationLanguage":{"Name":"XSLT","Version":"2.0"}}],"isReference":false},"ParameterAssignments":[{"PositionInParameterList":1,"PositionInParameter":1,"PositionInDomainSet":1},{"PositionInParameterList":2,"PositionInParameter":1,"PositionInDomainSet":1}]},"Confidential":false},{"DomainMappingElement":{"SourceDomainSet":[{"DomainGuid":"e326f306716633d4bf0daef12437bdb0","Position":1}],"TargetDomainSet":[{"DomainGuid":"c5ef65f5b5af31c8b0e127a3f607f129","Position":1}],"Documentation":{"NumberOfNotes":0,"Notes":[]}},"Transformation":{"Function":{"FunctionGuid":"00000000000000000000000000000001","FunctionParameters":[{"PositionInParameterList":1,"Direction":"IN","Type":"NODE_LIST","Name":"PEINH"},{"PositionInParameterList":2,"Direction":"OUT","Type":"NODE_LIST","Name":"nodes_out_1"}],"FunctionImplementations":[{"SourceCode":"\u003cxsl:sequence select\u003d\"$nodes_in/*\"/\u003e","FunctionImplementationLanguage":{"Name":"XSLT","Version":"2.0"}}],"isReference":false},"ParameterAssignments":[{"PositionInParameterList":1,"PositionInParameter":1,"PositionInDomainSet":1},{"PositionInParameterList":2,"PositionInParameter":1,"PositionInDomainSet":1}]},"Confidential":false},{"DomainMappingElement":{"SourceDomainSet":[{"DomainGuid":"ffcfcec1e82b33e2830ba6dc1826899b","AlternativeDomainGuid":"d0415874be8c4d3a9a35af5d41d6fbb4","Position":1}],"TargetDomainSet":[{"DomainGuid":"dc4e167ca2fd3fa6b2e2115dc11dacd9","Position":1}],"Documentation":{"NumberOfNotes":0,"Notes":[]}},"Confidential":false},{"DomainMappingElement":{"SourceDomainSet":[{"DomainGuid":"59b2ac7448ba3b4b97fa71c704e4ec04","AlternativeDomainGuid":"fd44b50c6753402ead9e196fdef6d131","Position":1}],"TargetDomainSet":[{"DomainGuid":"f35b7d6355a73de9bfde5c7e4ac7e13b","Position":1}],"Documentation":{"NumberOfNotes":0,"Notes":[]}},"Transformation":{"Function":{"FunctionGuid":"00000000000000000000000000000001","FunctionParameters":[{"PositionInParameterList":1,"Direction":"IN","Type":"NODE_LIST","Name":"TDID"},{"PositionInParameterList":2,"Direction":"OUT","Type":"NODE_LIST","Name":"nodes_out_1"}],"FunctionImplementations":[{"SourceCode":"\u003cxsl:sequence select\u003d\"$nodes_in/*\"/\u003e","FunctionImplementationLanguage":{"Name":"XSLT","Version":"2.0"}}],"isReference":false},"ParameterAssignments":[{"PositionInParameterList":1,"PositionInParameter":1,"PositionInDomainSet":1},{"PositionInParameterList":2,"PositionInParameter":1,"PositionInDomainSet":1}]},"Confidential":false},{"DomainMappingElement":{"SourceDomainSet":[{"DomainGuid":"2511e15d54e93a0a8dcd9ca27f4b1327","AlternativeDomainGuid":"1f89a42b50e0420cb5eeed9e188556d7","Position":1}],"TargetDomainSet":[{"DomainGuid":"7c4921d54c63352495b5d3da9c3de6b2","Position":1}],"Documentation":{"NumberOfNotes":0,"Notes":[]}},"Transformation":{"Function":{"FunctionGuid":"00000000000000000000000000000001","FunctionParameters":[{"PositionInParameterList":1,"Direction":"IN","Type":"NODE_LIST","Name":"TSSPRAS"},{"PositionInParameterList":2,"Direction":"OUT","Type":"NODE_LIST","Name":"nodes_out_1"}],"FunctionImplementations":[{"SourceCode":"\u003cxsl:sequence select\u003d\"$nodes_in/*\"/\u003e","FunctionImplementationLanguage":{"Name":"XSLT","Version":"2.0"}}],"isReference":false},"ParameterAssignments":[{"PositionInParameterList":1,"PositionInParameter":1,"PositionInDomainSet":1},{"PositionInParameterList":2,"PositionInParameter":1,"PositionInDomainSet":1}]},"Confidential":false},{"DomainMappingElement":{"SourceDomainSet":[{"DomainGuid":"845b97bf7d4b35b897016944842c5b28","AlternativeDomainGuid":"31fb23797e8e440d9b30a6f2f83f12be","Position":1}],"TargetDomainSet":[{"DomainGuid":"321aa747d609391cac359f5b4bdb1321","Position":1}],"Documentation":{"NumberOfNotes":0,"Notes":[]}},"Transformation":{"Function":{"FunctionGuid":"00000000000000000000000000000001","FunctionParameters":[{"PositionInParameterList":1,"Direction":"IN","Type":"NODE_LIST","Name":"TDFORMAT"},{"PositionInParameterList":2,"Direction":"OUT","Type":"NODE_LIST","Name":"nodes_out_1"}],"FunctionImplementations":[{"SourceCode":"\u003cxsl:sequence select\u003d\"$nodes_in/*\"/\u003e","FunctionImplementationLanguage":{"Name":"XSLT","Version":"2.0"}}],"isReference":false},"ParameterAssignments":[{"PositionInParameterList":1,"PositionInParameter":1,"PositionInDomainSet":1},{"PositionInParameterList":2,"PositionInParameter":1,"PositionInDomainSet":1}]},"Confidential":false},{"DomainMappingElement":{"SourceDomainSet":[{"DomainGuid":"2221db432f04391b8993dbe0f312b90f","Position":1}],"TargetDomainSet":[{"DomainGuid":"53bcb750adae3a05950951739966a2ed","Position":1}],"Documentation":{}},"Confidential":false},{"DomainMappingElement":{"SourceDomainSet":[{"DomainGuid":"0695172982a13bd3ae342dd6a28f4146","Position":1},{"DomainGuid":"783cff7c4338354aacd7332aedec6ddf","Position":2}],"TargetDomainSet":[{"DomainGuid":"2905b411f04e33a7a0d019c13518f54d","Position":1}],"Documentation":{}},"Transformation":{"Function":{"FunctionGuid":"10010000000000000000000000000002","FunctionParameters":[{"PositionInParameterList":1,"Direction":"IN","Type":"NODE_LIST","Name":"source_date_time_value_list"},{"PositionInParameterList":2,"Direction":"IN","Type":"NODE_LIST","Name":"source_date_time_format_list"},{"PositionInParameterList":3,"Direction":"IN","Type":"NODE_LIST","Name":"date_time_format_conflict_resolution_list"},{"PositionInParameterList":4,"Direction":"IN","Type":"STRING","Name":"target_date_time_format"},{"PositionInParameterList":5,"Direction":"OUT","Type":"NODE_LIST","Name":"target_date_time_value"}],"FunctionImplementations":[{"SourceCode":"\u003cxsl:sequence select\u003d\"ica_fn:transform-dateTime-multipleSources($nodes_in/*,$nodes_in/source_date_time_format_list,$nodes_in/date_time_format_conflict_resolution_list,$nodes_in/target_date_time_format)\"/\u003e","FunctionImplementationLanguage":{"Name":"XSLT","Version":"2.0"}}],"isReference":false},"ParameterAssignments":[{"PositionInParameterList":1,"PositionInParameter":1,"PositionInDomainSet":1},{"PositionInParameterList":1,"PositionInParameter":2,"PositionInDomainSet":2},{"PositionInParameterList":2,"PositionInParameter":1,"Value":"CCYYMMDD"},{"PositionInParameterList":2,"PositionInParameter":2,"Value":"hhmmss"},{"PositionInParameterList":3,"PositionInParameter":1,"Value":""},{"PositionInParameterList":3,"PositionInParameter":2,"Value":""},{"PositionInParameterList":4,"PositionInParameter":1,"Value":"CCYY\u0027-\u0027MM\u0027-\u0027DD\u0027T\u0027hh\u0027:\u0027mm\u0027:\u0027ss[\u0027.\u0027ff*][Z|(+|-)hh\u0027:\u0027mm]"},{"PositionInParameterList":5,"PositionInParameter":1,"PositionInDomainSet":1}]},"Confidential":false},{"DomainMappingElement":{"SourceDomainSet":[{"DomainGuid":"51afc168cf373003af3e4cc0fa031c78","AlternativeDomainGuid":"184913f12f6a34a3b4828893e91fc36a","Position":1}],"TargetDomainSet":[{"DomainGuid":"fe037dd03f4b3ee798c005092d0e5359","Position":1}],"Documentation":{}},"Transformation":{"Function":{"FunctionGuid":"00000000000000000000000000000001","FunctionParameters":[{"PositionInParameterList":1,"Direction":"IN","Type":"NODE_LIST","Name":"ORGID"},{"PositionInParameterList":2,"Direction":"OUT","Type":"NODE_LIST","Name":"nodes_out_1"}],"FunctionImplementations":[{"SourceCode":"\u003cxsl:sequence select\u003d\"$nodes_in/*\"/\u003e","FunctionImplementationLanguage":{"Name":"XSLT","Version":"2.0"}}],"isReference":false},"ParameterAssignments":[{"PositionInParameterList":1,"PositionInParameter":1,"PositionInDomainSet":1},{"PositionInParameterList":2,"PositionInParameter":1,"PositionInDomainSet":1}]},"Confidential":false},{"DomainMappingElement":{"SourceDomainSet":[{"DomainGuid":"b315cdeab19d39b5ad3a30f15242e2ae","AlternativeDomainGuid":"aadba5b8a48444fd9644826eed20d36f","Position":1}],"TargetDomainSet":[{"DomainGuid":"38dde23fcf903a43b75b738f5a30d4b5","Position":1}],"Documentation":{}},"Transformation":{"Function":{"FunctionGuid":"00000000000000000000000000000001","FunctionParameters":[{"PositionInParameterList":1,"Direction":"IN","Type":"NODE_LIST","Name":"ORGID"},{"PositionInParameterList":2,"Direction":"OUT","Type":"NODE_LIST","Name":"nodes_out_1"}],"FunctionImplementations":[{"SourceCode":"\u003cxsl:sequence select\u003d\"$nodes_in/*\"/\u003e","FunctionImplementationLanguage":{"Name":"XSLT","Version":"2.0"}}],"isReference":false},"ParameterAssignments":[{"PositionInParameterList":1,"PositionInParameter":1,"PositionInDomainSet":1},{"PositionInParameterList":2,"PositionInParameter":1,"PositionInDomainSet":1}]},"Confidential":false},{"DomainMappingElement":{"SourceDomainSet":[{"DomainGuid":"a906c3f744ad31cea9c20c39ba1f3be2","AlternativeDomainGuid":"a43de60877b44ea392aa1ae265852106","Position":1}],"TargetDomainSet":[{"DomainGuid":"50207819c539389ebee5a10176ec415d","AlternativeDomainGuid":"d73bc2cc008232e8805ef73ab4ca638f","Position":1}],"Documentation":{}},"Confidential":false},{"DomainMappingElement":{"SourceDomainSet":[{"DomainGuid":"63a5c929b2d337d99e8f6f76e84b8e8c","AlternativeDomainGuid":"c86eb428b6c24ffc8c9b5735bcf80ebb","Position":1}],"TargetDomainSet":[{"DomainGuid":"d917984286c43a7597a796ae3ae8191e","AlternativeDomainGuid":"12c46651b1803e44bd5bf3a0701392a6","Position":1}],"Documentation":{}},"Transformation":{"Function":{"FunctionGuid":"00000000000000000000000000000001","FunctionParameters":[{"PositionInParameterList":1,"Direction":"IN","Type":"NODE_LIST","Name":"LIFNR"},{"PositionInParameterList":2,"Direction":"OUT","Type":"NODE_LIST","Name":"nodes_out_1"}],"FunctionImplementations":[{"SourceCode":"\u003cxsl:sequence select\u003d\"$nodes_in/*\"/\u003e","FunctionImplementationLanguage":{"Name":"XSLT","Version":"2.0"}}],"isReference":false},"ParameterAssignments":[{"PositionInParameterList":1,"PositionInParameter":1,"PositionInDomainSet":1},{"PositionInParameterList":2,"PositionInParameter":1,"PositionInDomainSet":1}]},"Confidential":false},{"DomainMappingElement":{"SourceDomainSet":[{"DomainGuid":"eaf5d2cf6df6356e8582f32f4e258e41","AlternativeDomainGuid":"19d54b56b6604a28b425a2e9cbe6d712","Position":1}],"TargetDomainSet":[{"DomainGuid":"62db0c747ac13b83a4d0cd39c9f19d45","AlternativeDomainGuid":"b2c94c98c89f405e88b64be9b8e3b224","Position":1}],"Documentation":{}},"Confidential":false},{"DomainMappingElement":{"SourceDomainSet":[],"TargetDomainSet":[{"DomainGuid":"60cd1c7e2bbe3394b666cf97554cbe18","AlternativeDomainGuid":"ea08627559f5495983755a74eea82c83","Position":1}],"Documentation":{}},"Transformation":{"Function":{"FunctionGuid":"00000000000000000000000000000002","FunctionParameters":[{"PositionInParameterList":1,"Direction":"IN","Type":"STRING","Name":"value"},{"PositionInParameterList":2,"Direction":"OUT","Type":"NODE_LIST","Name":"nodes_out_1"}],"FunctionImplementations":[{"SourceCode":"\u003cxsl:value-of select\u003d\"$nodes_in/value\"/\u003e","FunctionImplementationLanguage":{"Name":"XSLT","Version":"2.0"}}],"isReference":false},"ParameterAssignments":[{"PositionInParameterList":1,"PositionInParameter":1,"Value":"BillTo"},{"PositionInParameterList":2,"PositionInParameter":1,"PositionInDomainSet":1}]},"Confidential":false},{"DomainMappingElement":{"SourceDomainSet":[{"DomainGuid":"b2c587ddf9ce33b1a50d6a14f9a8c065","AlternativeDomainGuid":"b1e589f40b2e4de391312863fd7d1471","Position":1}],"TargetDomainSet":[{"DomainGuid":"e7201961d5673b6d87e74ae17ac0419a","AlternativeDomainGuid":"c2b7cf0dd3db429a9494300c6f8213be","Position":1}],"Documentation":{}},"Transformation":{"Function":{"FunctionGuid":"00000000000000000000000000000001","FunctionParameters":[{"PositionInParameterList":1,"Direction":"IN","Type":"NODE_LIST","Name":"TELF1"},{"PositionInParameterList":2,"Direction":"OUT","Type":"NODE_LIST","Name":"nodes_out_1"}],"FunctionImplementations":[{"SourceCode":"\u003cxsl:sequence select\u003d\"$nodes_in/*\"/\u003e","FunctionImplementationLanguage":{"Name":"XSLT","Version":"2.0"}}],"isReference":false},"ParameterAssignments":[{"PositionInParameterList":1,"PositionInParameter":1,"PositionInDomainSet":1},{"PositionInParameterList":2,"PositionInParameter":1,"PositionInDomainSet":1}]},"Confidential":false},{"DomainMappingElement":{"SourceDomainSet":[{"DomainGuid":"a6b74ec49c5c326cbf35caa8a09c72e6","AlternativeDomainGuid":"108f4ce6c3714dfdb8db2d091197bf69","Position":1}],"TargetDomainSet":[{"DomainGuid":"ce4b06b8d5673407bd8ac17a9f9e42c1","AlternativeDomainGuid":"9e4ec9ca16a7481084769f5b352ac020","Position":1}],"Documentation":{}},"Transformation":{"Function":{"FunctionGuid":"00000000000000000000000000000001","FunctionParameters":[{"PositionInParameterList":1,"Direction":"IN","Type":"NODE_LIST","Name":"TELFX"},{"PositionInParameterList":2,"Direction":"OUT","Type":"NODE_LIST","Name":"nodes_out_1"}],"FunctionImplementations":[{"SourceCode":"\u003cxsl:sequence select\u003d\"$nodes_in/*\"/\u003e","FunctionImplementationLanguage":{"Name":"XSLT","Version":"2.0"}}],"isReference":false},"ParameterAssignments":[{"PositionInParameterList":1,"PositionInParameter":1,"PositionInDomainSet":1},{"PositionInParameterList":2,"PositionInParameter":1,"PositionInDomainSet":1}]},"Confidential":false},{"DomainMappingElement":{"SourceDomainSet":[{"DomainGuid":"a21f445988ab319cb65fefe7c7d8ed2e","Position":1}],"TargetDomainSet":[{"DomainGuid":"837146efac863d9683dbbc1ae6e2b5ed","Position":1}],"Documentation":{}},"Confidential":false},{"DomainMappingElement":{"SourceDomainSet":[{"DomainGuid":"3226bca37c2f3e3f9b5f8915d495d5a8","AlternativeDomainGuid":"b72ad5df09c943368a9a6c8cdbad8c0e","Position":1}],"TargetDomainSet":[{"DomainGuid":"807e0480890c39da9d5119d82356180a","Position":1}],"Documentation":{}},"Transformation":{"Function":{"FunctionGuid":"10010000000000000000000000000001","FunctionParameters":[{"PositionInParameterList":1,"Direction":"IN","Type":"NODE_LIST","Name":"source_date_time_value"},{"PositionInParameterList":2,"Direction":"IN","Type":"NODE_LIST","Name":"source_date_time_format"},{"PositionInParameterList":3,"Direction":"IN","Type":"STRING","Name":"target_date_time_format"},{"PositionInParameterList":4,"Direction":"OUT","Type":"NODE_LIST","Name":"target_date_time_value"}],"FunctionImplementations":[{"SourceCode":"\u003cxsl:sequence select\u003d\"ica_fn:transform-dateTime($nodes_in/nodes_in_1,$nodes_in/source_date_time_format,$nodes_in/target_date_time_format)\"/\u003e","FunctionImplementationLanguage":{"Name":"XSLT","Version":"2.0"}}],"isReference":false},"ParameterAssignments":[{"PositionInParameterList":1,"PositionInParameter":1,"PositionInDomainSet":1},{"PositionInParameterList":2,"PositionInParameter":1,"Value":"CCYYMMDD"},{"PositionInParameterList":3,"PositionInParameter":1,"Value":"CCYY\u0027-\u0027MM\u0027-\u0027DD[Z|(+|-)hh\u0027:\u0027mm]"},{"PositionInParameterList":4,"PositionInParameter":1,"PositionInDomainSet":1}]},"Confidential":false},{"DomainMappingElement":{"SourceDomainSet":[{"DomainGuid":"4a3d87e5e8c734e49add22aab58f607a","AlternativeDomainGuid":"0447c8a904d1387fbe85168608688ff4","Position":1}],"TargetDomainSet":[{"DomainGuid":"915e9fe7d2183e649db7cae47a87648c","AlternativeDomainGuid":"a7910df563b64f10ab1e22f9ba112717","Position":1}],"Documentation":{}},"Transformation":{"Function":{"FunctionGuid":"00000000000000000000000000000001","FunctionParameters":[{"PositionInParameterList":1,"Direction":"IN","Type":"NODE_LIST","Name":"LIFNR"},{"PositionInParameterList":2,"Direction":"OUT","Type":"NODE_LIST","Name":"nodes_out_1"}],"FunctionImplementations":[{"SourceCode":"\u003cxsl:sequence select\u003d\"$nodes_in/*\"/\u003e","FunctionImplementationLanguage":{"Name":"XSLT","Version":"2.0"}}],"isReference":false},"ParameterAssignments":[{"PositionInParameterList":1,"PositionInParameter":1,"PositionInDomainSet":1},{"PositionInParameterList":2,"PositionInParameter":1,"PositionInDomainSet":1}]},"Confidential":false},{"DomainMappingElement":{"SourceDomainSet":[{"DomainGuid":"87fbe2eca3f93ac7986bd38120a1f4dd","AlternativeDomainGuid":"6872be7a03b0331b8ea62b218f0eedc5","Position":1}],"TargetDomainSet":[{"DomainGuid":"abaff3e031cb3531a4c56a4dc5813999","AlternativeDomainGuid":"8c694816fba24532a51892a82ad821bf","Position":1}],"Documentation":{}},"Transformation":{"Function":{"FunctionGuid":"00000000000000000000000000000001","FunctionParameters":[{"PositionInParameterList":1,"Direction":"IN","Type":"NODE_LIST","Name":"PARTN"},{"PositionInParameterList":2,"Direction":"OUT","Type":"NODE_LIST","Name":"nodes_out_1"}],"FunctionImplementations":[{"SourceCode":"\u003cxsl:sequence select\u003d\"$nodes_in/*\"/\u003e","FunctionImplementationLanguage":{"Name":"XSLT","Version":"2.0"}}],"isReference":false},"ParameterAssignments":[{"PositionInParameterList":1,"PositionInParameter":1,"PositionInDomainSet":1},{"PositionInParameterList":2,"PositionInParameter":1,"PositionInDomainSet":1}]},"Confidential":false},{"DomainMappingElement":{"SourceDomainSet":[{"DomainGuid":"3a997be015e13fa085a1025b58efae38","AlternativeDomainGuid":"2401ad665c6f45c7a72ba5aa3b66e21b","Position":1}],"TargetDomainSet":[{"DomainGuid":"f32c7c7121823c51b3fb8350cb84fd9c","AlternativeDomainGuid":"ba3ab39d4c26428fa219716ceb7180da","Position":1}],"Documentation":{}},"Transformation":{"Function":{"FunctionGuid":"00000000000000000000000000000001","FunctionParameters":[{"PositionInParameterList":1,"Direction":"IN","Type":"NODE_LIST","Name":"PARTN"},{"PositionInParameterList":2,"Direction":"OUT","Type":"NODE_LIST","Name":"nodes_out_1"}],"FunctionImplementations":[{"SourceCode":"\u003cxsl:sequence select\u003d\"$nodes_in/*\"/\u003e","FunctionImplementationLanguage":{"Name":"XSLT","Version":"2.0"}}],"isReference":false},"ParameterAssignments":[{"PositionInParameterList":1,"PositionInParameter":1,"PositionInDomainSet":1},{"PositionInParameterList":2,"PositionInParameter":1,"PositionInDomainSet":1}]},"Confidential":false},{"DomainMappingElement":{"SourceDomainSet":[{"DomainGuid":"2f4e5eee7c3e3933892b926b7577f26f","AlternativeDomainGuid":"f91a5a5e96f14fda8796c0e3a08cc644","Position":1}],"TargetDomainSet":[{"DomainGuid":"09d789f5700e3f30bfa4c1abf1360c1a","AlternativeDomainGuid":"1205793e9cc040e7a1ac2b0654c6d2cd","Position":1}],"Documentation":{}},"Transformation":{"Function":{"FunctionGuid":"00000000000000000000000000000001","FunctionParameters":[{"PositionInParameterList":1,"Direction":"IN","Type":"NODE_LIST","Name":"LIFNR"},{"PositionInParameterList":2,"Direction":"OUT","Type":"NODE_LIST","Name":"nodes_out_1"}],"FunctionImplementations":[{"SourceCode":"\u003cxsl:sequence select\u003d\"$nodes_in/*\"/\u003e","FunctionImplementationLanguage":{"Name":"XSLT","Version":"2.0"}}],"isReference":false},"ParameterAssignments":[{"PositionInParameterList":1,"PositionInParameter":1,"PositionInDomainSet":1},{"PositionInParameterList":2,"PositionInParameter":1,"PositionInDomainSet":1}]},"Confidential":false},{"DomainMappingElement":{"SourceDomainSet":[{"DomainGuid":"f92cbf5a2b2a3c81a1e6961e2d8a1c31","AlternativeDomainGuid":"5486c2a417f1493fb493aa63bc2e951c","Position":1}],"TargetDomainSet":[{"DomainGuid":"137b72e0fe383bb09c2fab3beab6a8f8","AlternativeDomainGuid":"c1fda448f14f41799a193e69e2b82ede","Position":1}],"Documentation":{}},"Transformation":{"Function":{"FunctionGuid":"00000000000000000000000000000001","FunctionParameters":[{"PositionInParameterList":1,"Direction":"IN","Type":"NODE_LIST","Name":"PARTN"},{"PositionInParameterList":2,"Direction":"OUT","Type":"NODE_LIST","Name":"nodes_out_1"}],"FunctionImplementations":[{"SourceCode":"\u003cxsl:sequence select\u003d\"$nodes_in/*\"/\u003e","FunctionImplementationLanguage":{"Name":"XSLT","Version":"2.0"}}],"isReference":false},"ParameterAssignments":[{"PositionInParameterList":1,"PositionInParameter":1,"PositionInDomainSet":1},{"PositionInParameterList":2,"PositionInParameter":1,"PositionInDomainSet":1}]},"Confidential":false},{"DomainMappingElement":{"SourceDomainSet":[{"DomainGuid":"de15336fbe2f3df59d4179b9815c632e","AlternativeDomainGuid":"80c0738c64cb45b7b6d8b84ac806ce76","Position":1}],"TargetDomainSet":[{"DomainGuid":"2271fb6b69c3318a9842c2049adfa7f7","AlternativeDomainGuid":"57c8dd9589534202b7c1345fce83cea2","Position":1}],"Documentation":{}},"Transformation":{"Function":{"FunctionGuid":"00000000000000000000000000000001","FunctionParameters":[{"PositionInParameterList":1,"Direction":"IN","Type":"NODE_LIST","Name":"SPRAS_ISO"},{"PositionInParameterList":2,"Direction":"OUT","Type":"NODE_LIST","Name":"nodes_out_1"}],"FunctionImplementations":[{"SourceCode":"\u003cxsl:sequence select\u003d\"$nodes_in/*\"/\u003e","FunctionImplementationLanguage":{"Name":"XSLT","Version":"2.0"}}],"isReference":false},"ParameterAssignments":[{"PositionInParameterList":1,"PositionInParameter":1,"PositionInDomainSet":1},{"PositionInParameterList":2,"PositionInParameter":1,"PositionInDomainSet":1}]},"Confidential":false},{"DomainMappingElement":{"SourceDomainSet":[{"DomainGuid":"cd4fcaf221453cd6ae9fd465e95fdf16","Position":1}],"TargetDomainSet":[{"DomainGuid":"6d08a9e4394d31d1a3903fb9de043312","Position":1}],"Documentation":{}},"Confidential":false},{"DomainMappingElement":{"SourceDomainSet":[{"DomainGuid":"99b1bd47c61034468bdd7f1617c12360","Position":1}],"TargetDomainSet":[{"DomainGuid":"28d5454c05b93befa24af5fa8b778d16","Position":1}],"Documentation":{}},"Transformation":{"Function":{"FunctionGuid":"00000000000000000000000000000001","FunctionParameters":[{"PositionInParameterList":1,"Direction":"IN","Type":"NODE_LIST","Name":"PSTYP"},{"PositionInParameterList":2,"Direction":"OUT","Type":"NODE_LIST","Name":"nodes_out_1"}],"FunctionImplementations":[{"SourceCode":"\u003cxsl:sequence select\u003d\"$nodes_in/*\"/\u003e","FunctionImplementationLanguage":{"Name":"XSLT","Version":"2.0"}}],"isReference":false},"ParameterAssignments":[{"PositionInParameterList":1,"PositionInParameter":1,"PositionInDomainSet":1},{"PositionInParameterList":2,"PositionInParameter":1,"PositionInDomainSet":1}]},"Confidential":false},{"DomainMappingElement":{"SourceDomainSet":[{"DomainGuid":"3cc1ef154d0730d1a8b22fd2c97aa6fe","AlternativeDomainGuid":"a7e2f950b5fc4af692ea4895b3b5dd86","Position":1}],"TargetDomainSet":[{"DomainGuid":"e02df56fa74435a08d067f8540d36a04","Position":1}],"Documentation":{}},"Transformation":{"Function":{"FunctionGuid":"00000000000000000000000000000001","FunctionParameters":[{"PositionInParameterList":1,"Direction":"IN","Type":"NODE_LIST","Name":"KTEXT"},{"PositionInParameterList":2,"Direction":"OUT","Type":"NODE_LIST","Name":"nodes_out_1"}],"FunctionImplementations":[{"SourceCode":"\u003cxsl:sequence select\u003d\"$nodes_in/*\"/\u003e","FunctionImplementationLanguage":{"Name":"XSLT","Version":"2.0"}}],"isReference":false},"ParameterAssignments":[{"PositionInParameterList":1,"PositionInParameter":1,"PositionInDomainSet":1},{"PositionInParameterList":2,"PositionInParameter":1,"PositionInDomainSet":1}]},"Confidential":false},{"DomainMappingElement":{"SourceDomainSet":[{"DomainGuid":"a730bf91ce8d318fa60032462b746870","Position":2},{"DomainGuid":"104dfc7ade8c3d5f9feb02921d020c32","Position":1}],"TargetDomainSet":[{"DomainGuid":"f39617e84ac4301782f995b989b8d925","Position":1}],"Documentation":{}},"Transformation":{"Function":{"FunctionGuid":"00000000000000000000000000000001","FunctionParameters":[{"PositionInParameterList":1,"Direction":"IN","Type":"NODE_LIST","Name":"CURCY"},{"PositionInParameterList":2,"Direction":"IN","Type":"NODE_LIST","Name":"CURCY"},{"PositionInParameterList":3,"Direction":"OUT","Type":"NODE_LIST","Name":"nodes_out_1"}],"FunctionImplementations":[{"SourceCode":"\u003cxsl:sequence select\u003d\"$nodes_in/*\"/\u003e","FunctionImplementationLanguage":{"Name":"XSLT","Version":"2.0"}}],"isReference":false},"ParameterAssignments":[{"PositionInParameterList":1,"PositionInParameter":1,"PositionInDomainSet":2},{"PositionInParameterList":2,"PositionInParameter":1,"PositionInDomainSet":1},{"PositionInParameterList":3,"PositionInParameter":1,"PositionInDomainSet":1}]},"Confidential":false},{"DomainMappingElement":{"SourceDomainSet":[{"DomainGuid":"7fe8860c2f413be381de2f915e890f53","Position":1}],"TargetDomainSet":[{"DomainGuid":"9899fffb1c81325aa80145cd65977088","Position":1}],"Documentation":{}},"Transformation":{"Function":{"FunctionGuid":"00000000000000000000000000000001","FunctionParameters":[{"PositionInParameterList":1,"Direction":"IN","Type":"NODE_LIST","Name":"PMENE"},{"PositionInParameterList":2,"Direction":"OUT","Type":"NODE_LIST","Name":"nodes_out_1"}],"FunctionImplementations":[{"SourceCode":"\u003cxsl:sequence select\u003d\"$nodes_in/*\"/\u003e","FunctionImplementationLanguage":{"Name":"XSLT","Version":"2.0"}}],"isReference":false},"ParameterAssignments":[{"PositionInParameterList":1,"PositionInParameter":1,"PositionInDomainSet":1},{"PositionInParameterList":2,"PositionInParameter":1,"PositionInDomainSet":1}]},"Confidential":false},{"DomainMappingElement":{"SourceDomainSet":[{"DomainGuid":"0d2ddff8ec7e357181e2852f642453e8","AlternativeDomainGuid":"796ee118d621320d8cdd9c7ba6d44cd5","Position":1}],"TargetDomainSet":[{"DomainGuid":"16716e609ae63e71b1aa64a643c1c380","AlternativeDomainGuid":"39744eda51503f56bd6afeb9068240b3","Position":1}],"Documentation":{}},"Confidential":false},{"DomainMappingElement":{"SourceDomainSet":[{"DomainGuid":"243168074e0d313d9c60b71d5793fd25","AlternativeDomainGuid":"876a0900878a33649e26fa89e28b06f2","Position":1}],"TargetDomainSet":[{"DomainGuid":"941210dc58ec35e490d06f44f9757ced","AlternativeDomainGuid":"5ef2fe0687513bc8a36445ffba1560ce","Position":1}],"Documentation":{}},"Transformation":{"Function":{"FunctionGuid":"00000000000000000000000000000001","FunctionParameters":[{"PositionInParameterList":1,"Direction":"IN","Type":"NODE_LIST","Name":"NAME1"},{"PositionInParameterList":2,"Direction":"OUT","Type":"NODE_LIST","Name":"nodes_out_1"}],"FunctionImplementations":[{"SourceCode":"\u003cxsl:sequence select\u003d\"$nodes_in/*\"/\u003e","FunctionImplementationLanguage":{"Name":"XSLT","Version":"2.0"}}],"isReference":false},"ParameterAssignments":[{"PositionInParameterList":1,"PositionInParameter":1,"PositionInDomainSet":1},{"PositionInParameterList":2,"PositionInParameter":1,"PositionInDomainSet":1}]},"Confidential":false},{"DomainMappingElement":{"SourceDomainSet":[{"DomainGuid":"909a30a11cc132a98350fd1dac02b59a","AlternativeDomainGuid":"d79af310832b38f3b3c3236f4a9326d0","Position":1}],"TargetDomainSet":[{"DomainGuid":"0812996abbf534b4a15511f65f7e0ac3","AlternativeDomainGuid":"ce473f322c1235d885df8be1273c8025","Position":1}],"Documentation":{}},"Transformation":{"Function":{"FunctionGuid":"00000000000000000000000000000001","FunctionParameters":[{"PositionInParameterList":1,"Direction":"IN","Type":"NODE_LIST","Name":"STRAS"},{"PositionInParameterList":2,"Direction":"OUT","Type":"NODE_LIST","Name":"nodes_out_1"}],"FunctionImplementations":[{"SourceCode":"\u003cxsl:sequence select\u003d\"$nodes_in/*\"/\u003e","FunctionImplementationLanguage":{"Name":"XSLT","Version":"2.0"}}],"isReference":false},"ParameterAssignments":[{"PositionInParameterList":1,"PositionInParameter":1,"PositionInDomainSet":1},{"PositionInParameterList":2,"PositionInParameter":1,"PositionInDomainSet":1}]},"Confidential":false},{"DomainMappingElement":{"SourceDomainSet":[{"DomainGuid":"2669568bdf7f378a88d50e4eac9c5fd9","AlternativeDomainGuid":"c924820b574f34e1a608bee6bb85735d","Position":1}],"TargetDomainSet":[{"DomainGuid":"80d50235dbf33006b0348294c52e10e9","AlternativeDomainGuid":"8cb5738c180034df95ebc908b73ddc96","Position":1}],"Documentation":{}},"Transformation":{"Function":{"FunctionGuid":"00000000000000000000000000000001","FunctionParameters":[{"PositionInParameterList":1,"Direction":"IN","Type":"NODE_LIST","Name":"PSTLZ"},{"PositionInParameterList":2,"Direction":"OUT","Type":"NODE_LIST","Name":"nodes_out_1"}],"FunctionImplementations":[{"SourceCode":"\u003cxsl:sequence select\u003d\"$nodes_in/*\"/\u003e","FunctionImplementationLanguage":{"Name":"XSLT","Version":"2.0"}}],"isReference":false},"ParameterAssignments":[{"PositionInParameterList":1,"PositionInParameter":1,"PositionInDomainSet":1},{"PositionInParameterList":2,"PositionInParameter":1,"PositionInDomainSet":1}]},"Confidential":false},{"DomainMappingElement":{"SourceDomainSet":[{"DomainGuid":"d7323d8d26f03168ab78efb2420e0a3f","AlternativeDomainGuid":"ec4a1a338ddb3377b8e278070533706e","Position":1}],"TargetDomainSet":[{"DomainGuid":"7f884dcb742730cb8887598bf842dd40","AlternativeDomainGuid":"d4e518e67bca3654ac2bb85d74cc0fdd","Position":1}],"Documentation":{}},"Transformation":{"Function":{"FunctionGuid":"00000000000000000000000000000001","FunctionParameters":[{"PositionInParameterList":1,"Direction":"IN","Type":"NODE_LIST","Name":"ORT01"},{"PositionInParameterList":2,"Direction":"OUT","Type":"NODE_LIST","Name":"nodes_out_1"}],"FunctionImplementations":[{"SourceCode":"\u003cxsl:sequence select\u003d\"$nodes_in/*\"/\u003e","FunctionImplementationLanguage":{"Name":"XSLT","Version":"2.0"}}],"isReference":false},"ParameterAssignments":[{"PositionInParameterList":1,"PositionInParameter":1,"PositionInDomainSet":1},{"PositionInParameterList":2,"PositionInParameter":1,"PositionInDomainSet":1}]},"Confidential":false},{"DomainMappingElement":{"SourceDomainSet":[{"DomainGuid":"af169645114c324bba4fa13780236599","AlternativeDomainGuid":"a06ae3d285363953bcd4b4412e3dab18","Position":1}],"TargetDomainSet":[{"DomainGuid":"2ff9d7a334cf3c9e86346959108e0746","AlternativeDomainGuid":"dc46d9c198ca338ca48326d216e1cb52","Position":1}],"Documentation":{}},"Transformation":{"Function":{"FunctionGuid":"00000000000000000000000000000001","FunctionParameters":[{"PositionInParameterList":1,"Direction":"IN","Type":"NODE_LIST","Name":"LAND1"},{"PositionInParameterList":2,"Direction":"OUT","Type":"NODE_LIST","Name":"nodes_out_1"}],"FunctionImplementations":[{"SourceCode":"\u003cxsl:sequence select\u003d\"$nodes_in/*\"/\u003e","FunctionImplementationLanguage":{"Name":"XSLT","Version":"2.0"}}],"isReference":false},"ParameterAssignments":[{"PositionInParameterList":1,"PositionInParameter":1,"PositionInDomainSet":1},{"PositionInParameterList":2,"PositionInParameter":1,"PositionInDomainSet":1}]},"Confidential":false},{"DomainMappingElement":{"SourceDomainSet":[{"DomainGuid":"ba10da5862633dbea1179c1cff8e92a7","AlternativeDomainGuid":"d9b238193c39315a9649143a463b4be1","Position":1}],"TargetDomainSet":[{"DomainGuid":"149d48a2da163ad6b6890e985ab9fab2","AlternativeDomainGuid":"2ab5c4dc5e8e30ef8472bf03bd54e21e","Position":1}],"Documentation":{}},"Transformation":{"Function":{"FunctionGuid":"00000000000000000000000000000001","FunctionParameters":[{"PositionInParameterList":1,"Direction":"IN","Type":"NODE_LIST","Name":"REGIO"},{"PositionInParameterList":2,"Direction":"OUT","Type":"NODE_LIST","Name":"nodes_out_1"}],"FunctionImplementations":[{"SourceCode":"\u003cxsl:sequence select\u003d\"$nodes_in/*\"/\u003e","FunctionImplementationLanguage":{"Name":"XSLT","Version":"2.0"}}],"isReference":false},"ParameterAssignments":[{"PositionInParameterList":1,"PositionInParameter":1,"PositionInDomainSet":1},{"PositionInParameterList":2,"PositionInParameter":1,"PositionInDomainSet":1}]},"Confidential":false},{"DomainMappingElement":{"SourceDomainSet":[{"DomainGuid":"af4653e2aea73620bdaeff590e25cb1b","AlternativeDomainGuid":"b1ae95c346d834568845669fb5355562","Position":1}],"TargetDomainSet":[{"DomainGuid":"b6a577bb445339068a6bd029309c62f3","AlternativeDomainGuid":"4d8efd31d019360e96e5d0fb6d05497f","Position":1}],"Documentation":{}},"Transformation":{"Function":{"FunctionGuid":"00000000000000000000000000000001","FunctionParameters":[{"PositionInParameterList":1,"Direction":"IN","Type":"NODE_LIST","Name":"LIFNR"},{"PositionInParameterList":2,"Direction":"OUT","Type":"NODE_LIST","Name":"nodes_out_1"}],"FunctionImplementations":[{"SourceCode":"\u003cxsl:sequence select\u003d\"$nodes_in/*\"/\u003e","FunctionImplementationLanguage":{"Name":"XSLT","Version":"2.0"}}],"isReference":false},"ParameterAssignments":[{"PositionInParameterList":1,"PositionInParameter":1,"PositionInDomainSet":1},{"PositionInParameterList":2,"PositionInParameter":1,"PositionInDomainSet":1}]},"Confidential":false},{"DomainMappingElement":{"SourceDomainSet":[{"DomainGuid":"73aa2fb6c4a3388580212e939018e2e7","AlternativeDomainGuid":"d40cab44653335cdb1b4f8ad097b4dd5","Position":1}],"TargetDomainSet":[{"DomainGuid":"bfb8d0a1ee773414b337c65b6e0f2f85","AlternativeDomainGuid":"005b60cd3a833f6a96a85ff4aa31689c","Position":1}],"Documentation":{}},"Transformation":{"Function":{"FunctionGuid":"00000000000000000000000000000001","FunctionParameters":[{"PositionInParameterList":1,"Direction":"IN","Type":"NODE_LIST","Name":"PARTN"},{"PositionInParameterList":2,"Direction":"OUT","Type":"NODE_LIST","Name":"nodes_out_1"}],"FunctionImplementations":[{"SourceCode":"\u003cxsl:sequence select\u003d\"$nodes_in/*\"/\u003e","FunctionImplementationLanguage":{"Name":"XSLT","Version":"2.0"}}],"isReference":false},"ParameterAssignments":[{"PositionInParameterList":1,"PositionInParameter":1,"PositionInDomainSet":1},{"PositionInParameterList":2,"PositionInParameter":1,"PositionInDomainSet":1}]},"Confidential":false},{"DomainMappingElement":{"SourceDomainSet":[{"DomainGuid":"ce68e402e5e83324ac9f3b0fb0c7abc0","Position":1}],"TargetDomainSet":[{"DomainGuid":"9ef8a518b22c32da82b264bc6e2a57f7","Position":1}],"Documentation":{}},"Confidential":false},{"DomainMappingElement":{"SourceDomainSet":[{"DomainGuid":"b1c476c6bb713c68a3b03f4b6ae116d3","Position":1}],"TargetDomainSet":[{"DomainGuid":"7ee2a212476e38899f83c783b7d369b1","Position":1}],"Documentation":{}},"Transformation":{"Function":{"FunctionGuid":"00000000000000000000000000000001","FunctionParameters":[{"PositionInParameterList":1,"Direction":"IN","Type":"NODE_LIST","Name":"WMENG"},{"PositionInParameterList":2,"Direction":"OUT","Type":"NODE_LIST","Name":"nodes_out_1"}],"FunctionImplementations":[{"SourceCode":"\u003cxsl:sequence select\u003d\"$nodes_in/*\"/\u003e","FunctionImplementationLanguage":{"Name":"XSLT","Version":"2.0"}}],"isReference":false},"ParameterAssignments":[{"PositionInParameterList":1,"PositionInParameter":1,"PositionInDomainSet":1},{"PositionInParameterList":2,"PositionInParameter":1,"PositionInDomainSet":1}]},"Confidential":false},{"DomainMappingElement":{"SourceDomainSet":[],"TargetDomainSet":[{"DomainGuid":"6dcd6c293e5a39ecbe1bbe156df86533","AlternativeDomainGuid":"dcae08dd61883012b71628a10da652a5","Position":1}],"Documentation":{}},"Transformation":{"Function":{"FunctionGuid":"00000000000000000000000000000002","FunctionParameters":[{"PositionInParameterList":1,"Direction":"IN","Type":"STRING","Name":"value"},{"PositionInParameterList":2,"Direction":"OUT","Type":"NODE_LIST","Name":"nodes_out_1"}],"FunctionImplementations":[{"SourceCode":"\u003cxsl:value-of select\u003d\"$nodes_in/value\"/\u003e","FunctionImplementationLanguage":{"Name":"XSLT","Version":"2.0"}}],"isReference":false},"ParameterAssignments":[{"PositionInParameterList":1,"PositionInParameter":1,"Value":"ShipTo"},{"PositionInParameterList":2,"PositionInParameter":1,"PositionInDomainSet":1}]},"Confidential":false},{"DomainMappingElement":{"SourceDomainSet":[{"DomainGuid":"a730bf91ce8d318fa60032462b746870","Position":2},{"DomainGuid":"104dfc7ade8c3d5f9feb02921d020c32","Position":1}],"TargetDomainSet":[{"DomainGuid":"d3f2b39e783239718c659ad14acdd6d1","Position":1}],"Documentation":{}},"Transformation":{"Function":{"FunctionGuid":"00000000000000000000000000000001","FunctionParameters":[{"PositionInParameterList":1,"Direction":"IN","Type":"NODE_LIST","Name":"CURCY"},{"PositionInParameterList":2,"Direction":"IN","Type":"NODE_LIST","Name":"CURCY"},{"PositionInParameterList":3,"Direction":"OUT","Type":"NODE_LIST","Name":"nodes_out_1"}],"FunctionImplementations":[{"SourceCode":"\u003cxsl:sequence select\u003d\"$nodes_in/*\"/\u003e","FunctionImplementationLanguage":{"Name":"XSLT","Version":"2.0"}}],"isReference":false},"ParameterAssignments":[{"PositionInParameterList":1,"PositionInParameter":1,"PositionInDomainSet":2},{"PositionInParameterList":2,"PositionInParameter":1,"PositionInDomainSet":1},{"PositionInParameterList":3,"PositionInParameter":1,"PositionInDomainSet":1}]},"Confidential":false},{"DomainMappingElement":{"SourceDomainSet":[{"DomainGuid":"8055ab46a84736409a1d3289d9c60142","Position":1}],"TargetDomainSet":[{"DomainGuid":"1b7b6756d2a53c97b3b4b4d46d9aa266","Position":1}],"Documentation":{}},"Transformation":{"Function":{"FunctionGuid":"00000000000000000000000000000001","FunctionParameters":[{"PositionInParameterList":1,"Direction":"IN","Type":"NODE_LIST","Name":"NETWR"},{"PositionInParameterList":2,"Direction":"OUT","Type":"NODE_LIST","Name":"nodes_out_1"}],"FunctionImplementations":[{"SourceCode":"\u003cxsl:sequence select\u003d\"$nodes_in/*\"/\u003e","FunctionImplementationLanguage":{"Name":"XSLT","Version":"2.0"}}],"isReference":false},"ParameterAssignments":[{"PositionInParameterList":1,"PositionInParameter":1,"PositionInDomainSet":1},{"PositionInParameterList":2,"PositionInParameter":1,"PositionInDomainSet":1}]},"Confidential":false},{"DomainMappingElement":{"SourceDomainSet":[{"DomainGuid":"0411abe6177830f58585a2bdc87a6a22","Position":1}],"TargetDomainSet":[{"DomainGuid":"8655cc5daf5138bcae94696797c9ed36","Position":1}],"Documentation":{}},"Transformation":{"Function":{"FunctionGuid":"10010000000000000000000000000001","FunctionParameters":[{"PositionInParameterList":1,"Direction":"IN","Type":"NODE_LIST","Name":"source_date_time_value"},{"PositionInParameterList":2,"Direction":"IN","Type":"NODE_LIST","Name":"source_date_time_format"},{"PositionInParameterList":3,"Direction":"IN","Type":"STRING","Name":"target_date_time_format"},{"PositionInParameterList":4,"Direction":"OUT","Type":"NODE_LIST","Name":"target_date_time_value"}],"FunctionImplementations":[{"SourceCode":"\u003cxsl:sequence select\u003d\"ica_fn:transform-dateTime($nodes_in/nodes_in_1,$nodes_in/source_date_time_format,$nodes_in/target_date_time_format)\"/\u003e","FunctionImplementationLanguage":{"Name":"XSLT","Version":"2.0"}}],"isReference":false},"ParameterAssignments":[{"PositionInParameterList":1,"PositionInParameter":1,"PositionInDomainSet":1},{"PositionInParameterList":2,"PositionInParameter":1,"Value":"CCYYMMDD"},{"PositionInParameterList":3,"PositionInParameter":1,"Value":"CCYY\u0027-\u0027MM\u0027-\u0027DD[Z|(+|-)hh\u0027:\u0027mm]"},{"PositionInParameterList":4,"PositionInParameter":1,"PositionInDomainSet":1}]},"Confidential":false}],"TargetNodeDuplicationRules":[],"TargetNodeStatus":{},"SharedFunctions":[],"SharedVariables":[],"AdministrativeData":{"CreatedBy":"tamaki.ogura@sap.com","CreatedOn":1732012990292,"ModifiedBy":"tamaki.ogura@sap.com","ModifiedOn":1732035102544},"Documentation":{"Name":{"ArtifactValue":{"Id":"bbc6ed995239375b887525ab8af0db14","action":"NONE"}},"Definition":{"ArtifactValue":{"Id":"6666cd76f96936469e7be39d750cc7d9","action":"NONE"}},"Summary":{"ArtifactValue":{"Id":"6666cd76f96936469e7be39d750cc7d9","action":"NONE"}},"NumberOfNotes":0,"Notes":[]},"DocumentationArtifacts":{"6666cd76f96936469e7be39d750cc7d9":"","bbc6ed995239375b887525ab8af0db14":"01.a) [Trading Partner Name] - SAP IDOC ORDERS.ORDERS05 -to- SAP SOAP OrderRequest","1ea7d89adb9737cda5ec06f0318335e4":"Mapping 01.a) [Company Name] - SAP IDOC ORDERS.ORDERS05 for Customer EDI - Source to 01.a) [Trading Partner Name] - SAP SOAP 1905 OrderRequest - Target"}}