{"IsGroupIdentifier":false,"AssociatedIdentifiers":{"Properties":{}},"Alias":"TP_IDOC_ID","TypeSystemId":"SAP_IDoc","IdentifierId":"TP_IDOC_ID","SchemeName":"N/A","SchemeCode":"N/A","DocumentSchemaVersion":"1.0","administrativeData":{"createdAt":1723732789157,"createdBy":"vishakha.deshmukh@sap.com","modifiedAt":1723735538396,"modifiedBy":"vishakha.deshmukh@sap.com"},"ParentId":"18be672c721d4f1f845f6436ec301fba","ParentArtifactType":"TRADING_PARTNER","searchableAttributes":{"Alias":["TP_IDOC_ID"],"TENANT":["e30aab0a-9c29-40d4-a156-5e6dc245c28f"]},"artifactProperties":{},"relations":[],"ArtifactRelations":{},"artifactStatus":"Draft","id":"39b74d2db27f448ba6abe41a3b7769d0","uniqueId":"39b74d2db27f448ba6abe41a3b7769d0","artifactType":"IDENTIFIER","displayName":"TP_IDOC_ID","semanticVersion":"1.0"}