{"IsGroupIdentifier":false,"AssociatedIdentifiers":{"Properties":{}},"Alias":"Company_TRADACOMS_ID","TypeSystemId":"TRADACOMS","IdentifierId":"Company_TRADACOMS_ID","SchemeName":"N/A","SchemeCode":"N/A","DocumentSchemaVersion":"1.0","administrativeData":{"createdAt":1716812951803,"createdBy":"jingwen.li01@sap.com","modifiedAt":1721309766446,"modifiedBy":"tamaki.ogura@sap.com"},"ParentId":"myCompany","ParentArtifactType":"COMPANY","searchableAttributes":{"Alias":["Company_TRADACOMS_ID"],"TENANT":["e30aab0a-9c29-40d4-a156-5e6dc245c28f"]},"artifactProperties":{},"relations":[],"ArtifactRelations":{},"artifactStatus":"Draft","id":"51727d927da8412793cdaf18c427a800","uniqueId":"51727d927da8412793cdaf18c427a800","artifactType":"IDENTIFIER","displayName":"Company_TRADACOMS_ID","semanticVersion":"1.0"}