{"IsGroupIdentifier":false,"AssociatedIdentifiers":{"Properties":{}},"Alias":"TP_TRADACOMS_ID","TypeSystemId":"TRADACOMS","IdentifierId":"TP_TRADACOMS_ID","SchemeName":"N/A","SchemeCode":"N/A","DocumentSchemaVersion":"1.0","administrativeData":{"createdAt":1721310617691,"createdBy":"jingwen.li01@sap.com","modifiedAt":1724075758921,"modifiedBy":"tamaki.ogura@sap.com"},"ParentId":"18be672c721d4f1f845f6436ec301fba","ParentArtifactType":"TRADING_PARTNER","searchableAttributes":{"Alias":["TP_TRADACOMS_ID"],"TENANT":["e30aab0a-9c29-40d4-a156-5e6dc245c28f"]},"artifactProperties":{},"relations":[],"ArtifactRelations":{},"artifactStatus":"Draft","id":"618d2687be9f4e4a90ab0a2784a04d13","uniqueId":"618d2687be9f4e4a90ab0a2784a04d13","artifactType":"IDENTIFIER","displayName":"TP_TRADACOMS_ID","semanticVersion":"1.0"}