{"TradingPartnerDetails":{"IdForTradingPartner":{"Properties":{"Id":"18be672c721d4f1f845f6436ec301fba"}},"IdForSystemInstance":{"Properties":{"Id":"4d79cc68ef0540dc9dd1dec9ea0c5160"}},"IdForSenderIdentifier":{"Properties":{"Id":"0ca5dc5179c14e77bb5daf03e5f01537"}},"IdForReceiverIdentifier":{"Properties":{"Id":"39b74d2db27f448ba6abe41a3b7769d0"}},"IdForContactPerson":{"Properties":{"Id":""}}},"AgreementLifeCycleStatus":{"Activated":true,"UpdateStatus":"UPDATED","ActivatedAt":0},"TransactionOption":{"Option":"Copy","TransactionIds":["743d9820ac1d485caaf05c1d74eeaadf","6abd68bcdb5f402f937df629e3400c37","8118bb03590a4b87b76aa027812ec3db"]},"RefreshRequired":false,"SourceTemplateName":"[B2B Integration Factory] - Order to Cash B2B Scenario - SOAP - Template","ConcreteTransactionDetails":{"743d9820ac1d485caaf05c1d74eeaadf":{"BusinessTransactionLifeCycleStatus":{"Activated":true,"UpdateStatus":"UPDATED","ActivatedAt":1743976112576,"ActivatedBy":"moussa.el.kakouchi@sap.com"},"ComputedPids":["SAP_TPM_5cc8a874af0bdc42ab49ac4ae51c7c19","SAP_TPM_65175facf012e25947614e92b48b8c4f"],"HashKeyPids":["SAP_TPM_5cc8a874af0bdc42ab49ac4ae51c7c19","SAP_TPM_65175facf012e25947614e92b48b8c4f"]},"6abd68bcdb5f402f937df629e3400c37":{"BusinessTransactionLifeCycleStatus":{"Activated":true,"UpdateStatus":"UPDATED","ActivatedAt":1743976112576,"ActivatedBy":"moussa.el.kakouchi@sap.com"},"ComputedPids":["SAP_TPM_91859e0c92c104240ff0d1395c78f134"],"HashKeyPids":["SAP_TPM_91859e0c92c104240ff0d1395c78f134"]},"8118bb03590a4b87b76aa027812ec3db":{"BusinessTransactionLifeCycleStatus":{"Activated":true,"UpdateStatus":"UPDATED","ActivatedAt":1743976112576,"ActivatedBy":"moussa.el.kakouchi@sap.com"},"ComputedPids":["SAP_TPM_7813b579ec2fb437e771f3a9ca67016a"],"HashKeyPids":["SAP_TPM_7813b579ec2fb437e771f3a9ca67016a"]}},"Name":"[B2B Integration Factory] - Order to Cash B2B Scenario - SOAP","Description":"","Version":"1.0","OwnedBy":"Self","OwnerId":"myCompany","Shared":false,"TransactionsNumber":3,"CompanyData":{"Id":"myCompany","Name":"[Company Name]","Role":"INITIATOR","SystemInstance":{"Properties":{"Id":"9e446f07ceb64f33bae5e11b66be71ac","Label_Alias":"S/4 HANA System"}},"TypeSystem":{"Properties":{"Id":"SAP_IDoc"}},"TypeSystemVersion":"755","IdAsSender":{"Properties":{"Id":"3759275e777b42259821d57e7af91c9c","Label_Alias":"Company_IDOC_SOA_ID"}},"IdAsReceiver":{"Properties":{"Id":"f49e65fa67284c908b2c4e2d7a76d943","Label_Alias":"Company_SOAP_ID"}},"ContactPerson":{"Properties":{"Id":""}}},"TradingPartnerData":{"Role":"REACTOR","AliasForSystemInstance":{"Properties":{"Alias":"[B2B Integration Factory]-System"}},"TypeSystem":{"Properties":{"Id":"SAP_S4HANA_Cloud_SOA"}},"TypeSystemVersion":"1905","AliasForIdentifierInOwnTS":{"Properties":{"Alias":"TP_SOAP_ID"}},"AliasForIdentifierInCompanyTS":{"Properties":{"Alias":"TP_IDOC_ID"}},"AliasForContactPersonRole":{"Properties":{"Alias":""}}},"CommunicationPartnerData":{"IdForTradingPartner":{"Properties":{}},"IdForSystemInstance":{"Properties":{}}},"B2BScenarioDetailsId":"15a406a8a36c46d5a469ae49cb20b2c0","DocumentSchemaVersion":"1.0","administrativeData":{"createdAt":1743774395725,"createdBy":"moussa.el.kakouchi@sap.com","modifiedAt":1743976112661,"modifiedBy":"moussa.el.kakouchi@sap.com"},"ParentId":"2860089e1b424d5393e6164eb128ae7d","ParentArtifactType":"AGREEMENT_TEMPLATE_V2","searchableAttributes":{"ModelVersion":["2.0"],"TENANT":["0276649a-0a57-4c1b-9235-3fa585ecc5df"],"PD_KEY_HASH":["SAP_TPM_5cc8a874af0bdc42ab49ac4ae51c7c19","SAP_TPM_65175facf012e25947614e92b48b8c4f","SAP_TPM_91859e0c92c104240ff0d1395c78f134","SAP_TPM_7813b579ec2fb437e771f3a9ca67016a"],"activatedAt":["1743976112576"],"activatedBy":["moussa.el.kakouchi@sap.com"]},"artifactProperties":{},"relations":[],"ArtifactRelations":{},"artifactStatus":"Draft","id":"ba8c9f9563dd4907b1ce204dd1d2bb9c","uniqueId":"ba8c9f9563dd4907b1ce204dd1d2bb9c","artifactType":"TRADING_PARTNER_AGREEMENT_V2","displayName":"[B2B Integration Factory] - Order to Cash B2B Scenario - SOAP","semanticVersion":"2.0"}