{"TradingPartnerDetails":{"IdForTradingPartner":{"Properties":{"Id":"18be672c721d4f1f845f6436ec301fba"}},"IdForSystemInstance":{"Properties":{"Id":"4d79cc68ef0540dc9dd1dec9ea0c5160"}},"IdForSenderIdentifier":{"Properties":{"Id":"0ca5dc5179c14e77bb5daf03e5f01537"}},"IdForReceiverIdentifier":{"Properties":{"Id":"39b74d2db27f448ba6abe41a3b7769d0"}},"IdForContactPerson":{"Properties":{"Id":""}}},"AgreementLifeCycleStatus":{"Activated":true,"UpdateStatus":"UPDATED","ActivatedAt":0},"TransactionOption":{"Option":"Copy","TransactionIds":["743d9820ac1d485caaf05c1d74eeaadf","6abd68bcdb5f402f937df629e3400c37","8118bb03590a4b87b76aa027812ec3db"]},"RefreshRequired":false,"SourceTemplateName":"[B2B Integration Factory] - Order to Cash B2B Scenario - SOAP - Template","ConcreteTransactionDetails":{"743d9820ac1d485caaf05c1d74eeaadf":{"BusinessTransactionLifeCycleStatus":{"Activated":true,"UpdateStatus":"UPDATED","ActivatedAt":1757498059321,"ActivatedBy":"noah.rauch@sap.com"},"ComputedPids":["SAP_TPM_44b79aa71114731b3706a5b4f9e3c2d3","SAP_TPM_22a8eeafc4b983c9c7aa57c1dc3010e8"],"HashKeyPids":["SAP_TPM_44b79aa71114731b3706a5b4f9e3c2d3","SAP_TPM_22a8eeafc4b983c9c7aa57c1dc3010e8"]},"6abd68bcdb5f402f937df629e3400c37":{"BusinessTransactionLifeCycleStatus":{"Activated":true,"UpdateStatus":"UPDATED","ActivatedAt":1757498059321,"ActivatedBy":"noah.rauch@sap.com"},"ComputedPids":["SAP_TPM_52978f792c94df11741b9025ea8624a6"],"HashKeyPids":["SAP_TPM_52978f792c94df11741b9025ea8624a6"]},"8118bb03590a4b87b76aa027812ec3db":{"BusinessTransactionLifeCycleStatus":{"Activated":true,"UpdateStatus":"UPDATED","ActivatedAt":1757498059321,"ActivatedBy":"noah.rauch@sap.com"},"ComputedPids":["SAP_TPM_f8f5af44dfe0c1361781e6e7aa3346a8"],"HashKeyPids":["SAP_TPM_f8f5af44dfe0c1361781e6e7aa3346a8"]}},"Name":"[B2B Integration Factory] - Order to Cash B2B Scenario - SOAP","Description":"","Version":"1.0","OwnedBy":"Self","OwnerId":"myCompany","Shared":false,"TransactionsNumber":3,"CompanyData":{"Id":"myCompany","Name":"[Company Name]","Role":"INITIATOR","SystemInstance":{"Properties":{"Id":"9e446f07ceb64f33bae5e11b66be71ac","Label_Alias":"S/4 HANA System"}},"TypeSystem":{"Properties":{"Id":"SAP_IDoc"}},"TypeSystemVersion":"755","IdAsSender":{"Properties":{"Id":"3759275e777b42259821d57e7af91c9c","Label_Alias":"Company_IDOC_SOA_ID"}},"IdAsReceiver":{"Properties":{"Id":"f49e65fa67284c908b2c4e2d7a76d943","Label_Alias":"Company_CloudSOAP_ID"}},"ContactPerson":{"Properties":{"Id":""}}},"TradingPartnerData":{"Role":"REACTOR","AliasForSystemInstance":{"Properties":{"Alias":"[B2B Integration Factory]-System"}},"TypeSystem":{"Properties":{"Id":"SAP_S4HANA_Cloud_SOA"}},"TypeSystemVersion":"1905","AliasForIdentifierInOwnTS":{"Properties":{"Alias":"TP_SOAP_ID"}},"AliasForIdentifierInCompanyTS":{"Properties":{"Alias":"TP_IDOC_ID"}},"AliasForContactPersonRole":{"Properties":{"Alias":""}}},"CommunicationPartnerData":{"IdForTradingPartner":{"Properties":{}},"IdForSystemInstance":{"Properties":{}}},"B2BScenarioDetailsId":"15a406a8a36c46d5a469ae49cb20b2c0","DocumentSchemaVersion":"1.0","administrativeData":{"createdAt":1731503165549,"createdBy":"tamaki.ogura@sap.com","modifiedAt":1757498059395,"modifiedBy":"noah.rauch@sap.com"},"ParentId":"2860089e1b424d5393e6164eb128ae7d","ParentArtifactType":"AGREEMENT_TEMPLATE_V2","searchableAttributes":{"ModelVersion":["2.0"],"TENANT":["e30aab0a-9c29-40d4-a156-5e6dc245c28f"],"PD_KEY_HASH":["SAP_TPM_44b79aa71114731b3706a5b4f9e3c2d3","SAP_TPM_22a8eeafc4b983c9c7aa57c1dc3010e8","SAP_TPM_52978f792c94df11741b9025ea8624a6","SAP_TPM_f8f5af44dfe0c1361781e6e7aa3346a8"],"activatedAt":["1757498059321"],"activatedBy":["noah.rauch@sap.com"]},"artifactProperties":{},"relations":[],"ArtifactRelations":{},"artifactStatus":"Draft","uniqueId":"ba8c9f9563dd4907b1ce204dd1d2bb9c","displayName":"[B2B Integration Factory] - Order to Cash B2B Scenario - SOAP","semanticVersion":"2.0","versionInfo":{"versionGroup":"ba8c9f9563dd4907b1ce204dd1d2bb9c","versionNumber":1,"versionTag":"Draft","versionType":"Unversioned","taktVersion":0,"versionedAt":1731503165549,"versionedBy":"tamaki.ogura@sap.com"},"id":"ba8c9f9563dd4907b1ce204dd1d2bb9c","artifactType":"TRADING_PARTNER_AGREEMENT_V2"}