{"ArtifactMetadata":{"SchemaVersion":"1.1","ArtifactType":"Codelist"},"Identification":{"CodelistGUID":"d54334427c764a818eafedb97aa6f64f","ImportCorrelationGroupId":"d54334427c764a818eafedb97aa6f64f","ImportCorrelationObjectId":"88d1b4c034dc425ca0abff302f854ba7","Category":"Codelist","Id":"B2BIFACTORY_PartyType","TypeSystemId":"Customer_TS_CL","TypeSystemAcronym":"Custom Codelists","VersionId":"4.0","IsLatestVersion":false,"ObjectGUID":"e0c500d415ee48b1832f0b9da60bccf4","Customer":"fd071028502f5e5e1104606396090e5a","Tenant":"c33393b9b4ad847e98b93a6eb9b9e5f3","IsCustomObject":true},"Status":"Deprecated","VertexGUID":"33ddcd41df553f82aebde9ba6a14c4bd","AdministrativeData":{"CreatedBy":"moussa.el.kakouchi@sap.com","CreatedOn":1743588735047,"ModifiedBy":"moussa.el.kakouchi@sap.com","ModifiedOn":1743588735047,"LastImportedOn":1743588735047,"LastImportedBy":"moussa.el.kakouchi@sap.com"},"Documentation":{"Name":{"ArtifactValue":{"VertexGUID":"2c01a75dde533b6e9956d61e241b0ce3","Id":"b742accc3b323afcae3b7589db7772e2","LanguageCode":"en-us","action":"CREATED"}},"Definition":{"ArtifactValue":{"VertexGUID":"58d0973095683f75bcc4b6e2db8e22b3","Id":"6666cd76f96936469e7be39d750cc7d9","LanguageCode":"en-us","action":"CREATED"}},"NumberOfNotes":0,"Notes":[]},"Properties":{"ExternalCategory":{"BaseArtifactValue":{"VertexGUID":"5ec2cdfcd5dc3e81a1a8af943c11a285","Id":"Codelist","action":"NONE"},"PropertyName":"ExternalCategory"}},"NumberOfCodeValues":9,"Codes":[{"VertexGUID":"022a62c300c13c808f8e65f7fabc17c2","Id":"ShipTo","Documentation":{"Name":{"ArtifactValue":{"VertexGUID":"5897ab9e2401372698545c0aab6a690b","Id":"4ac93c3e003e34a0ae8b68bd4eb48c05","LanguageCode":"en-us","action":"CREATED"}},"Definition":{"ArtifactValue":{"VertexGUID":"5cf6aac657df3418bcacb718cbd554fd","Id":"6666cd76f96936469e7be39d750cc7d9","LanguageCode":"en-us","action":"CREATED"}},"NumberOfNotes":0,"Notes":[]}},{"VertexGUID":"c7ed615b74ef3ca7bf3c7454f9b21f33","Id":"SoldTo","Documentation":{"Name":{"ArtifactValue":{"VertexGUID":"69b84d3e1e7439bcbc0f5b3b7d1dbb19","Id":"09101792d7d4331088cd0e1481742165","LanguageCode":"en-us","action":"CREATED"}},"Definition":{"ArtifactValue":{"VertexGUID":"738cf9723be23b3badba656e92bbd1bc","Id":"6666cd76f96936469e7be39d750cc7d9","LanguageCode":"en-us","action":"CREATED"}},"NumberOfNotes":0,"Notes":[]}},{"VertexGUID":"5a3dcd7e8e6d3e96801db7287023fcfe","Id":"BillTo","Documentation":{"Name":{"ArtifactValue":{"VertexGUID":"38ee0c988e873c0f87c6b1da55516d0e","Id":"9ca6853d82d634e5800528762f1059ab","LanguageCode":"en-us","action":"CREATED"}},"Definition":{"ArtifactValue":{"VertexGUID":"4eaebfbd94b53a789eb82fd76a64381d","Id":"6666cd76f96936469e7be39d750cc7d9","LanguageCode":"en-us","action":"CREATED"}},"NumberOfNotes":0,"Notes":[]}},{"VertexGUID":"13a1db10e2f1369d976132a9ecd08a10","Id":"Payer","Documentation":{"Name":{"ArtifactValue":{"VertexGUID":"bdc3c7c092173ff7b8a38f0208722500","Id":"2f62e6de056e31998b34ff7a7bf4767e","LanguageCode":"en-us","action":"CREATED"}},"Definition":{"ArtifactValue":{"VertexGUID":"352aee3d66973768a26fb2cd296f4d14","Id":"6666cd76f96936469e7be39d750cc7d9","LanguageCode":"en-us","action":"CREATED"}},"NumberOfNotes":0,"Notes":[]}},{"VertexGUID":"0236f69c5dc937aeb3e76ba32ccdd0c5","Id":"BillFrom","Documentation":{"Name":{"ArtifactValue":{"VertexGUID":"d16b6b207a85349195d4f5cff554c51f","Id":"baeadddcd04b33a4bcec91dca1f88f27","LanguageCode":"en-us","action":"CREATED"}},"Definition":{"ArtifactValue":{"VertexGUID":"6140c3ec63823a44b7ec3cca1a3034b3","Id":"6666cd76f96936469e7be39d750cc7d9","LanguageCode":"en-us","action":"CREATED"}},"NumberOfNotes":0,"Notes":[]}},{"VertexGUID":"04e2b2337a61334db2665a04b3d6bb9e","Id":"Supplier","Documentation":{"Name":{"ArtifactValue":{"VertexGUID":"d57b3feee51133e4b49dfc279efd066d","Id":"6e5f78df84953c199ee674f525ff2e46","LanguageCode":"en-us","action":"CREATED"}},"Definition":{"ArtifactValue":{"VertexGUID":"4b025314347d39499c8ff791f35e2f4d","Id":"6666cd76f96936469e7be39d750cc7d9","LanguageCode":"en-us","action":"CREATED"}},"NumberOfNotes":0,"Notes":[]}},{"VertexGUID":"763c65a14b9c31c5beea00c57d0173b6","Id":"Vendor","Documentation":{"Name":{"ArtifactValue":{"VertexGUID":"b08ff688246e36c494564a518bb4b926","Id":"28c7d8e15a99378996e23fb67bbe039c","LanguageCode":"en-us","action":"CREATED"}},"Definition":{"ArtifactValue":{"VertexGUID":"58d65263aed53f37af50527e611b9c16","Id":"6666cd76f96936469e7be39d750cc7d9","LanguageCode":"en-us","action":"CREATED"}},"NumberOfNotes":0,"Notes":[]}},{"VertexGUID":"c10eb3c66f0d399495d2b701a6ee753f","Id":"ShippingPoint","Documentation":{"Name":{"ArtifactValue":{"VertexGUID":"31e612ee879d3ee7b04b2f71df9d5d5f","Id":"7810c39d18ab3036a6419ebf92d5a0b5","LanguageCode":"en-us","action":"CREATED"}},"Definition":{"ArtifactValue":{"VertexGUID":"d4b76865c1cf3bc089637294a82263de","Id":"6666cd76f96936469e7be39d750cc7d9","LanguageCode":"en-us","action":"CREATED"}},"NumberOfNotes":0,"Notes":[]}},{"VertexGUID":"c77d1eaac22733ccb13e2ac4cfa4706e","Id":"SalesOrganization","Documentation":{"Name":{"ArtifactValue":{"VertexGUID":"cf77224be8c23044b929bc0fbf105f13","Id":"9955cce2085f31488d9c1183ee26a345","LanguageCode":"en-us","action":"CREATED"}},"Definition":{"ArtifactValue":{"VertexGUID":"1d00fb4a7b7934a595406cb950259e06","Id":"6666cd76f96936469e7be39d750cc7d9","LanguageCode":"en-us","action":"CREATED"}},"NumberOfNotes":0,"Notes":[]}}],"DocumentationArtifacts":{"9ca6853d82d634e5800528762f1059ab":"BillTo","7810c39d18ab3036a6419ebf92d5a0b5":"ShippingPoint","baeadddcd04b33a4bcec91dca1f88f27":"BillFrom","6e5f78df84953c199ee674f525ff2e46":"Supplier","b742accc3b323afcae3b7589db7772e2":"Party Type Custom Codelist","6666cd76f96936469e7be39d750cc7d9":"","28c7d8e15a99378996e23fb67bbe039c":"Vendor","2f62e6de056e31998b34ff7a7bf4767e":"Payer","4ac93c3e003e34a0ae8b68bd4eb48c05":"ShipTo","9955cce2085f31488d9c1183ee26a345":"SalesOrganization","09101792d7d4331088cd0e1481742165":"SoldTo"},"LifecycleInfo":{}}