{"Alias":"B2B-Simulation.Receiver","Name":"B2B-Simulation.Receiver","Description":"B2B-Simulation.Receiver","Direction":"Receiver","AdapterType":"Process_Direct","SecurityConfigurationMode":"","as2PartnerId":"","ConfigurationProperties":{"allAttributes":{"address":{"key":"","value":"tbd","isPersisted":true},"proxyType":{"key":"","value":"default","isPersisted":true},"locationID":{"key":"","isPersisted":false},"authentication":{"key":"","value":"None","isPersisted":true},"credentialName":{"key":"","value":"","isPersisted":true},"credentialNameOld":{"key":"","value":"","isPersisted":true}},"allTableAttributes":{},"name":{"key":"name","value":"","isPersisted":false}},"CommunicationLifeCycleStatus":{"Activated":false,"UpdateStatus":"NONE","ActivatedAt":0},"DocumentSchemaVersion":"1.0","administrativeData":{"createdAt":1721311419242,"createdBy":"jingwen.li01@sap.com","modifiedAt":1743591001228,"modifiedBy":"moussa.el.kakouchi@sap.com"},"ParentId":"4d79cc68ef0540dc9dd1dec9ea0c5160","ParentArtifactType":"SYSTEM_INSTANCE","searchableAttributes":{"Alias":["B2B-Simulation.Receiver"],"TENANT":["e30aab0a-9c29-40d4-a156-5e6dc245c28f"]},"artifactProperties":{},"relations":[],"ArtifactRelations":{},"artifactStatus":"Draft","id":"88ae6603360f4761a203354f716fb736","uniqueId":"88ae6603360f4761a203354f716fb736","artifactType":"COMMUNICATION_CHANNEL_TEMPLATE","displayName":"B2B-Simulation.Receiver","semanticVersion":"1.0"}