{"ArtifactMetadata":{"SchemaVersion":"1.0","ArtifactType":"MagVersionInfo"},"value":{"ObjectGUID":"2fb04221385143c89c25d09a2941e19c","MAGGUID":"ce833d89a7374a499e3d456b153c547f","ImportCorrelationObjectId":"2fb04221385143c89c25d09a2941e19c","ImportCorrelationGroupId":"ce833d89a7374a499e3d456b153c547f","VersionId":"1.0","Name":"03.) [Trading Partner Name] - SAP IDOC INVOIC.INVOIC02 -to- UN/EDIFACT D.93A INVOIC","Status":"Draft","SourceMig":{"ObjectGUID":"073c07275d6f4e95a2225474a0ecee24","MIGGUID":"5449ec81ca7543a19f95cd85651e8b65","ImportCorrelationObjectId":"073c07275d6f4e95a2225474a0ecee24","ImportCorrelationGroupId":"5449ec81ca7543a19f95cd85651e8b65","VersionId":"1.0","Name":"03.) [Company Name] - SAP IDOC INVOIC.INVOIC02 for Customer EDI - Source","Status":"Active","HasEnvelope":false,"MessageTemplate":{"TypeSystemId":"SAP_IDoc","TypeSystemDisplayId":"SAP S/4HANA On Premise IDoc","VersionId":"1809_FPS02","VersionDisplayId":"1809 FPS02","Revision":11,"Id":"INVOIC.INVOIC02","DisplayId":"INVOIC.INVOIC02","Name":"Invoice/Billing Document","IsCustomMessage":false},"AdministrativeData":{"CreatedBy":"tamaki.ogura@sap.com","CreatedOn":1717501541940,"ModifiedBy":"vishakha.deshmukh@sap.com","ModifiedOn":1728562938726}},"TargetMig":{"ObjectGUID":"4d03f405af7042d1b412195374b52750","MIGGUID":"f96b8074a90e42f1b4b196b90c911337","ImportCorrelationObjectId":"4d03f405af7042d1b412195374b52750","ImportCorrelationGroupId":"f96b8074a90e42f1b4b196b90c911337","VersionId":"1.0","Name":"03.) [Trading Partner Name] - UN/EDIFACT D.93A INVOIC - Target","Status":"Draft","HasEnvelope":false,"MessageTemplate":{"TypeSystemId":"UNEDIFACT","TypeSystemDisplayId":"UN/EDIFACT","VersionId":"D.93A S3","VersionDisplayId":"D.93A S3","Revision":1,"Id":"INVOIC","DisplayId":"INVOIC","Name":"Invoice message","IsCustomMessage":false},"AdministrativeData":{"CreatedBy":"jan.feyen@sap.com","CreatedOn":1722423650735,"ModifiedBy":"moussa.el.kakouchi@sap.com","ModifiedOn":1724164881576}},"AdministrativeData":{"CreatedBy":"vishakha.deshmukh@sap.com","CreatedOn":1722602707326,"ModifiedBy":"moussa.el.kakouchi@sap.com","ModifiedOn":1724424562299}}}