{"ArtifactMetadata":{"SchemaVersion":"1.0","ArtifactType":"MagVersionInfo"},"value":{"ObjectGUID":"a0648bb8e94242ed8436e0bb115bb826","MAGGUID":"09f120b3dabc45cf858d343fce94f03e","ImportCorrelationObjectId":"a0648bb8e94242ed8436e0bb115bb826","ImportCorrelationGroupId":"09f120b3dabc45cf858d343fce94f03e","VersionId":"1.0","Name":"01.a) [Trading Partner Name] - UN/EDIFACT D.93A ORDERS -to- SAP IDOC ORDERS.ORDERS05","Status":"Draft","SourceMig":{"ObjectGUID":"93a1e8ba31a34f9da2d40e5dff25597f","MIGGUID":"384be4c6e93544bbbb0ff503ee22dbab","ImportCorrelationObjectId":"93a1e8ba31a34f9da2d40e5dff25597f","ImportCorrelationGroupId":"384be4c6e93544bbbb0ff503ee22dbab","VersionId":"1.0","Name":"01.a) [Trading Partner Name]  - UN/EDIFACT D.93A ORDERS - Source","Status":"Draft","HasEnvelope":false,"MessageTemplate":{"TypeSystemId":"UNEDIFACT","TypeSystemDisplayId":"UN/EDIFACT","VersionId":"D.93A S3","VersionDisplayId":"D.93A S3","Revision":1,"Id":"ORDERS","DisplayId":"ORDERS","Name":"Purchase order message","IsCustomMessage":false},"AdministrativeData":{"CreatedBy":"tamaki.ogura@sap.com","CreatedOn":1722355990342,"ModifiedBy":"tamaki.ogura@sap.com","ModifiedOn":1724405911656}},"TargetMig":{"ObjectGUID":"d5419c57f50e48c5b50330d98f956631","MIGGUID":"a080d58a66c643b5af1b08333d839516","ImportCorrelationObjectId":"fe03c33414cf43ae824aa77862f8f345","ImportCorrelationGroupId":"7eace892ab9342109bf675d8c3c78d3f","VersionId":"1.0","Name":"01.a) [Company Name] - SAP IDOC ORDERS.ORDERS05 for Customer EDI - Target","Status":"Active","HasEnvelope":false,"MessageTemplate":{"TypeSystemId":"SAP_IDoc","TypeSystemDisplayId":"SAP S/4HANA On Premise IDoc","VersionId":"1809_FPS02","VersionDisplayId":"1809 FPS02","Revision":11,"Id":"ORDERS.ORDERS05","DisplayId":"ORDERS.ORDERS05","Name":"Purchase order / order","IsCustomMessage":false},"AdministrativeData":{"CreatedBy":"tamaki.ogura@sap.com","CreatedOn":1720697150655,"ModifiedBy":"tamaki.ogura@sap.com","ModifiedOn":1728559310399,"LastImportedOn":1720697150655,"LastImportedBy":"tamaki.ogura@sap.com"}},"AdministrativeData":{"CreatedBy":"tamaki.ogura@sap.com","CreatedOn":1722355853616,"ModifiedBy":"tamaki.ogura@sap.com","ModifiedOn":1724404952973}}}