{"Alias":"AS2 Receiver","Name":"AS2 Receiver","Direction":"Receiver","AdapterType":"AS2","SecurityConfigurationMode":"CHANNEL","as2PartnerId":"","ConfigurationProperties":{"allAttributes":{"receipientURL":{"key":"","value":"http://tbd","isPersisted":true},"proxyType":{"key":"","value":"default","isPersisted":true},"locationID":{"key":"","isPersisted":false},"authenticationType":{"key":"","value":"None","isPersisted":true},"userCredentialAlias":{"key":"","isPersisted":true},"privateKeyAlias":{"key":"","isPersisted":true},"fileName":{"key":"","value":"","isPersisted":true},"appendTimestamp":{"key":"","value":"0","isPersisted":true},"includeMillisecond":{"key":"","value":"0","isPersisted":true},"messageIDLeft":{"key":"","value":"","isPersisted":true},"messageIDRight":{"key":"","value":"","isPersisted":true},"ownAS2Name":{"key":"","value":"tbd","isPersisted":true},"partnerAS2Name":{"key":"","value":"tbd","isPersisted":true},"messageSubject":{"key":"","value":"tbd","isPersisted":true},"ownEmailAddress":{"key":"","value":"tbd","isPersisted":true},"contentType":{"key":"","value":"tbd","isPersisted":true},"messageEncoding":{"key":"","value":"binary","isPersisted":true},"doCompression":{"key":"","value":"0","isPersisted":true},"doSigning":{"key":"","value":"0","isPersisted":true},"signingAlgorithm":{"key":"","value":"SHA1","isPersisted":true},"privateKeyAliasForSigning":{"key":"","isPersisted":true},"doEncryption":{"key":"","value":"0","isPersisted":true},"encryptionAlgorithm":{"key":"","value":"DES3","isPersisted":true},"publicKeyAliasForEncryption":{"key":"","isPersisted":true},"keyLength":{"key":"","value":"128","isPersisted":true},"ExtraSection":{"key":"","value":"","isPersisted":false},"mdnType":{"key":"","value":"None","isPersisted":true},"requestMDNSigning":{"key":"","value":"0","isPersisted":true},"requestMDNSigningAlgorithm":{"key":"","value":"SHA1","isPersisted":true},"mdnTargetURL":{"key":"","value":"https://b2b-mapping-factory-dev-d6xaa3qy.integrationsuite-it-accd003.cfapps.eu12.hana.ondemand.com/as2/mdn/tpm/b2b/mdn","isPersisted":true},"verifyMDNSignature":{"key":"","value":"0","isPersisted":true},"publicKeyAliasForMDNVerification":{"key":"","isPersisted":true},"requestMIC":{"key":"","value":"0","isPersisted":true},"verifyMIC":{"key":"","value":"0","isPersisted":true},"failMessageOnNegativeMDN":{"key":"","value":"0","isPersisted":true}},"allTableAttributes":{},"name":{"key":"name","value":"","isPersisted":false}},"CommunicationLifeCycleStatus":{"Activated":false,"UpdateStatus":"NONE","ActivatedAt":0},"DocumentSchemaVersion":"1.0","administrativeData":{"createdAt":1749028401645,"createdBy":"tamaki.ogura@sap.com","modifiedAt":1749211734625,"modifiedBy":"moussa.el.kakouchi@sap.com"},"ParentId":"4d79cc68ef0540dc9dd1dec9ea0c5160","ParentArtifactType":"SYSTEM_INSTANCE","searchableAttributes":{"Alias":["AS2 Receiver"],"TENANT":["0276649a-0a57-4c1b-9235-3fa585ecc5df"]},"artifactProperties":{},"relations":[],"ArtifactRelations":{},"artifactStatus":"Draft","uniqueId":"33faf59f998d489e84dc435000959ad7","displayName":"AS2 Receiver","semanticVersion":"1.0","id":"33faf59f998d489e84dc435000959ad7","artifactType":"COMMUNICATION_CHANNEL_TEMPLATE"}