{"Alias":"IDOC Receiver","Name":"IDOC Receiver","Description":"IDOC Receiver","Direction":"Receiver","AdapterType":"IDOC","SecurityConfigurationMode":"","as2PartnerId":"","ConfigurationProperties":{"allAttributes":{"address":{"key":"","value":"tbd","isPersisted":true},"proxyType":{"key":"","value":"default","isPersisted":true},"locationID":{"key":"","isPersisted":false},"authentication":{"key":"","value":"None","isPersisted":true},"credentialName":{"key":"","value":"","isPersisted":true},"credentialNameOld":{"key":"","value":"","isPersisted":true}},"allTableAttributes":{},"name":{"key":"name","value":"","isPersisted":false}},"CommunicationLifeCycleStatus":{"Activated":false,"UpdateStatus":"NONE","ActivatedAt":0},"DocumentSchemaVersion":"1.0","administrativeData":{"createdAt":1722011949016,"createdBy":"gunther.stuhec@sap.com","modifiedAt":1749211734828,"modifiedBy":"moussa.el.kakouchi@sap.com"},"ParentId":"9e446f07ceb64f33bae5e11b66be71ac","ParentArtifactType":"SYSTEM_INSTANCE","searchableAttributes":{"Alias":["IDOC Receiver"],"TENANT":["0276649a-0a57-4c1b-9235-3fa585ecc5df"]},"artifactProperties":{},"relations":[],"ArtifactRelations":{},"artifactStatus":"Draft","uniqueId":"ed945c6d267c4e23a2b4b0015fdb2028","displayName":"IDOC Receiver","semanticVersion":"1.0","id":"7edcacd0feff4217b9865131c18bff9b","artifactType":"COMMUNICATION_CHANNEL_TEMPLATE"}