{"Alias":"IDOC Sender","Name":"IDOC Sender","Description":"IDOC Sender","Direction":"Sender","AdapterType":"IDOC","SecurityConfigurationMode":"CHANNEL","as2PartnerId":"","ConfigurationProperties":{"allAttributes":{},"allTableAttributes":{}},"CommunicationLifeCycleStatus":{"Activated":false,"UpdateStatus":"NONE","ActivatedAt":0},"DocumentSchemaVersion":"1.0","administrativeData":{"createdAt":1722011948880,"createdBy":"gunther.stuhec@sap.com","modifiedAt":1749211734423,"modifiedBy":"moussa.el.kakouchi@sap.com"},"ParentId":"9e446f07ceb64f33bae5e11b66be71ac","ParentArtifactType":"SYSTEM_INSTANCE","searchableAttributes":{"Alias":["IDOC Sender"],"TENANT":["0276649a-0a57-4c1b-9235-3fa585ecc5df"]},"artifactProperties":{},"relations":[],"ArtifactRelations":{},"artifactStatus":"Draft","uniqueId":"fcaf08e95a854d81938b50a6d3fb75a6","displayName":"IDOC Sender","semanticVersion":"1.0","id":"877cbbd5adcc43fd8a04cc324b9ba413","artifactType":"COMMUNICATION_CHANNEL_TEMPLATE"}