{"Alias":"AS2 Sender","Name":"AS2 Sender","Direction":"Sender","AdapterType":"AS2","SecurityConfigurationMode":"PROFILE","as2PartnerId":"test","ConfigurationProperties":{"allAttributes":{"AS2PartnerId":{"key":"","value":"test","isPersisted":true},"Alias":{"key":"","value":"test","isPersisted":true},"Signature":{"key":"","value":"NotRequired","isPersisted":true},"publicKeyAlias":{"key":"","isPersisted":true},"ExtraSection":{"key":"","value":"","isPersisted":false},"signatureEncoding":{"key":"","value":"binary","isPersisted":true},"mdnProxyType":{"key":"","value":"default","isPersisted":true},"mdnLocationID":{"key":"","value":"","isPersisted":false},"mdnAuthenticationType":{"key":"","value":"None","isPersisted":true},"mdnUserCredentialAlias":{"key":"","isPersisted":true}},"allTableAttributes":{},"name":{"key":"name","value":"","isPersisted":false}},"CommunicationLifeCycleStatus":{"Activated":false,"UpdateStatus":"NONE","ActivatedAt":0},"DocumentSchemaVersion":"1.0","administrativeData":{"createdAt":1749028401507,"createdBy":"tamaki.ogura@sap.com","modifiedAt":1749211734187,"modifiedBy":"moussa.el.kakouchi@sap.com"},"ParentId":"4d79cc68ef0540dc9dd1dec9ea0c5160","ParentArtifactType":"SYSTEM_INSTANCE","searchableAttributes":{"Alias":["AS2 Sender"],"AS2_PARTNER_ID":["test"],"TENANT":["0276649a-0a57-4c1b-9235-3fa585ecc5df"]},"artifactProperties":{},"relations":[],"ArtifactRelations":{},"artifactStatus":"Draft","uniqueId":"fe88a0dee6ee464095a0e81709a2223c","displayName":"AS2 Sender","semanticVersion":"1.0","id":"fe88a0dee6ee464095a0e81709a2223c","artifactType":"COMMUNICATION_CHANNEL_TEMPLATE"}