{"Name":"Sika Information Systems","ShortName":"Sika AG","WebURL":"","LogoId":"myCompany_logo","EmailAddress":"","PhoneNumber":"+ ","Profile":{"Address":{"CityName":"Zürich","CountryCode":"CH","CountrySubdivisionCode":"","HouseNumber":"16","POBox":"","POBoxPostalCode":"","StreetName":"Tüffenwies","StreetPostalCode":"8048"},"PartnerType":"TRADING_PARTNER","ContactPersonList":[{"ID":"4609a94d-17d0-478e-8969-217235ac7268","Alias":"Company - 3PL","FamilyName":"Last Name","GivenName":"First Name","IsPrimaryContact":false,"Role":"Manufacturer","Address":{"CountryCode":""},"IsNewVersion":true,"ContactChannels":[{"CommunicationNumber":"","InternationalCallingCode":"","IsPreferred":true,"TypeCode":"Email"},{"CommunicationNumber":"","InternationalCallingCode":"","IsPreferred":true,"TypeCode":"Telephone"}],"DocumentSchemaVersion":"1.0","artifactProperties":{},"relations":[],"ArtifactRelations":{},"artifactStatus":"Draft"},{"ID":"d07d8ccb-0f89-40b8-9a83-7d86887f8b76","Alias":"Company Contact","FamilyName":"Last Name","GivenName":"First Name","IsPrimaryContact":false,"Role":"Manufacturer","Address":{"CountryCode":""},"IsNewVersion":true,"ContactChannels":[{"CommunicationNumber":"Company@Company.com","InternationalCallingCode":"","IsPreferred":false,"TypeCode":"Email"},{"CommunicationNumber":"","InternationalCallingCode":"","IsPreferred":true,"TypeCode":"Telephone"}],"DocumentSchemaVersion":"1.0","artifactProperties":{},"relations":[],"ArtifactRelations":{},"artifactStatus":"Draft"}],"ContactChannel":[],"BusinessContext":{"BusinessProcess":{"BusinessProcessCodeList":["00036","00034"]},"BusinessProcessRole":{"BusinessProcessRoleCodeList":["SE"]},"IndustryClassification":{"IndustryClassificationCodeList":["I_AUTOM","I_RETAIL"]},"ProductClassification":{"ProductClassificationCodeList":["73100000"]},"GeoPolitical":{"CountryInfoList":[{"CountryCode":"CH","CountrySubdivisionCode":""}]}},"NumberRangeAssignments":[]},"DocumentSchemaVersion":"1.0","administrativeData":{"createdAt":1713791116247,"createdBy":"jingwen.li01@sap.com","modifiedAt":1762178769819,"modifiedBy":"mert.oezkan@sap.com"},"ParentId":"e30aab0a-9c29-40d4-a156-5e6dc245c28f","ParentArtifactType":"TENANT","searchableAttributes":{"TENANT":["e30aab0a-9c29-40d4-a156-5e6dc245c28f"]},"artifactProperties":{"webURL":"","shortName":"Sika AG","logoID":"myCompany_logo"},"relations":[],"ArtifactRelations":{},"artifactStatus":"Draft","uniqueId":"ed513843c7b84e168745c9b83f3c7b68","displayName":"Sika Information Systems","semanticVersion":"1.0","id":"myCompany","artifactType":"COMPANY"}