{"Name":"[Company Name]","ShortName":"[Company Name]","WebURL":"","LogoId":"","EmailAddress":"","PhoneNumber":"+ ","Profile":{"Address":{"CityName":"","CountryCode":"","CountrySubdivisionCode":"","HouseNumber":"","POBox":"","POBoxPostalCode":"","StreetName":"","StreetPostalCode":""},"PartnerType":"TRADING_PARTNER","ContactPersonList":[{"ID":"4609a94d-17d0-478e-8969-217235ac7268","Alias":"Company - 3PL","FamilyName":"Last Name","GivenName":"First Name","IsPrimaryContact":false,"Role":"Manufacturer","Address":{"CountryCode":""},"IsNewVersion":true,"ContactChannels":[{"CommunicationNumber":"","InternationalCallingCode":"","IsPreferred":true,"TypeCode":"Email"},{"CommunicationNumber":"","InternationalCallingCode":"","IsPreferred":true,"TypeCode":"Telephone"}],"DocumentSchemaVersion":"1.0","artifactProperties":{},"relations":[],"ArtifactRelations":{},"artifactStatus":"Draft"},{"ID":"d07d8ccb-0f89-40b8-9a83-7d86887f8b76","Alias":"Company Contact","FamilyName":"Last Name","GivenName":"First Name","IsPrimaryContact":false,"Role":"Manufacturer","Address":{"CountryCode":""},"IsNewVersion":true,"ContactChannels":[{"CommunicationNumber":"Company@Company.com","InternationalCallingCode":"","IsPreferred":false,"TypeCode":"Email"},{"CommunicationNumber":"","InternationalCallingCode":"","IsPreferred":true,"TypeCode":"Telephone"}],"DocumentSchemaVersion":"1.0","artifactProperties":{},"relations":[],"ArtifactRelations":{},"artifactStatus":"Draft"}],"ContactChannel":[],"BusinessContext":{"BusinessProcess":{"BusinessProcessCodeList":["00036","00034"]},"BusinessProcessRole":{"BusinessProcessRoleCodeList":["SE"]},"IndustryClassification":{"IndustryClassificationCodeList":["I_CP"]},"ProductClassification":{"ProductClassificationCodeList":["52000000"]},"GeoPolitical":{"CountryInfoList":[{"CountryCode":"NL","CountrySubdivisionCode":""}]}},"NumberRangeAssignments":[]},"DocumentSchemaVersion":"1.0","administrativeData":{"createdAt":1722011947848,"createdBy":"gunther.stuhec@sap.com","modifiedAt":1743774390322,"modifiedBy":"moussa.el.kakouchi@sap.com"},"ParentId":"0276649a-0a57-4c1b-9235-3fa585ecc5df","ParentArtifactType":"TENANT","searchableAttributes":{"TENANT":["0276649a-0a57-4c1b-9235-3fa585ecc5df"]},"artifactProperties":{"webURL":"","shortName":"[Company Name]","logoID":""},"relations":[],"ArtifactRelations":{},"artifactStatus":"Draft","id":"myCompany","uniqueId":"ed513843c7b84e168745c9b83f3c7b68","artifactType":"COMPANY","displayName":"[Company Name]","semanticVersion":"1.0"}