{"ArtifactMetadata":{"SchemaVersion":"1.4","ArtifactType":"MagDetail"},"Identification":{"ObjectGuid":"db468d756a6d443c916c96f241d8df65","MAGGUID":"a0866375037c473597cc4067279541ad","ImportCorrelationGroupId":"ad11bac7e1e046bb9a34c6d4a95a9344","ImportCorrelationObjectId":"1523bdee25ac4434a4a2061b51209ade","MAGVersion":"1.0","Customer":"fd071028502f5e5e1104606396090e5a"},"SourceBusinessContext":[{"contextType":"IndustryClassification","codeListId":"Industry","contextValues":[{"key":"I_CP","name":"Consumer Products"}]},{"contextType":"BusinessProcessRole","codeListId":"RoleCodelist","contextValues":[{"key":"SE","name":"Seller"}]},{"contextType":"BusinessProcess","codeListId":"CommonBusinessProcessCodelist","contextValues":[{"key":"00034","name":"Create Invoice"}]}],"TargetBusinessContext":[{"contextType":"IndustryClassification","codeListId":"Industry","contextValues":[{"key":"I_CP","name":"Consumer Products"}]},{"contextType":"BusinessProcessRole","codeListId":"RoleCodelist","contextValues":[{"key":"BY","name":"Buyer"}]},{"contextType":"BusinessProcess","codeListId":"CommonBusinessProcessCodelist","contextValues":[{"key":"00035","name":"Create Invoice"}]}],"Status":"Active","SourceMig":{"ObjectGUID":"4001c5205b404f40ad084d10a23e9765","TypeSystemId":"Customer_TS_IDOC"},"TargetMig":{"ObjectGUID":"aa5e1f4a2aba40f2884a7eeeceaa1b29","TypeSystemId":"ASC_X12"},"DomainMappingElementsWithTransformation":[{"DomainMappingElement":{"SourceDomainSet":[],"TargetDomainSet":[{"DomainGuid":"6bbfa791aa3b386f882acb1fad41b92c","Position":1}],"Documentation":{"NumberOfNotes":0,"Notes":[]}},"Transformation":{"Function":{"FunctionGuid":"00000000000000000000000000000002","FunctionParameters":[{"PositionInParameterList":1,"Direction":"IN","Type":"STRING","Name":"value"},{"PositionInParameterList":2,"Direction":"OUT","Type":"NODE_LIST","Name":"nodes_out_1"}],"FunctionImplementations":[{"SourceCode":"\u003cxsl:value-of select\u003d\"$nodes_in/value\"/\u003e","FunctionImplementationLanguage":{"Name":"XSLT","Version":"2.0"}}],"isReference":false},"ParameterAssignments":[{"PositionInParameterList":1,"PositionInParameter":1,"Value":"810"},{"PositionInParameterList":2,"PositionInParameter":1,"PositionInDomainSet":1}]},"Confidential":false},{"DomainMappingElement":{"SourceDomainSet":[],"TargetDomainSet":[{"DomainGuid":"ae79f528d24a3479a4f302e998c0b409","AlternativeDomainGuid":"10ccb1628b6435a78e28f8e9698d55c6","Position":1}],"Documentation":{"NumberOfNotes":0,"Notes":[]}},"Transformation":{"Function":{"FunctionGuid":"00000000000000000000000000000002","FunctionParameters":[{"PositionInParameterList":1,"Direction":"IN","Type":"STRING","Name":"value"},{"PositionInParameterList":2,"Direction":"OUT","Type":"NODE_LIST","Name":"nodes_out_1"}],"FunctionImplementations":[{"SourceCode":"\u003cxsl:value-of select\u003d\"$nodes_in/value\"/\u003e","FunctionImplementationLanguage":{"Name":"XSLT","Version":"2.0"}}],"isReference":false},"ParameterAssignments":[{"PositionInParameterList":1,"PositionInParameter":1,"Value":"BT"},{"PositionInParameterList":2,"PositionInParameter":1,"PositionInDomainSet":1}]},"Confidential":false},{"DomainMappingElement":{"SourceDomainSet":[],"TargetDomainSet":[{"DomainGuid":"10e8ed8df1f5318bb4dfcbe8cefa8da4","AlternativeDomainGuid":"ce70b2e931b943668cf1f2f765719fa0","Position":1}],"Documentation":{"NumberOfNotes":0,"Notes":[]}},"Transformation":{"Function":{"FunctionGuid":"00000000000000000000000000000002","FunctionParameters":[{"PositionInParameterList":1,"Direction":"IN","Type":"STRING","Name":"value"},{"PositionInParameterList":2,"Direction":"OUT","Type":"NODE_LIST","Name":"nodes_out_1"}],"FunctionImplementations":[{"SourceCode":"\u003cxsl:value-of select\u003d\"$nodes_in/value\"/\u003e","FunctionImplementationLanguage":{"Name":"XSLT","Version":"2.0"}}],"isReference":false},"ParameterAssignments":[{"PositionInParameterList":1,"PositionInParameter":1,"Value":"ST"},{"PositionInParameterList":2,"PositionInParameter":1,"PositionInDomainSet":1}]},"Confidential":false},{"DomainMappingElement":{"SourceDomainSet":[],"TargetDomainSet":[{"DomainGuid":"ba7f0763155b36d580dd79404c8d07f1","AlternativeDomainGuid":"f269e07f481e40b49c4867f9338221e1","Position":1}],"Documentation":{"NumberOfNotes":0,"Notes":[]}},"Transformation":{"Function":{"FunctionGuid":"00000000000000000000000000000002","FunctionParameters":[{"PositionInParameterList":1,"Direction":"IN","Type":"STRING","Name":"value"},{"PositionInParameterList":2,"Direction":"OUT","Type":"NODE_LIST","Name":"nodes_out_1"}],"FunctionImplementations":[{"SourceCode":"\u003cxsl:value-of select\u003d\"$nodes_in/value\"/\u003e","FunctionImplementationLanguage":{"Name":"XSLT","Version":"2.0"}}],"isReference":false},"ParameterAssignments":[{"PositionInParameterList":1,"PositionInParameter":1,"Value":"15"},{"PositionInParameterList":2,"PositionInParameter":1,"PositionInDomainSet":1}]},"Confidential":false},{"DomainMappingElement":{"SourceDomainSet":[],"TargetDomainSet":[{"DomainGuid":"e19fdb2239b7386b91287c6223c90bd3","AlternativeDomainGuid":"6c983d447c2b3b758a63d0c42ee30ea6","Position":1}],"Documentation":{"NumberOfNotes":0,"Notes":[]}},"Transformation":{"Function":{"FunctionGuid":"00000000000000000000000000000002","FunctionParameters":[{"PositionInParameterList":1,"Direction":"IN","Type":"STRING","Name":"value"},{"PositionInParameterList":2,"Direction":"OUT","Type":"NODE_LIST","Name":"nodes_out_1"}],"FunctionImplementations":[{"SourceCode":"\u003cxsl:value-of select\u003d\"$nodes_in/value\"/\u003e","FunctionImplementationLanguage":{"Name":"XSLT","Version":"2.0"}}],"isReference":false},"ParameterAssignments":[{"PositionInParameterList":1,"PositionInParameter":1,"Value":"RI"},{"PositionInParameterList":2,"PositionInParameter":1,"PositionInDomainSet":1}]},"Confidential":false},{"DomainMappingElement":{"SourceDomainSet":[{"DomainGuid":"5b34e2c5905438fa8793f898fc956cf8","Position":1}],"TargetDomainSet":[{"DomainGuid":"7f16a7f5087c3e248803a1c800dbe4a6","Position":1}],"Documentation":{"NumberOfNotes":0,"Notes":[]}},"Confidential":false},{"DomainMappingElement":{"SourceDomainSet":[{"DomainGuid":"c99369bbbbd336df8379adfe67b892c1","Position":1}],"TargetDomainSet":[{"DomainGuid":"d03535c271c834fc87e23af3f9839c63","Position":1}],"Documentation":{"NumberOfNotes":0,"Notes":[]}},"Confidential":false},{"DomainMappingElement":{"SourceDomainSet":[{"DomainGuid":"346f6bf590313c92a001f53537d3afc2","Position":1}],"TargetDomainSet":[{"DomainGuid":"6b643fd49ad93f5392c07a3206bba792","Position":1}],"Documentation":{"NumberOfNotes":0,"Notes":[]}},"Confidential":false},{"DomainMappingElement":{"SourceDomainSet":[{"DomainGuid":"15e7c9410e04334fab59cdea0e2f6a9e","Position":1}],"TargetDomainSet":[{"DomainGuid":"0e4c437973623fbcb226cce036b7becd","AlternativeDomainGuid":"2a4c2cb89f853fd0a4047bebeee6c96b","Position":1}],"Documentation":{}},"Confidential":false},{"DomainMappingElement":{"SourceDomainSet":[{"CodelistPosition":1,"DomainGuid":"9de027e666943792b1e3c3211636277e","Position":1}],"TargetDomainSet":[{"DomainGuid":"3b1bec4f4a323774bcd1b80c0d9cdf9b","AlternativeDomainGuid":"aec382d50caf37c4ac3a6bc4ec3c8eb8","Position":1}],"Documentation":{}},"Confidential":false},{"DomainMappingElement":{"SourceDomainSet":[{"DomainGuid":"dd05728b040a388b84f943f535523da8","AlternativeDomainGuid":"31ec3e396aa14279a4911c2742bcf030","Position":1}],"TargetDomainSet":[{"DomainGuid":"b37a9cd618f93cbb8a89bf80a0b48fa2","AlternativeDomainGuid":"475f850b56f8407fbb190fc8741ac3ed","Position":1}],"Documentation":{}},"Confidential":false},{"DomainMappingElement":{"SourceDomainSet":[{"DomainGuid":"4ca551a17003352f986f2b006f7ec890","AlternativeDomainGuid":"546b33da84ad4f8488c2f97c60990d21","Position":1}],"TargetDomainSet":[{"DomainGuid":"cc57678083df3a08ac8e01dbf3a644c2","AlternativeDomainGuid":"cf399168bb3e42149ce0a2ae0ceac04f","Position":1}],"Documentation":{}},"Transformation":{"Function":{"FunctionGuid":"00000000000000000000000000000001","FunctionParameters":[{"PositionInParameterList":1,"Direction":"IN","Type":"NODE_LIST","Name":"NAME1"},{"PositionInParameterList":2,"Direction":"OUT","Type":"NODE_LIST","Name":"nodes_out_1"}],"FunctionImplementations":[{"SourceCode":"\u003cxsl:sequence select\u003d\"$nodes_in/*\"/\u003e","FunctionImplementationLanguage":{"Name":"XSLT","Version":"2.0"}}],"isReference":false},"ParameterAssignments":[{"PositionInParameterList":1,"PositionInParameter":1,"PositionInDomainSet":1},{"PositionInParameterList":2,"PositionInParameter":1,"PositionInDomainSet":1}]},"Confidential":false},{"DomainMappingElement":{"SourceDomainSet":[{"DomainGuid":"426b92be55c332499eb1654e9e53e4b8","AlternativeDomainGuid":"5994037fd1074dfbbbd1944d027db1b8","Position":1}],"TargetDomainSet":[{"DomainGuid":"c682211fd9e43de6bb98cd49dc00984e","AlternativeDomainGuid":"c4798a2f917846e3aa184a50814a3d7c","Position":1}],"Documentation":{}},"Transformation":{"Function":{"FunctionGuid":"00000000000000000000000000000001","FunctionParameters":[{"PositionInParameterList":1,"Direction":"IN","Type":"NODE_LIST","Name":"LIFNR"},{"PositionInParameterList":2,"Direction":"OUT","Type":"NODE_LIST","Name":"nodes_out_1"}],"FunctionImplementations":[{"SourceCode":"\u003cxsl:sequence select\u003d\"$nodes_in/*\"/\u003e","FunctionImplementationLanguage":{"Name":"XSLT","Version":"2.0"}}],"isReference":false},"ParameterAssignments":[{"PositionInParameterList":1,"PositionInParameter":1,"PositionInDomainSet":1},{"PositionInParameterList":2,"PositionInParameter":1,"PositionInDomainSet":1}]},"Confidential":false},{"DomainMappingElement":{"SourceDomainSet":[{"DomainGuid":"676bc58ef16b3cb7ae07a24360ea0011","AlternativeDomainGuid":"d4b6a7a3f0eb4a0f9aac341b145b70bb","Position":1}],"TargetDomainSet":[{"DomainGuid":"3ebb1781eb5634f889343faa8a35e251","AlternativeDomainGuid":"93715315d2d4316c9889813cd3f222c5","Position":1}],"Documentation":{}},"Confidential":false},{"DomainMappingElement":{"SourceDomainSet":[{"DomainGuid":"c8005b24cbc434e7960fff57e5ab138a","AlternativeDomainGuid":"73652bad41634e718263497e2583c32d","Position":1}],"TargetDomainSet":[{"DomainGuid":"029b14f12ca6390e8ee4623e1697b9f1","AlternativeDomainGuid":"68ef099993133db2be17222cc80a4240","Position":1}],"Documentation":{}},"Transformation":{"Function":{"FunctionGuid":"00000000000000000000000000000001","FunctionParameters":[{"PositionInParameterList":1,"Direction":"IN","Type":"NODE_LIST","Name":"NAME1"},{"PositionInParameterList":2,"Direction":"OUT","Type":"NODE_LIST","Name":"nodes_out_1"}],"FunctionImplementations":[{"SourceCode":"\u003cxsl:sequence select\u003d\"$nodes_in/*\"/\u003e","FunctionImplementationLanguage":{"Name":"XSLT","Version":"2.0"}}],"isReference":false},"ParameterAssignments":[{"PositionInParameterList":1,"PositionInParameter":1,"PositionInDomainSet":1},{"PositionInParameterList":2,"PositionInParameter":1,"PositionInDomainSet":1}]},"Confidential":false},{"DomainMappingElement":{"SourceDomainSet":[{"DomainGuid":"c99369bbbbd336df8379adfe67b892c1","Position":1}],"TargetDomainSet":[{"DomainGuid":"542a4f29496130eea6d01423aabe0015","Position":1}],"Documentation":{}},"Confidential":false},{"DomainMappingElement":{"SourceDomainSet":[],"TargetDomainSet":[{"DomainGuid":"7376e41ba03832dca0b8ad94ba927fe9","Position":1}],"Documentation":{}},"Transformation":{"Function":{"FunctionGuid":"00000000000000000000000000000002","FunctionParameters":[{"PositionInParameterList":1,"Direction":"IN","Type":"STRING","Name":"value"},{"PositionInParameterList":2,"Direction":"OUT","Type":"NODE_LIST","Name":"nodes_out_1"}],"FunctionImplementations":[{"SourceCode":"\u003cxsl:value-of select\u003d\"$nodes_in/value\"/\u003e","FunctionImplementationLanguage":{"Name":"XSLT","Version":"2.0"}}],"isReference":false},"ParameterAssignments":[{"PositionInParameterList":1,"PositionInParameter":1,"Value":"$B2B_SEG_COUNTER"},{"PositionInParameterList":2,"PositionInParameter":1,"PositionInDomainSet":1}]},"Confidential":false},{"DomainMappingElement":{"SourceDomainSet":[{"DomainGuid":"970b806115153bad9759b7863cc68236","Position":1}],"TargetDomainSet":[{"DomainGuid":"dd0a2ff597e0321b83b23130ea04bd9a","Position":1}],"Documentation":{}},"Transformation":{"Function":{"FunctionGuid":"dd0ab83c477c47b094e3ff6421266327","FunctionParameters":[{"PositionInParameterList":1,"Direction":"IN","Type":"NODE_LIST","Name":"MENGE"},{"PositionInParameterList":2,"Direction":"OUT","Type":"NODE_LIST","Name":"nodes_out_1"}],"FunctionImplementations":[{"SourceCode":"\u003cxsl:sequence select\u003d\"format-number($nodes_in/*[1], \u0027#\u0027)\"/\u003e","FunctionImplementationLanguage":{"Name":"XSLT","Version":"2.0"}}],"isReference":false},"ParameterAssignments":[{"PositionInParameterList":1,"PositionInParameter":1,"PositionInDomainSet":1},{"PositionInParameterList":2,"PositionInParameter":1,"PositionInDomainSet":1}]},"Confidential":false},{"DomainMappingElement":{"SourceDomainSet":[{"DomainGuid":"3d76673cfebe379286168e1a9a337f75","Position":1}],"TargetDomainSet":[{"DomainGuid":"39a80a4201613faaba2f1e14da4cdd91","Position":1}],"Documentation":{}},"Transformation":{"Function":{"FunctionGuid":"00000000000000000000000000000001","FunctionParameters":[{"PositionInParameterList":1,"Direction":"IN","Type":"NODE_LIST","Name":"MENEE"},{"PositionInParameterList":2,"Direction":"OUT","Type":"NODE_LIST","Name":"nodes_out_1"}],"FunctionImplementations":[{"SourceCode":"\u003cxsl:sequence select\u003d\"$nodes_in/*\"/\u003e","FunctionImplementationLanguage":{"Name":"XSLT","Version":"2.0"}}],"isReference":false},"ParameterAssignments":[{"PositionInParameterList":1,"PositionInParameter":1,"PositionInDomainSet":1},{"PositionInParameterList":2,"PositionInParameter":1,"PositionInDomainSet":1}]},"Confidential":false},{"DomainMappingElement":{"SourceDomainSet":[],"TargetDomainSet":[{"DomainGuid":"53341a27437c3ac4975aa773dd686330","Position":1}],"Documentation":{}},"Transformation":{"Function":{"FunctionGuid":"00000000000000000000000000000002","FunctionParameters":[{"PositionInParameterList":1,"Direction":"IN","Type":"STRING","Name":"value"},{"PositionInParameterList":2,"Direction":"OUT","Type":"NODE_LIST","Name":"nodes_out_1"}],"FunctionImplementations":[{"SourceCode":"\u003cxsl:value-of select\u003d\"$nodes_in/value\"/\u003e","FunctionImplementationLanguage":{"Name":"XSLT","Version":"2.0"}}],"isReference":false},"ParameterAssignments":[{"PositionInParameterList":1,"PositionInParameter":1,"Value":"BP"},{"PositionInParameterList":2,"PositionInParameter":1,"PositionInDomainSet":1}]},"Confidential":false},{"DomainMappingElement":{"SourceDomainSet":[],"TargetDomainSet":[{"DomainGuid":"4d426a0c43383057ab97a5e26ed80197","Position":1}],"Documentation":{}},"Transformation":{"Function":{"FunctionGuid":"00000000000000000000000000000002","FunctionParameters":[{"PositionInParameterList":1,"Direction":"IN","Type":"STRING","Name":"value"},{"PositionInParameterList":2,"Direction":"OUT","Type":"NODE_LIST","Name":"nodes_out_1"}],"FunctionImplementations":[{"SourceCode":"\u003cxsl:value-of select\u003d\"$nodes_in/value\"/\u003e","FunctionImplementationLanguage":{"Name":"XSLT","Version":"2.0"}}],"isReference":false},"ParameterAssignments":[{"PositionInParameterList":1,"PositionInParameter":1,"Value":"PE"},{"PositionInParameterList":2,"PositionInParameter":1,"PositionInDomainSet":1}]},"Confidential":false},{"DomainMappingElement":{"SourceDomainSet":[{"DomainGuid":"d03cebc882553727916efd02045319e0","AlternativeDomainGuid":"7360f8ed16e648899e6b78db6274348d","Position":1}],"TargetDomainSet":[{"DomainGuid":"ba93ba6ac48239df8c963f78c18f45ba","AlternativeDomainGuid":"7f2bb9a9a7373cc4908dae2a4a0749a5","Position":1}],"Documentation":{}},"Transformation":{"Function":{"FunctionGuid":"00000000000000000000000000000001","FunctionParameters":[{"PositionInParameterList":1,"Direction":"IN","Type":"NODE_LIST","Name":"IDTNR"},{"PositionInParameterList":2,"Direction":"OUT","Type":"NODE_LIST","Name":"nodes_out_1"}],"FunctionImplementations":[{"SourceCode":"\u003cxsl:sequence select\u003d\"$nodes_in/*\"/\u003e","FunctionImplementationLanguage":{"Name":"XSLT","Version":"2.0"}}],"isReference":false},"ParameterAssignments":[{"PositionInParameterList":1,"PositionInParameter":1,"PositionInDomainSet":1},{"PositionInParameterList":2,"PositionInParameter":1,"PositionInDomainSet":1}]},"Confidential":false},{"DomainMappingElement":{"SourceDomainSet":[],"TargetDomainSet":[{"DomainGuid":"d6df77b2a718396190046a1eb84ad208","Position":1}],"Documentation":{}},"Transformation":{"Function":{"FunctionGuid":"00000000000000000000000000000002","FunctionParameters":[{"PositionInParameterList":1,"Direction":"IN","Type":"STRING","Name":"value"},{"PositionInParameterList":2,"Direction":"OUT","Type":"NODE_LIST","Name":"nodes_out_1"}],"FunctionImplementations":[{"SourceCode":"\u003cxsl:value-of select\u003d\"$nodes_in/value\"/\u003e","FunctionImplementationLanguage":{"Name":"XSLT","Version":"2.0"}}],"isReference":false},"ParameterAssignments":[{"PositionInParameterList":1,"PositionInParameter":1,"Value":"PO"},{"PositionInParameterList":2,"PositionInParameter":1,"PositionInDomainSet":1}]},"Confidential":false},{"DomainMappingElement":{"SourceDomainSet":[{"DomainGuid":"052501f12db631d58d748b21fcb5077f","AlternativeDomainGuid":"f0d4a7a2d14c35b19003ec8515163ba6","Position":1}],"TargetDomainSet":[{"DomainGuid":"1fe5bd6979af31ce98338f275d29c962","AlternativeDomainGuid":"7b7af547b5ec3fd99822b74e30bf3973","Position":1}],"Documentation":{}},"Transformation":{"Function":{"FunctionGuid":"00000000000000000000000000000001","FunctionParameters":[{"PositionInParameterList":1,"Direction":"IN","Type":"NODE_LIST","Name":"BELNR"},{"PositionInParameterList":2,"Direction":"OUT","Type":"NODE_LIST","Name":"nodes_out_1"}],"FunctionImplementations":[{"SourceCode":"\u003cxsl:sequence select\u003d\"$nodes_in/*\"/\u003e","FunctionImplementationLanguage":{"Name":"XSLT","Version":"2.0"}}],"isReference":false},"ParameterAssignments":[{"PositionInParameterList":1,"PositionInParameter":1,"PositionInDomainSet":1},{"PositionInParameterList":2,"PositionInParameter":1,"PositionInDomainSet":1}]},"Confidential":false},{"DomainMappingElement":{"SourceDomainSet":[{"DomainGuid":"27eeda66c4e231308c9acabbe5dcfab0","AlternativeDomainGuid":"974f402f7fd132398333b9db88aece5d","Position":1}],"TargetDomainSet":[{"DomainGuid":"2d617de6bf6e33ad9f92c4d25a999d44","Position":1}],"Documentation":{}},"Transformation":{"Function":{"FunctionGuid":"00000000000000000000000000000001","FunctionParameters":[{"PositionInParameterList":1,"Direction":"IN","Type":"NODE_LIST","Name":"ZEILE"},{"PositionInParameterList":2,"Direction":"OUT","Type":"NODE_LIST","Name":"nodes_out_1"}],"FunctionImplementations":[{"SourceCode":"\u003cxsl:sequence select\u003d\"$nodes_in/*\"/\u003e","FunctionImplementationLanguage":{"Name":"XSLT","Version":"2.0"}}],"isReference":false},"ParameterAssignments":[{"PositionInParameterList":1,"PositionInParameter":1,"PositionInDomainSet":1},{"PositionInParameterList":2,"PositionInParameter":1,"PositionInDomainSet":1}]},"Confidential":false},{"DomainMappingElement":{"SourceDomainSet":[{"DomainGuid":"15e7c9410e04334fab59cdea0e2f6a9e","Position":1}],"TargetDomainSet":[{"DomainGuid":"7c08a84839cb33aaaf9157aa33f734ce","Position":1}],"Documentation":{}},"Confidential":false},{"DomainMappingElement":{"SourceDomainSet":[{"DomainGuid":"868dd1110d44388595c6511a2e9c3aa7","Position":1}],"TargetDomainSet":[{"DomainGuid":"78b0a0024d613496b22db41cb183a5b3","Position":1}],"Documentation":{}},"Transformation":{"Function":{"FunctionGuid":"00000000000000000000000000000001","FunctionParameters":[{"PositionInParameterList":1,"Direction":"IN","Type":"NODE_LIST","Name":"BELNR"},{"PositionInParameterList":2,"Direction":"OUT","Type":"NODE_LIST","Name":"nodes_out_1"}],"FunctionImplementations":[{"SourceCode":"\u003cxsl:sequence select\u003d\"$nodes_in/*\"/\u003e","FunctionImplementationLanguage":{"Name":"XSLT","Version":"2.0"}}],"isReference":false},"ParameterAssignments":[{"PositionInParameterList":1,"PositionInParameter":1,"PositionInDomainSet":1},{"PositionInParameterList":2,"PositionInParameter":1,"PositionInDomainSet":1}]},"Confidential":false},{"DomainMappingElement":{"SourceDomainSet":[{"DomainGuid":"9d4ba272256b3a10a744780c0e3888c6","AlternativeDomainGuid":"482f4e1e54e748588195d100727771b6","Position":1}],"TargetDomainSet":[{"DomainGuid":"bdaf4fb9c73033528c351da970a038c6","Position":1}],"Documentation":{}},"Confidential":false},{"DomainMappingElement":{"SourceDomainSet":[{"DomainGuid":"f5f8b0a844e3363090a2dec201bfb67a","AlternativeDomainGuid":"2c5590fcaab543698a902f6c38ec4c6b","Position":1}],"TargetDomainSet":[{"DomainGuid":"611188446ae93dd7ba3f4ef29eac6b75","Position":1}],"Documentation":{}},"Transformation":{"Function":{"FunctionGuid":"fef89c43c1494fee885075f42fd9ea9c","FunctionParameters":[{"PositionInParameterList":1,"Direction":"IN","Type":"NODE_LIST","Name":"SUMME"},{"PositionInParameterList":2,"Direction":"OUT","Type":"NODE_LIST","Name":"nodes_out_1"}],"FunctionImplementations":[{"SourceCode":"\u003cxsl:sequence select\u003d\"translate($nodes_in/*, \u0027.\u0027, \u0027\u0027)\"/\u003e","FunctionImplementationLanguage":{"Name":"XSLT","Version":"2.0"}}],"isReference":false},"ParameterAssignments":[{"PositionInParameterList":1,"PositionInParameter":1,"PositionInDomainSet":1},{"PositionInParameterList":2,"PositionInParameter":1,"PositionInDomainSet":1}]},"Confidential":false},{"DomainMappingElement":{"SourceDomainSet":[{"DomainGuid":"d251a483c60a30f3af0eb3f7dc327618","AlternativeDomainGuid":"d8ffc874fd1b343c98e1cb4d578c85b7","Position":1}],"TargetDomainSet":[{"DomainGuid":"3543e8fa123739a8ab76cfd95ff3c3a5","Position":1}],"Documentation":{}},"Confidential":false},{"DomainMappingElement":{"SourceDomainSet":[{"Roles":["Trigger"],"DomainGuid":"346f6bf590313c92a001f53537d3afc2","Position":1}],"TargetDomainSet":[{"DomainGuid":"a3064b31c7293332b3ff862baff499a3","Position":1}],"Documentation":{}},"Transformation":{"Function":{"FunctionGuid":"97659f05e9ef4e02867cf6eb60f96103","FunctionParameters":[{"PositionInParameterList":1,"Direction":"IN","Type":"NODE_LIST","Name":"E1EDP01"},{"PositionInParameterList":2,"Direction":"OUT","Type":"NODE_LIST","Name":"nodes_out_1"}],"FunctionImplementations":[{"SourceCode":"\u003cxsl:sequence select\u003d\"count($nodes_in/*)\"/\u003e","FunctionImplementationLanguage":{"Name":"XSLT","Version":"2.0"}}],"isReference":false},"ParameterAssignments":[{"PositionInParameterList":1,"PositionInParameter":1,"PositionInDomainSet":1},{"PositionInParameterList":2,"PositionInParameter":1,"PositionInDomainSet":1}]},"Confidential":false},{"DomainMappingElement":{"SourceDomainSet":[{"DomainGuid":"a30e532de917335c99061997a4ca1f6d","AlternativeDomainGuid":"290f876dc63a4ce6afe09bf836ea6241","Position":1}],"TargetDomainSet":[{"DomainGuid":"37862375462e373aaa97cf97472f8ed3","Position":1}],"Documentation":{}},"Transformation":{"Function":{"FunctionGuid":"00000000000000000000000000000001","FunctionParameters":[{"PositionInParameterList":1,"Direction":"IN","Type":"NODE_LIST","Name":"BELNR"},{"PositionInParameterList":2,"Direction":"OUT","Type":"NODE_LIST","Name":"nodes_out_1"}],"FunctionImplementations":[{"SourceCode":"\u003cxsl:sequence select\u003d\"$nodes_in/*\"/\u003e","FunctionImplementationLanguage":{"Name":"XSLT","Version":"2.0"}}],"isReference":false},"ParameterAssignments":[{"PositionInParameterList":1,"PositionInParameter":1,"PositionInDomainSet":1},{"PositionInParameterList":2,"PositionInParameter":1,"PositionInDomainSet":1}]},"Confidential":false},{"DomainMappingElement":{"SourceDomainSet":[{"DomainGuid":"9f9d5bf897bd3ca3bde10405b5d79b39","AlternativeDomainGuid":"7c4f5b884ed83a03982fd40a6e823681","Position":1}],"TargetDomainSet":[{"DomainGuid":"1185b33f46d83252955a3b32211ef913","Position":1}],"Documentation":{}},"Transformation":{"Function":{"FunctionGuid":"00000000000000000000000000000001","FunctionParameters":[{"PositionInParameterList":1,"Direction":"IN","Type":"NODE_LIST","Name":"DATUM"},{"PositionInParameterList":2,"Direction":"OUT","Type":"NODE_LIST","Name":"nodes_out_1"}],"FunctionImplementations":[{"SourceCode":"\u003cxsl:sequence select\u003d\"$nodes_in/*\"/\u003e","FunctionImplementationLanguage":{"Name":"XSLT","Version":"2.0"}}],"isReference":false},"ParameterAssignments":[{"PositionInParameterList":1,"PositionInParameter":1,"PositionInDomainSet":1},{"PositionInParameterList":2,"PositionInParameter":1,"PositionInDomainSet":1}]},"Confidential":false},{"DomainMappingElement":{"SourceDomainSet":[{"DomainGuid":"970b806115153bad9759b7863cc68236","Position":1}],"TargetDomainSet":[{"DomainGuid":"b6d7c2de5593315fa69a588991a83281","Position":1}],"Documentation":{}},"Transformation":{"Function":{"FunctionGuid":"6ee90ac09dd44560a9070c58d186d138","FunctionParameters":[{"PositionInParameterList":1,"Direction":"IN","Type":"NODE_LIST","Name":"MENGE"},{"PositionInParameterList":2,"Direction":"OUT","Type":"NODE_LIST","Name":"nodes_out_1"}],"FunctionImplementations":[{"SourceCode":"\u003cxsl:sequence select\u003d\"sum($nodes_in/*)\"/\u003e","FunctionImplementationLanguage":{"Name":"XSLT","Version":"2.0"}}],"isReference":false},"ParameterAssignments":[{"PositionInParameterList":1,"PositionInParameter":1,"PositionInDomainSet":1},{"PositionInParameterList":2,"PositionInParameter":1,"PositionInDomainSet":1}]},"Confidential":false},{"DomainMappingElement":{"SourceDomainSet":[{"DomainGuid":"31f9be4a9156356d80d85ea0f5b3da59","AlternativeDomainGuid":"122985cd827f4fa99317ebb4817b2154","Position":1}],"TargetDomainSet":[{"DomainGuid":"7e16e2d54a0f393da3c83e5f0c7ff125","AlternativeDomainGuid":"3e2de4d44c474148bd835c2991ee0249","Position":1}],"Documentation":{}},"Transformation":{"Function":{"FunctionGuid":"00000000000000000000000000000001","FunctionParameters":[{"PositionInParameterList":1,"Direction":"IN","Type":"NODE_LIST","Name":"ORT01"},{"PositionInParameterList":2,"Direction":"OUT","Type":"NODE_LIST","Name":"nodes_out_1"}],"FunctionImplementations":[{"SourceCode":"\u003cxsl:sequence select\u003d\"$nodes_in/*\"/\u003e","FunctionImplementationLanguage":{"Name":"XSLT","Version":"2.0"}}],"isReference":false},"ParameterAssignments":[{"PositionInParameterList":1,"PositionInParameter":1,"PositionInDomainSet":1},{"PositionInParameterList":2,"PositionInParameter":1,"PositionInDomainSet":1}]},"Confidential":false},{"DomainMappingElement":{"SourceDomainSet":[{"DomainGuid":"c660adbf22e6330391b2372ac251b2bf","AlternativeDomainGuid":"db7d5eabe0064ea69620ec062d255ed2","Position":1}],"TargetDomainSet":[{"DomainGuid":"7735f490371930fa8a720f561da8a34b","AlternativeDomainGuid":"62d870f877c54644a52803333e41557c","Position":1}],"Documentation":{}},"Transformation":{"Function":{"FunctionGuid":"00000000000000000000000000000001","FunctionParameters":[{"PositionInParameterList":1,"Direction":"IN","Type":"NODE_LIST","Name":"PSTLZ"},{"PositionInParameterList":2,"Direction":"OUT","Type":"NODE_LIST","Name":"nodes_out_1"}],"FunctionImplementations":[{"SourceCode":"\u003cxsl:sequence select\u003d\"$nodes_in/*\"/\u003e","FunctionImplementationLanguage":{"Name":"XSLT","Version":"2.0"}}],"isReference":false},"ParameterAssignments":[{"PositionInParameterList":1,"PositionInParameter":1,"PositionInDomainSet":1},{"PositionInParameterList":2,"PositionInParameter":1,"PositionInDomainSet":1}]},"Confidential":false},{"DomainMappingElement":{"SourceDomainSet":[{"DomainGuid":"5b316e52f77a3692a3a084e4d15afc09","AlternativeDomainGuid":"3412fd0fd73e48cfa5cf717fce844168","Position":1}],"TargetDomainSet":[{"DomainGuid":"8f9adcbfd74a344e9dc0819230e37d64","AlternativeDomainGuid":"9be4ef925dfc425a9695433b50c79334","Position":1}],"Documentation":{}},"Transformation":{"Function":{"FunctionGuid":"00000000000000000000000000000001","FunctionParameters":[{"PositionInParameterList":1,"Direction":"IN","Type":"NODE_LIST","Name":"REGIO"},{"PositionInParameterList":2,"Direction":"OUT","Type":"NODE_LIST","Name":"nodes_out_1"}],"FunctionImplementations":[{"SourceCode":"\u003cxsl:sequence select\u003d\"$nodes_in/*\"/\u003e","FunctionImplementationLanguage":{"Name":"XSLT","Version":"2.0"}}],"isReference":false},"ParameterAssignments":[{"PositionInParameterList":1,"PositionInParameter":1,"PositionInDomainSet":1},{"PositionInParameterList":2,"PositionInParameter":1,"PositionInDomainSet":1}]},"Confidential":false},{"DomainMappingElement":{"SourceDomainSet":[{"DomainGuid":"9f502768be31373ebdd1bd5a9446ec59","Position":1}],"TargetDomainSet":[{"DomainGuid":"381360b8544a3611aac2e8f5b59a1159","Position":1}],"Documentation":{}},"Confidential":false},{"DomainMappingElement":{"SourceDomainSet":[],"TargetDomainSet":[{"DomainGuid":"074fa8d447223102ad958841709e6bd2","Position":1}],"Documentation":{}},"Transformation":{"Function":{"FunctionGuid":"00000000000000000000000000000002","FunctionParameters":[{"PositionInParameterList":1,"Direction":"IN","Type":"STRING","Name":"value"},{"PositionInParameterList":2,"Direction":"OUT","Type":"NODE_LIST","Name":"nodes_out_1"}],"FunctionImplementations":[{"SourceCode":"\u003cxsl:value-of select\u003d\"$nodes_in/value\"/\u003e","FunctionImplementationLanguage":{"Name":"XSLT","Version":"2.0"}}],"isReference":false},"ParameterAssignments":[{"PositionInParameterList":1,"PositionInParameter":1,"Value":"GS1"},{"PositionInParameterList":2,"PositionInParameter":1,"PositionInDomainSet":1}]},"Confidential":false},{"DomainMappingElement":{"SourceDomainSet":[{"DomainGuid":"0e05b699aec733cf9def002d3f741476","Position":1}],"TargetDomainSet":[{"DomainGuid":"686e100d351b3e89a4b26ee91b75d1ec","Position":1}],"Documentation":{}},"Transformation":{"Function":{"FunctionGuid":"00000000000000000000000000000001","FunctionParameters":[{"PositionInParameterList":1,"Direction":"IN","Type":"NODE_LIST","Name":"MWSBT"},{"PositionInParameterList":2,"Direction":"OUT","Type":"NODE_LIST","Name":"nodes_out_1"}],"FunctionImplementations":[{"SourceCode":"\u003cxsl:sequence select\u003d\"$nodes_in/*\"/\u003e","FunctionImplementationLanguage":{"Name":"XSLT","Version":"2.0"}}],"isReference":false},"ParameterAssignments":[{"PositionInParameterList":1,"PositionInParameter":1,"PositionInDomainSet":1},{"PositionInParameterList":2,"PositionInParameter":1,"PositionInDomainSet":1}]},"Confidential":false},{"DomainMappingElement":{"SourceDomainSet":[{"DomainGuid":"86275155b84c31e5b0a861de1aef6956","Position":1}],"TargetDomainSet":[{"DomainGuid":"43907ba83f25383fa0d2226bd5d911ce","Position":1}],"Documentation":{}},"Transformation":{"Function":{"FunctionGuid":"00000000000000000000000000000001","FunctionParameters":[{"PositionInParameterList":1,"Direction":"IN","Type":"NODE_LIST","Name":"MSATZ"},{"PositionInParameterList":2,"Direction":"OUT","Type":"NODE_LIST","Name":"nodes_out_1"}],"FunctionImplementations":[{"SourceCode":"\u003cxsl:sequence select\u003d\"$nodes_in/*\"/\u003e","FunctionImplementationLanguage":{"Name":"XSLT","Version":"2.0"}}],"isReference":false},"ParameterAssignments":[{"PositionInParameterList":1,"PositionInParameter":1,"PositionInDomainSet":1},{"PositionInParameterList":2,"PositionInParameter":1,"PositionInDomainSet":1}]},"Confidential":false},{"DomainMappingElement":{"SourceDomainSet":[{"DomainGuid":"15e7c9410e04334fab59cdea0e2f6a9e","Position":1}],"TargetDomainSet":[{"DomainGuid":"c247ed08ff8f3753bcbe2243ec3d7407","AlternativeDomainGuid":"c247ed08ff8f3753bcbe2243ec3d7407","Position":1}],"Documentation":{}},"Confidential":false},{"DomainMappingElement":{"SourceDomainSet":[{"DomainGuid":"8daff18a81cb367baf921502a4c5ad00","Position":1}],"TargetDomainSet":[{"DomainGuid":"7292ee8ad5ba3a72a518984daa2ec32e","AlternativeDomainGuid":"7292ee8ad5ba3a72a518984daa2ec32e","Position":1}],"Documentation":{}},"Transformation":{"Function":{"FunctionGuid":"00000000000000000000000000000001","FunctionParameters":[{"PositionInParameterList":1,"Direction":"IN","Type":"NODE_LIST","Name":"ZTERM"},{"PositionInParameterList":2,"Direction":"OUT","Type":"NODE_LIST","Name":"nodes_out_1"}],"FunctionImplementations":[{"SourceCode":"\u003cxsl:sequence select\u003d\"$nodes_in/*\"/\u003e","FunctionImplementationLanguage":{"Name":"XSLT","Version":"2.0"}}],"isReference":false},"ParameterAssignments":[{"PositionInParameterList":1,"PositionInParameter":1,"PositionInDomainSet":1},{"PositionInParameterList":2,"PositionInParameter":1,"PositionInDomainSet":1}]},"Confidential":false},{"DomainMappingElement":{"SourceDomainSet":[{"DomainGuid":"b8d8428f0e963daca3b99effff06bacf","AlternativeDomainGuid":"2529147e50e44060af65d975e642427c","Position":1}],"TargetDomainSet":[{"DomainGuid":"4132996894303d44a814b5b83930fee6","AlternativeDomainGuid":"4132996894303d44a814b5b83930fee6","Position":1}],"Documentation":{}},"Transformation":{"Function":{"FunctionGuid":"10010000000000000000000000000001","FunctionParameters":[{"PositionInParameterList":1,"Direction":"IN","Type":"NODE_LIST","Name":"source_date_time_value"},{"PositionInParameterList":2,"Direction":"IN","Type":"NODE_LIST","Name":"source_date_time_format"},{"PositionInParameterList":3,"Direction":"IN","Type":"STRING","Name":"target_date_time_format"},{"PositionInParameterList":4,"Direction":"OUT","Type":"NODE_LIST","Name":"target_date_time_value"}],"FunctionImplementations":[{"SourceCode":"\u003cxsl:sequence select\u003d\"ica_fn:transform-dateTime($nodes_in/nodes_in_1,$nodes_in/source_date_time_format,$nodes_in/target_date_time_format)\"/\u003e","FunctionImplementationLanguage":{"Name":"XSLT","Version":"2.0"}}],"isReference":false},"ParameterAssignments":[{"PositionInParameterList":1,"PositionInParameter":1,"PositionInDomainSet":1},{"PositionInParameterList":2,"PositionInParameter":1,"Value":"CCYYMMDD"},{"PositionInParameterList":3,"PositionInParameter":1,"Value":"CCYYMMDD"},{"PositionInParameterList":4,"PositionInParameter":1,"PositionInDomainSet":1}]},"Confidential":false},{"DomainMappingElement":{"SourceDomainSet":[{"DomainGuid":"5d44504e8c4c3543b28547315f9a7f23","AlternativeDomainGuid":"a84703b646fd4a60933dd66ccbffd87f","Position":1}],"TargetDomainSet":[{"DomainGuid":"a77f4f251f28362fb7bfd01a104dc59b","Position":1}],"Documentation":{}},"Confidential":false},{"DomainMappingElement":{"SourceDomainSet":[],"TargetDomainSet":[{"DomainGuid":"d4989c8585883a90b89bbfd553e46705","Position":1}],"Documentation":{}},"Transformation":{"Function":{"FunctionGuid":"00000000000000000000000000000002","FunctionParameters":[{"PositionInParameterList":1,"Direction":"IN","Type":"STRING","Name":"value"},{"PositionInParameterList":2,"Direction":"OUT","Type":"NODE_LIST","Name":"nodes_out_1"}],"FunctionImplementations":[{"SourceCode":"\u003cxsl:value-of select\u003d\"$nodes_in/value\"/\u003e","FunctionImplementationLanguage":{"Name":"XSLT","Version":"2.0"}}],"isReference":false},"ParameterAssignments":[{"PositionInParameterList":1,"PositionInParameter":1,"Value":"PID"},{"PositionInParameterList":2,"PositionInParameter":1,"PositionInDomainSet":1}]},"Confidential":false},{"DomainMappingElement":{"SourceDomainSet":[{"DomainGuid":"58e93db1bda63d66a2c473befc6f5e30","AlternativeDomainGuid":"138114d68efc461d86c7944ff3192c9f","Position":1}],"TargetDomainSet":[{"DomainGuid":"9ebc590db1da306999fe77d6abcb088f","Position":1}],"Documentation":{}},"Transformation":{"Function":{"FunctionGuid":"00000000000000000000000000000001","FunctionParameters":[{"PositionInParameterList":1,"Direction":"IN","Type":"NODE_LIST","Name":"KTEXT"},{"PositionInParameterList":2,"Direction":"OUT","Type":"NODE_LIST","Name":"nodes_out_1"}],"FunctionImplementations":[{"SourceCode":"\u003cxsl:sequence select\u003d\"$nodes_in/*\"/\u003e","FunctionImplementationLanguage":{"Name":"XSLT","Version":"2.0"}}],"isReference":false},"ParameterAssignments":[{"PositionInParameterList":1,"PositionInParameter":1,"PositionInDomainSet":1},{"PositionInParameterList":2,"PositionInParameter":1,"PositionInDomainSet":1}]},"Confidential":false},{"DomainMappingElement":{"SourceDomainSet":[{"DomainGuid":"a9ca538b08443910bab61527a22f89d7","AlternativeDomainGuid":"d791ef683905414cb10b0b5b06ab3532","Position":1}],"TargetDomainSet":[{"DomainGuid":"6c5c6e27f91f3514907243b9150250ab","Position":1}],"Documentation":{}},"Confidential":false},{"DomainMappingElement":{"SourceDomainSet":[{"DomainGuid":"970b806115153bad9759b7863cc68236","Position":1}],"TargetDomainSet":[{"DomainGuid":"285af47c1da033b3891ce4aeab4701d3","Position":1}],"Documentation":{}},"Transformation":{"Function":{"FunctionGuid":"00000000000000000000000000000001","FunctionParameters":[{"PositionInParameterList":1,"Direction":"IN","Type":"NODE_LIST","Name":"MENGE"},{"PositionInParameterList":2,"Direction":"OUT","Type":"NODE_LIST","Name":"nodes_out_1"}],"FunctionImplementations":[{"SourceCode":"\u003cxsl:sequence select\u003d\"$nodes_in/*\"/\u003e","FunctionImplementationLanguage":{"Name":"XSLT","Version":"2.0"}}],"isReference":false},"ParameterAssignments":[{"PositionInParameterList":1,"PositionInParameter":1,"PositionInDomainSet":1},{"PositionInParameterList":2,"PositionInParameter":1,"PositionInDomainSet":1}]},"Confidential":false},{"DomainMappingElement":{"SourceDomainSet":[{"DomainGuid":"3d76673cfebe379286168e1a9a337f75","Position":1}],"TargetDomainSet":[{"DomainGuid":"65e9dac860233ca48bd08093b42f2815","Position":1}],"Documentation":{}},"Transformation":{"Function":{"FunctionGuid":"00000000000000000000000000000001","FunctionParameters":[{"PositionInParameterList":1,"Direction":"IN","Type":"NODE_LIST","Name":"MENEE"},{"PositionInParameterList":2,"Direction":"OUT","Type":"NODE_LIST","Name":"nodes_out_1"}],"FunctionImplementations":[{"SourceCode":"\u003cxsl:sequence select\u003d\"$nodes_in/*\"/\u003e","FunctionImplementationLanguage":{"Name":"XSLT","Version":"2.0"}}],"isReference":false},"ParameterAssignments":[{"PositionInParameterList":1,"PositionInParameter":1,"PositionInDomainSet":1},{"PositionInParameterList":2,"PositionInParameter":1,"PositionInDomainSet":1}]},"Confidential":false}],"TargetNodeDuplicationRules":[],"TargetNodeStatus":{},"SharedFunctions":[],"SharedVariables":[],"AdministrativeData":{"CreatedBy":"moussa.el.kakouchi@sap.com","CreatedOn":1732718482925,"ModifiedBy":"moussa.el.kakouchi@sap.com","ModifiedOn":1743427382002,"LastImportedOn":1743427382002,"LastImportedBy":"moussa.el.kakouchi@sap.com"},"LifecycleInfo":{},"Documentation":{"Name":{"ArtifactValue":{"Id":"c9d2c58a68d532aeb123d1d497ec7e55","action":"NONE"}},"Definition":{"ArtifactValue":{"Id":"d694cd4249c037c48f1c880f2889e776","action":"NONE"}},"Summary":{"ArtifactValue":{"Id":"6f0edec148233bebbdf904f1d74958cd","action":"NONE"}},"NumberOfNotes":0,"Notes":[]},"DocumentationArtifacts":{"UID-e0020cd9-ba02-400d-8196-e8f4c24e949d":"\u003cdiv class\u003d\u0027sapMText\u0027\u003e\u003cdiv class\u003d\u0027sapMText\u0027\u003e\u003cdiv class\u003d\u0027sapMText\u0027\u003e\u003cp\u003eThe mapping guideline provides a detailed framework for integrating and converting the SAP IDOC INVOIC.INVOIC02 data format to the ASC X12 005010 810 standard. This guideline is commonly used in invoicing-related data communication between different business systems. This entails mapping data points between these two formats, ensuring that the SAP invoice data is accurately translated and correctly communicated in the format of an ASC X12 810 invoice.\u003c/p\u003e\u003c/div\u003e\u003c/div\u003e\u003c/div\u003e","UID-e4d30433-34b0-40da-ba38-41c3b9786974":"","UID-f5e48e8c-9e11-43d8-9ebe-caa2af53b4a4":"\u003cdiv class\u003d\"sapMText\"\u003e\n\u003cdiv class\u003d\"sapMText\"\u003e\u003cbr\u003e\n\u003cdiv class\u003d\"sapMText\"\u003e\u003cbr\u003e\n\u003cdiv class\u003d\"sapMText\"\u003e\u003cbr\u003e\n\u003cdiv class\u003d\"sapMText\"\u003e\u003cbr\u003e\n\u003cdiv class\u003d\"sapMText\"\u003e\u003cbr\u003e\n\u003cdiv class\u003d\"sapMText\"\u003e\u003cbr\u003e\n\u003cp\u003eThe mapping guideline provides a detailed framework for integrating and converting the SAP IDOC INVOIC.INVOIC02 data format to the ASC X12 007010 810 standard. This guideline is commonly used in invoicing-related data communication between different business systems. This entails mapping data points between these two formats, ensuring that the SAP invoice data is accurately translated and correctly communicated in the format of an ASC X12 810 invoice.\u003c/p\u003e\n\u003c/div\u003e\n\u003c/div\u003e\n\u003c/div\u003e\n\u003c/div\u003e\n\u003c/div\u003e\n\u003c/div\u003e\n\u003c/div\u003e","UID-e750c71f-159f-4cd0-9f5d-009cb2cb0662":"UID-139d3052-7284-4004-9dba-96afb09fb28a","UID-0a72bb9e-96e3-4e99-bf27-f94f022f014f":"UID-58024033-c376-4f72-a459-a768a53a8dc8","UID-d58fa18a-a70a-4b41-861f-41df3adfbd6c":"UID-e81b82f7-580b-4848-b954-16470469377d","UID-478719a0-512a-4e13-bc66-4dbe1ba8d1e4":"\u003cdiv class\u003d\u0027sapMText\u0027\u003e\u003cp\u003eThe mapping guideline provides a detailed framework for integrating and converting the SAP IDOC INVOIC.INVOIC02 data format to the ASC X12 005010 810 standard. This guideline is commonly used in invoicing-related data communication between different business systems. This entails mapping data points between these two formats, ensuring that the SAP invoice data is accurately translated and correctly communicated in the format of an ASC X12 810 invoice.\u003c/p\u003e\u003c/div\u003e","0fa11798abd13f8895f0003ea66c9663":"UID-58024033-c376-4f72-a459-a768a53a8dc8","0265a52c5c0135acba587fbf7aa17ff4":"UID-508d9288-62c4-4f72-ac0a-206217645668","UID-7f69e55d-1d26-47da-94c1-3d6a53d37a15":"UID-fe9dddd0-c375-459d-930a-01a9068bf8c2","UID-f0e730b0-7821-40ca-867b-9d0893619a31":"UID-0cd6950a-ed27-449c-81d2-47a829775275","UID-51f6ecaa-15e4-43be-b59f-e7425352d228":"UID-0cd6950a-ed27-449c-81d2-47a829775275","UID-da85af28-8641-46e8-8633-2cd74867f634":"","62e400b13e14346182668e2ba62e7448":"03.) [Trading Partner Name] - SAP IDOC INVOIC.INVOIC02 -to- ASC X12 005010 810-Copy","UID-9ae7ccd5-ae26-4adc-88d9-3ea2d249010c":"","UID-4f3a5bfa-04e5-4799-8209-17b96622e3a2":"UID-0cd6950a-ed27-449c-81d2-47a829775275","UID-58bcdc4e-8794-47f6-94ab-1be48bb56ab2":"\u003cdiv class\u003d\u0027sapMText\u0027\u003e\u003cdiv class\u003d\u0027sapMText\u0027\u003e\u003cdiv class\u003d\u0027sapMText\u0027\u003e\u003cdiv class\u003d\"sapMText\"\u003e\u003cbr /\u003e\u003cdiv class\u003d\"sapMText\"\u003e\u003cbr /\u003e\u003cdiv class\u003d\"sapMText\"\u003eThe mapping guideline provides a detailed framework for integrating and converting the SAP IDOC INVOIC.INVOIC02 data format to the ASC X12 007010 810 standard. This guideline is commonly used in invoicing-related data communication between different business systems. This entails mapping data points between these two formats, ensuring that the SAP invoice data is accurately translated and correctly communicated in the format of an ASC X12 810 invoice.\u003c/div\u003e\u003cbr /\u003e\u003c/div\u003e\u003cbr /\u003e\u003c/div\u003e\u003c/div\u003e\u003c/div\u003e\u003c/div\u003e","c89ef8983cd93e0dbb1a41a426460cc8":"UID-139d3052-7284-4004-9dba-96afb09fb28a","UID-508d9288-62c4-4f72-ac0a-206217645668":"","UID-5b7c7363-f2b4-4ecd-921b-ad40350d0cc9":"UID-0cd6950a-ed27-449c-81d2-47a829775275","UID-c55be92a-b075-4b87-95f7-4759cda1f0f8":"","UID-447a0f3e-0229-452f-8516-7d7ec8c5e5d1":"UID-fe9dddd0-c375-459d-930a-01a9068bf8c2","UID-fe9dddd0-c375-459d-930a-01a9068bf8c2":"UID-508d9288-62c4-4f72-ac0a-206217645668","7107e06c0b94384c8e80588ef2b0c506":"UID-9183c38f-aa83-4c6b-ac5d-3ccbce8b6b25","UID-eec5c315-b7cf-42fc-b3e6-e6f1fbe49a1d":"","UID-878a2c84-42df-4a83-8703-f9c3366cc4aa":"UID-96725858-4bf8-48fc-9b5f-31ad78bed49a","UID-ed5281ad-b9d9-4642-9c0f-cd8fbb8eb467":"UID-d58fa18a-a70a-4b41-861f-41df3adfbd6c","5b0d1d79bdf53d6bb32db70f7a110c7d":"UID-96725858-4bf8-48fc-9b5f-31ad78bed49a","6f0edec148233bebbdf904f1d74958cd":"UID-0cd6950a-ed27-449c-81d2-47a829775275","074518378c7b3c89ae73dc41c0316a51":"UID-59f2f3e8-3c36-464b-a363-6fa3fc3d626e","579df69e272f3c579982b5e378c59b0c":"\u003cdiv class\u003d\u0027sapMText\u0027\u003e\u003cp\u003eThe mapping guideline provides a detailed framework for integrating and converting the SAP IDOC INVOIC.INVOIC02 data format to the ASC X12 005010 810 standard. This guideline is commonly used in invoicing-related data communication between different business systems. This entails mapping data points between these two formats, ensuring that the SAP invoice data is accurately translated and correctly communicated in the format of an ASC X12 810 invoice.\u003c/p\u003e\u003c/div\u003e","UID-26f38aca-f15b-490f-8dab-98dbdd0ea44d":"UID-0cd6950a-ed27-449c-81d2-47a829775275","0930b696ba983bbebf5f570632a7edf6":"\u003cdiv class\u003d\u0027sapMText\u0027\u003e\u003cdiv class\u003d\u0027sapMText\u0027\u003e\u003cp\u003eThe mapping guideline provides a detailed framework for integrating and converting the SAP IDOC INVOIC.INVOIC02 data format to the ASC X12 005010 810 standard. This guideline is commonly used in invoicing-related data communication between different business systems. This entails mapping data points between these two formats, ensuring that the SAP invoice data is accurately translated and correctly communicated in the format of an ASC X12 810 invoice.\u003c/p\u003e\u003c/div\u003e\u003c/div\u003e","ccb28795ab873fd69c4790128d609d4d":"\u003cdiv class\u003d\u0027sapMText\u0027\u003e\u003cdiv class\u003d\"sapMText\"\u003e\u003cbr /\u003e\u003cdiv class\u003d\"sapMText\"\u003e\u003cbr /\u003e\u003cdiv class\u003d\"sapMText\"\u003eThe mapping guideline provides a detailed framework for integrating and converting the SAP IDOC INVOIC.INVOIC02 data format to the ASC X12 007010 810 standard. This guideline is commonly used in invoicing-related data communication between different business systems. This entails mapping data points between these two formats, ensuring that the SAP invoice data is accurately translated and correctly communicated in the format of an ASC X12 810 invoice.\u003c/div\u003e\u003cbr /\u003e\u003c/div\u003e\u003cbr /\u003e\u003c/div\u003e\u003c/div\u003e","d694cd4249c037c48f1c880f2889e776":"\u003cdiv class\u003d\u0027sapMText\u0027\u003e\u003cdiv class\u003d\u0027sapMText\u0027\u003e\u003cdiv class\u003d\u0027sapMText\u0027\u003e\u003cdiv class\u003d\"sapMText\"\u003e\u003cbr /\u003e\u003cdiv class\u003d\"sapMText\"\u003e\u003cbr /\u003e\u003cdiv class\u003d\"sapMText\"\u003eThe mapping guideline provides a detailed framework for integrating and converting the SAP IDOC INVOIC.INVOIC02 data format to the ASC X12 007010 810 standard. This guideline is commonly used in invoicing-related data communication between different business systems. This entails mapping data points between these two formats, ensuring that the SAP invoice data is accurately translated and correctly communicated in the format of an ASC X12 810 invoice.\u003c/div\u003e\u003cbr /\u003e\u003c/div\u003e\u003cbr /\u003e\u003c/div\u003e\u003c/div\u003e\u003c/div\u003e\u003c/div\u003e","UID-3eb4414d-804f-4a38-9edb-316036fdfb12":"UID-4415ab2e-a7c9-4468-b343-fccc691299ad","UID-b334c4c0-84e4-4ae5-a670-6fbe5984d10d":"UID-9183c38f-aa83-4c6b-ac5d-3ccbce8b6b25","UID-0cd6950a-ed27-449c-81d2-47a829775275":"UID-96725858-4bf8-48fc-9b5f-31ad78bed49a","UID-bc931657-72db-4f93-850b-62607993ac84":"\u003cdiv class\u003d\u0027sapMText\u0027\u003e\u003cdiv class\u003d\u0027sapMText\u0027\u003e\u003cdiv class\u003d\u0027sapMText\u0027\u003e\u003cdiv class\u003d\u0027sapMText\u0027\u003e\u003cdiv class\u003d\u0027sapMText\u0027\u003e\u003cp\u003eThe mapping guideline provides a detailed framework for integrating and converting the SAP IDOC INVOIC.INVOIC02 data format to the ASC X12 005010 810 standard. This guideline is commonly used in invoicing-related data communication between different business systems. This entails mapping data points between these two formats, ensuring that the SAP invoice data is accurately translated and correctly communicated in the format of an ASC X12 810 invoice.\u003c/p\u003e\u003c/div\u003e\u003c/div\u003e\u003c/div\u003e\u003c/div\u003e\u003c/div\u003e","UID-223b656e-2e46-4699-b725-251ff586ae32":"","UID-bcc7469b-5ac1-47c4-95e9-5e9f34298197":"UID-59f2f3e8-3c36-464b-a363-6fa3fc3d626e","0d352fabc78431d29cb8492fce0607b4":"\u003cdiv class\u003d\u0027sapMText\u0027\u003e\u003cdiv class\u003d\u0027sapMText\u0027\u003e\u003cdiv class\u003d\"sapMText\"\u003e\u003cbr /\u003e\u003cdiv class\u003d\"sapMText\"\u003e\u003cbr /\u003e\u003cdiv class\u003d\"sapMText\"\u003eThe mapping guideline provides a detailed framework for integrating and converting the SAP IDOC INVOIC.INVOIC02 data format to the ASC X12 007010 810 standard. This guideline is commonly used in invoicing-related data communication between different business systems. This entails mapping data points between these two formats, ensuring that the SAP invoice data is accurately translated and correctly communicated in the format of an ASC X12 810 invoice.\u003c/div\u003e\u003cbr /\u003e\u003c/div\u003e\u003cbr /\u003e\u003c/div\u003e\u003c/div\u003e\u003c/div\u003e","UID-139d3052-7284-4004-9dba-96afb09fb28a":"UID-367538af-b4ac-4afd-8e52-42fb11e0d3b0","UID-3d77a38d-2239-48dc-a675-ac13b9e061f8":"UID-59f2f3e8-3c36-464b-a363-6fa3fc3d626e","UID-afb5541d-6287-48c6-9026-d8ad099be36b":"","UID-e81b82f7-580b-4848-b954-16470469377d":"UID-447a0f3e-0229-452f-8516-7d7ec8c5e5d1","6666cd76f96936469e7be39d750cc7d9":"","4284ebef3da5339185dd528478359cdf":"Mapping Customer EDI - 04.) Versuni - SAP IDOC INVOIC.INVOIC02.ZINVOIC02 for ASC X12 - Source to Customer EDI - 04.) #BASE# - ASC X12 005010 810 - Target","85bdd0b7637933fbb67d8b894779eeae":"04.) [B2B Integration Factory] - SAP IDOC INVOIC.INVOIC02 -to- ASC X12 005010 810","UID-56db8b9b-d2db-4390-8a89-082dcc64fa29":"UID-58024033-c376-4f72-a459-a768a53a8dc8","UID-96725858-4bf8-48fc-9b5f-31ad78bed49a":"UID-59f2f3e8-3c36-464b-a363-6fa3fc3d626e","6d9d4bcf987e3681a209b1977e7d9afe":"04.) #BASE# - SAP IDOC INVOIC.INVOIC02 -to- ASC X12 005010 810","UID-a1b6efd4-9575-4e43-ba18-cd4d40fcea75":"","UID-ec15c4a5-3821-43e7-986d-36f0476e0e4f":"UID-9183c38f-aa83-4c6b-ac5d-3ccbce8b6b25","UID-58024033-c376-4f72-a459-a768a53a8dc8":"UID-ec15c4a5-3821-43e7-986d-36f0476e0e4f","UID-cf769a9f-5fbc-4464-b1c6-0097ebe2d2a2":"","UID-1db8cf29-6d96-4653-9c29-47d127d92a3f":"UID-d58fa18a-a70a-4b41-861f-41df3adfbd6c","fd97c538c9ae32debcb8c1560d743a11":"03.) [Trading Partner Name] - SAP IDOC INVOIC.INVOIC02 -to- ASC X12 004010 810-Copy","UID-8c949a84-4783-49a6-9dd3-e08462c002f3":"","UID-424d1022-dc6e-4ce4-9345-e5a565331a82":"UID-96725858-4bf8-48fc-9b5f-31ad78bed49a","324127b100443e6a8d0c18acdc35ab6d":"\u003cdiv class\u003d\"sapMText\"\u003e\n\u003cdiv class\u003d\"sapMText\"\u003e\n\u003cdiv class\u003d\"sapMText\"\u003eThe mapping guideline provides a detailed framework for integrating and converting the SAP IDOC INVOIC.INVOIC02 data format to the ASC X12 007010 810 standard. This guideline is commonly used in invoicing-related data communication between different business systems. This entails mapping data points between these two formats, ensuring that the SAP invoice data is accurately translated and correctly communicated in the format of an ASC X12 810 invoice.\u003c/div\u003e\n\u003c/div\u003e\n\u003c/div\u003e","UID-8f02e027-4f39-4fff-98a6-c88b674aa94f":"","UID-0531f301-dc06-407f-9fca-8554d8f7262a":"UID-58024033-c376-4f72-a459-a768a53a8dc8","UID-c2278a26-ce3a-47a7-a884-9be8e5ceb5af":"UID-367538af-b4ac-4afd-8e52-42fb11e0d3b0","UID-6245c1fb-4520-418e-b3a8-1c8d7c5aedd3":"","UID-9183c38f-aa83-4c6b-ac5d-3ccbce8b6b25":"UID-3eb4414d-804f-4a38-9edb-316036fdfb12","1bf6c6eb8295330bb40134f115361fde":"\u003cdiv class\u003d\u0027sapMText\u0027\u003e\u003cdiv class\u003d\"sapMText\"\u003e\u003cbr /\u003e\u003cdiv class\u003d\"sapMText\"\u003e\u003cbr\u003e\u003cbr /\u003e\u003cdiv class\u003d\"sapMText\"\u003e\u003cbr\u003e\u003cbr /\u003e\u003cdiv class\u003d\"sapMText\"\u003e\u003cbr\u003e\u003cbr /\u003e\u003cdiv class\u003d\"sapMText\"\u003e\u003cbr\u003e\u003cbr /\u003e\u003cdiv class\u003d\"sapMText\"\u003e\u003cbr\u003e\u003cbr /\u003e\u003cdiv class\u003d\"sapMText\"\u003e\u003cbr\u003e\u003cbr /\u003e\u003cp\u003eThe mapping guideline provides a detailed framework for integrating and converting the SAP IDOC INVOIC.INVOIC02 data format to the ASC X12 007010 810 standard. This guideline is commonly used in invoicing-related data communication between different business systems. This entails mapping data points between these two formats, ensuring that the SAP invoice data is accurately translated and correctly communicated in the format of an ASC X12 810 invoice.\u003c/p\u003e\u003c/div\u003e\u003cbr /\u003e\u003c/div\u003e\u003cbr /\u003e\u003c/div\u003e\u003cbr /\u003e\u003c/div\u003e\u003cbr /\u003e\u003c/div\u003e\u003cbr /\u003e\u003c/div\u003e\u003cbr /\u003e\u003c/div\u003e\u003c/div\u003e","e46aeeb42dc432e0bc212e927ab3011b":"04.) #BASE# - SAP IDOC INVOIC.INVOIC02.ZINVOIC02 -to- ASC X12 005010 810","c9d2c58a68d532aeb123d1d497ec7e55":"03.) [Trading Partner Name] - SAP IDOC INVOIC.INVOIC02 -to- ASC X12 007010 810","UID-ae4c1bd1-4ca6-45c1-b24f-217fbb856760":"UID-58024033-c376-4f72-a459-a768a53a8dc8","UID-b2f4a58e-f6d3-4bfa-a8bc-981a4eae7e0a":"\u003cdiv class\u003d\u0027sapMText\u0027\u003e\u003cdiv class\u003d\u0027sapMText\u0027\u003e\u003cdiv class\u003d\u0027sapMText\u0027\u003e\u003cp\u003eThe mapping guideline provides a detailed framework for integrating and converting the SAP IDOC INVOIC.INVOIC02 data format to the ASC X12 005010 810 standard. This guideline is commonly used in invoicing-related data communication between different business systems. This entails mapping data points between these two formats, ensuring that the SAP invoice data is accurately translated and correctly communicated in the format of an ASC X12 810 invoice.\u003c/p\u003e\u003c/div\u003e\u003c/div\u003e\u003c/div\u003e","UID-367538af-b4ac-4afd-8e52-42fb11e0d3b0":"UID-1db8cf29-6d96-4653-9c29-47d127d92a3f","UID-59f2f3e8-3c36-464b-a363-6fa3fc3d626e":"UID-0a72bb9e-96e3-4e99-bf27-f94f022f014f","UID-eaef97db-c8e3-48c9-85c2-e48fe1240e0c":"UID-0cd6950a-ed27-449c-81d2-47a829775275","UID-4415ab2e-a7c9-4468-b343-fccc691299ad":"UID-139d3052-7284-4004-9dba-96afb09fb28a","c485e17a158f3acebbaf33f441eedeb1":"\u003cdiv class\u003d\u0027sapMText\u0027\u003e\u003cdiv class\u003d\u0027sapMText\u0027\u003e\u003cdiv class\u003d\u0027sapMText\u0027\u003e\u003cp\u003eThe mapping guideline provides a detailed framework for integrating and converting the SAP IDOC INVOIC.INVOIC02 data format to the ASC X12 005010 810 standard. This guideline is commonly used in invoicing-related data communication between different business systems. This entails mapping data points between these two formats, ensuring that the SAP invoice data is accurately translated and correctly communicated in the format of an ASC X12 810 invoice.\u003c/p\u003e\u003c/div\u003e\u003c/div\u003e\u003c/div\u003e","aed5847035623002b3d9f1bae7e65a42":"\u003cdiv class\u003d\"sapMText\"\u003e\n\u003cdiv class\u003d\"sapMText\"\u003e\n\u003cdiv class\u003d\"sapMText\"\u003e\n\u003cdiv class\u003d\"sapMText\"\u003e\n\u003cdiv class\u003d\"sapMText\"\u003e\n\u003cdiv class\u003d\"sapMText\"\u003e\n\u003cp\u003eThe mapping guideline provides a detailed framework for integrating and converting the SAP IDOC INVOIC.INVOIC02 data format to the ASC X12 004010 810 standard. This guideline is commonly used in invoicing-related data communication between different business systems. This entails mapping data points between these two formats, ensuring that the SAP invoice data is accurately translated and correctly communicated in the format of an ASC X12 810 invoice.\u003c/p\u003e\n\u003c/div\u003e\n\u003c/div\u003e\n\u003c/div\u003e\n\u003c/div\u003e\n\u003c/div\u003e\n\u003c/div\u003e","UID-1f68beb1-08f7-4c3b-9eed-3701fe92a7da":"UID-96725858-4bf8-48fc-9b5f-31ad78bed49a","ee8379bcfa3f380c8ec310b7dc68a7e7":"\u003cp\u003eThe mapping guideline provides a detailed framework for integrating and converting the SAP IDOC INVOIC.INVOIC02 data format to the ASC X12 005010 810 standard. This guideline is commonly used in invoicing-related data communication between different business systems. This entails mapping data points between these two formats, ensuring that the SAP invoice data is accurately translated and correctly communicated in the format of an ASC X12 810 invoice.\u003c/p\u003e","UID-6a93fb75-15c4-4f8b-8348-bfed15911c6a":"UID-0cd6950a-ed27-449c-81d2-47a829775275","UID-32f67ce1-2efb-4874-be51-f8a47ca99950":"UID-0cd6950a-ed27-449c-81d2-47a829775275","5cd4c22438d83140b1111212a8faf753":"\u003cdiv class\u003d\u0027sapMText\u0027\u003e\u003cdiv class\u003d\u0027sapMText\u0027\u003e\u003cdiv class\u003d\u0027sapMText\u0027\u003e\u003cdiv class\u003d\u0027sapMText\u0027\u003e\u003cp\u003eThe mapping guideline provides a detailed framework for integrating and converting the SAP IDOC INVOIC.INVOIC02 data format to the ASC X12 005010 810 standard. This guideline is commonly used in invoicing-related data communication between different business systems. This entails mapping data points between these two formats, ensuring that the SAP invoice data is accurately translated and correctly communicated in the format of an ASC X12 810 invoice.\u003c/p\u003e\u003c/div\u003e\u003c/div\u003e\u003c/div\u003e\u003c/div\u003e","697df6522b0934de97dc42cc10531981":"Customer EDI - 04.) #BASE# - SAP IDOC INVOIC.INVOIC02.ZINVOIC02 -to- ASC X12 005010 810"}}