{"SignatureValidationConfigurations":{"ConfigurationType":"SIGNATURE_VALIDATION_CONFIG","ConfigurationEntries":{"test":{"VerificationOption":"NotRequired","Alias":"test","AS2PartnerId":"test","PublicKeyAliasForVerification":"","verifyMIC":false,"ConfigurationType":"SIGNATURE_VALIDATION_CONFIG","ParentProfileId":"18be672c721d4f1f845f6436ec301fba","ParentProfileType":"TRADING_PARTNER","Activated":true,"UpdateStatus":"EDITED","ActivatedAt":1748262856147,"ActivatedBy":"isabel.zoller@sap.com","createdAt":1723104807686,"createdBy":"mert.oezkan@sap.com","modifiedAt":1748262856274,"modifiedBy":"isabel.zoller@sap.com"}}},"DocumentSchemaVersion":"1.0","administrativeData":{"createdAt":1722514937376,"createdBy":"gunther.stuhec@sap.com","modifiedAt":1749211738136,"modifiedBy":"moussa.el.kakouchi@sap.com"},"ParentId":"18be672c721d4f1f845f6436ec301fba","ParentArtifactType":"TRADING_PARTNER","searchableAttributes":{"TENANT":["0276649a-0a57-4c1b-9235-3fa585ecc5df"],"Alias":["test"]},"artifactProperties":{},"relations":[],"ArtifactRelations":{},"artifactStatus":"Draft","uniqueId":"8cd019a5773944ada41f9a94007b4586","displayName":"PartnerProfileConfiguration","semanticVersion":"1.0:","id":"18be672c721d4f1f845f6436ec301fba::profileConfiguration","artifactType":"PARTNER_PROFILE_CONFIG"}