{"Name":"[B2B Integration Factory] - 3PL - [GS1 XML] - Integrated Warehouse Distribution (IWD)","Description":"[B2B Integration Factory] - 3PL - [GS1 XML] - Integrated Warehouse Distribution (IWD)","Version":"1.0","OwnedBy":"Self","OwnerId":"myCompany","Shared":false,"TransactionsNumber":0,"CompanyData":{"Id":"myCompany","Name":"[Company Name]","Role":"INITIATOR","SystemInstance":{"Properties":{"Id":"9e446f07ceb64f33bae5e11b66be71ac","Label_Name":"S/4 HANA System","Label_Purpose":"TEST"}},"TypeSystem":{"Properties":{"Id":"SAP_IDoc","Label_Name":"SAP S/4HANA On Premise IDoc"}},"TypeSystemVersion":"755","IdAsSender":{"Properties":{"Id":"02b003f2ccd24519b7bc27ac79e37de3","Label_Name":"Company_IDOC_ID","Label_SchemeCode":"N/A","Label_SchemeName":"N/A","Label_TypeSystemId":"SAP_IDoc","Label_TypeSystemName":"SAP S/4HANA On Premise IDoc","Label_IsGroup":"false"}},"IdAsReceiver":{"Properties":{"Id":"2051ccdb6f224c7f8e680412df9730e5","Label_Name":"987654321","Label_SchemeCode":"GS1","Label_SchemeName":"GS1","Label_TypeSystemId":"GS1_XML","Label_TypeSystemName":"GS1 XML","Label_IsGroup":"false"}},"ContactPerson":{"Properties":{"Id":"4609a94d-17d0-478e-8969-217235ac7268","Label_Name":"First Name Last Name"}}},"TradingPartnerData":{"Role":"REACTOR","AliasForSystemInstance":{"Properties":{"Alias":"3PL_B2BSystem"}},"TypeSystem":{"Properties":{"Id":"GS1_XML","Label_Name":"GS1 XML"}},"TypeSystemVersion":"3.4.1","AliasForIdentifierInOwnTS":{"Properties":{"Alias":"3PL_GS1XML_TradingPartner_ID"}},"AliasForIdentifierInCompanyTS":{"Properties":{"Alias":"3PL_IDOC_TradingPartner_ID"}},"AliasForContactPersonRole":{"Properties":{"Alias":"3PL_GS1XML_ContactPerson"}}},"CommunicationPartnerData":{"IdForTradingPartner":{"Properties":{"Label_Name":""}},"IdForSystemInstance":{"Properties":{"Label_SystemInstanceName":"","Label_Purpose":""}}},"B2BScenarioDetailsId":"596e2e4c3df14396b4582adbef777370","DocumentSchemaVersion":"1.0","administrativeData":{"createdAt":1730906012958,"createdBy":"jan.feyen@sap.com","modifiedAt":1740763213798,"modifiedBy":"jan.feyen@sap.com"},"ParentId":"e30aab0a-9c29-40d4-a156-5e6dc245c28f","ParentArtifactType":"TENANT","searchableAttributes":{"ModelVersion":["2.0"],"TENANT":["e30aab0a-9c29-40d4-a156-5e6dc245c28f"],"companyContactPerson":["4609a94d-17d0-478e-8969-217235ac7268"]},"artifactProperties":{},"relations":[],"ArtifactRelations":{},"artifactStatus":"Draft","id":"5d5ea90b6380459a9186e5b593149b70","uniqueId":"7e89bb6c29da42febb94faf294e7df2d","artifactType":"AGREEMENT_TEMPLATE_V2","displayName":"[B2B Integration Factory] - 3PL - [GS1 XML] - Integrated Warehouse Distribution (IWD)","semanticVersion":"2.0"}