{"ArtifactMetadata":{"SchemaVersion":"1.1","ArtifactType":"MigVersionInfo"},"value":{"ObjectGUID":"714a09249b294ac9979ac13632c956c4","MIGGUID":"b411f60162dd4c30b60bf15cbed2edea","ImportCorrelationObjectId":"a365626767334e3ab721cff2ef29d38d","ImportCorrelationGroupId":"7eace892ab9342109bf675d8c3c78d3f","VersionId":"3.0","Name":"01.a) [Company Name] - SAP IDOC ORDERS.ORDERS05 for Customer EDI - Target","Status":"Active","HasEnvelope":false,"MessageTemplate":{"TypeSystemId":"SAP_IDoc","TypeSystemDisplayId":"SAP S/4HANA On Premise IDoc","VersionId":"1809_FPS02","VersionDisplayId":"1809 FPS02","Revision":11,"Id":"ORDERS.ORDERS05","DisplayId":"ORDERS.ORDERS05","Name":"Purchase order / order","IsCustomMessage":false},"AdministrativeData":{"CreatedBy":"moussa.el.kakouchi@sap.com","CreatedOn":1749194072419,"ModifiedBy":"moussa.el.kakouchi@sap.com","ModifiedOn":1749194072419,"LastImportedOn":1749194072419,"LastImportedBy":"moussa.el.kakouchi@sap.com"}}}