{"ArtifactMetadata":{"SchemaVersion":"1.1","ArtifactType":"MigVersionInfo"},"value":{"ObjectGUID":"793aaa3108a84807b3383729381c3cc4","MIGGUID":"62bebd991c04461da4d1ce06049112bc","ImportCorrelationObjectId":"22e6f548b98942f1b25925b748caa69b","ImportCorrelationGroupId":"a0561ca6a0b74ed9a28c0a86212db642","VersionId":"1.0","Name":"03.) [Trading Partner Name] - Tradacoms 9 INVFIL - Target","Status":"Active","HasEnvelope":false,"MessageTemplate":{"TypeSystemId":"TRADACOMS","TypeSystemDisplayId":"TRADACOMS","VersionId":"All","VersionDisplayId":"All","Revision":2,"Id":"INVFIL_FILE_9","DisplayId":"INVFIL_FILE:9","Name":"Invoice File (Version 9)","IsCustomMessage":false},"AdministrativeData":{"CreatedBy":"moussa.el.kakouchi@sap.com","CreatedOn":1749194136069,"ModifiedBy":"moussa.el.kakouchi@sap.com","ModifiedOn":1749194136069,"LastImportedOn":1749194136069,"LastImportedBy":"moussa.el.kakouchi@sap.com"}}}