{"ArtifactMetadata":{"SchemaVersion":"1.1","ArtifactType":"MigVersionInfo"},"value":{"ObjectGUID":"c622d50788d44752b40506d4ddc8a6c8","MIGGUID":"2f196a153af74c1b99ae7e566535b491","ImportCorrelationObjectId":"7d99d87998e64a2283f4e79718e68a08","ImportCorrelationGroupId":"8f238ecce2cf4a86b28f30fca6f5c6bd","VersionId":"1.0","Name":"01.a) [Trading Partner Name] - TRADACOMS 9 ORDHDR - Source","Status":"Active","HasEnvelope":false,"MessageTemplate":{"TypeSystemId":"TRADACOMS","TypeSystemDisplayId":"TRADACOMS","VersionId":"All","VersionDisplayId":"All","Revision":2,"Id":"ORDHDR_FILE_9","DisplayId":"ORDHDR_FILE:9","Name":"Order File (Version 9)","IsCustomMessage":false},"AdministrativeData":{"CreatedBy":"moussa.el.kakouchi@sap.com","CreatedOn":1749194071752,"ModifiedBy":"moussa.el.kakouchi@sap.com","ModifiedOn":1749194071752,"LastImportedOn":1749194071752,"LastImportedBy":"moussa.el.kakouchi@sap.com"}}}