{"ArtifactMetadata":{"SchemaVersion":"1.1","ArtifactType":"MigVersionInfo"},"value":{"ObjectGUID":"c8ba859e70414dd99813b849d8b71587","MIGGUID":"3aaa60e973be47c6820909ab21b49dd3","ImportCorrelationObjectId":"8d707f3591ab49cb8ca4232d4c229208","ImportCorrelationGroupId":"5449ec81ca7543a19f95cd85651e8b65","VersionId":"2.0","Name":"03.) [Company Name] - SAP IDOC INVOIC.INVOIC02 for Customer EDI - Source","Status":"Active","HasEnvelope":false,"MessageTemplate":{"TypeSystemId":"SAP_IDoc","TypeSystemDisplayId":"SAP S/4HANA On Premise IDoc","VersionId":"1809_FPS02","VersionDisplayId":"1809 FPS02","Revision":11,"Id":"INVOIC.INVOIC02","DisplayId":"INVOIC.INVOIC02","Name":"Invoice/Billing Document","IsCustomMessage":false},"AdministrativeData":{"CreatedBy":"moussa.el.kakouchi@sap.com","CreatedOn":1743498304437,"ModifiedBy":"moussa.el.kakouchi@sap.com","ModifiedOn":1743498304437,"LastImportedOn":1743498304437,"LastImportedBy":"moussa.el.kakouchi@sap.com"}}}