{"IsVanScenario":false,"FunctionalAck":{},"BusinessTransactions":[{"Id":"743d9820ac1d485caaf05c1d74eeaadf","PatternReference":{"Id":"REQUEST_RESPONSE","Version":"1.0","Name":"Two Way Request Reply"},"Sequence":1,"TransactionProperties":{"Properties":{"communicationPartnerId":"","Initiator":"18be672c721d4f1f845f6436ec301fba","Label_ReactorName":"[Company Name]","Reactor":"myCompany","Name":"01.) Sales Order Request/Response","Label_InitiatorName":"[Trading Partner Name]"}},"BusinessTransactionActivities":[{"Id":"825bea50ef4649409b092d80c973c61e","BusinessTransactionActivityReference":{"Id":"REQUEST-FLOW","Version":"1.0","Name":"Request Processing"},"Sequence":1,"BusinessTransactionActivityProperties":{"Properties":{}},"ActivityParameters":[],"ChoreographyProperties":{"Properties":{"SENDER_ADAPTER":{"Properties":{"CommunicationChannelTemplateId":"2ec795972c604e91a02145a995772d24","CommunicationChannelTemplateAlias":"SOAP Sender","Id":"18be672c721d4f1f845f6436ec301fba","CCTForSenderFunctionalACKAlias":""}},"SENDER_INTERCHANGE":{"Properties":{"Validation":"false","ImportCorrelationObjectId":"cf360e7496554e87a6b37295f1ae10a6","TypeSystem":"SAP_S4HANA_Cloud_SOA","Label_MIGIdName":"01.a) [Trading Partner Name] - SAP SOAP 1905 OrderRequest - Source","ContactPersonId":"","ObjectGUID":"cf360e7496554e87a6b37295f1ae10a6","HasEnvelope":"false","EDISplitterNumberRangeAlias":"","custom_properties":"[{\"source\":\"curr\",\"idAttribute\":\"335ed49f5cd046748980a3f20ef8fef2\",\"type\":\"Xpath\",\"value\":\"//Order/PurchaseOrderID\",\"name\":\"Purchase Order Number\",\"order\":\"\"}]","MIGGUID":"8257680e1b5e4048b76daa9624545dfd","Label_MIGStatus":"Active","CreateAcknowledgement":"","FunctionalAck":"","ImportCorrelationGroupId":"8257680e1b5e4048b76daa9624545dfd","MIGLink":"","Id":"18be672c721d4f1f845f6436ec301fba","MessageType":"OrderRequest","TypeSystemVersion":"1809_FPS02","MIGVersionId":"3.0"}},"RECEIVER_INTERCHANGE":{"Properties":{"Validation":"false","ImportCorrelationObjectId":"def2d7edfbf544879320082774926aee","TypeSystem":"SAP_IDoc","Label_MIGIdName":"01.a) [Company Name] - SAP IDOC ORDERS.ORDERS05 for SAP SOAP - Target","ContactPersonId":"","ObjectGUID":"def2d7edfbf544879320082774926aee","HasEnvelope":"false","custom_properties":"[]","MIGGUID":"287331fe9f3a4f41a4aa46c8ba981aa9","NumberRange":"ICN_UNEDIFACT_TP","Label_MIGStatus":"Active","FunctionalAck":"","ImportCorrelationGroupId":"287331fe9f3a4f41a4aa46c8ba981aa9","MIGLink":"","Id":"myCompany","MessageType":"ORDERS.ORDERS05","TypeSystemVersion":"755","MIGVersionId":"2.0","RACKRequired":""}},"SENDER_SYSTEM":{"Properties":{"TypeSystem":"SAP_S4HANA_Cloud_SOA","SystemInstanceId":"4d79cc68ef0540dc9dd1dec9ea0c5160","IdAsSender":"0ca5dc5179c14e77bb5daf03e5f01537","IdAsReceiverAlias":"Company_SOAP_ID","IdAsSenderAlias":"TP_SOAP_ID","SystemInstanceAlias":"[B2B Integration Factory]-System","IdAsReceiver":"f49e65fa67284c908b2c4e2d7a76d943","Id":"18be672c721d4f1f845f6436ec301fba","TypeSystemVersion":"1905"}},"MAPPING":{"Properties":{"MAGVersionId":"5.0","ImportCorrelationObjectId":"f1d23c817bd24c1f8d97f859f45903c5","Label_MAGName":"01.a) [Trading Partner Name] - SAP SOAP OrderRequest -to- SAP IDOC ORDERS.ORDERS05","MAGGUID":"e68a69690ae742629b9acda1b3248c9d","ImportCorrelationGroupId":"e68a69690ae742629b9acda1b3248c9d","MAGLink":"","ObjectGUID":"f1d23c817bd24c1f8d97f859f45903c5","Id":"18be672c721d4f1f845f6436ec301fba","Label_MAGStatus":"Active"}},"RECEIVER_ADAPTER":{"Properties":{"CommunicationChannelTemplateId":"7edcacd0feff4217b9865131c18bff9b","CommunicationChannelTemplateAlias":"IDOC Receiver","Id":"myCompany"}},"RECEIVER_SYSTEM":{"Properties":{"TypeSystem":"SAP_IDoc","SystemInstanceId":"9e446f07ceb64f33bae5e11b66be71ac","IdAsSender":"39b74d2db27f448ba6abe41a3b7769d0","IdAsReceiverAlias":"Company_IDOC_SOA_ID","IdAsSenderAlias":"TP_IDOC_ID","SystemInstanceAlias":"S/4 HANA System","Id":"myCompany","IdAsReceiver":"3759275e777b42259821d57e7af91c9c","TypeSystemVersion":"755"}}}}},{"Id":"39a1533c34d24dbcb417592719bb8b78","BusinessTransactionActivityReference":{"Id":"RESPONSE-FLOW","Version":"1.0","Name":"Response Processing"},"Sequence":1,"BusinessTransactionActivityProperties":{"Properties":{}},"ActivityParameters":[],"ChoreographyProperties":{"Properties":{"SENDER_ADAPTER":{"Properties":{"CommunicationChannelTemplateId":"877cbbd5adcc43fd8a04cc324b9ba413","CommunicationChannelTemplateAlias":"IDOC Sender","Id":"myCompany","CCTForSenderFunctionalACKAlias":""}},"SENDER_INTERCHANGE":{"Properties":{"Validation":"false","ImportCorrelationObjectId":"89e6b646e7784c209e7b1dfe60601c1d","TypeSystem":"SAP_IDoc","Label_MIGIdName":"01.b) [Company Name] - SAP IDOC ORDRSP.ORDERS05 for SAP SOAP - Source","ContactPersonId":"","ObjectGUID":"89e6b646e7784c209e7b1dfe60601c1d","HasEnvelope":"false","custom_properties":"[{\"source\":\"curr\",\"idAttribute\":\"771eb76e963d4d4492f819a0bcc7876a\",\"type\":\"Xpath\",\"value\":\"//E1EDK02[QUALF\u003d\u0027001\u0027]/BELNR\",\"name\":\"Sales Order Number\",\"order\":\"\"}]","MIGGUID":"0136ca4aad53400abe722829b62f2868","Label_MIGStatus":"Active","CreateAcknowledgement":"","FunctionalAck":"","ImportCorrelationGroupId":"0136ca4aad53400abe722829b62f2868","MIGLink":"","Id":"myCompany","MessageType":"ORDRSP.ORDERS05","TypeSystemVersion":"755","MIGVersionId":"1.0"}},"RECEIVER_INTERCHANGE":{"Properties":{"Validation":"false","ImportCorrelationObjectId":"9e6baa3f4abe465ebb5ebc2c5f3f4519","TypeSystem":"SAP_S4HANA_Cloud_SOA","Label_MIGIdName":"01.b) [Trading Partner Name] - SAP SOAP 1905 OrderConfirmationRequest - Target","ContactPersonId":"","NumberRangeAlias":"","ObjectGUID":"9e6baa3f4abe465ebb5ebc2c5f3f4519","HasEnvelope":"false","custom_properties":"[]","MIGGUID":"db1a0e9f9cdb45908b9e8e26343dc12a","Label_MIGStatus":"Active","FunctionalAck":"","ImportCorrelationGroupId":"db1a0e9f9cdb45908b9e8e26343dc12a","MIGLink":"","Id":"18be672c721d4f1f845f6436ec301fba","MessageType":"OrderConfRequest","TypeSystemVersion":"1905","MIGVersionId":"2.0","RACKRequired":""}},"SENDER_SYSTEM":{"Properties":{"TypeSystem":"SAP_IDoc","SystemInstanceId":"9e446f07ceb64f33bae5e11b66be71ac","IdAsSender":"3759275e777b42259821d57e7af91c9c","IdAsReceiverAlias":"TP_IDOC_ID","IdAsSenderAlias":"Company_IDOC_SOA_ID","SystemInstanceAlias":"S/4 HANA System","Id":"myCompany","IdAsReceiver":"39b74d2db27f448ba6abe41a3b7769d0","TypeSystemVersion":"755"}},"MAPPING":{"Properties":{"MAGVersionId":"3.0","ImportCorrelationObjectId":"0111fbdbfc5c4773ac63f4300d8fee9c","Label_MAGName":"01.b) [Company Name] - SAP IDOC ORDRSP.ORDERS05 for SAP SOAP - to - SAP SOAP 1905 OrderConfirmationRequest","MAGGUID":"5b36c3c5c86b4c03856e4cda5967a7f1","ImportCorrelationGroupId":"5b36c3c5c86b4c03856e4cda5967a7f1","MAGLink":"","ObjectGUID":"0111fbdbfc5c4773ac63f4300d8fee9c","Id":"18be672c721d4f1f845f6436ec301fba","Label_MAGStatus":"Active"}},"RECEIVER_ADAPTER":{"Properties":{"CommunicationChannelTemplateId":"588a5be67b4644728c2ca3ddb8618082","CommunicationChannelTemplateAlias":"SOAP Receiver","Id":"18be672c721d4f1f845f6436ec301fba"}},"RECEIVER_SYSTEM":{"Properties":{"TypeSystem":"SAP_S4HANA_Cloud_SOA","SystemInstanceId":"4d79cc68ef0540dc9dd1dec9ea0c5160","IdAsReceiverAlias":"TP_SOAP_ID","IdAsSender":"f49e65fa67284c908b2c4e2d7a76d943","IdAsSenderAlias":"Company_SOAP_ID","SystemInstanceAlias":"[B2B Integration Factory]-System","Id":"18be672c721d4f1f845f6436ec301fba","IdAsReceiver":"0ca5dc5179c14e77bb5daf03e5f01537","TypeSystemVersion":"1905"}}}}}]},{"Id":"6abd68bcdb5f402f937df629e3400c37","PatternReference":{"Id":"NOTIFICATION","Version":"1.0","Name":"One Way Notification"},"Sequence":2,"TransactionProperties":{"Properties":{"communicationPartnerId":"","Initiator":"myCompany","Label_ReactorName":"[Trading Partner Name]","Reactor":"18be672c721d4f1f845f6436ec301fba","Name":"02.) Delivery Notification - Outbound","Label_InitiatorName":"[Company Name]"}},"BusinessTransactionActivities":[{"Id":"f4c26f8f8eee46be82caf40366ee3483","BusinessTransactionActivityReference":{"Id":"REQUEST-FLOW","Version":"1.0","Name":"Request Processing"},"Sequence":1,"BusinessTransactionActivityProperties":{"Properties":{}},"ActivityParameters":[],"ChoreographyProperties":{"Properties":{"SENDER_ADAPTER":{"Properties":{"CommunicationChannelTemplateId":"877cbbd5adcc43fd8a04cc324b9ba413","CommunicationChannelTemplateAlias":"IDOC Sender","Id":"myCompany","CCTForSenderFunctionalACKAlias":""}},"SENDER_INTERCHANGE":{"Properties":{"Validation":"false","ImportCorrelationObjectId":"a25876d897f54e0a8c93a6a629693661","TypeSystem":"SAP_IDoc","Label_MIGIdName":"02.) [Company Name] - SAP IDOC DESADV.DELVRY07 for SAP SOAP -Source","ContactPersonId":"","ObjectGUID":"a25876d897f54e0a8c93a6a629693661","HasEnvelope":"false","custom_properties":"[{\"source\":\"curr\",\"idAttribute\":\"bb25fd61dac141eaaa21c7152fcf9f8a\",\"type\":\"Xpath\",\"value\":\"//E1EDL20/VBELN\",\"name\":\"Delivery Number\",\"order\":\"\"}]","MIGGUID":"d81eaed824d6469f93619cc12d9e89b0","Label_MIGStatus":"Active","CreateAcknowledgement":"","FunctionalAck":"","ImportCorrelationGroupId":"d81eaed824d6469f93619cc12d9e89b0","MIGLink":"","Id":"myCompany","MessageType":"DESADV.DELVRY07","TypeSystemVersion":"755","MIGVersionId":"1.0"}},"RECEIVER_INTERCHANGE":{"Properties":{"Validation":"false","ImportCorrelationObjectId":"5459790f387a4d15851cd2553e935b31","TypeSystem":"SAP_S4HANA_Cloud_SOA","Label_MIGIdName":"02.) [Trading Partner Name] - SAP SOAP 1905 DeliveryRequest - Target","ContactPersonId":"","NumberRangeAlias":"","ObjectGUID":"5459790f387a4d15851cd2553e935b31","HasEnvelope":"false","custom_properties":"[]","MIGGUID":"84dec0c306d94d8c8ec60923432e5a6f","Label_MIGStatus":"Active","FunctionalAck":"","ImportCorrelationGroupId":"84dec0c306d94d8c8ec60923432e5a6f","MIGLink":"","Id":"18be672c721d4f1f845f6436ec301fba","MessageType":"DeliveryRequest","TypeSystemVersion":"1905","MIGVersionId":"2.0","RACKRequired":""}},"SENDER_SYSTEM":{"Properties":{"TypeSystem":"SAP_IDoc","SystemInstanceId":"9e446f07ceb64f33bae5e11b66be71ac","IdAsSender":"3759275e777b42259821d57e7af91c9c","IdAsReceiverAlias":"TP_IDOC_ID","IdAsSenderAlias":"Company_IDOC_SOA_ID","SystemInstanceAlias":"S/4 HANA System","Id":"myCompany","IdAsReceiver":"39b74d2db27f448ba6abe41a3b7769d0","TypeSystemVersion":"755"}},"MAPPING":{"Properties":{"MAGVersionId":"4.0","ImportCorrelationObjectId":"b56c26382aa047b1a10e35ceca621072","Label_MAGName":"02.) [Trading Partner Name] - SAP IDOC DESADV.DELVRY07 -to- SAP SOAP DeliveryRequest","MAGGUID":"c987d8fdaba1432c9bbb9b210be188a9","ImportCorrelationGroupId":"c987d8fdaba1432c9bbb9b210be188a9","MAGLink":"","ObjectGUID":"b56c26382aa047b1a10e35ceca621072","Id":"18be672c721d4f1f845f6436ec301fba","Label_MAGStatus":"Active"}},"RECEIVER_ADAPTER":{"Properties":{"CommunicationChannelTemplateId":"588a5be67b4644728c2ca3ddb8618082","CommunicationChannelTemplateAlias":"SOAP Receiver","Id":"18be672c721d4f1f845f6436ec301fba"}},"RECEIVER_SYSTEM":{"Properties":{"TypeSystem":"SAP_S4HANA_Cloud_SOA","SystemInstanceId":"4d79cc68ef0540dc9dd1dec9ea0c5160","IdAsReceiverAlias":"TP_SOAP_ID","IdAsSender":"f49e65fa67284c908b2c4e2d7a76d943","IdAsSenderAlias":"Company_SOAP_ID","SystemInstanceAlias":"[B2B Integration Factory]-System","Id":"18be672c721d4f1f845f6436ec301fba","IdAsReceiver":"0ca5dc5179c14e77bb5daf03e5f01537","TypeSystemVersion":"1905"}}}}}]},{"Id":"8118bb03590a4b87b76aa027812ec3db","PatternReference":{"Id":"NOTIFICATION","Version":"1.0","Name":"One Way Notification"},"Sequence":3,"TransactionProperties":{"Properties":{"communicationPartnerId":"","Initiator":"myCompany","Label_ReactorName":"[Trading Partner Name]","Reactor":"18be672c721d4f1f845f6436ec301fba","Name":"03.) Invoice - Outbound","Label_InitiatorName":"[Company Name]"}},"BusinessTransactionActivities":[{"Id":"c1096aa1e4174952930e6a53f55794ac","BusinessTransactionActivityReference":{"Id":"REQUEST-FLOW","Version":"1.0","Name":"Request Processing"},"Sequence":1,"BusinessTransactionActivityProperties":{"Properties":{}},"ActivityParameters":[],"ChoreographyProperties":{"Properties":{"SENDER_ADAPTER":{"Properties":{"CommunicationChannelTemplateId":"877cbbd5adcc43fd8a04cc324b9ba413","CommunicationChannelTemplateAlias":"IDOC Sender","Id":"myCompany","CCTForSenderFunctionalACKAlias":""}},"SENDER_INTERCHANGE":{"Properties":{"Validation":"false","ImportCorrelationObjectId":"0191090a754443d7813c4af7dcd39ade","TypeSystem":"SAP_IDoc","Label_MIGIdName":"03.) [Company Name] - SAP IDOC INVOIC.INVOIC02 for SAP SOAP - Source","ContactPersonId":"","ObjectGUID":"0191090a754443d7813c4af7dcd39ade","HasEnvelope":"false","custom_properties":"[{\"source\":\"curr\",\"idAttribute\":\"3ab13907f6ad4153a3a9143b8b202037\",\"type\":\"Xpath\",\"value\":\"//E1EDK01/BELNR\",\"name\":\"Invoice Number\",\"order\":\"\"}]","MIGGUID":"82da744169244ad499d30bebd003f812","Label_MIGStatus":"Active","CreateAcknowledgement":"","FunctionalAck":"","ImportCorrelationGroupId":"82da744169244ad499d30bebd003f812","MIGLink":"","Id":"myCompany","MessageType":"INVOIC.INVOIC02","TypeSystemVersion":"755","MIGVersionId":"1.0"}},"RECEIVER_INTERCHANGE":{"Properties":{"Validation":"false","ImportCorrelationObjectId":"0a5ee9cb7c9242ab9330965a241381ca","TypeSystem":"SAP_S4HANA_Cloud_SOA","Label_MIGIdName":"03.) [Trading Partner Name] - SAP SOAP 2302 InvoiceRequest - Target","ContactPersonId":"","NumberRangeAlias":"","ObjectGUID":"0a5ee9cb7c9242ab9330965a241381ca","HasEnvelope":"false","custom_properties":"[]","MIGGUID":"da5f9ce5571842209f31c2f731617cf3","Label_MIGStatus":"Active","FunctionalAck":"","ImportCorrelationGroupId":"da5f9ce5571842209f31c2f731617cf3","MIGLink":"","Id":"18be672c721d4f1f845f6436ec301fba","MessageType":"InvoiceRequest","TypeSystemVersion":"1905","MIGVersionId":"3.0","RACKRequired":""}},"SENDER_SYSTEM":{"Properties":{"TypeSystem":"SAP_IDoc","SystemInstanceId":"9e446f07ceb64f33bae5e11b66be71ac","IdAsSender":"3759275e777b42259821d57e7af91c9c","IdAsReceiverAlias":"TP_IDOC_ID","IdAsSenderAlias":"Company_IDOC_SOA_ID","SystemInstanceAlias":"S/4 HANA System","Id":"myCompany","IdAsReceiver":"39b74d2db27f448ba6abe41a3b7769d0","TypeSystemVersion":"755"}},"MAPPING":{"Properties":{"MAGVersionId":"5.0","ImportCorrelationObjectId":"053f673dafe14250ae7ffc46dbc92a9f","Label_MAGName":"03.) [Trading Partner Name] - SAP IDOC INVOIC.INVOIC02 for Customer EDI -to- SAP SOAP 2302 InvoiceRequest","MAGGUID":"0f0596e071f9437daf00fad994ea062b","ImportCorrelationGroupId":"0f0596e071f9437daf00fad994ea062b","MAGLink":"","ObjectGUID":"053f673dafe14250ae7ffc46dbc92a9f","Id":"18be672c721d4f1f845f6436ec301fba","Label_MAGStatus":"Active"}},"RECEIVER_ADAPTER":{"Properties":{"CommunicationChannelTemplateId":"588a5be67b4644728c2ca3ddb8618082","CommunicationChannelTemplateAlias":"SOAP Receiver","Id":"18be672c721d4f1f845f6436ec301fba"}},"RECEIVER_SYSTEM":{"Properties":{"TypeSystem":"SAP_S4HANA_Cloud_SOA","SystemInstanceId":"4d79cc68ef0540dc9dd1dec9ea0c5160","IdAsReceiverAlias":"TP_SOAP_ID","IdAsSender":"f49e65fa67284c908b2c4e2d7a76d943","IdAsSenderAlias":"Company_SOAP_ID","SystemInstanceAlias":"[B2B Integration Factory]-System","Id":"18be672c721d4f1f845f6436ec301fba","IdAsReceiver":"0ca5dc5179c14e77bb5daf03e5f01537","TypeSystemVersion":"1905"}}}}}]}],"DocumentSchemaVersion":"1.0","administrativeData":{"createdAt":1731503165559,"createdBy":"tamaki.ogura@sap.com","modifiedAt":1757498047020,"modifiedBy":"noah.rauch@sap.com"},"ParentId":"ba8c9f9563dd4907b1ce204dd1d2bb9c","ParentArtifactType":"TRADING_PARTNER_AGREEMENT_V2","searchableAttributes":{"CUSTOM_SEARCH_ATTRIBUTE":["3ab13907f6ad4153a3a9143b8b202037","771eb76e963d4d4492f819a0bcc7876a","335ed49f5cd046748980a3f20ef8fef2","bb25fd61dac141eaaa21c7152fcf9f8a"],"TENANT":["e30aab0a-9c29-40d4-a156-5e6dc245c28f"]},"artifactProperties":{"TransactionsNumber":"3"},"relations":[],"ArtifactRelations":{},"artifactStatus":"Draft","uniqueId":"15a406a8a36c46d5a469ae49cb20b2c0","displayName":"B2B Scenario","semanticVersion":"2.0","versionInfo":{"versionGroup":"15a406a8a36c46d5a469ae49cb20b2c0","versionNumber":1,"versionTag":"Draft","versionType":"Unversioned","taktVersion":0,"versionedAt":1731503165559,"versionedBy":"tamaki.ogura@sap.com"},"id":"15a406a8a36c46d5a469ae49cb20b2c0","artifactType":"B2B_SCENARIO"}