{"IsVanScenario":false,"FunctionalAck":{},"BusinessTransactions":[{"Id":"743d9820ac1d485caaf05c1d74eeaadf","PatternReference":{"Id":"REQUEST_RESPONSE","Version":"1.0","Name":"Two Way Request Reply"},"Sequence":1,"TransactionProperties":{"Properties":{"communicationPartnerId":"","Initiator":"18be672c721d4f1f845f6436ec301fba","Label_ReactorName":"[Company Name]","Reactor":"myCompany","Name":"01.) Sales Order Request/Response","Label_InitiatorName":"[Trading Partner Name]"}},"BusinessTransactionActivities":[{"Id":"825bea50ef4649409b092d80c973c61e","BusinessTransactionActivityReference":{"Id":"REQUEST-FLOW","Version":"1.0","Name":"Request Processing"},"Sequence":1,"BusinessTransactionActivityProperties":{"Properties":{}},"ActivityParameters":[],"ChoreographyProperties":{"Properties":{"SENDER_ADAPTER":{"Properties":{"CCTForSenderFunctionalACKAlias":"","CommunicationChannelTemplateId":"e5e5781b2cb244639801cb9f0ec585ad","CommunicationChannelTemplateAlias":"B2B-Simulation.Sender","Id":"18be672c721d4f1f845f6436ec301fba"}},"SENDER_INTERCHANGE":{"Properties":{"Validation":"false","ImportCorrelationObjectId":"b6f4bbf3b67541588fe1f5aae0ddc647","TypeSystem":"SAP_S4HANA_Cloud_SOA","Label_MIGIdName":"01.a) [Trading Partner Name] - SAP SOAP 1905 OrderRequest - Source","ContactPersonId":"","ObjectGUID":"a7b7c37b479f4ffeb92c11262a838396","HasEnvelope":"false","MIGGUID":"625e7a8464414fae90472845faa78a1f","Label_MIGStatus":"Active","CreateAcknowledgement":"","FunctionalAck":"","ImportCorrelationGroupId":"8257680e1b5e4048b76daa9624545dfd","MIGLink":"","Id":"18be672c721d4f1f845f6436ec301fba","MessageType":"OrderRequest","TypeSystemVersion":"1809_FPS02","MIGVersionId":"2.0"}},"RECEIVER_INTERCHANGE":{"Properties":{"Validation":"false","ImportCorrelationObjectId":"76feb3b9e7384e39b83c38272f962fbf","TypeSystem":"SAP_IDoc","Label_MIGIdName":"01.a) [Company Name] - SAP IDOC ORDERS.ORDERS05 for SAP SOAP - Target","ContactPersonId":"","ObjectGUID":"bcb84ea9678d440dbb083b955b29a274","HasEnvelope":"false","MIGGUID":"653f898dd0a645eaa2b16d086c27f8ed","NumberRange":"ICN_DEFAULT","Label_MIGStatus":"Active","FunctionalAck":"","ImportCorrelationGroupId":"287331fe9f3a4f41a4aa46c8ba981aa9","MIGLink":"","Id":"myCompany","MessageType":"ORDERS.ORDERS05","TypeSystemVersion":"755","MIGVersionId":"1.0","RACKRequired":""}},"SENDER_SYSTEM":{"Properties":{"TypeSystem":"SAP_S4HANA_Cloud_SOA","SystemInstanceId":"4d79cc68ef0540dc9dd1dec9ea0c5160","IdAsSender":"0ca5dc5179c14e77bb5daf03e5f01537","IdAsReceiverAlias":"Company_SOAP_ID","IdAsSenderAlias":"TP_SOAP_ID","SystemInstanceAlias":"[B2B Integration Factory]-System","IdAsReceiver":"f49e65fa67284c908b2c4e2d7a76d943","Id":"18be672c721d4f1f845f6436ec301fba","TypeSystemVersion":"1905"}},"MAPPING":{"Properties":{"MAGVersionId":"3.0","ImportCorrelationObjectId":"151b1ac84a714cf8849b1ad29ac28ff0","Label_MAGName":"01.a) [Trading Partner Name] - SAP SOAP OrderRequest -to- SAP IDOC ORDERS.ORDERS05","MAGGUID":"19f70d609dd1486bb135d3c7da280860","ImportCorrelationGroupId":"e68a69690ae742629b9acda1b3248c9d","MAGLink":"","ObjectGUID":"33840be741ab4aabb938731580e3037e","Id":"18be672c721d4f1f845f6436ec301fba","Label_MAGStatus":"Active"}},"RECEIVER_ADAPTER":{"Properties":{"CommunicationChannelTemplateId":"8e69240364144c06a5d42fa746694f70","CommunicationChannelTemplateAlias":"B2B-Simulation.Receiver","Id":"myCompany"}},"RECEIVER_SYSTEM":{"Properties":{"TypeSystem":"SAP_IDoc","SystemInstanceId":"9e446f07ceb64f33bae5e11b66be71ac","IdAsSender":"39b74d2db27f448ba6abe41a3b7769d0","IdAsReceiverAlias":"Company_IDOC_SOA_ID","IdAsSenderAlias":"TP_IDOC_ID","SystemInstanceAlias":"S/4 HANA System","Id":"myCompany","IdAsReceiver":"3759275e777b42259821d57e7af91c9c","TypeSystemVersion":"755"}}}}},{"Id":"39a1533c34d24dbcb417592719bb8b78","BusinessTransactionActivityReference":{"Id":"RESPONSE-FLOW","Version":"1.0","Name":"Response Processing"},"Sequence":1,"BusinessTransactionActivityProperties":{"Properties":{}},"ActivityParameters":[],"ChoreographyProperties":{"Properties":{"SENDER_ADAPTER":{"Properties":{"CCTForSenderFunctionalACKAlias":"","CommunicationChannelTemplateId":"465a5f3f773047c19f8648d929b384a8","CommunicationChannelTemplateAlias":"B2B-Simulation.Sender","Id":"myCompany"}},"SENDER_INTERCHANGE":{"Properties":{"Validation":"false","ImportCorrelationObjectId":"89e6b646e7784c209e7b1dfe60601c1d","TypeSystem":"SAP_IDoc","Label_MIGIdName":"01.b) [Company Name] - SAP IDOC ORDRSP.ORDERS05 for SAP SOAP - Source","ContactPersonId":"","ObjectGUID":"622cbd20c4b04231be01f53033db8532","HasEnvelope":"false","MIGGUID":"e2b1ce66bf4e4d3dbd0c14f1d5e0860e","Label_MIGStatus":"Active","CreateAcknowledgement":"","FunctionalAck":"","ImportCorrelationGroupId":"0136ca4aad53400abe722829b62f2868","MIGLink":"","Id":"myCompany","MessageType":"ORDRSP.ORDERS05","TypeSystemVersion":"755","MIGVersionId":"1.0"}},"RECEIVER_INTERCHANGE":{"Properties":{"Validation":"false","ImportCorrelationObjectId":"796f9aaac8c948008b6c4df67b34f057","TypeSystem":"SAP_S4HANA_Cloud_SOA","Label_MIGIdName":"01.b) [Trading Partner Name] - SAP SOAP 1905 OrderConfirmationRequest - Target","ContactPersonId":"","NumberRangeAlias":"","ObjectGUID":"726a3320ed164e0aaab8678dadffe47a","HasEnvelope":"false","MIGGUID":"ac9fb51e0d434c39a70778d86836e054","Label_MIGStatus":"Active","FunctionalAck":"","ImportCorrelationGroupId":"db1a0e9f9cdb45908b9e8e26343dc12a","MIGLink":"","Id":"18be672c721d4f1f845f6436ec301fba","MessageType":"OrderConfRequest","TypeSystemVersion":"1905","MIGVersionId":"1.0","RACKRequired":""}},"SENDER_SYSTEM":{"Properties":{"TypeSystem":"SAP_IDoc","SystemInstanceId":"9e446f07ceb64f33bae5e11b66be71ac","IdAsSender":"3759275e777b42259821d57e7af91c9c","IdAsReceiverAlias":"TP_IDOC_ID","IdAsSenderAlias":"Company_IDOC_SOA_ID","SystemInstanceAlias":"S/4 HANA System","Id":"myCompany","IdAsReceiver":"39b74d2db27f448ba6abe41a3b7769d0","TypeSystemVersion":"755"}},"MAPPING":{"Properties":{"MAGVersionId":"2.0","ImportCorrelationObjectId":"0728c04ed3b042c89aeb86b0ec4cf884","Label_MAGName":"01.b) [Company Name] - SAP IDOC ORDRSP.ORDERS05 for SAP SOAP - to - SAP SOAP 1905 OrderConfirmationRequest","MAGGUID":"acf025ce6cd44b47b20dafbd8eb9c7b3","ImportCorrelationGroupId":"5b36c3c5c86b4c03856e4cda5967a7f1","MAGLink":"","ObjectGUID":"607afb15542749a1b529d7c011a1a523","Id":"18be672c721d4f1f845f6436ec301fba","Label_MAGStatus":"Active"}},"RECEIVER_ADAPTER":{"Properties":{"CommunicationChannelTemplateId":"88ae6603360f4761a203354f716fb736","CommunicationChannelTemplateAlias":"B2B-Simulation.Receiver","Id":"18be672c721d4f1f845f6436ec301fba"}},"RECEIVER_SYSTEM":{"Properties":{"TypeSystem":"SAP_S4HANA_Cloud_SOA","SystemInstanceId":"4d79cc68ef0540dc9dd1dec9ea0c5160","IdAsReceiverAlias":"TP_SOAP_ID","IdAsSender":"f49e65fa67284c908b2c4e2d7a76d943","IdAsSenderAlias":"Company_SOAP_ID","SystemInstanceAlias":"[B2B Integration Factory]-System","Id":"18be672c721d4f1f845f6436ec301fba","IdAsReceiver":"0ca5dc5179c14e77bb5daf03e5f01537","TypeSystemVersion":"1905"}}}}}]},{"Id":"6abd68bcdb5f402f937df629e3400c37","PatternReference":{"Id":"NOTIFICATION","Version":"1.0","Name":"One Way Notification"},"Sequence":2,"TransactionProperties":{"Properties":{"communicationPartnerId":"","Initiator":"myCompany","Label_ReactorName":"[Trading Partner Name]","Reactor":"18be672c721d4f1f845f6436ec301fba","Name":"02.) Delivery Notification - Outbound","Label_InitiatorName":"[Company Name]"}},"BusinessTransactionActivities":[{"Id":"f4c26f8f8eee46be82caf40366ee3483","BusinessTransactionActivityReference":{"Id":"REQUEST-FLOW","Version":"1.0","Name":"Request Processing"},"Sequence":1,"BusinessTransactionActivityProperties":{"Properties":{}},"ActivityParameters":[],"ChoreographyProperties":{"Properties":{"SENDER_ADAPTER":{"Properties":{"CCTForSenderFunctionalACKAlias":"","CommunicationChannelTemplateId":"465a5f3f773047c19f8648d929b384a8","CommunicationChannelTemplateAlias":"B2B-Simulation.Sender","Id":"myCompany"}},"SENDER_INTERCHANGE":{"Properties":{"Validation":"false","ImportCorrelationObjectId":"a25876d897f54e0a8c93a6a629693661","TypeSystem":"SAP_IDoc","Label_MIGIdName":"02.) [Company Name] - SAP IDOC DESADV.DELVRY07 for SAP SOAP -Source","ContactPersonId":"","ObjectGUID":"3b3f7e38f815409aa2889c9cf2805ab9","HasEnvelope":"false","MIGGUID":"627995f5a69644abb9598ccc4beabc5d","Label_MIGStatus":"Active","CreateAcknowledgement":"","FunctionalAck":"","ImportCorrelationGroupId":"d81eaed824d6469f93619cc12d9e89b0","MIGLink":"","Id":"myCompany","MessageType":"DESADV.DELVRY07","TypeSystemVersion":"755","MIGVersionId":"1.0"}},"RECEIVER_INTERCHANGE":{"Properties":{"Validation":"false","ImportCorrelationObjectId":"8ed947b8ffda4fb0918db29c34fc1e82","TypeSystem":"SAP_S4HANA_Cloud_SOA","Label_MIGIdName":"02.) [Trading Partner Name] - SAP SOAP 1905 DeliveryRequest - Target","ContactPersonId":"","NumberRangeAlias":"","ObjectGUID":"2bd0503993d24c74be3a4926fe37a10d","HasEnvelope":"false","MIGGUID":"c65dc2758dfa45d4a5c3e5c82f87af7a","Label_MIGStatus":"Active","FunctionalAck":"","ImportCorrelationGroupId":"84dec0c306d94d8c8ec60923432e5a6f","MIGLink":"","Id":"18be672c721d4f1f845f6436ec301fba","MessageType":"DeliveryRequest","TypeSystemVersion":"1905","MIGVersionId":"1.0","RACKRequired":""}},"SENDER_SYSTEM":{"Properties":{"TypeSystem":"SAP_IDoc","SystemInstanceId":"9e446f07ceb64f33bae5e11b66be71ac","IdAsSender":"3759275e777b42259821d57e7af91c9c","IdAsReceiverAlias":"TP_IDOC_ID","IdAsSenderAlias":"Company_IDOC_SOA_ID","SystemInstanceAlias":"S/4 HANA System","Id":"myCompany","IdAsReceiver":"39b74d2db27f448ba6abe41a3b7769d0","TypeSystemVersion":"755"}},"MAPPING":{"Properties":{"MAGVersionId":"3.0","ImportCorrelationObjectId":"2667e02580a144f7b48777e2c3a597fa","Label_MAGName":"02.) [Trading Partner Name] - SAP IDOC DESADV.DELVRY07 -to- SAP SOAP DeliveryRequest","MAGGUID":"3d77eacb8801441ea6d902f5388d154a","ImportCorrelationGroupId":"c987d8fdaba1432c9bbb9b210be188a9","MAGLink":"","ObjectGUID":"46fd1113163f48098650051db657b5c0","Id":"18be672c721d4f1f845f6436ec301fba","Label_MAGStatus":"Active"}},"RECEIVER_ADAPTER":{"Properties":{"CommunicationChannelTemplateId":"88ae6603360f4761a203354f716fb736","CommunicationChannelTemplateAlias":"B2B-Simulation.Receiver","Id":"18be672c721d4f1f845f6436ec301fba"}},"RECEIVER_SYSTEM":{"Properties":{"TypeSystem":"SAP_S4HANA_Cloud_SOA","SystemInstanceId":"4d79cc68ef0540dc9dd1dec9ea0c5160","IdAsReceiverAlias":"TP_SOAP_ID","IdAsSender":"f49e65fa67284c908b2c4e2d7a76d943","IdAsSenderAlias":"Company_SOAP_ID","SystemInstanceAlias":"[B2B Integration Factory]-System","Id":"18be672c721d4f1f845f6436ec301fba","IdAsReceiver":"0ca5dc5179c14e77bb5daf03e5f01537","TypeSystemVersion":"1905"}}}}}]},{"Id":"8118bb03590a4b87b76aa027812ec3db","PatternReference":{"Id":"NOTIFICATION","Version":"1.0","Name":"One Way Notification"},"Sequence":3,"TransactionProperties":{"Properties":{"communicationPartnerId":"","Initiator":"myCompany","Label_ReactorName":"[Trading Partner Name]","Reactor":"18be672c721d4f1f845f6436ec301fba","Name":"03.) Invoice - Outbound","Label_InitiatorName":"[Company Name]"}},"BusinessTransactionActivities":[{"Id":"c1096aa1e4174952930e6a53f55794ac","BusinessTransactionActivityReference":{"Id":"REQUEST-FLOW","Version":"1.0","Name":"Request Processing"},"Sequence":1,"BusinessTransactionActivityProperties":{"Properties":{}},"ActivityParameters":[],"ChoreographyProperties":{"Properties":{"SENDER_ADAPTER":{"Properties":{"CCTForSenderFunctionalACKAlias":"","CommunicationChannelTemplateId":"465a5f3f773047c19f8648d929b384a8","CommunicationChannelTemplateAlias":"B2B-Simulation.Sender","Id":"myCompany"}},"SENDER_INTERCHANGE":{"Properties":{"Validation":"false","ImportCorrelationObjectId":"0191090a754443d7813c4af7dcd39ade","TypeSystem":"SAP_IDoc","Label_MIGIdName":"03.) [Company Name] - SAP IDOC INVOIC.INVOIC02 for SAP SOAP - Source","ContactPersonId":"","ObjectGUID":"18f2c07474354d76a2b3ed7ee37ed67d","HasEnvelope":"false","MIGGUID":"13f409532ef14ace9e1eeea9616e2299","Label_MIGStatus":"Active","CreateAcknowledgement":"","FunctionalAck":"","ImportCorrelationGroupId":"82da744169244ad499d30bebd003f812","MIGLink":"","Id":"myCompany","MessageType":"INVOIC.INVOIC02","TypeSystemVersion":"755","MIGVersionId":"1.0"}},"RECEIVER_INTERCHANGE":{"Properties":{"Validation":"false","ImportCorrelationObjectId":"daf328f9aad7440d81f4ea303c7c6e31","TypeSystem":"SAP_S4HANA_Cloud_SOA","Label_MIGIdName":"03.) [Trading Partner Name] - SAP SOAP 2302 InvoiceRequest - Target","ContactPersonId":"","NumberRangeAlias":"","ObjectGUID":"acb36a84dd124f8a926c5e220e687bb0","HasEnvelope":"false","MIGGUID":"474f060d527b4e3badb4af59aa114674","Label_MIGStatus":"Active","FunctionalAck":"","ImportCorrelationGroupId":"da5f9ce5571842209f31c2f731617cf3","MIGLink":"","Id":"18be672c721d4f1f845f6436ec301fba","MessageType":"InvoiceRequest","TypeSystemVersion":"1905","MIGVersionId":"2.0","RACKRequired":""}},"SENDER_SYSTEM":{"Properties":{"TypeSystem":"SAP_IDoc","SystemInstanceId":"9e446f07ceb64f33bae5e11b66be71ac","IdAsSender":"3759275e777b42259821d57e7af91c9c","IdAsReceiverAlias":"TP_IDOC_ID","IdAsSenderAlias":"Company_IDOC_SOA_ID","SystemInstanceAlias":"S/4 HANA System","Id":"myCompany","IdAsReceiver":"39b74d2db27f448ba6abe41a3b7769d0","TypeSystemVersion":"755"}},"MAPPING":{"Properties":{"MAGVersionId":"4.0","ImportCorrelationObjectId":"c22a6d1d23b34ba09530adb660a08b7f","Label_MAGName":"03.) [Trading Partner Name] - SAP IDOC INVOIC.INVOIC02 for Customer EDI -to- SAP SOAP 2302 InvoiceRequest","MAGGUID":"7af4ea3e1c8440719323bce3d47e7fd7","ImportCorrelationGroupId":"0f0596e071f9437daf00fad994ea062b","MAGLink":"","ObjectGUID":"115c94df05b8496582e263a6020b7bb2","Id":"18be672c721d4f1f845f6436ec301fba","Label_MAGStatus":"Active"}},"RECEIVER_ADAPTER":{"Properties":{"CommunicationChannelTemplateId":"88ae6603360f4761a203354f716fb736","CommunicationChannelTemplateAlias":"B2B-Simulation.Receiver","Id":"18be672c721d4f1f845f6436ec301fba"}},"RECEIVER_SYSTEM":{"Properties":{"TypeSystem":"SAP_S4HANA_Cloud_SOA","SystemInstanceId":"4d79cc68ef0540dc9dd1dec9ea0c5160","IdAsReceiverAlias":"TP_SOAP_ID","IdAsSender":"f49e65fa67284c908b2c4e2d7a76d943","IdAsSenderAlias":"Company_SOAP_ID","SystemInstanceAlias":"[B2B Integration Factory]-System","Id":"18be672c721d4f1f845f6436ec301fba","IdAsReceiver":"0ca5dc5179c14e77bb5daf03e5f01537","TypeSystemVersion":"1905"}}}}}]}],"DocumentSchemaVersion":"1.0","administrativeData":{"createdAt":1743774395755,"createdBy":"moussa.el.kakouchi@sap.com","modifiedAt":1743976102459,"modifiedBy":"moussa.el.kakouchi@sap.com"},"ParentId":"ba8c9f9563dd4907b1ce204dd1d2bb9c","ParentArtifactType":"TRADING_PARTNER_AGREEMENT_V2","searchableAttributes":{"CUSTOM_SEARCH_ATTRIBUTE":[],"TENANT":["0276649a-0a57-4c1b-9235-3fa585ecc5df"]},"artifactProperties":{"TransactionsNumber":"3"},"relations":[],"ArtifactRelations":{},"artifactStatus":"Draft","id":"15a406a8a36c46d5a469ae49cb20b2c0","uniqueId":"15a406a8a36c46d5a469ae49cb20b2c0","artifactType":"B2B_SCENARIO","displayName":"B2B Scenario","semanticVersion":"2.0"}