{"ArtifactMetadata":{"SchemaVersion":"1.0","ArtifactType":"MagVersionInfo"},"value":{"ObjectGUID":"33c49ab1173a449eb4b425a30e85a8ea","MAGGUID":"c589494b919d4b46863079e7f812b78a","ImportCorrelationObjectId":"479c94df690c4db08b667d424664ded3","ImportCorrelationGroupId":"d56411333a46422480198cf2ceb5b800","VersionId":"1.0","Name":"01.) [Trading Partner Name] - ASC X12 004010 850 -to- SAP IDOC ORDERS.ORDERS05","Status":"Active","SourceMig":{"ObjectGUID":"e4be1efa69b94464b048885b678ee263","MIGGUID":"cad722b3f85a43a4b60b990ea42e6fa3","ImportCorrelationObjectId":"9816417cfab64e718510c16a723d4921","ImportCorrelationGroupId":"2b069a5f502e465a9b27c5b3fc3ad0a3","VersionId":"1.0","Name":"01.) [Trading Partner Name] - ASC X12 004010 850 - Source","Status":"Active","HasEnvelope":false,"MessageTemplate":{"TypeSystemId":"ASC_X12","TypeSystemDisplayId":"ASC X12","VersionId":"004010","VersionDisplayId":"004010","Revision":2,"Id":"850","DisplayId":"850","Name":"Purchase Order","IsCustomMessage":false},"AdministrativeData":{"CreatedBy":"moussa.el.kakouchi@sap.com","CreatedOn":1732718506224,"ModifiedBy":"moussa.el.kakouchi@sap.com","ModifiedOn":1743420292318,"LastImportedOn":1743420292318,"LastImportedBy":"moussa.el.kakouchi@sap.com"}},"TargetMig":{"ObjectGUID":"396731283ef644c9b9dfa97b2f6b5f6b","MIGGUID":"b411f60162dd4c30b60bf15cbed2edea","ImportCorrelationObjectId":"fe03c33414cf43ae824aa77862f8f345","ImportCorrelationGroupId":"7eace892ab9342109bf675d8c3c78d3f","VersionId":"1.0","Name":"01.a) [Company Name] - SAP IDOC ORDERS.ORDERS05 for Customer EDI - Target","Status":"Deprecated","HasEnvelope":false,"MessageTemplate":{"TypeSystemId":"SAP_IDoc","TypeSystemDisplayId":"SAP S/4HANA On Premise IDoc","VersionId":"1809_FPS02","VersionDisplayId":"1809 FPS02","Revision":11,"Id":"ORDERS.ORDERS05","DisplayId":"ORDERS.ORDERS05","Name":"Purchase order / order","IsCustomMessage":false},"AdministrativeData":{"CreatedBy":"gunther.stuhec@sap.com","CreatedOn":1722514886173,"ModifiedBy":"moussa.el.kakouchi@sap.com","ModifiedOn":1743544583077,"LastImportedOn":1732716700334,"LastImportedBy":"moussa.el.kakouchi@sap.com"}},"AdministrativeData":{"CreatedBy":"moussa.el.kakouchi@sap.com","CreatedOn":1732718506733,"ModifiedBy":"moussa.el.kakouchi@sap.com","ModifiedOn":1743420293019,"LastImportedOn":1743420293019,"LastImportedBy":"moussa.el.kakouchi@sap.com"}}}