{"ArtifactMetadata":{"SchemaVersion":"1.0","ArtifactType":"MagVersionInfo"},"value":{"ObjectGUID":"53c09befa7cf4165bd644deeb7249448","MAGGUID":"fabc63d01fd84ea2acecc0238a7eeb59","ImportCorrelationObjectId":"90cff86a40184c839953e848a7283525","ImportCorrelationGroupId":"68cf3b26afcb40b39c93c2d034805899","VersionId":"1.0","Name":"02.) [Trading Partner Name] - SAP IDOC DESADV.DELVRY07 -to- ASC X12 004010 856","Status":"Active","SourceMig":{"ObjectGUID":"f3203d7e30774a3f8c8bf311122a2d81","MIGGUID":"357d77a55c03407ab8a42739d0c500ca","ImportCorrelationObjectId":"4fd764bec69b4cc6ac0fc838bcd667d9","ImportCorrelationGroupId":"0fa5645e013b407d885ded622fb6fc70","VersionId":"1.0","Name":"02.) [Company Name] - SAP IDOC DESADV.DELVRY07 for ASC X12 Customer EDI - Source","Status":"Active","HasEnvelope":false,"MessageTemplate":{"TypeSystemId":"SAP_IDoc","TypeSystemDisplayId":"SAP S/4HANA On Premise IDoc","VersionId":"1809_FPS02","VersionDisplayId":"1809 FPS02","Revision":11,"Id":"DESADV.DELVRY07","DisplayId":"DESADV.DELVRY07","Name":"Delivery: Shipping notification","IsCustomMessage":false},"AdministrativeData":{"CreatedBy":"moussa.el.kakouchi@sap.com","CreatedOn":1743420588882,"ModifiedBy":"moussa.el.kakouchi@sap.com","ModifiedOn":1743420588882,"LastImportedOn":1743420588882,"LastImportedBy":"moussa.el.kakouchi@sap.com"}},"TargetMig":{"ObjectGUID":"8f6ea547eeb44555823ec95296a7d567","MIGGUID":"8ebe825226eb41c5bfeb6ae4467d823f","ImportCorrelationObjectId":"20aa06c4c0444097a23b481c2d54ab6f","ImportCorrelationGroupId":"9c3c6924fc89461e9db1b16a85a9b450","VersionId":"1.0","Name":"02.) [Trading Partner Name] - ASC X12 004010 856 - Target","Status":"Active","HasEnvelope":true,"MessageTemplate":{"TypeSystemId":"ASC_X12","TypeSystemDisplayId":"ASC X12","VersionId":"004010","VersionDisplayId":"004010","Revision":2,"Id":"856","DisplayId":"856","Name":"Ship Notice/Manifest","IsCustomMessage":false},"EnvelopeTemplate":{"TypeSystemId":"ASC_X12","TypeSystemDisplayId":"ASC X12","VersionId":"004010","VersionDisplayId":"004010","Revision":2,"Id":"Envelope","DisplayId":"Envelope","IsCustomMessage":false},"AdministrativeData":{"CreatedBy":"moussa.el.kakouchi@sap.com","CreatedOn":1743420589450,"ModifiedBy":"moussa.el.kakouchi@sap.com","ModifiedOn":1743420589450,"LastImportedOn":1743420589450,"LastImportedBy":"moussa.el.kakouchi@sap.com"}},"AdministrativeData":{"CreatedBy":"moussa.el.kakouchi@sap.com","CreatedOn":1743420590148,"ModifiedBy":"moussa.el.kakouchi@sap.com","ModifiedOn":1743420590148,"LastImportedOn":1743420590148,"LastImportedBy":"moussa.el.kakouchi@sap.com"}}}