{"ArtifactMetadata":{"SchemaVersion":"1.0","ArtifactType":"MagVersionInfo"},"value":{"ObjectGUID":"c0600825c9e447eb8ae08dcc93ae82fe","MAGGUID":"cccd958287fd4a5d9985865dcc4207f7","ImportCorrelationObjectId":"5cbd6e162fa848ae9d124429ff2e4e71","ImportCorrelationGroupId":"97cb3475b1384c51a124c887487089f6","VersionId":"1.0","Name":"01.b) [Trading Partner Name] - SAP IDOC ORDRSP.ORDERS05 -to- ASC X12 004010 855","Status":"Active","SourceMig":{"ObjectGUID":"a2c8b3c37e4946dabe18d3701763abc1","MIGGUID":"a3ea6d3088c84d21bd42d80d0b284530","ImportCorrelationObjectId":"28aab241e09d4247b65dd122926130a5","ImportCorrelationGroupId":"6868c2d805634f24aebba47f02797094","VersionId":"1.0","Name":"01.b) [Company Name] - SAP IDOC ORDRSP.ORDERS05 for Customer EDI - Source","Status":"Deprecated","HasEnvelope":false,"MessageTemplate":{"TypeSystemId":"SAP_IDoc","TypeSystemDisplayId":"SAP S/4HANA On Premise IDoc","VersionId":"1809_FPS02","VersionDisplayId":"1809 FPS02","Revision":11,"Id":"ORDRSP.ORDERS05","DisplayId":"ORDRSP.ORDERS05","Name":"Purchase order / order confirmation","IsCustomMessage":false},"AdministrativeData":{"CreatedBy":"gunther.stuhec@sap.com","CreatedOn":1722514887980,"ModifiedBy":"moussa.el.kakouchi@sap.com","ModifiedOn":1743497902083,"LastImportedOn":1732716755658,"LastImportedBy":"moussa.el.kakouchi@sap.com"}},"TargetMig":{"ObjectGUID":"32110cf6216544419bd3209a441ae78b","MIGGUID":"e8306996ff73414b95196ef48e3b62b6","ImportCorrelationObjectId":"2f0b1c3f10704bf8b126a70565db68ae","ImportCorrelationGroupId":"36915a5cc79f43019f2bcfede41fdad5","VersionId":"1.0","Name":"01.b) [Trading Partner Name] - ASC X12 004010 855 - Target","Status":"Active","HasEnvelope":false,"MessageTemplate":{"TypeSystemId":"ASC_X12","TypeSystemDisplayId":"ASC X12","VersionId":"004010","VersionDisplayId":"004010","Revision":2,"Id":"855","DisplayId":"855","Name":"Purchase Order Acknowledgment","IsCustomMessage":false},"AdministrativeData":{"CreatedBy":"moussa.el.kakouchi@sap.com","CreatedOn":1732718522318,"ModifiedBy":"moussa.el.kakouchi@sap.com","ModifiedOn":1743420568941,"LastImportedOn":1743420568941,"LastImportedBy":"moussa.el.kakouchi@sap.com"}},"AdministrativeData":{"CreatedBy":"moussa.el.kakouchi@sap.com","CreatedOn":1732718522882,"ModifiedBy":"moussa.el.kakouchi@sap.com","ModifiedOn":1743420569671,"LastImportedOn":1743420569671,"LastImportedBy":"moussa.el.kakouchi@sap.com"}}}