{"ArtifactMetadata":{"SchemaVersion":"1.0","ArtifactType":"MagVersionInfo"},"value":{"ObjectGUID":"f04a0556543a423fb37db63048375fbe","MAGGUID":"b6358c22f3414237a1cd21b4a4494cd9","ImportCorrelationObjectId":"3fe8f72b87b84f4bbe27e9f1d3e07d8d","ImportCorrelationGroupId":"0193253a2e9e4aaaa43803f2aaaf83e8","VersionId":"1.0","Name":"03.) [Trading Partner Name] - SAP IDOC INVOIC.INVOIC02 -to- ASC X12 004010 810","Status":"Active","SourceMig":{"ObjectGUID":"4001c5205b404f40ad084d10a23e9765","MIGGUID":"3aaa60e973be47c6820909ab21b49dd3","ImportCorrelationObjectId":"073c07275d6f4e95a2225474a0ecee24","ImportCorrelationGroupId":"5449ec81ca7543a19f95cd85651e8b65","VersionId":"1.0","Name":"03.) [Company Name] - SAP IDOC INVOIC.INVOIC02 for Customer EDI - Source","Status":"Deprecated","HasEnvelope":false,"MessageTemplate":{"TypeSystemId":"SAP_IDoc","TypeSystemDisplayId":"SAP S/4HANA On Premise IDoc","VersionId":"1809_FPS02","VersionDisplayId":"1809 FPS02","Revision":11,"Id":"INVOIC.INVOIC02","DisplayId":"INVOIC.INVOIC02","Name":"Invoice/Billing Document","IsCustomMessage":false},"AdministrativeData":{"CreatedBy":"gunther.stuhec@sap.com","CreatedOn":1722514892469,"ModifiedBy":"moussa.el.kakouchi@sap.com","ModifiedOn":1743498304634,"LastImportedOn":1732716734837,"LastImportedBy":"moussa.el.kakouchi@sap.com"}},"TargetMig":{"ObjectGUID":"e04713373b29456386e0f281629b2fda","MIGGUID":"887bd6e9a1ac40ac993d590407ff91ac","ImportCorrelationObjectId":"dfd747a888404d70b74ee46c7caedd72","ImportCorrelationGroupId":"12435b893f0343729cb02173ef401c0d","VersionId":"1.0","Name":"03.) [Trading Partner Name] - ASC X12 004010 810 - Target","Status":"Active","HasEnvelope":false,"MessageTemplate":{"TypeSystemId":"ASC_X12","TypeSystemDisplayId":"ASC X12","VersionId":"004010","VersionDisplayId":"004010","Revision":2,"Id":"810","DisplayId":"810","Name":"Invoice","IsCustomMessage":false},"AdministrativeData":{"CreatedBy":"moussa.el.kakouchi@sap.com","CreatedOn":1732718536179,"ModifiedBy":"moussa.el.kakouchi@sap.com","ModifiedOn":1743420605130,"LastImportedOn":1743420605130,"LastImportedBy":"moussa.el.kakouchi@sap.com"}},"AdministrativeData":{"CreatedBy":"moussa.el.kakouchi@sap.com","CreatedOn":1732718536518,"ModifiedBy":"moussa.el.kakouchi@sap.com","ModifiedOn":1743420605692,"LastImportedOn":1743420605692,"LastImportedBy":"moussa.el.kakouchi@sap.com"}}}