{"DecryptionConfigurations":{"ConfigurationType":"DECRYPTION_CONFIG","ConfigurationEntries":{}},"DocumentSchemaVersion":"1.0","administrativeData":{"createdAt":1713872200662,"createdBy":"jingwen.li01@sap.com","modifiedAt":1730912801440,"modifiedBy":"tamaki.ogura@sap.com"},"ParentId":"myCompany","ParentArtifactType":"COMPANY","searchableAttributes":{"TENANT":["e30aab0a-9c29-40d4-a156-5e6dc245c28f"]},"artifactProperties":{},"relations":[],"ArtifactRelations":{},"artifactStatus":"Draft","id":"myCompany::profileConfiguration","uniqueId":"726d03ff89e541e7b19d3fc0c5bf9d87","artifactType":"PARTNER_PROFILE_CONFIG","displayName":"CompanyProfileConfiguration","semanticVersion":"1.0:"}