{"ArtifactMetadata":{"SchemaVersion":"1.4","ArtifactType":"MagDetail"},"Identification":{"ObjectGuid":"6dff8b9319f4473fae948c123b1fed84","MAGGUID":"f0ea74aa8c304b878e7cdee48f86e71c","ImportCorrelationGroupId":"50dcbd18789f42e4be202f4164870c68","ImportCorrelationObjectId":"358a2664afa04cebb238fcfa1445aca5","MAGVersion":"2.0","Customer":"fd071028502f5e5e1104606396090e5a"},"SourceBusinessContext":[{"contextType":"IndustryClassification","codeListId":"Industry","contextValues":[{"key":"I_CP","name":"Consumer Products"}]},{"contextType":"BusinessProcessRole","codeListId":"RoleCodelist","contextValues":[{"key":"SE","name":"Seller"}]},{"contextType":"BusinessProcess","codeListId":"CommonBusinessProcessCodelist","contextValues":[{"key":"00029","name":"Confirm/Verify Payment Orders"}]}],"TargetBusinessContext":[{"contextType":"IndustryClassification","codeListId":"Industry","contextValues":[{"key":"I_CP","name":"Consumer Products"}]},{"contextType":"BusinessProcessRole","codeListId":"RoleCodelist","contextValues":[{"key":"BY","name":"Buyer"}]},{"contextType":"BusinessProcess","codeListId":"CommonBusinessProcessCodelist","contextValues":[{"key":"00029","name":"Confirm/Verify Payment Orders"}]}],"Status":"Active","SourceMig":{"ObjectGUID":"2334356b39044517a275fb70315eeae3","TypeSystemId":"SAP_IDoc"},"TargetMig":{"ObjectGUID":"d758fb191f3443dc99b15d38b94b192e","TypeSystemId":"TRADACOMS"},"DomainMappingElementsWithTransformation":[{"DomainMappingElement":{"SourceDomainSet":[{"DomainGuid":"8e6835c02194329ba3e31eddf62b4171","Position":1}],"TargetDomainSet":[{"DomainGuid":"7cbeac6d5f8136f6b18ba06f094ae1bf","Position":1}],"Documentation":{}},"Confidential":false},{"DomainMappingElement":{"SourceDomainSet":[{"DomainGuid":"cd4fcaf221453cd6ae9fd465e95fdf16","Position":1}],"TargetDomainSet":[{"DomainGuid":"e891cf6b950139e590e094fd442be529","Position":1}],"Documentation":{}},"Confidential":false},{"DomainMappingElement":{"SourceDomainSet":[{"DomainGuid":"cd4fcaf221453cd6ae9fd465e95fdf16","Position":1}],"TargetDomainSet":[{"DomainGuid":"ad2b838f42a637deaf98e690341c366a","Position":1}],"Documentation":{}},"Confidential":false},{"DomainMappingElement":{"SourceDomainSet":[{"DomainGuid":"cd4fcaf221453cd6ae9fd465e95fdf16","Position":1}],"TargetDomainSet":[{"DomainGuid":"a2ebca7fef3b3fc2a1b7132b5cae0819","Position":1}],"Documentation":{}},"Confidential":false},{"DomainMappingElement":{"SourceDomainSet":[{"DomainGuid":"cd4fcaf221453cd6ae9fd465e95fdf16","Position":1}],"TargetDomainSet":[{"DomainGuid":"f2d1e4632bcd3ec0b606a67f5867612c","Position":1}],"Documentation":{}},"Confidential":false},{"DomainMappingElement":{"SourceDomainSet":[],"TargetDomainSet":[{"DomainGuid":"1a2ffcda30b73b0891f2c3a57077f1a0","Position":1}],"Documentation":{}},"Transformation":{"Function":{"FunctionGuid":"00000000000000000000000000000002","FunctionParameters":[{"PositionInParameterList":1,"Direction":"IN","Type":"STRING","Name":"value"},{"PositionInParameterList":2,"Direction":"OUT","Type":"NODE_LIST","Name":"nodes_out_1"}],"FunctionImplementations":[{"SourceCode":"\u003cxsl:value-of select\u003d\"$nodes_in/value\"/\u003e","FunctionImplementationLanguage":{"Name":"XSLT","Version":"2.0"}}],"isReference":false},"ParameterAssignments":[{"PositionInParameterList":1,"PositionInParameter":1,"Value":"ANA"},{"PositionInParameterList":2,"PositionInParameter":1,"PositionInDomainSet":1}]},"Confidential":false},{"DomainMappingElement":{"SourceDomainSet":[],"TargetDomainSet":[{"DomainGuid":"fb0c2efc9b0936f2ac6d1f914cd30922","Position":1}],"Documentation":{}},"Transformation":{"Function":{"FunctionGuid":"00000000000000000000000000000002","FunctionParameters":[{"PositionInParameterList":1,"Direction":"IN","Type":"STRING","Name":"value"},{"PositionInParameterList":2,"Direction":"OUT","Type":"NODE_LIST","Name":"nodes_out_1"}],"FunctionImplementations":[{"SourceCode":"\u003cxsl:value-of select\u003d\"$nodes_in/value\"/\u003e","FunctionImplementationLanguage":{"Name":"XSLT","Version":"2.0"}}],"isReference":false},"ParameterAssignments":[{"PositionInParameterList":1,"PositionInParameter":1,"Value":"1"},{"PositionInParameterList":2,"PositionInParameter":1,"PositionInDomainSet":1}]},"Confidential":false},{"DomainMappingElement":{"SourceDomainSet":[{"DomainGuid":"9aa1883c4b3a37eab4f8213c3ba2151f","AlternativeDomainGuid":"f9621080a2694951a61d1850aab9da0d","Position":1}],"TargetDomainSet":[{"DomainGuid":"81a6c5e3fd5536b3a542a830e1a64277","Position":1}],"Documentation":{}},"Confidential":false},{"DomainMappingElement":{"SourceDomainSet":[{"DomainGuid":"4a3d87e5e8c734e49add22aab58f607a","AlternativeDomainGuid":"6ea60e73e6744c5db87fc257f22b91fa","Position":1}],"TargetDomainSet":[{"DomainGuid":"c6d9c4fbd7e83e3381706b19ed6dfb2a","Position":1}],"Documentation":{}},"Transformation":{"Function":{"FunctionGuid":"00000000000000000000000000000001","FunctionParameters":[{"PositionInParameterList":1,"Direction":"IN","Type":"NODE_LIST","Name":"LIFNR"},{"PositionInParameterList":2,"Direction":"OUT","Type":"NODE_LIST","Name":"nodes_out_1"}],"FunctionImplementations":[{"SourceCode":"\u003cxsl:sequence select\u003d\"$nodes_in/*\"/\u003e","FunctionImplementationLanguage":{"Name":"XSLT","Version":"2.0"}}],"isReference":false},"ParameterAssignments":[{"PositionInParameterList":1,"PositionInParameter":1,"PositionInDomainSet":1},{"PositionInParameterList":2,"PositionInParameter":1,"PositionInDomainSet":1}]},"Confidential":false},{"DomainMappingElement":{"SourceDomainSet":[{"DomainGuid":"58c47a57bf403551a4853c2c3635a677","AlternativeDomainGuid":"822a3a83c9d6435a8360eb9da8802677","Position":1}],"TargetDomainSet":[{"DomainGuid":"f97acef4ec7e33bb8d362f197a5a7f32","Position":1}],"Documentation":{}},"Transformation":{"Function":{"FunctionGuid":"00000000000000000000000000000001","FunctionParameters":[{"PositionInParameterList":1,"Direction":"IN","Type":"NODE_LIST","Name":"NAME1"},{"PositionInParameterList":2,"Direction":"OUT","Type":"NODE_LIST","Name":"nodes_out_1"}],"FunctionImplementations":[{"SourceCode":"\u003cxsl:sequence select\u003d\"$nodes_in/*\"/\u003e","FunctionImplementationLanguage":{"Name":"XSLT","Version":"2.0"}}],"isReference":false},"ParameterAssignments":[{"PositionInParameterList":1,"PositionInParameter":1,"PositionInDomainSet":1},{"PositionInParameterList":2,"PositionInParameter":1,"PositionInDomainSet":1}]},"Confidential":false},{"DomainMappingElement":{"SourceDomainSet":[{"DomainGuid":"59e5a50a6d5832cf8dbeed0ffcd02fa2","AlternativeDomainGuid":"55a11690200148da9970b5d4588a1551","Position":1}],"TargetDomainSet":[{"DomainGuid":"91012f7ffb9730299e0a3d416c027bee","Position":1}],"Documentation":{}},"Confidential":false},{"DomainMappingElement":{"SourceDomainSet":[{"DomainGuid":"84ebb45898aa356fab2d8c5b4f30800d","AlternativeDomainGuid":"352aeb66c3a74988b79169ebb614c047","Position":1}],"TargetDomainSet":[{"DomainGuid":"f2d04588c0d53436b5220ebf4221e997","Position":1}],"Documentation":{}},"Transformation":{"Function":{"FunctionGuid":"00000000000000000000000000000001","FunctionParameters":[{"PositionInParameterList":1,"Direction":"IN","Type":"NODE_LIST","Name":"NAME1"},{"PositionInParameterList":2,"Direction":"OUT","Type":"NODE_LIST","Name":"nodes_out_1"}],"FunctionImplementations":[{"SourceCode":"\u003cxsl:sequence select\u003d\"$nodes_in/*\"/\u003e","FunctionImplementationLanguage":{"Name":"XSLT","Version":"2.0"}}],"isReference":false},"ParameterAssignments":[{"PositionInParameterList":1,"PositionInParameter":1,"PositionInDomainSet":1},{"PositionInParameterList":2,"PositionInParameter":1,"PositionInDomainSet":1}]},"Confidential":false},{"DomainMappingElement":{"SourceDomainSet":[{"DomainGuid":"0695172982a13bd3ae342dd6a28f4146","Position":1}],"TargetDomainSet":[{"DomainGuid":"48328f430d0332b0962a34095a771966","Position":1}],"Documentation":{}},"Transformation":{"Function":{"FunctionGuid":"10010000000000000000000000000001","FunctionParameters":[{"PositionInParameterList":1,"Direction":"IN","Type":"NODE_LIST","Name":"source_date_time_value"},{"PositionInParameterList":2,"Direction":"IN","Type":"NODE_LIST","Name":"source_date_time_format"},{"PositionInParameterList":3,"Direction":"IN","Type":"STRING","Name":"target_date_time_format"},{"PositionInParameterList":4,"Direction":"OUT","Type":"NODE_LIST","Name":"target_date_time_value"}],"FunctionImplementations":[{"SourceCode":"\u003cxsl:sequence select\u003d\"ica_fn:transform-dateTime($nodes_in/nodes_in_1,$nodes_in/source_date_time_format,$nodes_in/target_date_time_format)\"/\u003e","FunctionImplementationLanguage":{"Name":"XSLT","Version":"2.0"}}],"isReference":false},"ParameterAssignments":[{"PositionInParameterList":1,"PositionInParameter":1,"PositionInDomainSet":1},{"PositionInParameterList":2,"PositionInParameter":1,"Value":"CCYYMMDD"},{"PositionInParameterList":3,"PositionInParameter":1,"Value":"YYMMDD"},{"PositionInParameterList":4,"PositionInParameter":1,"PositionInDomainSet":1}]},"Confidential":false},{"DomainMappingElement":{"SourceDomainSet":[{"DomainGuid":"783cff7c4338354aacd7332aedec6ddf","Position":1}],"TargetDomainSet":[{"DomainGuid":"168c24fcafbd301bac3445ad208360ed","Position":1}],"Documentation":{}},"Transformation":{"Function":{"FunctionGuid":"10010000000000000000000000000001","FunctionParameters":[{"PositionInParameterList":1,"Direction":"IN","Type":"NODE_LIST","Name":"source_date_time_value"},{"PositionInParameterList":2,"Direction":"IN","Type":"NODE_LIST","Name":"source_date_time_format"},{"PositionInParameterList":3,"Direction":"IN","Type":"STRING","Name":"target_date_time_format"},{"PositionInParameterList":4,"Direction":"OUT","Type":"NODE_LIST","Name":"target_date_time_value"}],"FunctionImplementations":[{"SourceCode":"\u003cxsl:sequence select\u003d\"ica_fn:transform-dateTime($nodes_in/nodes_in_1,$nodes_in/source_date_time_format,$nodes_in/target_date_time_format)\"/\u003e","FunctionImplementationLanguage":{"Name":"XSLT","Version":"2.0"}}],"isReference":false},"ParameterAssignments":[{"PositionInParameterList":1,"PositionInParameter":1,"PositionInDomainSet":1},{"PositionInParameterList":2,"PositionInParameter":1,"Value":"hhmmss"},{"PositionInParameterList":3,"PositionInParameter":1,"Value":"hhmmss"},{"PositionInParameterList":4,"PositionInParameter":1,"PositionInDomainSet":1}]},"Confidential":false},{"DomainMappingElement":{"SourceDomainSet":[{"DomainGuid":"2221db432f04391b8993dbe0f312b90f","Position":1}],"TargetDomainSet":[{"DomainGuid":"abc50c12070f3c76b9634e469afe454c","Position":1}],"Documentation":{}},"Confidential":false},{"DomainMappingElement":{"SourceDomainSet":[],"TargetDomainSet":[{"DomainGuid":"646ec7d624d93105b5843ce0400530cd","Position":1}],"Documentation":{}},"Transformation":{"Function":{"FunctionGuid":"00000000000000000000000000000002","FunctionParameters":[{"PositionInParameterList":1,"Direction":"IN","Type":"STRING","Name":"value"},{"PositionInParameterList":2,"Direction":"OUT","Type":"NODE_LIST","Name":"nodes_out_1"}],"FunctionImplementations":[{"SourceCode":"\u003cxsl:value-of select\u003d\"$nodes_in/value\"/\u003e","FunctionImplementationLanguage":{"Name":"XSLT","Version":"2.0"}}],"isReference":false},"ParameterAssignments":[{"PositionInParameterList":1,"PositionInParameter":1,"Value":"1111"},{"PositionInParameterList":2,"PositionInParameter":1,"PositionInDomainSet":1}]},"Confidential":false},{"DomainMappingElement":{"SourceDomainSet":[{"DomainGuid":"2221db432f04391b8993dbe0f312b90f","Position":1}],"TargetDomainSet":[{"DomainGuid":"9882a9168af1345cb09463675cb5a483","Position":1}],"Documentation":{}},"Confidential":false},{"DomainMappingElement":{"SourceDomainSet":[{"DomainGuid":"2221db432f04391b8993dbe0f312b90f","Position":1}],"TargetDomainSet":[{"DomainGuid":"de699a3aac4f31168502b7e1b718c393","Position":1}],"Documentation":{}},"Confidential":false},{"DomainMappingElement":{"SourceDomainSet":[{"DomainGuid":"2221db432f04391b8993dbe0f312b90f","Position":1}],"TargetDomainSet":[{"DomainGuid":"90e04200a6693820910c975f215f98b7","Position":1}],"Documentation":{}},"Confidential":false},{"DomainMappingElement":{"SourceDomainSet":[],"TargetDomainSet":[{"DomainGuid":"bef30dbf38883bb6a76e2d93732922ff","Position":1}],"Documentation":{}},"Transformation":{"Function":{"FunctionGuid":"00000000000000000000000000000002","FunctionParameters":[{"PositionInParameterList":1,"Direction":"IN","Type":"STRING","Name":"value"},{"PositionInParameterList":2,"Direction":"OUT","Type":"NODE_LIST","Name":"nodes_out_1"}],"FunctionImplementations":[{"SourceCode":"\u003cxsl:value-of select\u003d\"$nodes_in/value\"/\u003e","FunctionImplementationLanguage":{"Name":"XSLT","Version":"2.0"}}],"isReference":false},"ParameterAssignments":[{"PositionInParameterList":1,"PositionInParameter":1,"Value":"1"},{"PositionInParameterList":2,"PositionInParameter":1,"PositionInDomainSet":1}]},"Confidential":false},{"DomainMappingElement":{"SourceDomainSet":[],"TargetDomainSet":[{"DomainGuid":"81aa5e337c64342383f681a05a999a53","Position":1}],"Documentation":{}},"Transformation":{"Function":{"FunctionGuid":"00000000000000000000000000000002","FunctionParameters":[{"PositionInParameterList":1,"Direction":"IN","Type":"STRING","Name":"value"},{"PositionInParameterList":2,"Direction":"OUT","Type":"NODE_LIST","Name":"nodes_out_1"}],"FunctionImplementations":[{"SourceCode":"\u003cxsl:value-of select\u003d\"$nodes_in/value\"/\u003e","FunctionImplementationLanguage":{"Name":"XSLT","Version":"2.0"}}],"isReference":false},"ParameterAssignments":[{"PositionInParameterList":1,"PositionInParameter":1,"Value":"ACKHDR"},{"PositionInParameterList":2,"PositionInParameter":1,"PositionInDomainSet":1}]},"Confidential":false},{"DomainMappingElement":{"SourceDomainSet":[],"TargetDomainSet":[{"DomainGuid":"baa48ee10445340dbf70ba2a88701628","Position":1}],"Documentation":{}},"Transformation":{"Function":{"FunctionGuid":"00000000000000000000000000000002","FunctionParameters":[{"PositionInParameterList":1,"Direction":"IN","Type":"STRING","Name":"value"},{"PositionInParameterList":2,"Direction":"OUT","Type":"NODE_LIST","Name":"nodes_out_1"}],"FunctionImplementations":[{"SourceCode":"\u003cxsl:value-of select\u003d\"$nodes_in/value\"/\u003e","FunctionImplementationLanguage":{"Name":"XSLT","Version":"2.0"}}],"isReference":false},"ParameterAssignments":[{"PositionInParameterList":1,"PositionInParameter":1,"Value":"4"},{"PositionInParameterList":2,"PositionInParameter":1,"PositionInDomainSet":1}]},"Confidential":false},{"DomainMappingElement":{"SourceDomainSet":[{"DomainGuid":"59e5a50a6d5832cf8dbeed0ffcd02fa2","AlternativeDomainGuid":"55a11690200148da9970b5d4588a1551","Position":1}],"TargetDomainSet":[{"DomainGuid":"5e909fcf17063625b81a9d1791d11292","Position":1}],"Documentation":{}},"Confidential":false},{"DomainMappingElement":{"SourceDomainSet":[{"DomainGuid":"2f4e5eee7c3e3933892b926b7577f26f","AlternativeDomainGuid":"79d67fe67a0043b7ad783a2f0017db74","Position":1}],"TargetDomainSet":[{"DomainGuid":"96795977519b3862b19dcc93e6018ac0","Position":1}],"Documentation":{}},"Transformation":{"Function":{"FunctionGuid":"00000000000000000000000000000001","FunctionParameters":[{"PositionInParameterList":1,"Direction":"IN","Type":"NODE_LIST","Name":"LIFNR"},{"PositionInParameterList":2,"Direction":"OUT","Type":"NODE_LIST","Name":"nodes_out_1"}],"FunctionImplementations":[{"SourceCode":"\u003cxsl:sequence select\u003d\"$nodes_in/*\"/\u003e","FunctionImplementationLanguage":{"Name":"XSLT","Version":"2.0"}}],"isReference":false},"ParameterAssignments":[{"PositionInParameterList":1,"PositionInParameter":1,"PositionInDomainSet":1},{"PositionInParameterList":2,"PositionInParameter":1,"PositionInDomainSet":1}]},"Confidential":false},{"DomainMappingElement":{"SourceDomainSet":[{"DomainGuid":"84ebb45898aa356fab2d8c5b4f30800d","AlternativeDomainGuid":"352aeb66c3a74988b79169ebb614c047","Position":1}],"TargetDomainSet":[{"DomainGuid":"c43182853bf83955a5fc353e2625c186","Position":1}],"Documentation":{}},"Transformation":{"Function":{"FunctionGuid":"00000000000000000000000000000001","FunctionParameters":[{"PositionInParameterList":1,"Direction":"IN","Type":"NODE_LIST","Name":"NAME1"},{"PositionInParameterList":2,"Direction":"OUT","Type":"NODE_LIST","Name":"nodes_out_1"}],"FunctionImplementations":[{"SourceCode":"\u003cxsl:sequence select\u003d\"$nodes_in/*\"/\u003e","FunctionImplementationLanguage":{"Name":"XSLT","Version":"2.0"}}],"isReference":false},"ParameterAssignments":[{"PositionInParameterList":1,"PositionInParameter":1,"PositionInDomainSet":1},{"PositionInParameterList":2,"PositionInParameter":1,"PositionInDomainSet":1}]},"Confidential":false},{"DomainMappingElement":{"SourceDomainSet":[{"DomainGuid":"7ebab882899a3b7fa411187b151a5aca","AlternativeDomainGuid":"92e8ff3faee14cd8a8d7109dc4e52d42","Position":1}],"TargetDomainSet":[{"DomainGuid":"9a22b5f1638c32baa12cc3a9175b52a6","Position":1}],"Documentation":{}},"Transformation":{"Function":{"FunctionGuid":"00000000000000000000000000000001","FunctionParameters":[{"PositionInParameterList":1,"Direction":"IN","Type":"NODE_LIST","Name":"STRAS"},{"PositionInParameterList":2,"Direction":"OUT","Type":"NODE_LIST","Name":"nodes_out_1"}],"FunctionImplementations":[{"SourceCode":"\u003cxsl:sequence select\u003d\"$nodes_in/*\"/\u003e","FunctionImplementationLanguage":{"Name":"XSLT","Version":"2.0"}}],"isReference":false},"ParameterAssignments":[{"PositionInParameterList":1,"PositionInParameter":1,"PositionInDomainSet":1},{"PositionInParameterList":2,"PositionInParameter":1,"PositionInDomainSet":1}]},"Confidential":false},{"DomainMappingElement":{"SourceDomainSet":[{"DomainGuid":"7e2991324ff43412b5b9a4c3b54ce9a5","AlternativeDomainGuid":"3747b6580c9b4e878db024ba6ee915c0","Position":1}],"TargetDomainSet":[{"DomainGuid":"4e1b10fac18a333e969c01f420c36188","Position":1}],"Documentation":{}},"Transformation":{"Function":{"FunctionGuid":"00000000000000000000000000000001","FunctionParameters":[{"PositionInParameterList":1,"Direction":"IN","Type":"NODE_LIST","Name":"ORT01"},{"PositionInParameterList":2,"Direction":"OUT","Type":"NODE_LIST","Name":"nodes_out_1"}],"FunctionImplementations":[{"SourceCode":"\u003cxsl:sequence select\u003d\"$nodes_in/*\"/\u003e","FunctionImplementationLanguage":{"Name":"XSLT","Version":"2.0"}}],"isReference":false},"ParameterAssignments":[{"PositionInParameterList":1,"PositionInParameter":1,"PositionInDomainSet":1},{"PositionInParameterList":2,"PositionInParameter":1,"PositionInDomainSet":1}]},"Confidential":false},{"DomainMappingElement":{"SourceDomainSet":[{"DomainGuid":"9bbc01ab437c3b25b23664d9e2b85bcf","AlternativeDomainGuid":"18c3c9304d0a43d78b4af4cb05f52f66","Position":1}],"TargetDomainSet":[{"DomainGuid":"9bb4a390311c35559edb7888402c2efe","Position":1}],"Documentation":{}},"Transformation":{"Function":{"FunctionGuid":"00000000000000000000000000000001","FunctionParameters":[{"PositionInParameterList":1,"Direction":"IN","Type":"NODE_LIST","Name":"PSTLZ"},{"PositionInParameterList":2,"Direction":"OUT","Type":"NODE_LIST","Name":"nodes_out_1"}],"FunctionImplementations":[{"SourceCode":"\u003cxsl:sequence select\u003d\"$nodes_in/*\"/\u003e","FunctionImplementationLanguage":{"Name":"XSLT","Version":"2.0"}}],"isReference":false},"ParameterAssignments":[{"PositionInParameterList":1,"PositionInParameter":1,"PositionInDomainSet":1},{"PositionInParameterList":2,"PositionInParameter":1,"PositionInDomainSet":1}]},"Confidential":false},{"DomainMappingElement":{"SourceDomainSet":[{"DomainGuid":"9aa1883c4b3a37eab4f8213c3ba2151f","AlternativeDomainGuid":"f9621080a2694951a61d1850aab9da0d","Position":1}],"TargetDomainSet":[{"DomainGuid":"7aab3d449aad3b09b5decb92e2b3fbc6","Position":1}],"Documentation":{}},"Confidential":false},{"DomainMappingElement":{"SourceDomainSet":[{"DomainGuid":"9aa1883c4b3a37eab4f8213c3ba2151f","AlternativeDomainGuid":"f9621080a2694951a61d1850aab9da0d","Position":1}],"TargetDomainSet":[{"DomainGuid":"94d7f8df866a3f278db89899cef4a1fe","Position":1}],"Documentation":{}},"Confidential":false},{"DomainMappingElement":{"SourceDomainSet":[{"DomainGuid":"59e5a50a6d5832cf8dbeed0ffcd02fa2","AlternativeDomainGuid":"55a11690200148da9970b5d4588a1551","Position":1}],"TargetDomainSet":[{"DomainGuid":"52c15eb500503ac9a54316941196b5be","Position":1}],"Documentation":{}},"Confidential":false},{"DomainMappingElement":{"SourceDomainSet":[{"DomainGuid":"59e5a50a6d5832cf8dbeed0ffcd02fa2","AlternativeDomainGuid":"55a11690200148da9970b5d4588a1551","Position":1}],"TargetDomainSet":[{"DomainGuid":"3151a7fba18936dd9f8a799339d5f04b","Position":1}],"Documentation":{}},"Confidential":false},{"DomainMappingElement":{"SourceDomainSet":[{"DomainGuid":"d3e9c634278a3e22ada6e500dd500e4f","AlternativeDomainGuid":"039ed6c0d87e4bd88ac8ce3fd4be5515","Position":1}],"TargetDomainSet":[{"DomainGuid":"7ad052a2581933d8927872f0faea974d","Position":1}],"Documentation":{}},"Confidential":false},{"DomainMappingElement":{"SourceDomainSet":[{"DomainGuid":"4a3d87e5e8c734e49add22aab58f607a","AlternativeDomainGuid":"6ea60e73e6744c5db87fc257f22b91fa","Position":1}],"TargetDomainSet":[{"DomainGuid":"f0645b4f245f3a6aa44ab6fba2f12132","Position":1}],"Documentation":{}},"Transformation":{"Function":{"FunctionGuid":"00000000000000000000000000000001","FunctionParameters":[{"PositionInParameterList":1,"Direction":"IN","Type":"NODE_LIST","Name":"LIFNR"},{"PositionInParameterList":2,"Direction":"OUT","Type":"NODE_LIST","Name":"nodes_out_1"}],"FunctionImplementations":[{"SourceCode":"\u003cxsl:sequence select\u003d\"$nodes_in/*\"/\u003e","FunctionImplementationLanguage":{"Name":"XSLT","Version":"2.0"}}],"isReference":false},"ParameterAssignments":[{"PositionInParameterList":1,"PositionInParameter":1,"PositionInDomainSet":1},{"PositionInParameterList":2,"PositionInParameter":1,"PositionInDomainSet":1}]},"Confidential":false},{"DomainMappingElement":{"SourceDomainSet":[{"DomainGuid":"58c47a57bf403551a4853c2c3635a677","AlternativeDomainGuid":"822a3a83c9d6435a8360eb9da8802677","Position":1}],"TargetDomainSet":[{"DomainGuid":"16fba2b340a93a3a936ac839e7e5f559","Position":1}],"Documentation":{}},"Transformation":{"Function":{"FunctionGuid":"00000000000000000000000000000001","FunctionParameters":[{"PositionInParameterList":1,"Direction":"IN","Type":"NODE_LIST","Name":"NAME1"},{"PositionInParameterList":2,"Direction":"OUT","Type":"NODE_LIST","Name":"nodes_out_1"}],"FunctionImplementations":[{"SourceCode":"\u003cxsl:sequence select\u003d\"$nodes_in/*\"/\u003e","FunctionImplementationLanguage":{"Name":"XSLT","Version":"2.0"}}],"isReference":false},"ParameterAssignments":[{"PositionInParameterList":1,"PositionInParameter":1,"PositionInDomainSet":1},{"PositionInParameterList":2,"PositionInParameter":1,"PositionInDomainSet":1}]},"Confidential":false},{"DomainMappingElement":{"SourceDomainSet":[{"DomainGuid":"f87238a44726330ead45089bc4bf535d","AlternativeDomainGuid":"47a035efb74244dbb3fdcec9d0e50b11","Position":1}],"TargetDomainSet":[{"DomainGuid":"6d741c8699083070bf748d46943f8414","Position":1}],"Documentation":{}},"Transformation":{"Function":{"FunctionGuid":"00000000000000000000000000000001","FunctionParameters":[{"PositionInParameterList":1,"Direction":"IN","Type":"NODE_LIST","Name":"STRAS"},{"PositionInParameterList":2,"Direction":"OUT","Type":"NODE_LIST","Name":"nodes_out_1"}],"FunctionImplementations":[{"SourceCode":"\u003cxsl:sequence select\u003d\"$nodes_in/*\"/\u003e","FunctionImplementationLanguage":{"Name":"XSLT","Version":"2.0"}}],"isReference":false},"ParameterAssignments":[{"PositionInParameterList":1,"PositionInParameter":1,"PositionInDomainSet":1},{"PositionInParameterList":2,"PositionInParameter":1,"PositionInDomainSet":1}]},"Confidential":false},{"DomainMappingElement":{"SourceDomainSet":[{"DomainGuid":"5938bc38e56d3dae86d1fab699724936","AlternativeDomainGuid":"7e5b57c42da04f1094e5ecdbe12ec550","Position":1}],"TargetDomainSet":[{"DomainGuid":"0596790f49543f1f948ff13494999b50","Position":1}],"Documentation":{}},"Transformation":{"Function":{"FunctionGuid":"00000000000000000000000000000001","FunctionParameters":[{"PositionInParameterList":1,"Direction":"IN","Type":"NODE_LIST","Name":"ORT01"},{"PositionInParameterList":2,"Direction":"OUT","Type":"NODE_LIST","Name":"nodes_out_1"}],"FunctionImplementations":[{"SourceCode":"\u003cxsl:sequence select\u003d\"$nodes_in/*\"/\u003e","FunctionImplementationLanguage":{"Name":"XSLT","Version":"2.0"}}],"isReference":false},"ParameterAssignments":[{"PositionInParameterList":1,"PositionInParameter":1,"PositionInDomainSet":1},{"PositionInParameterList":2,"PositionInParameter":1,"PositionInDomainSet":1}]},"Confidential":false},{"DomainMappingElement":{"SourceDomainSet":[{"DomainGuid":"e3f0a146b226331dbe090694ef361ed8","AlternativeDomainGuid":"4c42d80a59b943beb320d384f2f11e66","Position":1}],"TargetDomainSet":[{"DomainGuid":"52c6bcb6556a3590b95d100e861d0e0f","Position":1}],"Documentation":{}},"Transformation":{"Function":{"FunctionGuid":"00000000000000000000000000000001","FunctionParameters":[{"PositionInParameterList":1,"Direction":"IN","Type":"NODE_LIST","Name":"PSTLZ"},{"PositionInParameterList":2,"Direction":"OUT","Type":"NODE_LIST","Name":"nodes_out_1"}],"FunctionImplementations":[{"SourceCode":"\u003cxsl:sequence select\u003d\"$nodes_in/*\"/\u003e","FunctionImplementationLanguage":{"Name":"XSLT","Version":"2.0"}}],"isReference":false},"ParameterAssignments":[{"PositionInParameterList":1,"PositionInParameter":1,"PositionInDomainSet":1},{"PositionInParameterList":2,"PositionInParameter":1,"PositionInDomainSet":1}]},"Confidential":false},{"DomainMappingElement":{"SourceDomainSet":[{"DomainGuid":"14405c3a2a5b320b8ceb1261a6289cec","AlternativeDomainGuid":"7804c82a845b4dcda71ece65473f7327","Position":1}],"TargetDomainSet":[{"DomainGuid":"81a4905127d43cffa470a0c042d05421","Position":1}],"Documentation":{}},"Transformation":{"Function":{"FunctionGuid":"00000000000000000000000000000001","FunctionParameters":[{"PositionInParameterList":1,"Direction":"IN","Type":"NODE_LIST","Name":"LAND1"},{"PositionInParameterList":2,"Direction":"OUT","Type":"NODE_LIST","Name":"nodes_out_1"}],"FunctionImplementations":[{"SourceCode":"\u003cxsl:sequence select\u003d\"$nodes_in/*\"/\u003e","FunctionImplementationLanguage":{"Name":"XSLT","Version":"2.0"}}],"isReference":false},"ParameterAssignments":[{"PositionInParameterList":1,"PositionInParameter":1,"PositionInDomainSet":1},{"PositionInParameterList":2,"PositionInParameter":1,"PositionInDomainSet":1}]},"Confidential":false},{"DomainMappingElement":{"SourceDomainSet":[{"Roles":["Trigger"],"DomainGuid":"a21f445988ab319cb65fefe7c7d8ed2e","Position":1}],"TargetDomainSet":[{"DomainGuid":"1c1b0577d99c394cb3b6ea56bbf81532","Position":1}],"Documentation":{}},"Transformation":{"Function":{"FunctionGuid":"a61467348f8f4994bac5c36e0ce75eb9","FunctionParameters":[{"PositionInParameterList":1,"Direction":"IN","Type":"NODE_LIST","Name":"E1EDP01"},{"PositionInParameterList":2,"Direction":"OUT","Type":"NODE_LIST","Name":"nodes_out_1"}],"FunctionImplementations":[{"SourceCode":"\u003cxsl:variable name\u003d\"countingNodes\" select\u003d\"count($nodes_in/*)\"/\u003e\n\u003cxsl:variable name\u003d\"total\" select\u003d\"$countingNodes + 8\"/\u003e\n\u003cxsl:sequence select\u003d\"$total\"/\u003e","FunctionImplementationLanguage":{"Name":"XSLT","Version":"2.0"}}],"isReference":false},"ParameterAssignments":[{"PositionInParameterList":1,"PositionInParameter":1,"PositionInDomainSet":1},{"PositionInParameterList":2,"PositionInParameter":1,"PositionInDomainSet":1}]},"Confidential":false},{"DomainMappingElement":{"SourceDomainSet":[{"Roles":["Trigger"],"DomainGuid":"a21f445988ab319cb65fefe7c7d8ed2e","Position":1}],"TargetDomainSet":[{"DomainGuid":"152ebbc3f2343b2d8ff7a1a773a6e328","Position":1}],"Documentation":{}},"Transformation":{"Function":{"FunctionGuid":"a815f5d1ada941929adaebec0de99915","FunctionParameters":[{"PositionInParameterList":1,"Direction":"IN","Type":"NODE_LIST","Name":"E1EDP01"},{"PositionInParameterList":2,"Direction":"OUT","Type":"NODE_LIST","Name":"nodes_out_1"}],"FunctionImplementations":[{"SourceCode":"\u003cxsl:variable name\u003d\"countingNodes\" select\u003d\"count($nodes_in/*)\"/\u003e\n\u003cxsl:variable name\u003d\"total\" select\u003d\"$countingNodes + 8\"/\u003e\n\u003cxsl:sequence select\u003d\"$total\"/\u003e","FunctionImplementationLanguage":{"Name":"XSLT","Version":"2.0"}}],"isReference":false},"ParameterAssignments":[{"PositionInParameterList":1,"PositionInParameter":1,"PositionInDomainSet":1},{"PositionInParameterList":2,"PositionInParameter":1,"PositionInDomainSet":1}]},"Confidential":false},{"DomainMappingElement":{"SourceDomainSet":[],"TargetDomainSet":[{"DomainGuid":"66229509387136bc8923696e85004fb3","Position":1}],"Documentation":{}},"Transformation":{"Function":{"FunctionGuid":"00000000000000000000000000000002","FunctionParameters":[{"PositionInParameterList":1,"Direction":"IN","Type":"STRING","Name":"value"},{"PositionInParameterList":2,"Direction":"OUT","Type":"NODE_LIST","Name":"nodes_out_1"}],"FunctionImplementations":[{"SourceCode":"\u003cxsl:value-of select\u003d\"$nodes_in/value\"/\u003e","FunctionImplementationLanguage":{"Name":"XSLT","Version":"2.0"}}],"isReference":false},"ParameterAssignments":[{"PositionInParameterList":1,"PositionInParameter":1,"Value":"1111"},{"PositionInParameterList":2,"PositionInParameter":1,"PositionInDomainSet":1}]},"Confidential":false},{"DomainMappingElement":{"SourceDomainSet":[],"TargetDomainSet":[{"DomainGuid":"63db6a6918793929b06ef23f48f5de1c","Position":1}],"Documentation":{}},"Transformation":{"Function":{"FunctionGuid":"00000000000000000000000000000002","FunctionParameters":[{"PositionInParameterList":1,"Direction":"IN","Type":"STRING","Name":"value"},{"PositionInParameterList":2,"Direction":"OUT","Type":"NODE_LIST","Name":"nodes_out_1"}],"FunctionImplementations":[{"SourceCode":"\u003cxsl:value-of select\u003d\"$nodes_in/value\"/\u003e","FunctionImplementationLanguage":{"Name":"XSLT","Version":"2.0"}}],"isReference":false},"ParameterAssignments":[{"PositionInParameterList":1,"PositionInParameter":1,"Value":"1"},{"PositionInParameterList":2,"PositionInParameter":1,"PositionInDomainSet":1}]},"Confidential":false},{"DomainMappingElement":{"SourceDomainSet":[{"DomainGuid":"0695172982a13bd3ae342dd6a28f4146","Position":1}],"TargetDomainSet":[{"DomainGuid":"6a73d6cf7e103b56b8da508696d8438b","Position":1}],"Documentation":{}},"Transformation":{"Function":{"FunctionGuid":"10010000000000000000000000000001","FunctionParameters":[{"PositionInParameterList":1,"Direction":"IN","Type":"NODE_LIST","Name":"source_date_time_value"},{"PositionInParameterList":2,"Direction":"IN","Type":"NODE_LIST","Name":"source_date_time_format"},{"PositionInParameterList":3,"Direction":"IN","Type":"STRING","Name":"target_date_time_format"},{"PositionInParameterList":4,"Direction":"OUT","Type":"NODE_LIST","Name":"target_date_time_value"}],"FunctionImplementations":[{"SourceCode":"\u003cxsl:sequence select\u003d\"ica_fn:transform-dateTime($nodes_in/nodes_in_1,$nodes_in/source_date_time_format,$nodes_in/target_date_time_format)\"/\u003e","FunctionImplementationLanguage":{"Name":"XSLT","Version":"2.0"}}],"isReference":false},"ParameterAssignments":[{"PositionInParameterList":1,"PositionInParameter":1,"PositionInDomainSet":1},{"PositionInParameterList":2,"PositionInParameter":1,"Value":"CCYYMMDD"},{"PositionInParameterList":3,"PositionInParameter":1,"Value":"YYMMDD"},{"PositionInParameterList":4,"PositionInParameter":1,"PositionInDomainSet":1}]},"Confidential":false},{"DomainMappingElement":{"SourceDomainSet":[],"TargetDomainSet":[{"DomainGuid":"570421e06f79329c90bace960e0b9482","Position":1}],"Documentation":{}},"Transformation":{"Function":{"FunctionGuid":"00000000000000000000000000000002","FunctionParameters":[{"PositionInParameterList":1,"Direction":"IN","Type":"STRING","Name":"value"},{"PositionInParameterList":2,"Direction":"OUT","Type":"NODE_LIST","Name":"nodes_out_1"}],"FunctionImplementations":[{"SourceCode":"\u003cxsl:value-of select\u003d\"$nodes_in/value\"/\u003e","FunctionImplementationLanguage":{"Name":"XSLT","Version":"2.0"}}],"isReference":false},"ParameterAssignments":[{"PositionInParameterList":1,"PositionInParameter":1,"Value":"ACKHDR"},{"PositionInParameterList":2,"PositionInParameter":1,"PositionInDomainSet":1}]},"Confidential":false},{"DomainMappingElement":{"SourceDomainSet":[],"TargetDomainSet":[{"DomainGuid":"6bb991bf57673c93aa0b367037dcf92f","Position":1}],"Documentation":{}},"Transformation":{"Function":{"FunctionGuid":"00000000000000000000000000000002","FunctionParameters":[{"PositionInParameterList":1,"Direction":"IN","Type":"STRING","Name":"value"},{"PositionInParameterList":2,"Direction":"OUT","Type":"NODE_LIST","Name":"nodes_out_1"}],"FunctionImplementations":[{"SourceCode":"\u003cxsl:value-of select\u003d\"$nodes_in/value\"/\u003e","FunctionImplementationLanguage":{"Name":"XSLT","Version":"2.0"}}],"isReference":false},"ParameterAssignments":[{"PositionInParameterList":1,"PositionInParameter":1,"Value":"4"},{"PositionInParameterList":2,"PositionInParameter":1,"PositionInDomainSet":1}]},"Confidential":false},{"DomainMappingElement":{"SourceDomainSet":[{"DomainGuid":"70af08eff8a13d168ba9421e08510eb1","AlternativeDomainGuid":"f8bedb1f08a34eee83d72404de1e57c8","Position":1}],"TargetDomainSet":[{"DomainGuid":"b2378252394e3d048b63cf0e4e787732","Position":1}],"Documentation":{}},"Confidential":false},{"DomainMappingElement":{"SourceDomainSet":[{"DomainGuid":"70af08eff8a13d168ba9421e08510eb1","AlternativeDomainGuid":"f8bedb1f08a34eee83d72404de1e57c8","Position":1}],"TargetDomainSet":[{"DomainGuid":"ae8e2bcdcffe3f6089398adef01f42f4","Position":1}],"Documentation":{}},"Confidential":false},{"DomainMappingElement":{"SourceDomainSet":[{"DomainGuid":"43ac7b5708d63b99b61dfe5645c35095","AlternativeDomainGuid":"3886f9895d384c57952b6f2b2cbee1af","Position":1}],"TargetDomainSet":[{"DomainGuid":"16b40f7f413b3120921086d0084b156d","Position":1}],"Documentation":{}},"Confidential":false},{"DomainMappingElement":{"SourceDomainSet":[{"DomainGuid":"76b04472b7143ee1a61fbf9c08eade0f","AlternativeDomainGuid":"e57dbc9fad404003928092ca620cc600","Position":1}],"TargetDomainSet":[{"DomainGuid":"16b40f7f413b3120921086d0084b156d.1","Position":1}],"Documentation":{}},"Confidential":false},{"DomainMappingElement":{"SourceDomainSet":[{"Roles":["Trigger"],"DomainGuid":"a21f445988ab319cb65fefe7c7d8ed2e","Position":1}],"TargetDomainSet":[{"DomainGuid":"0ee7c66e832536c6a353694cbfd45b9f","Position":1}],"Documentation":{}},"Transformation":{"Function":{"FunctionGuid":"ada3b9847b9d4d52a8dc907ef96b2ec7","FunctionParameters":[{"PositionInParameterList":1,"Direction":"IN","Type":"NODE_LIST","Name":"E1EDP01"},{"PositionInParameterList":2,"Direction":"OUT","Type":"NODE_LIST","Name":"nodes_out_1"}],"FunctionImplementations":[{"SourceCode":"\u003cxsl:variable name\u003d\"countingNodes\" select\u003d\"count($nodes_in/*)\"/\u003e\n\u003cxsl:variable name\u003d\"total\" select\u003d\"$countingNodes + 8\"/\u003e\n\u003cxsl:sequence select\u003d\"$total\"/\u003e","FunctionImplementationLanguage":{"Name":"XSLT","Version":"2.0"}}],"isReference":false},"ParameterAssignments":[{"PositionInParameterList":1,"PositionInParameter":1,"PositionInDomainSet":1},{"PositionInParameterList":2,"PositionInParameter":1,"PositionInDomainSet":1}]},"Confidential":false},{"DomainMappingElement":{"SourceDomainSet":[],"TargetDomainSet":[{"DomainGuid":"2ad8856d0de13c949ab5b0b86a856954","Position":1}],"Documentation":{}},"Transformation":{"Function":{"FunctionGuid":"00000000000000000000000000000002","FunctionParameters":[{"PositionInParameterList":1,"Direction":"IN","Type":"STRING","Name":"value"},{"PositionInParameterList":2,"Direction":"OUT","Type":"NODE_LIST","Name":"nodes_out_1"}],"FunctionImplementations":[{"SourceCode":"\u003cxsl:value-of select\u003d\"$nodes_in/value\"/\u003e","FunctionImplementationLanguage":{"Name":"XSLT","Version":"2.0"}}],"isReference":false},"ParameterAssignments":[{"PositionInParameterList":1,"PositionInParameter":1,"Value":"ACKHDR"},{"PositionInParameterList":2,"PositionInParameter":1,"PositionInDomainSet":1}]},"Confidential":false},{"DomainMappingElement":{"SourceDomainSet":[],"TargetDomainSet":[{"DomainGuid":"1312e1cbe37b33bb897931e071e32b25","Position":1}],"Documentation":{}},"Transformation":{"Function":{"FunctionGuid":"00000000000000000000000000000002","FunctionParameters":[{"PositionInParameterList":1,"Direction":"IN","Type":"STRING","Name":"value"},{"PositionInParameterList":2,"Direction":"OUT","Type":"NODE_LIST","Name":"nodes_out_1"}],"FunctionImplementations":[{"SourceCode":"\u003cxsl:value-of select\u003d\"$nodes_in/value\"/\u003e","FunctionImplementationLanguage":{"Name":"XSLT","Version":"2.0"}}],"isReference":false},"ParameterAssignments":[{"PositionInParameterList":1,"PositionInParameter":1,"Value":"4"},{"PositionInParameterList":2,"PositionInParameter":1,"PositionInDomainSet":1}]},"Confidential":false},{"DomainMappingElement":{"SourceDomainSet":[],"TargetDomainSet":[{"DomainGuid":"16431f77260c3ccd9d370eb84cd72d6a","Position":1}],"Documentation":{}},"Transformation":{"Function":{"FunctionGuid":"00000000000000000000000000000002","FunctionParameters":[{"PositionInParameterList":1,"Direction":"IN","Type":"STRING","Name":"value"},{"PositionInParameterList":2,"Direction":"OUT","Type":"NODE_LIST","Name":"nodes_out_1"}],"FunctionImplementations":[{"SourceCode":"\u003cxsl:value-of select\u003d\"$nodes_in/value\"/\u003e","FunctionImplementationLanguage":{"Name":"XSLT","Version":"2.0"}}],"isReference":false},"ParameterAssignments":[{"PositionInParameterList":1,"PositionInParameter":1,"Value":"1"},{"PositionInParameterList":2,"PositionInParameter":1,"PositionInDomainSet":1}]},"Confidential":false},{"DomainMappingElement":{"SourceDomainSet":[{"DomainGuid":"4715b978d45a304b8d979c52a2232fe4","AlternativeDomainGuid":"6d03e24cfb4434b2bdf2b22485db82e5","Position":1}],"TargetDomainSet":[{"DomainGuid":"55e1c2cac67e3ba2a056c5176740053e","Position":1}],"Documentation":{}},"Confidential":false},{"DomainMappingElement":{"SourceDomainSet":[],"TargetDomainSet":[{"DomainGuid":"9aa1bdd41d623bf89765a88a15e6ff13","Position":1}],"Documentation":{}},"Transformation":{"Function":{"FunctionGuid":"00000000000000000000000000000002","FunctionParameters":[{"PositionInParameterList":1,"Direction":"IN","Type":"STRING","Name":"value"},{"PositionInParameterList":2,"Direction":"OUT","Type":"NODE_LIST","Name":"nodes_out_1"}],"FunctionImplementations":[{"SourceCode":"\u003cxsl:value-of select\u003d\"$nodes_in/value\"/\u003e","FunctionImplementationLanguage":{"Name":"XSLT","Version":"2.0"}}],"isReference":false},"ParameterAssignments":[{"PositionInParameterList":1,"PositionInParameter":1,"Value":"3"},{"PositionInParameterList":2,"PositionInParameter":1,"PositionInDomainSet":1}]},"Confidential":false},{"DomainMappingElement":{"SourceDomainSet":[{"DomainGuid":"cd4fcaf221453cd6ae9fd465e95fdf16","Position":1}],"TargetDomainSet":[{"DomainGuid":"e0505067e73a39779ef200257a6d103e","Position":1}],"Documentation":{}},"Confidential":false},{"DomainMappingElement":{"SourceDomainSet":[{"DomainGuid":"2f4e5eee7c3e3933892b926b7577f26f","AlternativeDomainGuid":"79d67fe67a0043b7ad783a2f0017db74","Position":1}],"TargetDomainSet":[{"DomainGuid":"e242e9d8430332df91f680da9e7eec3e","Position":1}],"Documentation":{}},"Transformation":{"Function":{"FunctionGuid":"00000000000000000000000000000001","FunctionParameters":[{"PositionInParameterList":1,"Direction":"IN","Type":"NODE_LIST","Name":"LIFNR"},{"PositionInParameterList":2,"Direction":"OUT","Type":"NODE_LIST","Name":"nodes_out_1"}],"FunctionImplementations":[{"SourceCode":"\u003cxsl:sequence select\u003d\"$nodes_in/*\"/\u003e","FunctionImplementationLanguage":{"Name":"XSLT","Version":"2.0"}}],"isReference":false},"ParameterAssignments":[{"PositionInParameterList":1,"PositionInParameter":1,"PositionInDomainSet":1},{"PositionInParameterList":2,"PositionInParameter":1,"PositionInDomainSet":1}]},"Confidential":false}],"TargetNodeDuplicationRules":[{"OrderNumber":1,"OriginalNodeDomainGUID":"16b40f7f413b3120921086d0084b156d","NodeDuplicationRules":[{"OriginalNodeDomainGUID":"16b40f7f413b3120921086d0084b156d","DomainGuidSuffix":"1","Name":"Order Number and Date","MinOccurs":"1","MaxOccurs":"1","OrderNumber":1}],"migNodeHierarchyLevel":5}],"TargetNodeStatus":{},"SharedFunctions":[],"SharedVariables":[],"AdministrativeData":{"CreatedBy":"moussa.el.kakouchi@sap.com","CreatedOn":1749194132138,"ModifiedBy":"moussa.el.kakouchi@sap.com","ModifiedOn":1749194132138,"LastImportedOn":1749194132138,"LastImportedBy":"moussa.el.kakouchi@sap.com"},"LifecycleInfo":{},"Documentation":{"Name":{"ArtifactValue":{"Id":"81d886053f833ff1aefbb55e7ecc4d37","action":"NONE"}},"Definition":{"ArtifactValue":{"Id":"7937efc3169a343797ba579c31f8863e","action":"NONE"}},"Summary":{"ArtifactValue":{"Id":"6666cd76f96936469e7be39d750cc7d9","action":"NONE"}},"NumberOfNotes":0,"Notes":[]},"DocumentationArtifacts":{"81d886053f833ff1aefbb55e7ecc4d37":"01.b) [Trading Partner Name] - SAP IDOC ORDRSP.ORDERS05 -to- TRADACOMS 4 ACKHDR","UID-581ac569-97a2-43ad-8aa7-65e1693bc747":"\u003cdiv class\u003d\u0027sapMText\u0027\u003e\u003cdiv class\u003d\u0027sapMText\u0027\u003e\u003cdiv class\u003d\u0027sapMText\u0027\u003e\u003cp\u003eThis mapping guideline provides instructions for translating SAP IDOC ORDRSP.ORDERS05 into TRADACOMS 4 ACKHDR format. It details the specific fields and data elements that need to be mapped and transformed from the SAP IDOC structure to the corresponding TRADACOMS structure, ensuring accurate and seamless exchange of order response data between systems. The guideline includes mapping rules, data element definitions, and any necessary transformations or conversions to facilitate the integration and communication between SAP and TRADACOMS-based systems.\u003c/p\u003e\u003c/div\u003e\u003c/div\u003e\u003c/div\u003e","UID-9e6d6fc2-3bd4-483a-974c-7e8e70df78da":"\u003cdiv class\u003d\u0027sapMText\u0027\u003e\u003cdiv class\u003d\u0027sapMText\u0027\u003e\u003cdiv class\u003d\u0027sapMText\u0027\u003e\u003cdiv class\u003d\u0027sapMText\u0027\u003e\u003cdiv class\u003d\u0027sapMText\u0027\u003e\u003cdiv class\u003d\u0027sapMText\u0027\u003e\u003cdiv class\u003d\u0027sapMText\u0027\u003e\u003cdiv class\u003d\u0027sapMText\u0027\u003e\u003cp\u003eThis mapping guideline provides instructions for translating SAP IDOC ORDRSP.ORDERS05 into TRADACOMS 4 ACKHDR format. It details the specific fields and data elements that need to be mapped and transformed from the SAP IDOC structure to the corresponding TRADACOMS structure, ensuring accurate and seamless exchange of order response data between systems. The guideline includes mapping rules, data element definitions, and any necessary transformations or conversions to facilitate the integration and communication between SAP and TRADACOMS-based systems.\u003c/p\u003e\u003c/div\u003e\u003c/div\u003e\u003c/div\u003e\u003c/div\u003e\u003c/div\u003e\u003c/div\u003e\u003c/div\u003e\u003c/div\u003e","UID-5281e8e2-93de-4c79-a164-73370e1ddb0f":"\u003cdiv class\u003d\u0027sapMText\u0027\u003e\u003cdiv class\u003d\u0027sapMText\u0027\u003e\u003cdiv class\u003d\u0027sapMText\u0027\u003e\u003cdiv class\u003d\u0027sapMText\u0027\u003e\u003cdiv class\u003d\u0027sapMText\u0027\u003e\u003cdiv class\u003d\u0027sapMText\u0027\u003e\u003cp\u003eThis mapping guideline provides instructions for translating SAP IDOC ORDRSP.ORDERS05 into TRADACOMS 4 ACKHDR format. It details the specific fields and data elements that need to be mapped and transformed from the SAP IDOC structure to the corresponding TRADACOMS structure, ensuring accurate and seamless exchange of order response data between systems. The guideline includes mapping rules, data element definitions, and any necessary transformations or conversions to facilitate the integration and communication between SAP and TRADACOMS-based systems.\u003c/p\u003e\u003c/div\u003e\u003c/div\u003e\u003c/div\u003e\u003c/div\u003e\u003c/div\u003e\u003c/div\u003e","UID-394520e3-fc51-475c-9dd8-ccd160bfb5ee":"","UID-57f4c60a-62eb-43e0-8bc6-f942096c27ff":"\u003cdiv class\u003d\u0027sapMText\u0027\u003e\u003cdiv class\u003d\u0027sapMText\u0027\u003e\u003cdiv class\u003d\u0027sapMText\u0027\u003e\u003cp\u003eThis mapping guideline provides instructions for translating SAP IDOC ORDRSP.ORDERS05 into TRADACOMS 4 ACKHDR format. It details the specific fields and data elements that need to be mapped and transformed from the SAP IDOC structure to the corresponding TRADACOMS structure, ensuring accurate and seamless exchange of order response data between systems. The guideline includes mapping rules, data element definitions, and any necessary transformations or conversions to facilitate the integration and communication between SAP and TRADACOMS-based systems.\u003c/p\u003e\u003c/div\u003e\u003c/div\u003e\u003c/div\u003e","fda2989c78cb3ce2ac91f0571d6036d1":"\u003cdiv class\u003d\u0027sapMText\u0027\u003e\u003cdiv class\u003d\u0027sapMText\u0027\u003e\u003cdiv class\u003d\u0027sapMText\u0027\u003e\u003cdiv class\u003d\u0027sapMText\u0027\u003e\u003cdiv class\u003d\u0027sapMText\u0027\u003e\u003cdiv class\u003d\u0027sapMText\u0027\u003e\u003cdiv class\u003d\u0027sapMText\u0027\u003e\u003cdiv class\u003d\u0027sapMText\u0027\u003e\u003cdiv class\u003d\u0027sapMText\u0027\u003e\u003cp\u003eThis mapping guideline provides instructions for translating SAP IDOC ORDRSP.ORDERS05 into TRADACOMS 4 ACKHDR format. It details the specific fields and data elements that need to be mapped and transformed from the SAP IDOC structure to the corresponding TRADACOMS structure, ensuring accurate and seamless exchange of order response data between systems. The guideline includes mapping rules, data element definitions, and any necessary transformations or conversions to facilitate the integration and communication between SAP and TRADACOMS-based systems.\u003c/p\u003e\u003c/div\u003e\u003c/div\u003e\u003c/div\u003e\u003c/div\u003e\u003c/div\u003e\u003c/div\u003e\u003c/div\u003e\u003c/div\u003e\u003c/div\u003e","UID-04c55ca8-84f5-4344-9ac0-894f42281acd":"\u003cdiv class\u003d\u0027sapMText\u0027\u003e\u003cdiv class\u003d\u0027sapMText\u0027\u003e\u003cdiv class\u003d\u0027sapMText\u0027\u003e\u003cp\u003eThis mapping guideline provides instructions for translating SAP IDOC ORDRSP.ORDERS05 into TRADACOMS 4 ACKHDR format. It details the specific fields and data elements that need to be mapped and transformed from the SAP IDOC structure to the corresponding TRADACOMS structure, ensuring accurate and seamless exchange of order response data between systems. The guideline includes mapping rules, data element definitions, and any necessary transformations or conversions to facilitate the integration and communication between SAP and TRADACOMS-based systems.\u003c/p\u003e\u003c/div\u003e\u003c/div\u003e\u003c/div\u003e","UID-f51f135b-2b2d-422a-ad97-a2376287c231":"\u003cdiv class\u003d\u0027sapMText\u0027\u003e\u003cdiv class\u003d\u0027sapMText\u0027\u003e\u003cdiv class\u003d\u0027sapMText\u0027\u003e\u003cdiv class\u003d\u0027sapMText\u0027\u003e\u003cdiv class\u003d\u0027sapMText\u0027\u003e\u003cdiv class\u003d\u0027sapMText\u0027\u003e\u003cdiv class\u003d\u0027sapMText\u0027\u003e\u003cp\u003eThis mapping guideline provides instructions for translating SAP IDOC ORDRSP.ORDERS05 into TRADACOMS 4 ACKHDR format. It details the specific fields and data elements that need to be mapped and transformed from the SAP IDOC structure to the corresponding TRADACOMS structure, ensuring accurate and seamless exchange of order response data between systems. The guideline includes mapping rules, data element definitions, and any necessary transformations or conversions to facilitate the integration and communication between SAP and TRADACOMS-based systems.\u003c/p\u003e\u003c/div\u003e\u003c/div\u003e\u003c/div\u003e\u003c/div\u003e\u003c/div\u003e\u003c/div\u003e\u003c/div\u003e","067fce5e903c38a09cc174f14c51c488":"\u003cdiv class\u003d\u0027sapMText\u0027\u003e\u003cdiv class\u003d\u0027sapMText\u0027\u003e\u003cdiv class\u003d\u0027sapMText\u0027\u003e\u003cdiv class\u003d\u0027sapMText\u0027\u003e\u003cdiv class\u003d\u0027sapMText\u0027\u003e\u003cdiv class\u003d\u0027sapMText\u0027\u003e\u003cdiv class\u003d\u0027sapMText\u0027\u003e\u003cdiv class\u003d\u0027sapMText\u0027\u003e\u003cdiv class\u003d\u0027sapMText\u0027\u003e\u003cdiv class\u003d\u0027sapMText\u0027\u003e\u003cp\u003eThis mapping guideline provides instructions for translating SAP IDOC ORDRSP.ORDERS05 into TRADACOMS 4 ACKHDR format. It details the specific fields and data elements that need to be mapped and transformed from the SAP IDOC structure to the corresponding TRADACOMS structure, ensuring accurate and seamless exchange of order response data between systems. The guideline includes mapping rules, data element definitions, and any necessary transformations or conversions to facilitate the integration and communication between SAP and TRADACOMS-based systems.\u003c/p\u003e\u003c/div\u003e\u003c/div\u003e\u003c/div\u003e\u003c/div\u003e\u003c/div\u003e\u003c/div\u003e\u003c/div\u003e\u003c/div\u003e\u003c/div\u003e\u003c/div\u003e","UID-d5faff55-d63a-4f4b-8992-a1d9607b90ef":"\u003cdiv class\u003d\u0027sapMText\u0027\u003e\u003cdiv class\u003d\u0027sapMText\u0027\u003e\u003cdiv class\u003d\u0027sapMText\u0027\u003e\u003cp\u003eThis mapping guideline provides instructions for translating SAP IDOC ORDRSP.ORDERS05 into TRADACOMS 4 ACKHDR format. It details the specific fields and data elements that need to be mapped and transformed from the SAP IDOC structure to the corresponding TRADACOMS structure, ensuring accurate and seamless exchange of order response data between systems. The guideline includes mapping rules, data element definitions, and any necessary transformations or conversions to facilitate the integration and communication between SAP and TRADACOMS-based systems.\u003c/p\u003e\u003c/div\u003e\u003c/div\u003e\u003c/div\u003e","ff73bc670b29336083e011503fe4b7cf":"\u003cdiv class\u003d\u0027sapMText\u0027\u003e\u003cdiv class\u003d\u0027sapMText\u0027\u003e\u003cdiv class\u003d\u0027sapMText\u0027\u003e\u003cdiv class\u003d\u0027sapMText\u0027\u003e\u003cdiv class\u003d\u0027sapMText\u0027\u003e\u003cdiv class\u003d\u0027sapMText\u0027\u003e\u003cdiv class\u003d\u0027sapMText\u0027\u003e\u003cdiv class\u003d\u0027sapMText\u0027\u003e\u003cdiv class\u003d\u0027sapMText\u0027\u003e\u003cdiv class\u003d\u0027sapMText\u0027\u003e\u003cdiv class\u003d\u0027sapMText\u0027\u003e\u003cdiv class\u003d\u0027sapMText\u0027\u003e\u003cdiv class\u003d\u0027sapMText\u0027\u003e\u003cp\u003eThis mapping guideline provides instructions for translating SAP IDOC ORDRSP.ORDERS05 into TRADACOMS 4 ACKHDR format. It details the specific fields and data elements that need to be mapped and transformed from the SAP IDOC structure to the corresponding TRADACOMS structure, ensuring accurate and seamless exchange of order response data between systems. The guideline includes mapping rules, data element definitions, and any necessary transformations or conversions to facilitate the integration and communication between SAP and TRADACOMS-based systems.\u003c/p\u003e\u003c/div\u003e\u003c/div\u003e\u003c/div\u003e\u003c/div\u003e\u003c/div\u003e\u003c/div\u003e\u003c/div\u003e\u003c/div\u003e\u003c/div\u003e\u003c/div\u003e\u003c/div\u003e\u003c/div\u003e\u003c/div\u003e","684a1291965c3417a81830438a1a6a5e":"\u003cdiv class\u003d\u0027sapMText\u0027\u003e\u003cdiv class\u003d\u0027sapMText\u0027\u003e\u003cp\u003eThis mapping guideline provides instructions for translating SAP IDOC ORDRSP.ORDERS05 into TRADACOMS 4 ACKHDR format. It details the specific fields and data elements that need to be mapped and transformed from the SAP IDOC structure to the corresponding TRADACOMS structure, ensuring accurate and seamless exchange of order response data between systems. The guideline includes mapping rules, data element definitions, and any necessary transformations or conversions to facilitate the integration and communication between SAP and TRADACOMS-based systems.\u003c/p\u003e\u003c/div\u003e\u003c/div\u003e","UID-9b569699-0a11-4364-a2f8-eb58982e6e44":"\u003cdiv class\u003d\u0027sapMText\u0027\u003e\u003cdiv class\u003d\u0027sapMText\u0027\u003e\u003cdiv class\u003d\u0027sapMText\u0027\u003e\u003cdiv class\u003d\u0027sapMText\u0027\u003e\u003cdiv class\u003d\u0027sapMText\u0027\u003e\u003cdiv class\u003d\u0027sapMText\u0027\u003e\u003cdiv class\u003d\u0027sapMText\u0027\u003e\u003cdiv class\u003d\u0027sapMText\u0027\u003e\u003cdiv class\u003d\u0027sapMText\u0027\u003e\u003cdiv class\u003d\u0027sapMText\u0027\u003e\u003cdiv class\u003d\u0027sapMText\u0027\u003e\u003cdiv class\u003d\u0027sapMText\u0027\u003e\u003cdiv class\u003d\u0027sapMText\u0027\u003e\u003cdiv class\u003d\u0027sapMText\u0027\u003e\u003cdiv class\u003d\u0027sapMText\u0027\u003e\u003cp\u003eThis mapping guideline provides instructions for translating SAP IDOC ORDRSP.ORDERS05 into TRADACOMS 4 ACKHDR format. It details the specific fields and data elements that need to be mapped and transformed from the SAP IDOC structure to the corresponding TRADACOMS structure, ensuring accurate and seamless exchange of order response data between systems. The guideline includes mapping rules, data element definitions, and any necessary transformations or conversions to facilitate the integration and communication between SAP and TRADACOMS-based systems.\u003c/p\u003e\u003c/div\u003e\u003c/div\u003e\u003c/div\u003e\u003c/div\u003e\u003c/div\u003e\u003c/div\u003e\u003c/div\u003e\u003c/div\u003e\u003c/div\u003e\u003c/div\u003e\u003c/div\u003e\u003c/div\u003e\u003c/div\u003e\u003c/div\u003e\u003c/div\u003e","UID-b38f4e55-1cf1-4b71-b0ca-63a776811053":"","UID-278fd212-0d33-45ed-b13a-2feb9edbae4b":"","60a52280156b385a9ad71c81ea0738ac":"\u003cp\u003eThis mapping guideline provides instructions for translating SAP IDOC ORDRSP.ORDERS05 into TRADACOMS 4 ACKHDR format. It details the specific fields and data elements that need to be mapped and transformed from the SAP IDOC structure to the corresponding TRADACOMS structure, ensuring accurate and seamless exchange of order response data between systems. The guideline includes mapping rules, data element definitions, and any necessary transformations or conversions to facilitate the integration and communication between SAP and TRADACOMS-based systems.\u003c/p\u003e","0103d6ce65813d559049a4b632ee71b3":"\u003cdiv class\u003d\u0027sapMText\u0027\u003e\u003cdiv class\u003d\u0027sapMText\u0027\u003e\u003cdiv class\u003d\u0027sapMText\u0027\u003e\u003cdiv class\u003d\u0027sapMText\u0027\u003e\u003cdiv class\u003d\u0027sapMText\u0027\u003e\u003cp\u003eThis mapping guideline provides instructions for translating SAP IDOC ORDRSP.ORDERS05 into TRADACOMS 4 ACKHDR format. It details the specific fields and data elements that need to be mapped and transformed from the SAP IDOC structure to the corresponding TRADACOMS structure, ensuring accurate and seamless exchange of order response data between systems. The guideline includes mapping rules, data element definitions, and any necessary transformations or conversions to facilitate the integration and communication between SAP and TRADACOMS-based systems.\u003c/p\u003e\u003c/div\u003e\u003c/div\u003e\u003c/div\u003e\u003c/div\u003e\u003c/div\u003e","UID-e505b2fc-701f-49bf-ae80-e45a71868626":"","UID-e0f6ee9e-ab9a-41ad-9603-d604fa72e5f3":"","cdcd3ec793153f39963499d3a5ac4258":"\u003cdiv class\u003d\u0027sapMText\u0027\u003e\u003cp\u003eThis mapping guideline provides instructions for translating SAP IDOC ORDRSP.ORDERS05 into TRADACOMS 4 ACKHDR format. It details the specific fields and data elements that need to be mapped and transformed from the SAP IDOC structure to the corresponding TRADACOMS structure, ensuring accurate and seamless exchange of order response data between systems. The guideline includes mapping rules, data element definitions, and any necessary transformations or conversions to facilitate the integration and communication between SAP and TRADACOMS-based systems.\u003c/p\u003e\u003c/div\u003e","7659d612059e3c33a60931c25c001f67":"\u003cdiv class\u003d\u0027sapMText\u0027\u003e\u003cdiv class\u003d\u0027sapMText\u0027\u003e\u003cdiv class\u003d\u0027sapMText\u0027\u003e\u003cdiv class\u003d\u0027sapMText\u0027\u003e\u003cp\u003eThis mapping guideline provides instructions for translating SAP IDOC ORDRSP.ORDERS05 into TRADACOMS 4 ACKHDR format. It details the specific fields and data elements that need to be mapped and transformed from the SAP IDOC structure to the corresponding TRADACOMS structure, ensuring accurate and seamless exchange of order response data between systems. The guideline includes mapping rules, data element definitions, and any necessary transformations or conversions to facilitate the integration and communication between SAP and TRADACOMS-based systems.\u003c/p\u003e\u003c/div\u003e\u003c/div\u003e\u003c/div\u003e\u003c/div\u003e","UID-b6bddb51-527c-4f4f-b152-7967b1d2bf05":"\u003cdiv class\u003d\u0027sapMText\u0027\u003e\u003cdiv class\u003d\u0027sapMText\u0027\u003e\u003cdiv class\u003d\u0027sapMText\u0027\u003e\u003cdiv class\u003d\u0027sapMText\u0027\u003e\u003cdiv class\u003d\u0027sapMText\u0027\u003e\u003cdiv class\u003d\u0027sapMText\u0027\u003e\u003cdiv class\u003d\u0027sapMText\u0027\u003e\u003cdiv class\u003d\u0027sapMText\u0027\u003e\u003cdiv class\u003d\u0027sapMText\u0027\u003e\u003cdiv class\u003d\u0027sapMText\u0027\u003e\u003cdiv class\u003d\u0027sapMText\u0027\u003e\u003cdiv class\u003d\u0027sapMText\u0027\u003e\u003cdiv class\u003d\u0027sapMText\u0027\u003e\u003cdiv class\u003d\u0027sapMText\u0027\u003e\u003cdiv class\u003d\u0027sapMText\u0027\u003e\u003cdiv class\u003d\u0027sapMText\u0027\u003e\u003cdiv class\u003d\u0027sapMText\u0027\u003e\u003cp\u003eThis mapping guideline provides instructions for translating SAP IDOC ORDRSP.ORDERS05 into TRADACOMS 4 ACKHDR format. It details the specific fields and data elements that need to be mapped and transformed from the SAP IDOC structure to the corresponding TRADACOMS structure, ensuring accurate and seamless exchange of order response data between systems. The guideline includes mapping rules, data element definitions, and any necessary transformations or conversions to facilitate the integration and communication between SAP and TRADACOMS-based systems.\u003c/p\u003e\u003c/div\u003e\u003c/div\u003e\u003c/div\u003e\u003c/div\u003e\u003c/div\u003e\u003c/div\u003e\u003c/div\u003e\u003c/div\u003e\u003c/div\u003e\u003c/div\u003e\u003c/div\u003e\u003c/div\u003e\u003c/div\u003e\u003c/div\u003e\u003c/div\u003e\u003c/div\u003e\u003c/div\u003e","UID-39427e76-33de-43ee-a1e9-84a8aca2f536":"\u003cdiv class\u003d\u0027sapMText\u0027\u003e\u003cdiv class\u003d\u0027sapMText\u0027\u003e\u003cdiv class\u003d\u0027sapMText\u0027\u003e\u003cdiv class\u003d\u0027sapMText\u0027\u003e\u003cdiv class\u003d\u0027sapMText\u0027\u003e\u003cdiv class\u003d\u0027sapMText\u0027\u003e\u003cdiv class\u003d\u0027sapMText\u0027\u003e\u003cdiv class\u003d\u0027sapMText\u0027\u003e\u003cdiv class\u003d\u0027sapMText\u0027\u003e\u003cdiv class\u003d\u0027sapMText\u0027\u003e\u003cdiv class\u003d\u0027sapMText\u0027\u003e\u003cp\u003eThis mapping guideline provides instructions for translating SAP IDOC ORDRSP.ORDERS05 into TRADACOMS 4 ACKHDR format. It details the specific fields and data elements that need to be mapped and transformed from the SAP IDOC structure to the corresponding TRADACOMS structure, ensuring accurate and seamless exchange of order response data between systems. The guideline includes mapping rules, data element definitions, and any necessary transformations or conversions to facilitate the integration and communication between SAP and TRADACOMS-based systems.\u003c/p\u003e\u003c/div\u003e\u003c/div\u003e\u003c/div\u003e\u003c/div\u003e\u003c/div\u003e\u003c/div\u003e\u003c/div\u003e\u003c/div\u003e\u003c/div\u003e\u003c/div\u003e\u003c/div\u003e","UID-5d352ea1-85f2-4afa-9ffd-7daadf80c1ba":"","UID-78213ec4-547a-415c-9dca-d6ba6888cd6f":"","UID-1880e790-2081-4b17-9481-2a13a0c3f8ad":"\u003cdiv class\u003d\u0027sapMText\u0027\u003e\u003cdiv class\u003d\u0027sapMText\u0027\u003e\u003cdiv class\u003d\u0027sapMText\u0027\u003e\u003cdiv class\u003d\u0027sapMText\u0027\u003e\u003cdiv class\u003d\u0027sapMText\u0027\u003e\u003cdiv class\u003d\u0027sapMText\u0027\u003e\u003cdiv class\u003d\u0027sapMText\u0027\u003e\u003cdiv class\u003d\u0027sapMText\u0027\u003e\u003cdiv class\u003d\u0027sapMText\u0027\u003e\u003cdiv class\u003d\u0027sapMText\u0027\u003e\u003cp\u003eThis mapping guideline provides instructions for translating SAP IDOC ORDRSP.ORDERS05 into TRADACOMS 4 ACKHDR format. It details the specific fields and data elements that need to be mapped and transformed from the SAP IDOC structure to the corresponding TRADACOMS structure, ensuring accurate and seamless exchange of order response data between systems. The guideline includes mapping rules, data element definitions, and any necessary transformations or conversions to facilitate the integration and communication between SAP and TRADACOMS-based systems.\u003c/p\u003e\u003c/div\u003e\u003c/div\u003e\u003c/div\u003e\u003c/div\u003e\u003c/div\u003e\u003c/div\u003e\u003c/div\u003e\u003c/div\u003e\u003c/div\u003e\u003c/div\u003e","UID-f7b90131-bc75-4421-8474-6ebb71d3fb9a":"\u003cdiv class\u003d\u0027sapMText\u0027\u003e\u003cdiv class\u003d\u0027sapMText\u0027\u003e\u003cdiv class\u003d\u0027sapMText\u0027\u003e\u003cdiv class\u003d\u0027sapMText\u0027\u003e\u003cdiv class\u003d\u0027sapMText\u0027\u003e\u003cdiv class\u003d\u0027sapMText\u0027\u003e\u003cp\u003eThis mapping guideline provides instructions for translating SAP IDOC ORDRSP.ORDERS05 into TRADACOMS 4 ACKHDR format. It details the specific fields and data elements that need to be mapped and transformed from the SAP IDOC structure to the corresponding TRADACOMS structure, ensuring accurate and seamless exchange of order response data between systems. The guideline includes mapping rules, data element definitions, and any necessary transformations or conversions to facilitate the integration and communication between SAP and TRADACOMS-based systems.\u003c/p\u003e\u003c/div\u003e\u003c/div\u003e\u003c/div\u003e\u003c/div\u003e\u003c/div\u003e\u003c/div\u003e","UID-8f97bd23-c82c-4eb9-bb73-45420ace4094":"\u003cdiv class\u003d\u0027sapMText\u0027\u003e\u003cdiv class\u003d\u0027sapMText\u0027\u003e\u003cp\u003eThis mapping guideline provides instructions for translating SAP IDOC ORDRSP.ORDERS05 into TRADACOMS 4 ACKHDR format. It details the specific fields and data elements that need to be mapped and transformed from the SAP IDOC structure to the corresponding TRADACOMS structure, ensuring accurate and seamless exchange of order response data between systems. The guideline includes mapping rules, data element definitions, and any necessary transformations or conversions to facilitate the integration and communication between SAP and TRADACOMS-based systems.\u003c/p\u003e\u003c/div\u003e\u003c/div\u003e","UID-332429b3-2feb-40cf-b651-3ed92138bef6":"","6666cd76f96936469e7be39d750cc7d9":"","UID-970925bc-8892-4222-b45f-f8a1891e58a2":"","16acd01cd3ad3d97963329e239e35514":"\u003cdiv class\u003d\u0027sapMText\u0027\u003e\u003cdiv class\u003d\u0027sapMText\u0027\u003e\u003cdiv class\u003d\u0027sapMText\u0027\u003e\u003cdiv class\u003d\u0027sapMText\u0027\u003e\u003cdiv class\u003d\u0027sapMText\u0027\u003e\u003cdiv class\u003d\u0027sapMText\u0027\u003e\u003cdiv class\u003d\u0027sapMText\u0027\u003e\u003cdiv class\u003d\u0027sapMText\u0027\u003e\u003cdiv class\u003d\u0027sapMText\u0027\u003e\u003cdiv class\u003d\u0027sapMText\u0027\u003e\u003cdiv class\u003d\u0027sapMText\u0027\u003e\u003cdiv class\u003d\u0027sapMText\u0027\u003e\u003cdiv class\u003d\u0027sapMText\u0027\u003e\u003cdiv class\u003d\u0027sapMText\u0027\u003e\u003cp\u003eThis mapping guideline provides instructions for translating SAP IDOC ORDRSP.ORDERS05 into TRADACOMS 4 ACKHDR format. It details the specific fields and data elements that need to be mapped and transformed from the SAP IDOC structure to the corresponding TRADACOMS structure, ensuring accurate and seamless exchange of order response data between systems. The guideline includes mapping rules, data element definitions, and any necessary transformations or conversions to facilitate the integration and communication between SAP and TRADACOMS-based systems.\u003c/p\u003e\u003c/div\u003e\u003c/div\u003e\u003c/div\u003e\u003c/div\u003e\u003c/div\u003e\u003c/div\u003e\u003c/div\u003e\u003c/div\u003e\u003c/div\u003e\u003c/div\u003e\u003c/div\u003e\u003c/div\u003e\u003c/div\u003e\u003c/div\u003e","UID-da32ce93-85aa-4dcb-8551-40e575822c32":"","UID-d4d0c1b5-0ea5-4cce-b3cd-4da2a1899ef3":"\u003cdiv class\u003d\u0027sapMText\u0027\u003e\u003cdiv class\u003d\u0027sapMText\u0027\u003e\u003cdiv class\u003d\u0027sapMText\u0027\u003e\u003cdiv class\u003d\u0027sapMText\u0027\u003e\u003cdiv class\u003d\u0027sapMText\u0027\u003e\u003cdiv class\u003d\u0027sapMText\u0027\u003e\u003cdiv class\u003d\u0027sapMText\u0027\u003e\u003cdiv class\u003d\u0027sapMText\u0027\u003e\u003cp\u003eThis mapping guideline provides instructions for translating SAP IDOC ORDRSP.ORDERS05 into TRADACOMS 4 ACKHDR format. It details the specific fields and data elements that need to be mapped and transformed from the SAP IDOC structure to the corresponding TRADACOMS structure, ensuring accurate and seamless exchange of order response data between systems. The guideline includes mapping rules, data element definitions, and any necessary transformations or conversions to facilitate the integration and communication between SAP and TRADACOMS-based systems.\u003c/p\u003e\u003c/div\u003e\u003c/div\u003e\u003c/div\u003e\u003c/div\u003e\u003c/div\u003e\u003c/div\u003e\u003c/div\u003e\u003c/div\u003e","UID-6b76f170-ac6f-4319-84d9-9cd69dc935ce":"\u003cdiv class\u003d\u0027sapMText\u0027\u003e\u003cdiv class\u003d\u0027sapMText\u0027\u003e\u003cdiv class\u003d\u0027sapMText\u0027\u003e\u003cdiv class\u003d\u0027sapMText\u0027\u003e\u003cdiv class\u003d\u0027sapMText\u0027\u003e\u003cdiv class\u003d\u0027sapMText\u0027\u003e\u003cdiv class\u003d\u0027sapMText\u0027\u003e\u003cdiv class\u003d\u0027sapMText\u0027\u003e\u003cdiv class\u003d\u0027sapMText\u0027\u003e\u003cdiv class\u003d\u0027sapMText\u0027\u003e\u003cdiv class\u003d\u0027sapMText\u0027\u003e\u003cdiv class\u003d\u0027sapMText\u0027\u003e\u003cp\u003eThis mapping guideline provides instructions for translating SAP IDOC ORDRSP.ORDERS05 into TRADACOMS 4 ACKHDR format. It details the specific fields and data elements that need to be mapped and transformed from the SAP IDOC structure to the corresponding TRADACOMS structure, ensuring accurate and seamless exchange of order response data between systems. The guideline includes mapping rules, data element definitions, and any necessary transformations or conversions to facilitate the integration and communication between SAP and TRADACOMS-based systems.\u003c/p\u003e\u003c/div\u003e\u003c/div\u003e\u003c/div\u003e\u003c/div\u003e\u003c/div\u003e\u003c/div\u003e\u003c/div\u003e\u003c/div\u003e\u003c/div\u003e\u003c/div\u003e\u003c/div\u003e\u003c/div\u003e","UID-a9003170-13a1-4bf3-978c-2643d92b8422":"\u003cdiv class\u003d\u0027sapMText\u0027\u003e\u003cdiv class\u003d\u0027sapMText\u0027\u003e\u003cp\u003eThis mapping guideline provides instructions for translating SAP IDOC ORDRSP.ORDERS05 into TRADACOMS 4 ACKHDR format. It details the specific fields and data elements that need to be mapped and transformed from the SAP IDOC structure to the corresponding TRADACOMS structure, ensuring accurate and seamless exchange of order response data between systems. The guideline includes mapping rules, data element definitions, and any necessary transformations or conversions to facilitate the integration and communication between SAP and TRADACOMS-based systems.\u003c/p\u003e\u003c/div\u003e\u003c/div\u003e","UID-f9b4a6e7-68b7-4f9d-8350-d1d4920a2387":"","964a235ebee13028b38703936a0d61fd":"Mapping 01.b) [Company Name] - SAP IDOC ORDRSP.ORDERS05 for Customer EDI - Source to 01.b) [Trading Partner Name] - TRADACOMS 4 ACKHDR - Target","UID-087ecb81-da45-420e-9a05-f691bc86a9e4":"\u003cdiv class\u003d\u0027sapMText\u0027\u003e\u003cdiv class\u003d\u0027sapMText\u0027\u003e\u003cdiv class\u003d\u0027sapMText\u0027\u003e\u003cp\u003eThis mapping guideline provides instructions for translating SAP IDOC ORDRSP.ORDERS05 into TRADACOMS 4 ACKHDR format. It details the specific fields and data elements that need to be mapped and transformed from the SAP IDOC structure to the corresponding TRADACOMS structure, ensuring accurate and seamless exchange of order response data between systems. The guideline includes mapping rules, data element definitions, and any necessary transformations or conversions to facilitate the integration and communication between SAP and TRADACOMS-based systems.\u003c/p\u003e\u003c/div\u003e\u003c/div\u003e\u003c/div\u003e","UID-c3a8fdad-90bf-49ce-8e7c-97747fe2fc98":"","1dbc0f3719433e468176bd370abeb222":"\u003cdiv class\u003d\u0027sapMText\u0027\u003e\u003cdiv class\u003d\u0027sapMText\u0027\u003e\u003cdiv class\u003d\u0027sapMText\u0027\u003e\u003cdiv class\u003d\u0027sapMText\u0027\u003e\u003cdiv class\u003d\u0027sapMText\u0027\u003e\u003cdiv class\u003d\u0027sapMText\u0027\u003e\u003cdiv class\u003d\u0027sapMText\u0027\u003e\u003cdiv class\u003d\u0027sapMText\u0027\u003e\u003cdiv class\u003d\u0027sapMText\u0027\u003e\u003cdiv class\u003d\u0027sapMText\u0027\u003e\u003cdiv class\u003d\u0027sapMText\u0027\u003e\u003cdiv class\u003d\u0027sapMText\u0027\u003e\u003cdiv class\u003d\u0027sapMText\u0027\u003e\u003cdiv class\u003d\u0027sapMText\u0027\u003e\u003cdiv class\u003d\u0027sapMText\u0027\u003e\u003cdiv class\u003d\u0027sapMText\u0027\u003e\u003cp\u003eThis mapping guideline provides instructions for translating SAP IDOC ORDRSP.ORDERS05 into TRADACOMS 4 ACKHDR format. It details the specific fields and data elements that need to be mapped and transformed from the SAP IDOC structure to the corresponding TRADACOMS structure, ensuring accurate and seamless exchange of order response data between systems. The guideline includes mapping rules, data element definitions, and any necessary transformations or conversions to facilitate the integration and communication between SAP and TRADACOMS-based systems.\u003c/p\u003e\u003c/div\u003e\u003c/div\u003e\u003c/div\u003e\u003c/div\u003e\u003c/div\u003e\u003c/div\u003e\u003c/div\u003e\u003c/div\u003e\u003c/div\u003e\u003c/div\u003e\u003c/div\u003e\u003c/div\u003e\u003c/div\u003e\u003c/div\u003e\u003c/div\u003e\u003c/div\u003e","UID-fd0e1fa0-2f0a-471a-9c28-60d87aa511b5":"01.b) [Trading Partner Name] - SAP IDOC ORDRSP.ORDERS05 -to- TRADACOMS 4 ACKHDR","UID-84e4658c-c413-4c9f-bb47-aa54d0df56cf":"\u003cdiv class\u003d\u0027sapMText\u0027\u003e\u003cdiv class\u003d\u0027sapMText\u0027\u003e\u003cdiv class\u003d\u0027sapMText\u0027\u003e\u003cp\u003eThis mapping guideline provides instructions for translating SAP IDOC ORDRSP.ORDERS05 into TRADACOMS 4 ACKHDR format. It details the specific fields and data elements that need to be mapped and transformed from the SAP IDOC structure to the corresponding TRADACOMS structure, ensuring accurate and seamless exchange of order response data between systems. The guideline includes mapping rules, data element definitions, and any necessary transformations or conversions to facilitate the integration and communication between SAP and TRADACOMS-based systems.\u003c/p\u003e\u003c/div\u003e\u003c/div\u003e\u003c/div\u003e","UID-a2c3e060-8e00-4a0e-9be0-5c08d206fa42":"","UID-af1d575b-b442-4249-a10c-0c450768d700":"","UID-39c13381-b09a-41b0-be70-5d7b5831a0af":"\u003cdiv class\u003d\u0027sapMText\u0027\u003e\u003cdiv class\u003d\u0027sapMText\u0027\u003e\u003cdiv class\u003d\u0027sapMText\u0027\u003e\u003cdiv class\u003d\u0027sapMText\u0027\u003e\u003cdiv class\u003d\u0027sapMText\u0027\u003e\u003cdiv class\u003d\u0027sapMText\u0027\u003e\u003cdiv class\u003d\u0027sapMText\u0027\u003e\u003cdiv class\u003d\u0027sapMText\u0027\u003e\u003cdiv class\u003d\u0027sapMText\u0027\u003e\u003cdiv class\u003d\u0027sapMText\u0027\u003e\u003cdiv class\u003d\u0027sapMText\u0027\u003e\u003cdiv class\u003d\u0027sapMText\u0027\u003e\u003cdiv class\u003d\u0027sapMText\u0027\u003e\u003cdiv class\u003d\u0027sapMText\u0027\u003e\u003cdiv class\u003d\u0027sapMText\u0027\u003e\u003cdiv class\u003d\u0027sapMText\u0027\u003e\u003cdiv class\u003d\u0027sapMText\u0027\u003e\u003cdiv class\u003d\u0027sapMText\u0027\u003e\u003cp\u003eThis mapping guideline provides instructions for translating SAP IDOC ORDRSP.ORDERS05 into TRADACOMS 4 ACKHDR format. It details the specific fields and data elements that need to be mapped and transformed from the SAP IDOC structure to the corresponding TRADACOMS structure, ensuring accurate and seamless exchange of order response data between systems. The guideline includes mapping rules, data element definitions, and any necessary transformations or conversions to facilitate the integration and communication between SAP and TRADACOMS-based systems.\u003c/p\u003e\u003c/div\u003e\u003c/div\u003e\u003c/div\u003e\u003c/div\u003e\u003c/div\u003e\u003c/div\u003e\u003c/div\u003e\u003c/div\u003e\u003c/div\u003e\u003c/div\u003e\u003c/div\u003e\u003c/div\u003e\u003c/div\u003e\u003c/div\u003e\u003c/div\u003e\u003c/div\u003e\u003c/div\u003e\u003c/div\u003e","UID-577fdd5c-f3ff-475a-b466-807de1f15632":"","4696d0289de23d119465f34fa44c034c":"\u003cdiv class\u003d\u0027sapMText\u0027\u003e\u003cdiv class\u003d\u0027sapMText\u0027\u003e\u003cdiv class\u003d\u0027sapMText\u0027\u003e\u003cdiv class\u003d\u0027sapMText\u0027\u003e\u003cdiv class\u003d\u0027sapMText\u0027\u003e\u003cdiv class\u003d\u0027sapMText\u0027\u003e\u003cdiv class\u003d\u0027sapMText\u0027\u003e\u003cdiv class\u003d\u0027sapMText\u0027\u003e\u003cp\u003eThis mapping guideline provides instructions for translating SAP IDOC ORDRSP.ORDERS05 into TRADACOMS 4 ACKHDR format. It details the specific fields and data elements that need to be mapped and transformed from the SAP IDOC structure to the corresponding TRADACOMS structure, ensuring accurate and seamless exchange of order response data between systems. The guideline includes mapping rules, data element definitions, and any necessary transformations or conversions to facilitate the integration and communication between SAP and TRADACOMS-based systems.\u003c/p\u003e\u003c/div\u003e\u003c/div\u003e\u003c/div\u003e\u003c/div\u003e\u003c/div\u003e\u003c/div\u003e\u003c/div\u003e\u003c/div\u003e","7937efc3169a343797ba579c31f8863e":"\u003cdiv class\u003d\u0027sapMText\u0027\u003e\u003cdiv class\u003d\u0027sapMText\u0027\u003e\u003cdiv class\u003d\u0027sapMText\u0027\u003e\u003cdiv class\u003d\u0027sapMText\u0027\u003e\u003cdiv class\u003d\u0027sapMText\u0027\u003e\u003cdiv class\u003d\u0027sapMText\u0027\u003e\u003cdiv class\u003d\u0027sapMText\u0027\u003e\u003cdiv class\u003d\u0027sapMText\u0027\u003e\u003cdiv class\u003d\u0027sapMText\u0027\u003e\u003cdiv class\u003d\u0027sapMText\u0027\u003e\u003cdiv class\u003d\u0027sapMText\u0027\u003e\u003cdiv class\u003d\u0027sapMText\u0027\u003e\u003cdiv class\u003d\u0027sapMText\u0027\u003e\u003cdiv class\u003d\u0027sapMText\u0027\u003e\u003cdiv class\u003d\u0027sapMText\u0027\u003e\u003cdiv class\u003d\u0027sapMText\u0027\u003e\u003cdiv class\u003d\u0027sapMText\u0027\u003e\u003cdiv class\u003d\u0027sapMText\u0027\u003e\u003cdiv class\u003d\u0027sapMText\u0027\u003e\u003cp\u003eThis mapping guideline provides instructions for translating SAP IDOC ORDRSP.ORDERS05 into TRADACOMS 4 ACKHDR format. It details the specific fields and data elements that need to be mapped and transformed from the SAP IDOC structure to the corresponding TRADACOMS structure, ensuring accurate and seamless exchange of order response data between systems. The guideline includes mapping rules, data element definitions, and any necessary transformations or conversions to facilitate the integration and communication between SAP and TRADACOMS-based systems.\u003c/p\u003e\u003c/div\u003e\u003c/div\u003e\u003c/div\u003e\u003c/div\u003e\u003c/div\u003e\u003c/div\u003e\u003c/div\u003e\u003c/div\u003e\u003c/div\u003e\u003c/div\u003e\u003c/div\u003e\u003c/div\u003e\u003c/div\u003e\u003c/div\u003e\u003c/div\u003e\u003c/div\u003e\u003c/div\u003e\u003c/div\u003e\u003c/div\u003e","UID-de5934b6-57e0-4004-bb59-fc5bb47925f2":"\u003cdiv class\u003d\u0027sapMText\u0027\u003e\u003cdiv class\u003d\u0027sapMText\u0027\u003e\u003cdiv class\u003d\u0027sapMText\u0027\u003e\u003cp\u003eThis mapping guideline provides instructions for translating SAP IDOC ORDRSP.ORDERS05 into TRADACOMS 4 ACKHDR format. It details the specific fields and data elements that need to be mapped and transformed from the SAP IDOC structure to the corresponding TRADACOMS structure, ensuring accurate and seamless exchange of order response data between systems. The guideline includes mapping rules, data element definitions, and any necessary transformations or conversions to facilitate the integration and communication between SAP and TRADACOMS-based systems.\u003c/p\u003e\u003c/div\u003e\u003c/div\u003e\u003c/div\u003e"}}